# Canonicalized fitted SMPL-X reference for GF5 animation export.
# GF5 bind pose: course_body_24
# Canonical bind source: SMPL-X template SMPL-24 neutral rest joints
# Coordinate space: up2you_smpl_native_y_up
v 0.06029058 0.27195531 -0.01318763
v 0.06429051 0.27085489 -0.01208732
v 0.06489082 0.27236602 -0.01205597
v 0.06079794 0.27326798 -0.01285916
v 0.07329788 0.27276820 -0.02215238
v 0.07329891 0.27616507 -0.01855474
v 0.07279959 0.27887246 -0.01854545
v 0.07289632 0.27857038 -0.02125438
v 0.02734574 0.23284984 -0.06879883
v 0.01404142 0.23212333 -0.07320113
v 0.01357906 0.22241208 -0.06953877
v 0.02556205 0.22043946 -0.06459065
v 0.04066345 0.19650206 -0.04644576
v 0.03688192 0.20523375 -0.05094352
v 0.03503341 0.19240369 -0.05516173
v 0.04278441 0.18791103 -0.04599411
v 0.03969946 0.33206990 0.06983872
v 0.04670176 0.33046997 0.06424121
v 0.04559685 0.32437009 0.06803823
v -0.05615448 0.27175808 -0.01359230
v -0.06015234 0.27075911 -0.01259303
v -0.06065859 0.27216086 -0.01246972
v -0.05656284 0.27315822 -0.01328851
v -0.06905381 0.27255818 -0.02269297
v -0.06915575 0.27605823 -0.01919235
v -0.06876538 0.27875298 -0.01906525
v -0.06886191 0.27855355 -0.02188663
v 0.03889319 0.32527286 0.07243779
v 0.09159440 0.29377595 -0.03416513
v 0.09159448 0.29107559 -0.03516621
v 0.09179468 0.28967538 -0.03326653
v 0.09159479 0.29207534 -0.03236664
v 0.08758875 0.27546921 -0.03187555
v 0.08759311 0.28277695 -0.03376359
v 0.08889475 0.28537631 -0.03466464
v 0.08899324 0.28327665 -0.03366416
v 0.08759645 0.26525372 -0.02805231
v 0.08649636 0.26595429 -0.02765188
v 0.08810012 0.27036309 -0.02975285
v 0.08920293 0.26995909 -0.03044879
v 0.07068106 0.24823117 -0.00595337
v 0.07398216 0.25002795 -0.00765728
v 0.07408014 0.24772640 -0.00885583
v 0.06938070 0.24632886 -0.00714704
v 0.06658246 0.24752766 -0.00794132
v 0.07126731 0.24640158 -0.01206762
v 0.07117048 0.24940002 -0.01286997
v 0.06738419 0.24982482 -0.00954204
v 0.08629286 0.30397490 -0.02046738
v 0.08659224 0.30067420 -0.01986912
v 0.08489146 0.29997382 -0.01747017
v 0.08439158 0.30327433 -0.01776904
v 0.07240123 0.27135921 -0.02724801
v 0.07091340 0.26506212 -0.02502400
v 0.07731668 0.26926252 -0.02862346
v 0.07749929 0.27195919 -0.02904921
v 0.08478888 0.29357436 -0.02736985
v 0.08580632 0.29426122 -0.03075242
v 0.08619428 0.29207584 -0.03176574
v 0.08519363 0.29067594 -0.02906588
v 0.08809478 0.29537696 -0.03516302
v 0.08819409 0.29237673 -0.03636365
v 0.06959283 0.25644842 -0.00474190
v 0.06899439 0.25984839 -0.00384313
v 0.06979463 0.26124790 -0.00494636
v 0.07009464 0.26024690 -0.00634517
v 0.07189761 0.27256614 -0.01875714
v 0.07349928 0.27667257 -0.01724671
v 0.08309354 0.25535521 -0.02275265
v 0.08319327 0.25735572 -0.02185420
v 0.08549503 0.26105496 -0.02515320
v 0.08559565 0.25955418 -0.02645144
v 0.08019312 0.25995702 -0.02025406
v 0.08259465 0.26225525 -0.02375191
v 0.08369453 0.26275632 -0.02545311
v 0.08259386 0.26075599 -0.02325258
v 0.08759316 0.29667482 -0.02706771
v 0.08549260 0.29897434 -0.02246899
v 0.08659325 0.29847410 -0.02216918
v 0.08859380 0.29607484 -0.02676759
v 0.07959526 0.28377974 -0.02925726
v 0.07820326 0.28877190 -0.02764680
v 0.07710474 0.28817147 -0.02744584
v 0.07850751 0.28386906 -0.02894097
v 0.08809454 0.29307565 -0.03346609
v 0.08839474 0.29037592 -0.03436556
v 0.08669453 0.28937626 -0.03286485
v 0.07449903 0.29156858 -0.01605672
v 0.07519292 0.29247028 -0.01717634
v 0.07569515 0.29087079 -0.01757358
v 0.07519905 0.28966886 -0.01645562
v 0.07397973 0.24602194 -0.01185024
v 0.06879667 0.25653580 -0.01912662
v 0.07069625 0.25703922 -0.02063622
v 0.07369852 0.26085311 -0.02373832
v 0.07230339 0.26195332 -0.02403056
v 0.06638524 0.24962997 -0.00434227
v 0.06948479 0.25002930 -0.00424933
v 0.07028236 0.24883077 -0.00515177
v 0.06718329 0.24803001 -0.00534384
v 0.07769628 0.29596737 -0.01757304
v 0.08010060 0.29526699 -0.01975965
v 0.07820027 0.29436702 -0.01895927
v 0.07659335 0.29476979 -0.01727718
v 0.08649277 0.28107753 -0.03206245
v 0.08549140 0.28787568 -0.03056666
v 0.08589505 0.27215803 -0.02615730
v 0.08590118 0.27216151 -0.02914951
v 0.08519430 0.26825911 -0.02755806
v -0.02348210 0.23325223 -0.06807266
v -0.01027516 0.23232365 -0.07293364
v -0.00983041 0.22281638 -0.06915438
v -0.02225290 0.22087929 -0.06399938
v 0.08509305 0.26836008 -0.02465920
v 0.08559155 0.28027752 -0.02656299
v 0.08599219 0.28007796 -0.02996176
v 0.08939510 0.28897566 -0.03206596
v 0.08949336 0.28287676 -0.03226386
v 0.08899476 0.28937569 -0.03296594
v 0.07590072 0.29207218 -0.02565279
v 0.07578894 0.29507655 -0.03006529
v 0.07509081 0.28857121 -0.03097558
v 0.07610162 0.28957453 -0.02674940
v 0.07069075 0.26495373 -0.00538408
v 0.07229055 0.26695585 -0.00657838
v 0.07109059 0.26475355 -0.00798448
v 0.07009545 0.26264766 -0.00744803
v 0.07429724 0.25905383 -0.02234127
v 0.07149532 0.25613612 -0.01983347
v 0.07199413 0.25573766 -0.01903617
v 0.07479499 0.25743946 -0.02074369
v 0.08249310 0.29627004 -0.02196545
v 0.08280002 0.29116857 -0.02235627
v 0.08100053 0.29126900 -0.02095659
v 0.07599324 0.26185730 -0.01245248
v 0.07679328 0.26295736 -0.01425268
v 0.07809336 0.25995475 -0.01585258
v 0.07729283 0.25805521 -0.01435284
v 0.07878849 0.24924046 -0.01694921
v 0.07648915 0.24894027 -0.01774379
v 0.07388931 0.24724106 -0.01453982
v 0.07648780 0.24714181 -0.01434775
v 0.07009569 0.26164696 -0.00674642
v 0.07009451 0.26254851 -0.00514871
v 0.08159489 0.28407931 -0.03125836
v 0.08050630 0.29006034 -0.02934673
v 0.08450128 0.28926748 -0.02675303
v 0.08499112 0.28677595 -0.02796646
v 0.07389320 0.27716345 -0.01105043
v 0.07149374 0.27776355 -0.01225135
v 0.07139299 0.27686375 -0.01225186
v 0.07439273 0.27556381 -0.01095050
v 0.07419330 0.27716342 -0.00964954
v 0.07469293 0.27556360 -0.00954959
v 0.07429281 0.27546373 -0.00834978
v 0.07389300 0.27636367 -0.00824973
v 0.07059323 0.27806357 -0.01265239
v 0.07089319 0.27766359 -0.01245203
v 0.07119319 0.27826363 -0.01275225
v 0.07510214 0.28076899 -0.02475075
v 0.07640240 0.27276394 -0.02584914
v 0.07470257 0.27266553 -0.02464470
v 0.07359673 0.27946880 -0.02305598
v 0.08658846 0.27306941 -0.03087501
v 0.08119126 0.29976737 -0.01348395
v 0.07959134 0.30186814 -0.01358235
v 0.08239072 0.30506700 -0.01798454
v 0.07139333 0.26395935 -0.01664924
v 0.07399438 0.26505738 -0.01394922
v 0.07258885 0.26475501 -0.01248833
v 0.07099365 0.26365858 -0.01494972
v 0.07069099 0.26865327 -0.01068531
v 0.06858996 0.26545450 -0.00978629
v 0.07279123 0.26715270 -0.00928406
v 0.07400041 0.28316972 -0.00974408
v 0.07270049 0.27937108 -0.01214566
v 0.07359374 0.27826324 -0.01084995
v 0.07389352 0.27866346 -0.00954948
v 0.08749776 0.26435205 -0.02945018
v 0.08900372 0.26935920 -0.03194427
v 0.08730593 0.26905721 -0.03343960
v 0.08580096 0.26375014 -0.03094694
v 0.06728783 0.25313067 -0.00314751
v 0.06418621 0.25062892 -0.00583640
v 0.06689372 0.25604883 -0.00263660
v 0.09059183 0.30047509 -0.02916730
v 0.08729210 0.30257559 -0.02966629
v 0.08769243 0.30047596 -0.03196544
v 0.09109168 0.29847535 -0.03126677
v 0.07150241 0.28426984 -0.01804768
v 0.07169962 0.28217161 -0.01744677
v 0.07179918 0.28357139 -0.01624833
v 0.07150172 0.28556985 -0.01654944
v 0.05040101 0.24788111 -0.05415515
v 0.05943933 0.24895553 -0.03671886
v 0.06377391 0.26150665 -0.04606652
v 0.05654733 0.25978085 -0.06149069
v 0.07998931 0.25224045 -0.01635240
v 0.07858840 0.25024188 -0.01395187
v 0.07499922 0.29066923 -0.00894956
v 0.07439073 0.29257092 -0.00797601
v 0.07549183 0.29766977 -0.00967846
v 0.07619110 0.29456937 -0.00947943
v 0.08869340 0.28437585 -0.03726590
v 0.09149347 0.28367528 -0.03566707
v 0.07709318 0.29656991 -0.01597708
v 0.08049192 0.29957423 -0.01936954
v 0.07850107 0.29726601 -0.01815849
v 0.07669318 0.29596958 -0.01627776
v 0.07659961 0.28796932 -0.01385190
v 0.07719962 0.28926876 -0.01355268
v 0.07539943 0.29016900 -0.01365446
v 0.07449928 0.28886935 -0.01385351
v 0.07379220 0.29727104 -0.00727565
v 0.07579239 0.30167004 -0.01067786
v 0.06708413 0.25630546 -0.01818422
v 0.07659970 0.28946903 -0.01125073
v 0.07749983 0.29196846 -0.01105163
v 0.07810003 0.29086858 -0.01335262
v -0.03890831 0.19714454 -0.04555809
v -0.03449123 0.20551215 -0.05039527
v -0.03352515 0.19307834 -0.05448659
v -0.04105881 0.18862996 -0.04512690
v 0.06819504 0.26074895 -0.00204161
v 0.06939519 0.26224825 -0.00384538
v 0.07599326 0.29506975 -0.01607747
v 0.07529308 0.29387006 -0.01597675
v 0.07389883 0.29006919 -0.01515593
v 0.07459878 0.28816947 -0.01635490
v 0.08119751 0.28146651 -0.02326268
v 0.08309427 0.27306134 -0.02415801
v 0.06699313 0.26292139 -0.03286083
v 0.06256762 0.24976520 -0.01817109
v 0.07419928 0.29056895 -0.01385572
v 0.07409924 0.29106876 -0.01415629
v 0.07329874 0.29006931 -0.01445627
v 0.07339901 0.28946948 -0.01405505
v 0.07708812 0.24884287 -0.01174985
v 0.07979537 0.28786755 -0.02106441
v 0.07670172 0.28606731 -0.01905179
v 0.07739519 0.28817087 -0.01827293
v 0.08928895 0.27476883 -0.03087647
v 0.09039304 0.28277668 -0.03206407
v 0.09189302 0.28307599 -0.03346549
v 0.09058929 0.27456892 -0.03217604
v 0.06498455 0.24902870 -0.00653880
v 0.07189982 0.28147182 -0.01824548
v 0.07299954 0.27977178 -0.01754577
v 0.07229852 0.28687030 -0.01675479
v 0.07229856 0.28846997 -0.01515525
v 0.06979147 0.26526234 -0.00345034
v 0.08709286 0.29717535 -0.03096683
v 0.08759441 0.29517531 -0.03226674
v 0.08559853 0.29587018 -0.02955859
v 0.08519270 0.29707521 -0.02796716
v 0.08419268 0.29887486 -0.02496796
v 0.08429252 0.30047473 -0.02466818
v 0.08629289 0.29887515 -0.02906722
v 0.07560116 0.28706878 -0.01755250
v 0.07639512 0.28867108 -0.01717267
v 0.07529351 0.26075715 -0.01115052
v 0.07599107 0.25494716 -0.01185154
v 0.08399604 0.26505503 -0.02515228
v 0.08360089 0.26586252 -0.02234763
v 0.08459082 0.27477095 -0.03447220
v 0.08439391 0.28407857 -0.03546013
v 0.08299469 0.28387910 -0.03315891
v 0.08339162 0.27517107 -0.03297155
v 0.07740872 0.27776423 -0.02954116
v 0.07400724 0.27876773 -0.02894420
v 0.07349288 0.27736387 -0.00785049
v 0.07269935 0.28127170 -0.00614430
v 0.07179899 0.28617042 -0.01685302
v 0.07199871 0.28777033 -0.01525376
v 0.07849795 0.26135206 -0.02494367
v 0.07419290 0.25483820 -0.01744175
v 0.07849708 0.25935256 -0.02304516
v 0.06989337 0.25434041 -0.01533441
v 0.06939267 0.25354204 -0.01313526
v 0.07209202 0.25334081 -0.01473999
v 0.08029421 0.26195389 -0.01945084
v 0.08219509 0.26295516 -0.02215395
v 0.07009299 0.27776420 -0.01315335
v 0.06869874 0.27616629 -0.01425677
v 0.06919307 0.27756381 -0.01265278
v 0.08419739 0.28066760 -0.02456171
v 0.08509409 0.27265909 -0.02445938
v 0.07690002 0.29156861 -0.01395374
v 0.07530034 0.28177038 -0.01394523
v 0.07610069 0.28527001 -0.01224537
v 0.08029286 0.29477018 -0.01357624
v 0.07859314 0.29317054 -0.01417545
v 0.07790028 0.29236835 -0.01405365
v 0.07900070 0.29276815 -0.01325205
v 0.06308950 0.26835573 -0.01268846
v 0.06628934 0.26675549 -0.01108815
v 0.06788984 0.26975709 -0.01118116
v 0.08329194 0.30007422 -0.02296951
v 0.08369169 0.29807416 -0.02406973
v 0.08188412 0.29067320 -0.03117352
v 0.07609294 0.29277000 -0.01817673
v 0.07659527 0.29117015 -0.01907463
v 0.07769013 0.30316809 -0.02548211
v 0.07709084 0.30146873 -0.02188114
v 0.07709098 0.30176884 -0.02068094
v 0.07778949 0.30566740 -0.02128382
v 0.06818505 0.25112370 -0.01034280
v 0.07109177 0.25114128 -0.01293702
v 0.07109182 0.25234172 -0.01323782
v 0.06878564 0.25242281 -0.01144418
v 0.07188815 0.26445803 -0.01178202
v 0.07069401 0.26345786 -0.01404975
v 0.08529617 0.26605487 -0.02785160
v 0.08449577 0.26535529 -0.02675179
v 0.08579972 0.26906386 -0.02915161
v 0.08670000 0.27026343 -0.03005171
v 0.07240180 0.28506908 -0.02054945
v 0.07190277 0.28396958 -0.02004770
v 0.07730069 0.29576957 -0.02245444
v 0.07959230 0.29797634 -0.02406478
v 0.07859214 0.30097613 -0.02086536
v 0.07689130 0.29886907 -0.02048037
v 0.08339502 0.29137802 -0.03346096
v 0.07669523 0.28977072 -0.01857341
v 0.07739524 0.28997052 -0.01967369
v 0.07619517 0.29027066 -0.01807365
v 0.07389921 0.28796983 -0.01405230
v 0.07599977 0.28676972 -0.01434990
v 0.07969343 0.29486987 -0.01507681
v 0.08340177 0.29816487 -0.01825653
v 0.08250216 0.29826534 -0.01845616
v 0.07909328 0.29566973 -0.01537733
v 0.07449941 0.29256845 -0.01495677
v 0.01565258 0.24202707 -0.08105861
v 0.01783149 0.25122875 -0.08977823
v -0.03562699 0.33176470 0.06972793
v -0.04261214 0.33017111 0.06421723
v -0.04142446 0.32406649 0.06792802
v -0.03482687 0.32496592 0.07242991
v 0.07759134 0.30186820 -0.01358220
v 0.07849167 0.30336842 -0.01758159
v 0.07949172 0.30426836 -0.01788171
v 0.07819144 0.30266824 -0.01448203
v 0.08488917 0.29597414 -0.02737021
v 0.08869463 0.29197556 -0.03216623
v 0.07409858 0.27817181 -0.01594678
v 0.07079761 0.27546588 -0.01565775
v 0.06059819 0.27446768 -0.01445894
v 0.06099911 0.27566728 -0.01455794
v 0.06149847 0.27516767 -0.01575868
v 0.06109766 0.27386791 -0.01595918
v 0.06389000 0.26926163 -0.01588110
v 0.06648953 0.26825830 -0.01468259
v 0.06568907 0.26645553 -0.01338858
v 0.06308892 0.26725578 -0.01528914
v 0.05999595 0.27136835 -0.01486162
v 0.06029696 0.27296802 -0.01456031
v 0.06089621 0.27226833 -0.01606074
v 0.06069998 0.27037331 -0.01645104
v 0.08269195 0.30017433 -0.02086930
v 0.08449193 0.29997408 -0.02256972
v 0.09019484 0.29107508 -0.03096718
v 0.09029484 0.28887537 -0.03186649
v 0.08809307 0.29597518 -0.02956697
v 0.08849464 0.29407525 -0.03086685
v 0.07269114 0.26955593 -0.00657701
v 0.07379114 0.26965567 -0.00827648
v 0.07329173 0.26805243 -0.00818337
v 0.09129444 0.29417521 -0.03106682
v 0.09139457 0.29607594 -0.03276506
v 0.06998714 0.25332960 -0.00425172
v 0.06868662 0.25203007 -0.00354991
v 0.03921229 0.18263914 0.00961495
v 0.04876661 0.18695474 -0.00032712
v 0.04824042 0.17631130 -0.00085023
v 0.03926370 0.17205127 0.00885315
v 0.07979095 0.29726717 -0.01218438
v 0.07839099 0.29986784 -0.01208306
v 0.06008973 0.26985902 -0.01368392
v 0.05988947 0.26895583 -0.01528869
v 0.06258905 0.26735595 -0.01408895
v 0.06539159 0.27376521 -0.01225520
v 0.06119162 0.27456573 -0.01295575
v 0.06419601 0.27096862 -0.01586010
v 0.06509908 0.27596739 -0.01505751
v 0.06549256 0.27716470 -0.01365396
v 0.06769469 0.26304847 -0.01095077
v 0.06919419 0.26254809 -0.01295054
v 0.07059465 0.26264778 -0.00975013
v 0.06060007 0.26847363 -0.01645204
v 0.07230153 0.28616944 -0.01845120
v 0.06739701 0.27176681 -0.01525856
v 0.07019154 0.26915595 -0.01708297
v 0.06958999 0.26716241 -0.01617654
v 0.06699619 0.26986787 -0.01515992
v 0.07869329 0.25925460 -0.01745220
v 0.07889351 0.26115480 -0.01745221
v 0.07218849 0.26466408 -0.01877651
v 0.07549854 0.26496732 -0.01664887
v 0.07369928 0.28127125 -0.01664641
v 0.07500089 0.28426996 -0.01524685
v 0.07069281 0.27786392 -0.01325327
v 0.06789744 0.27386695 -0.01495874
v 0.07039657 0.27166671 -0.01675902
v 0.06559223 0.27506465 -0.01255446
v 0.06939246 0.27506396 -0.01185369
v 0.06919274 0.27616388 -0.01205323
v 0.06569263 0.27606437 -0.01285386
v 0.07919590 0.29117009 -0.02027442
v 0.07729150 0.29766876 -0.01068089
v 0.07869145 0.29466873 -0.01138068
v 0.07879311 0.30676579 -0.03798592
v 0.07659432 0.29887265 -0.04186990
v 0.07709270 0.30007035 -0.02897408
v 0.06439711 0.27276811 -0.01565935
v 0.06159971 0.27656716 -0.01435709
v 0.06209243 0.27616495 -0.01325465
v 0.08469471 0.26225594 -0.02505281
v 0.07129521 0.26234674 -0.00954873
v 0.07269961 0.28606975 -0.01465058
v 0.08400924 0.26955631 -0.03263854
v 0.08280186 0.26465124 -0.03024441
v 0.07189912 0.28737018 -0.01505258
v 0.07269926 0.28846988 -0.01455263
v 0.07009389 0.26294839 -0.01365079
v 0.07138824 0.26355761 -0.01088263
v 0.07289913 0.28886971 -0.01435356
v 0.07349052 0.26905590 -0.00967789
v 0.08440031 0.29076767 -0.02545502
v 0.07519153 0.25153878 -0.01794183
v 0.07309116 0.25024015 -0.01513978
v 0.06169209 0.27556527 -0.01305526
v 0.06508895 0.26665586 -0.01268890
v 0.06479796 0.27446806 -0.01555885
v 0.07189175 0.27276462 -0.01125239
v 0.07139152 0.27065283 -0.01088497
v 0.07399151 0.27126467 -0.00985148
v 0.07699822 0.26536617 -0.01834825
v 0.07309996 0.26626641 -0.02094487
v 0.07439973 0.26706728 -0.02314299
v 0.07889839 0.26596457 -0.02004696
v 0.08129825 0.26025242 -0.02754641
v 0.07949603 0.25625354 -0.02404667
v 0.08149204 0.25443998 -0.02414919
v 0.08389616 0.25865436 -0.02794925
v 0.07888585 0.32136115 -0.04740084
v 0.07988963 0.31266028 -0.03159010
v 0.08048643 0.32826358 -0.03659301
v 0.08249394 0.29947698 -0.02916304
v 0.08279392 0.29707748 -0.03066196
v 0.08790565 0.29806039 -0.03375186
v 0.07699060 0.30426845 -0.01578169
v 0.07719155 0.30176878 -0.01908081
v 0.07769169 0.30266851 -0.01728131
v 0.08808881 0.27446955 -0.03547472
v 0.07430024 0.28696993 -0.00914548
v 0.07619940 0.28736979 -0.01154954
v 0.07749826 0.26235250 -0.02594184
v 0.07909413 0.26435480 -0.01785208
v 0.08149850 0.26476443 -0.01984954
v 0.08809286 0.30057475 -0.02246782
v 0.08499154 0.29877344 -0.02007108
v 0.00967130 0.17479795 0.03476406
v 0.00940262 0.16623881 0.03127632
v 0.00988839 0.27527642 0.09102931
v 0.01128929 0.27517697 0.08963535
v 0.01008861 0.27697608 0.08852807
v 0.00948832 0.27707684 0.08922873
v 0.01028840 0.26617688 0.08983497
v 0.00968861 0.26777735 0.08863598
v 0.01058861 0.26747757 0.08773642
v 0.01148863 0.26617754 0.08893642
v 0.00698770 0.27667770 0.08842882
v 0.00548788 0.27407709 0.09112953
v 0.00718736 0.27497721 0.09252822
v 0.00808776 0.27717751 0.08912848
v 0.08809364 0.30367556 -0.02346583
v 0.01348857 0.26597455 0.08952999
v 0.01248889 0.26777735 0.08833610
v 0.01318899 0.26827675 0.09023479
v 0.01468814 0.26677388 0.09122815
v 0.00668656 0.26697275 0.09782480
v 0.00758712 0.26907405 0.09792735
v 0.00658757 0.26817435 0.09562868
v 0.00678682 0.26617303 0.09532572
v 0.00928748 0.26947337 0.09732652
v 0.01098654 0.26907218 0.09902328
v 0.01258722 0.26907292 0.09732542
v 0.01058758 0.26937258 0.09582543
v 0.00608858 0.27047765 0.09063656
v 0.00758828 0.26847777 0.09203684
v 0.00538821 0.27067426 0.09422860
v 0.01348905 0.27057704 0.08833543
v 0.01218899 0.26947734 0.08683605
v 0.01108967 0.27327457 0.08632944
v 0.01228955 0.27407467 0.08712938
v 0.04190227 0.19957325 0.01111036
v 0.05020617 0.20112142 -0.00117015
v 0.03529382 0.28838271 0.06864914
v 0.03449234 0.28568283 0.06984636
v 0.03049231 0.28678152 0.07064448
v 0.03139249 0.28928223 0.06954588
v 0.07469229 0.27356401 -0.00905047
v 0.07419245 0.27446398 -0.00795027
v 0.08280921 0.29436141 -0.03214527
v 0.08719283 0.29757497 -0.02756750
v 0.08239373 0.30127639 -0.02726427
v 0.08119110 0.30356726 -0.02268385
v 0.07959230 0.30217576 -0.02166602
v 0.08069257 0.29957604 -0.02546532
v 0.09029315 0.29767528 -0.02786665
v 0.07239515 0.26114589 -0.00924795
v 0.08209445 0.28706744 -0.02276576
v 0.08029073 0.30416724 -0.02028405
v 0.08379068 0.30566680 -0.02098483
v 0.08818898 0.27496952 -0.03097500
v 0.09079447 0.29617515 -0.02966690
v 0.08909306 0.29477519 -0.02846700
v 0.08169088 0.29676670 -0.01428538
v 0.07600071 0.26956710 -0.02524601
v 0.08240043 0.26956609 -0.02304800
v 0.08079948 0.26716390 -0.02164534
v -0.08745335 0.29345384 -0.03481033
v -0.08744346 0.29075411 -0.03578298
v -0.08764067 0.28935567 -0.03388408
v -0.08754136 0.29175499 -0.03298485
v -0.08343907 0.27525285 -0.03228667
v -0.08354121 0.28265208 -0.03429145
v -0.08474106 0.28515533 -0.03517801
v -0.08494020 0.28305259 -0.03419247
v 0.07539949 0.26776919 -0.02424533
v 0.07180347 0.28286979 -0.01934502
v 0.06929208 0.26606229 -0.00124746
v 0.07799024 0.25504178 -0.01495330
v -0.08334882 0.26494968 -0.02848166
v -0.08235011 0.26564890 -0.02807999
v -0.08395199 0.27014574 -0.03008201
v -0.08504603 0.26964930 -0.03088688
v 0.07919070 0.25594047 -0.01715333
v 0.03145158 0.24346864 -0.07566230
v 0.03532986 0.25351405 -0.08349659
v 0.09018891 0.27446884 -0.03407606
v 0.08249199 0.29967418 -0.02176962
v 0.07419393 0.26084670 -0.01044953
v 0.07359176 0.25554773 -0.00944872
v 0.07199124 0.25604835 -0.00774801
v 0.07709535 0.29037037 -0.01937405
v 0.07689884 0.26355353 -0.02614071
v 0.07700037 0.26575235 -0.02733793
v 0.06189901 0.27586761 -0.01535796
v 0.07879656 0.25795302 -0.02334634
v 0.07479201 0.25313863 -0.01764318
v 0.05529468 0.20350906 -0.01314667
v 0.05271214 0.20528843 -0.02648024
v -0.06616134 0.24810003 -0.00631104
v -0.06935463 0.24990204 -0.00801829
v -0.06955829 0.24760064 -0.00911310
v -0.06486297 0.24619934 -0.00740796
v 0.05222532 0.19327642 -0.02511743
v 0.05385973 0.19062385 -0.01247346
v 0.07129382 0.27956232 -0.00275193
v 0.07189177 0.27246484 -0.00475195
v 0.07099263 0.27146226 -0.00294944
v 0.02118238 0.18349420 0.03029465
v 0.01889937 0.16986363 0.02655109
v 0.06879121 0.26686433 0.00235291
v 0.06809144 0.26666439 0.01265339
v 0.07069890 0.28196397 0.01205208
v 0.07019543 0.27636248 0.00244788
v 0.05960174 0.31387043 0.04611199
v 0.06109069 0.31436768 0.04151306
v 0.06159149 0.30496675 0.04213200
v 0.05979586 0.30626899 0.04593862
v 0.02179714 0.37278038 0.06129093
v 0.01158172 0.37357312 0.06362296
v 0.01170666 0.38117820 0.05731561
v 0.02221434 0.38027892 0.05421341
v 0.03684240 0.26172110 -0.08890518
v 0.03835589 0.27192616 -0.09481016
v 0.01975719 0.26844156 -0.10178562
v 0.01884486 0.25863546 -0.09547465
v 0.02267427 0.39758021 0.03094662
v 0.01197210 0.39928019 0.03375990
v 0.01207240 0.40378076 0.02305813
v -0.06196982 0.24749553 -0.00820218
v -0.06667785 0.24642649 -0.01217450
v -0.06667738 0.24942425 -0.01287805
v -0.06287073 0.24979398 -0.00980282
v 0.02277176 0.40158200 0.02064221
v 0.05278854 0.28617644 0.05934776
v 0.05468808 0.28007248 0.05975245
v 0.05098928 0.27957359 0.06325565
v 0.04959302 0.28567684 0.06215101
v 0.07288393 0.25142816 -0.00675556
v 0.07168558 0.25232837 -0.00575334
v -0.08222595 0.30376139 -0.02097935
v -0.08262375 0.30056223 -0.02038113
v -0.08095293 0.29975078 -0.01799692
v -0.08045737 0.30315009 -0.01830076
v -0.06806189 0.27114475 -0.02738258
v -0.06654146 0.26496497 -0.02529846
v -0.07285958 0.26904526 -0.02888611
v -0.07315802 0.27164513 -0.02948295
v 0.01216793 0.40718013 0.01074585
v 0.02306367 0.40478235 0.00873775
v 0.01368788 0.29548198 0.07613263
v -0.08066229 0.29344693 -0.02780173
v -0.08156031 0.29404610 -0.03128278
v -0.08214387 0.29185405 -0.03228341
v -0.08104312 0.29055482 -0.02958285
v -0.08395412 0.29515424 -0.03580881
v -0.08415374 0.29215395 -0.03700854
v -0.06523976 0.25618163 -0.00484497
v -0.06464329 0.25957918 -0.00404354
v -0.06544100 0.26107928 -0.00514635
v -0.06573808 0.26008040 -0.00654904
v -0.06765682 0.27245748 -0.01938969
v -0.06926490 0.27655375 -0.01786328
v -0.07873704 0.25516057 -0.02308962
v -0.07883845 0.25715947 -0.02218775
v -0.08124787 0.26085070 -0.02558220
v -0.08124816 0.25935045 -0.02678253
v 0.01408796 0.29738253 0.07333513
v 0.01769126 0.29408577 0.07194855
v 0.01728858 0.29208380 0.07413667
v 0.00919682 0.34597602 0.07652772
v 0.01019846 0.35387608 0.07382721
v 0.01908939 0.35378087 0.07218070
v 0.01740134 0.34597573 0.07522210
v 0.02199469 0.29158255 0.07074859
v 0.02109412 0.28968218 0.07234768
v 0.01190541 0.38817576 0.05021194
v 0.02249565 0.38697875 0.04728244
v 0.02230275 0.40796465 -0.04289557
v -0.07593394 0.25966182 -0.02068894
v -0.07843509 0.26196051 -0.02418787
v -0.07954753 0.26245058 -0.02587877
v -0.07833570 0.26056013 -0.02378693
v 0.02270358 0.40836543 -0.03419579
v 0.01169216 0.41106573 -0.03470407
v -0.08342423 0.29646125 -0.02748181
v -0.08152460 0.29876152 -0.02298092
v -0.08252113 0.29826319 -0.02268354
v -0.08442149 0.29576260 -0.02728368
v 0.01278909 0.40976492 -0.04750456
v 0.06878896 0.27857909 -0.05599542
v 0.07198559 0.27856845 -0.04057056
v 0.07429836 0.29027343 -0.04295825
v 0.07228704 0.29484832 -0.06029772
v 0.03010637 0.18895933 0.02198904
v 0.02831122 0.17587653 0.01836674
v -0.07524329 0.28355891 -0.02967332
v -0.07387267 0.28854796 -0.02802133
v -0.07285168 0.28785667 -0.02782411
v -0.07415592 0.28355893 -0.02924596
v -0.08394435 0.29285342 -0.03398500
v -0.08424300 0.29025447 -0.03487988
v -0.08264288 0.28925496 -0.03337885
v -0.07035583 0.29144785 -0.01648133
v -0.07110845 0.29237455 -0.01757777
v -0.07162747 0.29075935 -0.01798313
v -0.07115540 0.28954771 -0.01688110
v -0.06935880 0.24609849 -0.01221240
v -0.06457824 0.25645536 -0.01924935
v -0.06647003 0.25695360 -0.02085465
v -0.06935374 0.26075166 -0.02377832
v -0.06805871 0.26174966 -0.02427722
v 0.05389697 0.33637449 0.05252663
v 0.05619655 0.34157354 0.04782499
v 0.05909590 0.33407348 0.04462733
v 0.05659693 0.32987481 0.04962979
v 0.00779735 0.33308333 0.08031874
v 0.01498055 0.33308089 0.07981466
v 0.01318210 0.32667994 0.08071794
v 0.00719882 0.32658228 0.08122141
v -0.06186948 0.24949828 -0.00440382
v -0.06496300 0.24980111 -0.00450993
v -0.06566096 0.24870107 -0.00551138
v -0.06266768 0.24789786 -0.00560444
v 0.05948944 0.29907525 0.04674210
v 0.06179691 0.29597095 0.04404775
v 0.06078652 0.28817686 0.04894208
v 0.05808387 0.29217938 0.05053714
v 0.05528808 0.28747711 0.05634626
v -0.07361004 0.29577363 -0.01798043
v -0.07605915 0.29505032 -0.02019531
v -0.07416416 0.29414922 -0.01940551
v -0.07250778 0.29457471 -0.01767816
v 0.05749075 0.28177246 0.05625065
v -0.08234043 0.28085253 -0.03249061
v -0.08144011 0.28765666 -0.03098452
v 0.02077854 0.36317718 0.06786537
v 0.01100199 0.36367688 0.06992438
v 0.06049231 0.32467222 0.04222467
v 0.05839719 0.32207486 0.04742984
v 0.01098696 0.29868275 0.07883079
v 0.01168662 0.30008334 0.07523189
v 0.00918792 0.30458021 0.07783086
v -0.08175012 0.27194771 -0.02648382
v -0.08175118 0.27194658 -0.02948184
v -0.08114782 0.26804850 -0.02798355
v -0.08104789 0.26814899 -0.02498458
v 0.00567859 0.30436376 0.08359257
v 0.00569270 0.30848178 0.08222693
v 0.00878871 0.30817848 0.07863209
v 0.03519385 0.34528089 0.06787623
v 0.03708594 0.35247785 0.06417517
v 0.04458850 0.35077947 0.05847748
v 0.04268654 0.34408078 0.06257522
v 0.02267705 0.39267865 0.03965397
v -0.08163851 0.28005466 -0.02689414
v -0.08183943 0.27995348 -0.03039241
v 0.01187561 0.39407849 0.04257417
v 0.00619834 0.31808272 0.08112833
v 0.01038594 0.31807980 0.07952955
v 0.00948758 0.31427824 0.07863148
v -0.08534144 0.28875461 -0.03258204
v -0.08543997 0.28265294 -0.03269336
v -0.08484152 0.28915495 -0.03348069
v -0.07166482 0.29175025 -0.02601431
v -0.07144905 0.29465529 -0.03027291
v -0.07078416 0.28814894 -0.03124594
v -0.07187243 0.28934947 -0.02712571
v 0.00619593 0.31458130 0.08102790
v 0.02579564 0.28797832 0.07145100
v 0.02669675 0.29017743 0.07035346
v 0.06497391 0.25100505 -0.00965627
v 0.06598547 0.25042450 -0.00903785
v 0.07179292 0.29707259 -0.00127208
v 0.07099240 0.28667316 0.00102942
v 0.07079380 0.29507193 0.01032566
v 0.07139307 0.30757019 0.00762134
v 0.07459125 0.31856683 0.00361371
v 0.07688456 0.32736641 -0.00250216
v 0.07698911 0.31136814 -0.00848293
v 0.07489105 0.30547157 -0.00377481
v 0.04723307 0.19556485 -0.03643590
v 0.04554680 0.20637019 -0.03876435
v 0.00577885 0.30125648 0.08631272
v 0.00567728 0.29845163 0.08881959
v 0.02127936 0.30953571 -0.12002897
v -0.06644721 0.26476759 -0.00568232
v -0.06794737 0.26686326 -0.00689523
v -0.06674509 0.26456836 -0.00818216
v -0.06572291 0.26249036 -0.00767602
v 0.02127840 0.29603443 -0.11542322
v 0.04018023 0.30104017 -0.10702444
v 0.03948528 0.31355086 -0.11040579
v 0.06608158 0.26838279 -0.05099494
v -0.06995034 0.25885326 -0.02247864
v -0.06706870 0.25595874 -0.02005465
v -0.06756618 0.25556010 -0.01935593
v -0.07046112 0.25735730 -0.02095966
v 0.06989422 0.27002001 -0.03696869
v 0.01208902 0.27197662 0.09153454
v 0.00888874 0.27647620 0.08672871
v 0.00908962 0.27297470 0.08622966
v 0.00868913 0.27567589 0.08662941
v 0.01198868 0.26897430 0.09352944
v 0.01418752 0.26837295 0.09482577
v 0.00988885 0.26917741 0.08643614
v 0.00898884 0.26937762 0.08703656
v 0.00828945 0.27327499 0.08652969
v 0.01008860 0.27687621 0.08732822
v 0.00398469 0.26517367 0.10012469
v 0.00448346 0.26677418 0.10302369
v 0.00818485 0.26807320 0.10182298
v 0.00678551 0.26657283 0.09982389
v 0.00668807 0.27587751 0.08812945
v 0.00578863 0.27357659 0.08903035
v 0.00678756 0.27157444 0.09622752
v 0.00848797 0.27527645 0.09212852
v 0.00878797 0.27717721 0.08932842
v 0.00848806 0.27217472 0.09542894
v 0.00798742 0.26617420 0.09272865
v 0.01028866 0.27227640 0.09383398
v -0.07856385 0.29614744 -0.02240127
v -0.07876696 0.29114646 -0.02280342
v -0.07696810 0.29114750 -0.02140796
v -0.07162924 0.26157594 -0.01288883
v -0.07252910 0.26267588 -0.01468808
v -0.07363248 0.25966731 -0.01639298
v -0.07283410 0.25786701 -0.01479178
v 0.07759383 0.26375526 -0.01605270
v 0.05237143 0.21900220 0.00381362
v 0.05772767 0.23318407 -0.00327972
v 0.05731127 0.23235582 -0.00809411
v -0.07435057 0.24926971 -0.01726614
v -0.07185376 0.24896735 -0.01796338
v -0.06936025 0.24726562 -0.01495845
v -0.07185394 0.24716929 -0.01456327
v -0.06582334 0.26149008 -0.00707767
v -0.06584209 0.26237845 -0.00534532
v -0.07724245 0.28375795 -0.03167540
v -0.07615466 0.28984666 -0.02978399
v 0.05381928 0.21734318 -0.00426851
v 0.07959559 0.28967026 -0.02067391
v 0.06759059 0.33986846 0.02621488
v 0.06929444 0.35116225 0.01551472
v 0.07478969 0.33926514 0.00510867
v -0.08036485 0.28904706 -0.02720702
v -0.08083954 0.28655761 -0.02838373
v 0.07318944 0.32866636 0.01141148
v 0.06929609 0.36005911 0.00691222
v 0.07508337 0.34936666 -0.00291611
v 0.07848569 0.33706549 -0.01139969
v 0.07998985 0.31616676 -0.02348554
v 0.04338987 0.30168027 0.06374238
v 0.04369003 0.30147961 0.06393834
v 0.04218907 0.30118105 0.06514093
v -0.06955944 0.27705914 -0.01157247
v -0.06715978 0.27755919 -0.01277156
v -0.06705985 0.27665943 -0.01267257
v -0.06995898 0.27535951 -0.01147395
v 0.04218975 0.30138019 0.06504126
v 0.04298975 0.30177987 0.06314229
v 0.04169083 0.30127960 0.06424168
v -0.06986061 0.27705860 -0.01017192
v -0.07025975 0.27545944 -0.00997305
v -0.06986019 0.27525914 -0.00877224
v -0.06946113 0.27625862 -0.00867191
v 0.04378999 0.30217984 0.06224226
v 0.04439023 0.30198023 0.06274318
v 0.04459022 0.30178055 0.06284387
v 0.02618225 0.30228147 0.06683312
v 0.02688991 0.30268076 0.06613287
v 0.02959129 0.30188203 0.06654692
v 0.02889123 0.30178261 0.06754813
v 0.02598080 0.30198359 0.06723212
v 0.02879146 0.30148304 0.06794911
v -0.06636062 0.27785948 -0.01317166
v -0.06656018 0.27755943 -0.01287210
v -0.06696010 0.27805927 -0.01317109
v -0.07107370 0.28044838 -0.02502075
v -0.07224841 0.27255610 -0.02619119
v -0.07065052 0.27245650 -0.02499173
v -0.06955771 0.27935851 -0.02348454
v 0.02999073 0.30418053 0.06064342
v 0.02949265 0.30447903 0.06054751
v -0.08243830 0.27295354 -0.03118793
v 0.03078477 0.30387819 0.06083306
v 0.02449287 0.30417624 0.06454398
v 0.02449235 0.30527586 0.06474218
v -0.07721261 0.29956818 -0.01388850
v -0.07561202 0.30176914 -0.01388678
v -0.07840756 0.30496976 -0.01838317
v 0.02929285 0.30527535 0.06074281
v 0.02929349 0.30467561 0.06054465
v 0.02469202 0.30377978 0.06474714
v -0.06723051 0.26377669 -0.01698601
v -0.06983091 0.26477614 -0.01428972
v -0.06834157 0.26456639 -0.01278850
v -0.06673121 0.26347673 -0.01538740
v -0.06634886 0.26856145 -0.01099506
v -0.06434761 0.26546150 -0.00999235
v -0.06844712 0.26706266 -0.00959532
v -0.06976352 0.28295428 -0.01026337
v -0.06836387 0.27915499 -0.01266367
v -0.06916041 0.27805844 -0.01127145
v -0.06956100 0.27845779 -0.00997013
v -0.08324811 0.26414999 -0.02978214
v -0.08484872 0.26914787 -0.03238432
v -0.08314645 0.26874903 -0.03378526
v -0.08144742 0.26355022 -0.03118312
v 0.02319228 0.30348024 0.06474888
v 0.02229322 0.30377662 0.06444556
v -0.06286626 0.25299996 -0.00310937
v -0.05967785 0.25049675 -0.00589216
v -0.06244881 0.25577775 -0.00273710
v -0.08653287 0.30016044 -0.02981182
v -0.08313520 0.30246052 -0.03031607
v -0.08353592 0.30035982 -0.03261472
v -0.08703371 0.29826084 -0.03191634
v -0.06736144 0.28405735 -0.01856612
v -0.06756475 0.28195325 -0.01796707
v -0.06776379 0.28345278 -0.01676817
v -0.06736093 0.28535664 -0.01706601
v 0.02239268 0.30517620 0.06474354
v 0.03398664 0.30037972 0.06804099
v 0.03418678 0.29957983 0.06814132
v 0.02949042 0.29988185 0.06834632
v 0.02909200 0.30088300 0.06824917
v 0.03378632 0.30087975 0.06794091
v 0.03718491 0.30098096 0.06704010
v 0.03728473 0.30048144 0.06713983
v 0.03738443 0.29968199 0.06713950
v -0.04613394 0.24783936 -0.05409586
v -0.05488675 0.24913444 -0.03666847
v -0.05926986 0.26138532 -0.04613537
v -0.05226550 0.25954786 -0.06147328
v -0.07555071 0.25206947 -0.01666722
v -0.07415159 0.25017035 -0.01436610
v -0.07085494 0.29055250 -0.00936928
v -0.07024164 0.29235876 -0.00834382
v -0.07144228 0.29755759 -0.01004673
v -0.07214037 0.29445788 -0.00984968
v 0.02620627 0.30088344 0.06803953
v 0.02610033 0.30168459 0.06763820
v 0.03738299 0.29898337 0.06713259
v 0.03438503 0.29888177 0.06803936
v -0.08464403 0.28405342 -0.03778569
v -0.08734312 0.28345400 -0.03618605
v 0.02969031 0.29918191 0.06824646
v 0.02619879 0.30028412 0.06814127
v 0.02339121 0.30148268 0.06734815
v 0.02448416 0.30178475 0.06743836
v 0.03438177 0.29798287 0.06782904
v 0.03428105 0.29698387 0.06772844
v 0.02948510 0.29728457 0.06823133
v 0.02968621 0.29828423 0.06823535
v -0.07310949 0.29627323 -0.01648097
v -0.07655831 0.29945076 -0.01980167
v -0.07446195 0.29714987 -0.01860407
v -0.07270789 0.29577389 -0.01677953
v -0.07245274 0.28784910 -0.01438313
v -0.07315160 0.28914934 -0.01408262
v -0.07135250 0.29004905 -0.01418173
v -0.07035345 0.28864896 -0.01428223
v 0.03738332 0.29808193 0.06683055
v 0.03728271 0.29718271 0.06672984
v -0.06974314 0.29715770 -0.00764370
v -0.07173231 0.30146235 -0.01095309
v 0.04569034 0.30178073 0.06114435
v 0.04619018 0.30218071 0.06024421
v 0.04609025 0.30168086 0.06034458
v -0.06278191 0.25618356 -0.01819959
v 0.04589184 0.30127719 0.06085159
v 0.04838677 0.29887620 0.05784015
v 0.04929266 0.30017430 0.05694960
v 0.05079464 0.29947370 0.05575332
v -0.07255276 0.28935340 -0.01167159
v -0.07345280 0.29184866 -0.01148069
v -0.07405107 0.29064935 -0.01378228
v -0.06384779 0.26047736 -0.00213980
v -0.06504384 0.26207829 -0.00394389
v -0.07200800 0.29487431 -0.01647874
v -0.07130850 0.29367450 -0.01647831
v -0.06975476 0.28994831 -0.01558133
v -0.07055643 0.28804833 -0.01677899
v 0.04969502 0.29807413 0.05685468
v -0.07702541 0.28126311 -0.02350453
v -0.07895317 0.27284798 -0.02448295
v 0.05698744 0.28927690 0.05344510
v 0.05168827 0.29517737 0.05634578
v 0.05298736 0.29657710 0.05444374
v 0.04529031 0.30158070 0.06194421
v 0.04459018 0.30128083 0.06284446
v 0.04519020 0.30198038 0.06194349
v 0.04559022 0.30228046 0.06094373
v 0.04538908 0.30087501 0.06165016
v 0.04469003 0.30058122 0.06264467
v 0.04378971 0.30108184 0.06394172
v 0.04388900 0.30028152 0.06383807
v 0.04228796 0.29988313 0.06514055
v 0.04218708 0.30078343 0.06513909
v 0.04007802 0.30058369 0.06623153
v -0.06256441 0.26276678 -0.03304799
v -0.05819369 0.24993427 -0.01824147
v 0.04037912 0.30108270 0.06603242
v 0.04017797 0.29978386 0.06613185
v 0.04238878 0.29928282 0.06494160
v 0.04027860 0.29908347 0.06603293
v 0.04388972 0.29958087 0.06353921
v 0.04478975 0.29998174 0.06234454
v 0.04558966 0.30037546 0.06125146
v 0.04609160 0.30077687 0.06045212
v 0.04649028 0.30138093 0.05984473
v 0.04578989 0.29977554 0.06065234
v 0.04638692 0.29897454 0.05985138
v 0.04518985 0.29847565 0.06125293
v 0.04489028 0.29938141 0.06184577
v 0.04659180 0.30037692 0.05975297
v 0.04739172 0.29967734 0.05885286
v -0.07015248 0.29044911 -0.01428129
v -0.07005282 0.29084900 -0.01458136
v -0.06925444 0.28994840 -0.01498077
v -0.06935405 0.28934857 -0.01448093
v 0.04388938 0.29898253 0.06314442
v 0.04388858 0.29818326 0.06274368
v 0.04228824 0.29778123 0.06423682
v 0.04238858 0.29858115 0.06463721
v -0.07255460 0.24877019 -0.01216381
v -0.07565159 0.28765166 -0.02129922
v -0.07276014 0.28575331 -0.01927099
v -0.07332667 0.28805965 -0.01868345
v 0.04028371 0.29828227 0.06573409
v 0.04028332 0.29738149 0.06543090
v -0.08513919 0.27455312 -0.03119062
v -0.08644013 0.28255311 -0.03249500
v -0.08773772 0.28285420 -0.03399678
v -0.08633788 0.27435371 -0.03249118
v 0.03368592 0.30107933 0.06773994
v 0.03338571 0.30117866 0.06663842
v 0.03688510 0.30097881 0.06603855
v 0.03718513 0.30117971 0.06683968
v 0.04038121 0.30128041 0.06593420
v -0.06047400 0.24889478 -0.00669867
v -0.06776565 0.28135338 -0.01876735
v -0.06896496 0.27965346 -0.01806546
v 0.03988315 0.30097818 0.06513559
v 0.03678464 0.30087802 0.06493688
v 0.03508649 0.30297634 0.06073362
v 0.03638740 0.30297545 0.06033204
v 0.03938367 0.30087721 0.06413488
v -0.06815805 0.28674659 -0.01727851
v -0.06825472 0.28824824 -0.01558044
v 0.03358572 0.30117777 0.06543652
v 0.03348621 0.30317485 0.06093033
v 0.03029252 0.30197978 0.06544165
v -0.06543072 0.26497862 -0.00369070
v 0.03199537 0.30358049 0.06104007
v 0.02768960 0.30277842 0.06543382
v 0.03518388 0.31318390 0.06733227
v 0.03518790 0.31338009 0.06753757
v 0.03958414 0.31288248 0.06692837
v 0.03918288 0.31258360 0.06662653
v 0.05087088 0.27576253 -0.08531744
v 0.05198224 0.29042608 -0.09251430
v 0.03987008 0.28540343 -0.10144656
v 0.04208468 0.31028187 0.06592909
v 0.04198169 0.31118214 0.06542544
v 0.04437874 0.30988088 0.06412208
v 0.04427915 0.30908114 0.06422244
v 0.04208448 0.30938241 0.06632881
v -0.08292825 0.29695994 -0.03147788
v -0.08354487 0.29505381 -0.03278487
v -0.08142969 0.29576129 -0.03008869
v -0.08112959 0.29696134 -0.02848857
v -0.08013080 0.29866177 -0.02549037
v -0.08022813 0.30026048 -0.02507756
v -0.08222916 0.29865956 -0.02957720
v -0.07156202 0.28685334 -0.01796741
v -0.07232603 0.28856024 -0.01758393
v 0.04408731 0.30797988 0.06453192
v 0.03938330 0.31068277 0.06802669
v -0.07092960 0.26047561 -0.01169052
v -0.07134254 0.25477603 -0.01227250
v -0.07994682 0.26475152 -0.02558094
v -0.07952901 0.26556557 -0.02270107
v -0.08033588 0.27455449 -0.03479110
v -0.08033823 0.28375417 -0.03579322
v -0.07873736 0.28365463 -0.03359383
v -0.07913750 0.27495402 -0.03319142
v 0.03938343 0.31168291 0.06742682
v 0.03918276 0.31238386 0.06682658
v 0.04348520 0.30637458 0.06022958
v 0.04268479 0.30737472 0.06092809
v -0.07305947 0.27744496 -0.02978440
v -0.06976552 0.27845129 -0.02912349
v -0.06906236 0.27725756 -0.00826988
v -0.06836841 0.28115281 -0.00645884
v -0.06765318 0.28605449 -0.01727353
v -0.06785662 0.28764763 -0.01568006
v -0.07414415 0.26115605 -0.02518331
v -0.06975946 0.25476411 -0.01765939
v -0.07404062 0.25925803 -0.02328435
v -0.06556929 0.25426078 -0.01565413
v -0.06497039 0.25346160 -0.01345435
v -0.06766307 0.25326386 -0.01505792
v 0.04319115 0.30727455 0.06242499
v 0.04428498 0.30647489 0.06112939
v 0.04408930 0.30567622 0.05963439
v 0.04488513 0.30567473 0.06022986
v 0.03889062 0.30547693 0.05803607
v 0.03858979 0.30587655 0.05833498
v 0.03798524 0.30637458 0.05872963
v -0.07613040 0.26166725 -0.01989273
v -0.07813396 0.26266164 -0.02248923
v 0.03909064 0.30507708 0.05793629
v -0.06586067 0.27755967 -0.01367006
v -0.06436270 0.27606255 -0.01467299
v -0.06496129 0.27735963 -0.01317085
v -0.08012513 0.28056255 -0.02480415
v -0.08105096 0.27244827 -0.02478420
v -0.07285172 0.29134917 -0.01438189
v 0.03909065 0.30477718 0.05783653
v -0.07105920 0.28155583 -0.01446578
v -0.07185878 0.28515521 -0.01276661
v -0.07630961 0.29447323 -0.01408183
v -0.07461030 0.29297325 -0.01468131
v -0.07395019 0.29214960 -0.01448224
v -0.07505020 0.29254943 -0.01368182
v -0.05894942 0.26825997 -0.01309239
v -0.06204820 0.26666075 -0.01149218
v -0.06364990 0.26966044 -0.01159377
v 0.03909074 0.30457729 0.05783683
v 0.03899059 0.30427879 0.05803995
v 0.05928881 0.27327228 0.05405064
v 0.05939064 0.28427470 0.05265120
v -0.07936000 0.29994896 -0.02350266
v -0.07976046 0.29784867 -0.02450326
v -0.07763886 0.29045823 -0.03168245
v 0.06168229 0.27627450 0.04993755
v 0.04489021 0.30228001 0.06174276
v -0.07200794 0.29257482 -0.01857793
v -0.07252637 0.29106000 -0.01938391
v 0.04529014 0.30258012 0.06084287
v -0.07341454 0.30286646 -0.02568840
v -0.07291417 0.30116707 -0.02218741
v -0.07301304 0.30156773 -0.02098619
v -0.07371004 0.30536938 -0.02148248
v 0.04429008 0.30247977 0.06134211
v -0.06367064 0.25109306 -0.01060414
v -0.06666295 0.25107121 -0.01324895
v -0.06666546 0.25226381 -0.01355703
v -0.06436939 0.25239271 -0.01160630
v -0.06764065 0.26426417 -0.01219603
v -0.06643097 0.26327693 -0.01438744
v 0.04469005 0.30287972 0.06054202
v -0.08104958 0.26574919 -0.02827786
v -0.08034745 0.26505041 -0.02727930
v -0.08165142 0.26884601 -0.02948055
v -0.08245338 0.27004474 -0.03037925
v 0.04579006 0.30307984 0.05994225
v 0.04619010 0.30278030 0.05994339
v 0.04228959 0.30177945 0.06244122
v 0.03798967 0.30337954 0.05944126
v 0.03839011 0.30357966 0.05904164
v -0.06836119 0.28485602 -0.02096661
v -0.06786188 0.28375694 -0.02046633
v -0.07315182 0.29565305 -0.02279402
v -0.07545336 0.29785269 -0.02450690
v -0.07444793 0.30085504 -0.02119213
v -0.07281712 0.29866654 -0.02089107
v -0.07924291 0.29115617 -0.03398161
v 0.04298984 0.30237946 0.06154131
v 0.04109067 0.30117887 0.06334023
v 0.03739065 0.30307901 0.05994031
v 0.03859005 0.30387944 0.05864125
v 0.03878510 0.30407760 0.05833608
v -0.07272635 0.28965998 -0.01888379
v -0.07332586 0.28986013 -0.01998416
v 0.04329001 0.30267939 0.06084124
v -0.07222609 0.29016015 -0.01848402
v 0.04378992 0.30307937 0.06014115
v 0.04509002 0.30347973 0.05994194
v -0.06975416 0.28784895 -0.01448292
v -0.07195406 0.28664893 -0.01488395
v -0.07580966 0.29467240 -0.01548317
v -0.07944980 0.29795220 -0.01879351
v -0.07855392 0.29815084 -0.01889304
v -0.07510904 0.29547241 -0.01578262
v 0.04439066 0.30397716 0.05923669
v 0.04439056 0.30447707 0.05913643
v 0.04529070 0.30397749 0.05973738
v -0.07045087 0.29235330 -0.01547494
v 0.04539051 0.30447724 0.05963683
v 0.04419009 0.30347857 0.05943944
v -0.01137141 0.24209566 -0.08062854
v -0.01348479 0.25095823 -0.08964738
v 0.04439058 0.30507690 0.05933607
v 0.04528946 0.30497661 0.05983522
v 0.04639019 0.30228058 0.05984401
v 0.04638971 0.30308062 0.05954242
v 0.04698833 0.30407998 0.05903569
v 0.04678772 0.30227965 0.05934140
v -0.07361089 0.30167007 -0.01388375
v -0.07441100 0.30316967 -0.01788467
v -0.07551192 0.30416927 -0.01828660
v -0.07421121 0.30246955 -0.01478516
v -0.08086338 0.29584670 -0.02790204
v 0.04748505 0.30227867 0.05863862
v 0.04708761 0.30107990 0.05904193
v 0.04788804 0.30468166 0.05863857
v 0.04908181 0.30508706 0.05793104
v -0.08464220 0.29175451 -0.03268598
v -0.06986354 0.27805430 -0.01646539
v -0.06656066 0.27535686 -0.01618894
v 0.04868595 0.30218178 0.05763856
v 0.04798263 0.30078220 0.05803502
v 0.04609002 0.30357993 0.05954229
v -0.05626315 0.27435797 -0.01478871
v -0.05666379 0.27555782 -0.01488895
v -0.05716367 0.27505758 -0.01608915
v -0.05686362 0.27375731 -0.01628839
v 0.04629012 0.30417803 0.05933711
v 0.04728760 0.30577978 0.05993730
v -0.05965961 0.26915437 -0.01638993
v -0.06235128 0.26816127 -0.01509191
v -0.06154804 0.26646030 -0.01369274
v -0.05895036 0.26715887 -0.01569202
v 0.04809098 0.30657974 0.05974242
v 0.04668206 0.30527803 0.06002748
v 0.04618309 0.30597699 0.06122790
v 0.04658647 0.30678019 0.06123636
v -0.05586357 0.27115738 -0.01518646
v -0.05606312 0.27275771 -0.01498778
v -0.05666317 0.27195722 -0.01648770
v -0.05646952 0.27024615 -0.01688259
v 0.04709049 0.30748138 0.06124578
v 0.04558288 0.30778116 0.06272752
v -0.07876046 0.30004913 -0.02130230
v -0.08045847 0.29984936 -0.02300215
v 0.04598019 0.30858076 0.06272573
v 0.04528534 0.30687803 0.06272978
v 0.04608369 0.30497643 0.05992917
v -0.08603924 0.29085600 -0.03158481
v -0.08624022 0.28865573 -0.03238358
v -0.08392660 0.29566076 -0.03008232
v -0.08434235 0.29385465 -0.03148606
v 0.04558436 0.30577555 0.06092926
v 0.04488463 0.30657521 0.06212893
v 0.04378645 0.30717579 0.06403050
v -0.06834863 0.26946241 -0.00689467
v -0.06944747 0.26956734 -0.00868368
v -0.06894619 0.26796335 -0.00849598
v -0.08723938 0.29395565 -0.03169101
v -0.08735249 0.29585460 -0.03340894
v -0.06545962 0.25310197 -0.00441496
v -0.06416185 0.25190160 -0.00371267
v -0.03711657 0.18305203 0.00987528
v -0.04665965 0.18734843 -0.00003173
v -0.04675040 0.17692292 -0.00054462
v -0.03782864 0.17253982 0.00902359
v -0.07581217 0.29706869 -0.01268699
v -0.07441100 0.29966956 -0.01248466
v 0.04188811 0.30837846 0.06593320
v 0.04119664 0.30827099 0.06401443
v 0.03918419 0.30978101 0.06762806
v -0.05595127 0.26975894 -0.01409175
v -0.05595325 0.26885769 -0.01559056
v -0.05854942 0.26735964 -0.01449230
v -0.06105939 0.27366024 -0.01266996
v -0.05696038 0.27446082 -0.01326899
v 0.03838583 0.30928007 0.06553044
v 0.03578850 0.31397885 0.06863669
v 0.04060928 0.31368256 0.06793366
v 0.03809480 0.30916697 0.06370833
v 0.03569269 0.30716756 0.06000947
v 0.03409184 0.30727491 0.06052749
v 0.03489364 0.30927706 0.06473084
v -0.05996067 0.27085805 -0.01628890
v 0.02509207 0.30597553 0.06524106
v 0.02589182 0.30687520 0.06564049
v -0.06086417 0.27585715 -0.01548950
v -0.06126315 0.27695996 -0.01416829
v -0.06332242 0.26298895 -0.01107408
v -0.06492287 0.26248854 -0.01327324
v -0.06632263 0.26258987 -0.01007427
v -0.05646548 0.26834780 -0.01668411
v -0.06816209 0.28595486 -0.01886496
v 0.02979247 0.30597502 0.06104152
v 0.02949267 0.30557516 0.06084208
v 0.02369193 0.30597568 0.06584131
v 0.02499157 0.30687514 0.06644005
v -0.06306003 0.27165839 -0.01568986
v -0.06585325 0.26905301 -0.01749562
v -0.06535272 0.26705667 -0.01669322
v -0.06275871 0.26975897 -0.01558946
v -0.07433141 0.25906706 -0.01799151
v -0.07463059 0.26086769 -0.01789312
v -0.06804108 0.26435778 -0.01899907
v -0.07123994 0.26466340 -0.01698421
v -0.06956290 0.28105402 -0.01716613
v -0.07085737 0.28415549 -0.01576839
v -0.06645984 0.27765962 -0.01377030
v -0.06366198 0.27375725 -0.01538941
v -0.06615786 0.27155873 -0.01729037
v -0.06136035 0.27495995 -0.01296974
v -0.06515903 0.27496010 -0.01237191
v -0.06496038 0.27605981 -0.01257133
v -0.06136103 0.27595985 -0.01326980
v -0.07522497 0.29116061 -0.02068481
v -0.07324076 0.29755685 -0.01105122
v -0.07463671 0.29455844 -0.01175474
v -0.07441317 0.30636749 -0.03818648
v -0.07234721 0.29846117 -0.04222463
v -0.07271487 0.29976827 -0.02928503
v -0.06016194 0.27255780 -0.01618947
v -0.05736414 0.27645785 -0.01468938
v -0.05786209 0.27595994 -0.01366867
v -0.08034724 0.26205111 -0.02548095
v -0.06702261 0.26218960 -0.00977558
v -0.06855435 0.28595331 -0.01507236
v -0.07974509 0.26945010 -0.03288818
v -0.07844945 0.26454926 -0.03048421
v -0.06785566 0.28724846 -0.01558218
v -0.06855567 0.28834850 -0.01498226
v -0.06582271 0.26278839 -0.01397305
v -0.06714173 0.26336837 -0.01128351
v -0.06875511 0.28874844 -0.01478147
v -0.06914644 0.26896784 -0.00998473
v -0.08036762 0.29064599 -0.02590602
v 0.02908905 0.30867791 0.06573749
v 0.03128946 0.30697817 0.06113818
v -0.07065307 0.25156727 -0.01816417
v -0.06855811 0.25027224 -0.01535123
v 0.03039249 0.30647483 0.06114138
v -0.05746182 0.27536038 -0.01336870
v 0.02749182 0.30777529 0.06554081
v -0.06094854 0.26656023 -0.01309223
v -0.06056335 0.27435723 -0.01598887
v 0.02848915 0.30917785 0.06753737
v 0.02638999 0.30787814 0.06694314
v 0.03498887 0.30977932 0.06663965
v -0.06755608 0.27266136 -0.01167447
v -0.06704856 0.27056658 -0.01118415
v -0.06955389 0.27116230 -0.01017590
v 0.02337480 0.34606126 -0.12263565
v 0.02298146 0.32934669 -0.12432378
v -0.07283759 0.26505893 -0.01869942
v -0.06894226 0.26605678 -0.02129921
v -0.07024036 0.26685694 -0.02339940
v -0.07473784 0.26575848 -0.02039952
v -0.07684686 0.26015124 -0.02778335
v -0.07493589 0.25616047 -0.02428774
v -0.07694928 0.25436279 -0.02446918
v -0.07954574 0.25855199 -0.02808410
v 0.03908428 0.33195305 -0.11201900
v 0.03847547 0.34526315 -0.11003387
v -0.07461155 0.32087129 -0.04757888
v -0.07571416 0.31216812 -0.03188523
v -0.07601329 0.32786843 -0.03668472
v -0.07842720 0.29926267 -0.02968116
v -0.07862709 0.29686171 -0.03127720
v -0.08376895 0.29774547 -0.03441562
v -0.07290880 0.30407092 -0.01607973
v -0.07310874 0.30157009 -0.01938092
v -0.07360972 0.30257037 -0.01758182
v -0.08383346 0.27425590 -0.03589230
v 0.04059148 0.30837503 0.06242394
v 0.03698529 0.30677423 0.05942875
v 0.04817444 0.34676358 -0.10143603
v 0.04747784 0.35536706 -0.09911533
v 0.03927248 0.35686293 -0.10564371
v 0.03407529 0.21927407 -0.05548649
v 0.02519180 0.20795251 -0.06273435
v -0.07025973 0.28685445 -0.00956524
v -0.07205407 0.28724888 -0.01208263
v 0.02159201 0.30577600 0.06694178
v -0.07324846 0.26225379 -0.02608161
v 0.02329175 0.30717540 0.06724092
v -0.07493217 0.26406682 -0.01829343
v -0.07733629 0.26445851 -0.02029863
v -0.08412135 0.30026326 -0.02298305
v -0.08104987 0.29865250 -0.02060075
v 0.02049264 0.30447662 0.06664349
v 0.01989275 0.30427694 0.06684413
v 0.02099248 0.30577654 0.06694315
v 0.02239209 0.30727628 0.06734262
v 0.02529082 0.30847648 0.06774121
v 0.02469081 0.30867714 0.06814210
v 0.02798897 0.31037802 0.06913775
v 0.02808909 0.30967784 0.06883734
v 0.03528805 0.31047940 0.06863853
v 0.03538848 0.31137952 0.06904075
v 0.02758918 0.31097811 0.06853793
v 0.02419086 0.30907753 0.06754249
v 0.02718938 0.31157818 0.06773812
v 0.02409124 0.30987665 0.06714193
v 0.03508302 0.31298444 0.06773034
v 0.03528701 0.31228095 0.06843742
v 0.02318821 0.30238402 0.06684493
v 0.02109300 0.30258054 0.06675050
v 0.02369030 0.30278268 0.06664779
v 0.02139250 0.30288038 0.06644932
v 0.02489041 0.30308169 0.06564572
v 0.02069318 0.30337760 0.06634680
v 0.01999278 0.30307999 0.06664899
v -0.00693159 0.17504741 0.03477427
v -0.00729857 0.16647604 0.03120037
v 0.02569080 0.30328071 0.06524387
v 0.02029272 0.30567694 0.06674407
v 0.01909276 0.30407718 0.06684434
v 0.01919296 0.30607724 0.06604443
v 0.01839305 0.30407733 0.06654480
v 0.02139263 0.30837616 0.06624280
v 0.02179259 0.30737701 0.06674422
v 0.01909275 0.30278045 0.06664959
v 0.01959164 0.30228230 0.06664731
v 0.01839317 0.30268005 0.06674941
v 0.01889174 0.30198216 0.06674697
v 0.02599991 0.29958445 0.06824154
v 0.02567824 0.29868460 0.06823511
v 0.02270559 0.30078635 0.06754530
v 0.02208726 0.30018544 0.06744120
v 0.03398069 0.29588437 0.06762807
v 0.03708133 0.29608428 0.06652850
v 0.03358246 0.29468545 0.06763053
v -0.00561199 0.27527520 0.09123066
v -0.00701228 0.27507350 0.08972697
v -0.00581454 0.27697572 0.08862537
v -0.00511322 0.27697682 0.08942940
v 0.03688657 0.29468608 0.06653422
v 0.02869554 0.29507831 0.06845192
v 0.02918574 0.29618451 0.06833196
v 0.02831350 0.16700655 0.01651784
v 0.04718152 0.29798195 0.05922968
v 0.04809545 0.29687449 0.05865507
v 0.04649141 0.29608008 0.06034122
v 0.04578188 0.29748231 0.06063026
v 0.04418696 0.29698473 0.06223916
v -0.00601288 0.26607463 0.08992947
v -0.00531302 0.26767352 0.08882686
v -0.00621274 0.26737350 0.08782687
v -0.00711286 0.26607388 0.08902765
v 0.04449149 0.29558006 0.06204255
v 0.04218885 0.29518288 0.06384008
v 0.04218685 0.29658255 0.06393503
v 0.04018175 0.29628342 0.06512918
v 0.03988685 0.29478601 0.06513789
v 0.05019374 0.30167472 0.05634965
v 0.05149087 0.30487263 0.05604557
v 0.05199261 0.30117577 0.05494482
v 0.05368962 0.30457178 0.05404326
v 0.01769356 0.30687740 0.06634592
v -0.00271332 0.27657732 0.08853008
v -0.00131185 0.27407587 0.09133225
v -0.00291213 0.27497536 0.09263106
v -0.00381171 0.27717564 0.08923166
v 0.01729317 0.30447817 0.06634621
v 0.01609362 0.30757746 0.06774535
v 0.01589230 0.30478078 0.06744844
v 0.01739304 0.31057748 0.06874188
v 0.01919322 0.30977675 0.06694466
v 0.01759285 0.30248067 0.06674958
v 0.01819177 0.30168214 0.06684691
v 0.01639107 0.30248195 0.06714571
v 0.01729155 0.30098224 0.06714699
v 0.02518566 0.29778525 0.06823889
v 0.02459022 0.29678601 0.06834132
v 0.02148845 0.29948524 0.06764155
v 0.02059133 0.29858348 0.06784485
v 0.04925165 0.26517537 -0.07920410
v 0.05238333 0.30573317 -0.09742437
v 0.04789731 0.31777135 0.06583642
v 0.04570607 0.31507859 0.06643740
v 0.04230750 0.31617898 0.06853754
v 0.04419509 0.31967083 0.06883775
v 0.05039785 0.32167098 0.06363780
v 0.05290930 0.31807360 0.06111493
v 0.05040696 0.31537026 0.06310694
v 0.04820536 0.31327188 0.06422069
v 0.05209319 0.30777353 0.05694159
v 0.05029090 0.30777928 0.05854151
v 0.05019877 0.30958065 0.05993900
v 0.05210143 0.31007484 0.05862181
v 0.05439278 0.30777267 0.05504167
v 0.05460167 0.31097454 0.05671893
v 0.05150738 0.31257030 0.06080711
v 0.04940733 0.31137043 0.06190711
v 0.05410967 0.31417093 0.05900664
v 0.02518918 0.31527910 0.07044005
v 0.02598953 0.31367877 0.06883939
v 0.02279204 0.31177735 0.06764401
v 0.02139280 0.31257650 0.06844328
v 0.02400548 0.31688371 0.07213711
v 0.01939303 0.31357762 0.07004263
v 0.03779214 0.32017392 0.07163900
v 0.03691150 0.31698307 0.07013334
v 0.02688935 0.31207809 0.06733795
v 0.02478933 0.31097817 0.06713799
v 0.02678939 0.31227815 0.06733809
v 0.02419133 0.31077701 0.06694271
v 0.05658771 0.36796355 -0.08188862
v 0.05938678 0.37486663 -0.06978599
v 0.04428783 0.38656735 -0.07798483
v 0.04278842 0.37756255 -0.08979046
v 0.04208332 0.31148130 0.06522765
v 0.04258559 0.31188077 0.06553096
v 0.04508034 0.31067958 0.06422453
v 0.04447940 0.31028008 0.06412302
v 0.04628253 0.30917925 0.06272930
v 0.04688118 0.30957928 0.06272627
v 0.04809001 0.30847871 0.06103976
v 0.04759069 0.30818054 0.06124409
v 0.04819108 0.30737931 0.06014151
v 0.04879102 0.30737942 0.05964174
v 0.02448947 0.31167832 0.06743839
v 0.02668931 0.31257799 0.06783769
v 0.05017863 0.33496380 -0.10221985
v 0.04659161 0.35777205 0.05269472
v 0.05338973 0.35387459 0.04628322
v 0.05128709 0.34767848 0.05237415
v 0.04378860 0.31287858 0.06633516
v 0.04618228 0.31157842 0.06452772
v 0.04788238 0.31037828 0.06262834
v 0.04889021 0.30917883 0.06074035
v 0.04929077 0.30817917 0.05964120
v 0.07029203 0.26866212 -0.00295086
v 0.07099149 0.26846260 -0.00455209
v 0.07940625 0.27696356 -0.02944524
v 0.07740825 0.28387037 -0.02884071
v 0.07620429 0.28727317 -0.02774737
v 0.07759322 0.29646972 -0.01557750
v 0.08109183 0.29947439 -0.01866924
v 0.08269338 0.25935614 -0.02205416
v 0.07919249 0.25775501 -0.01835365
v -0.08412442 0.30346185 -0.02398080
v 0.08259340 0.26015639 -0.02265388
v 0.08829295 0.29507482 -0.02886771
v 0.08879446 0.29327491 -0.03006757
v 0.08969421 0.29307476 -0.02966798
v 0.04217592 0.24534854 -0.06553398
v 0.04713808 0.25677118 -0.07368496
v 0.08919445 0.29127526 -0.03126685
v 0.07339193 0.27286437 -0.00715125
v 0.08070604 0.27626243 -0.02974636
v 0.08240695 0.27546060 -0.03164423
v 0.08310624 0.27026093 -0.03154382
v 0.08240554 0.27096188 -0.03054434
v 0.08220063 0.26565039 -0.02924431
v 0.08170138 0.26665136 -0.02854428
v 0.08429436 0.26255643 -0.02525376
v 0.08559676 0.26615435 -0.02775130
v 0.08239184 0.29977411 -0.01996973
v 0.08180182 0.29896554 -0.01845725
v 0.08309177 0.29957393 -0.02017009
v 0.07419170 0.27156439 -0.00845127
v 0.07579307 0.29466990 -0.01537724
v 0.07529928 0.29246870 -0.01405699
v 0.07489913 0.29276854 -0.01445797
v 0.07059246 0.27646413 -0.01205355
v 0.07069280 0.27736393 -0.01235302
v 0.07189215 0.27486441 -0.01195262
v 0.07449187 0.27336454 -0.01055139
v 0.06778943 0.26605526 -0.01028771
v 0.06718852 0.26485598 -0.01208911
v 0.06758874 0.26385558 -0.01158828
v 0.08519286 0.30547529 -0.02396658
v 0.07539923 0.29146895 -0.01375611
v 0.07679948 0.29246870 -0.01385608
v 0.07729317 0.29377022 -0.01417632
v 0.08399166 0.29907367 -0.02037054
v 0.07759321 0.29466996 -0.01447697
v 0.07679324 0.29467002 -0.01447685
v 0.07839327 0.29626980 -0.01537723
v 0.07619311 0.29466996 -0.01477710
v 0.07460117 0.26946855 -0.02394335
v 0.07300386 0.26936895 -0.02184121
v 0.07219087 0.28917161 -0.00477402
v 0.07310004 0.28687048 -0.00664504
v 0.07809219 0.25735548 -0.01625441
v 0.07560014 0.29387170 -0.02435464
v 0.07588977 0.29657874 -0.02616025
v 0.08719989 0.27036381 -0.02985284
v 0.08029841 0.26576498 -0.01964893
v 0.07799828 0.26516595 -0.01784963
v 0.08240054 0.26676267 -0.02144797
v 0.08409929 0.26906720 -0.02314924
v 0.07180116 0.28517020 -0.01835100
v 0.08299946 0.28906861 -0.02325615
v 0.08359478 0.28676811 -0.02436547
v 0.08129955 0.28926885 -0.02175623
v 0.07669163 0.30016831 -0.02468150
v 0.07649145 0.30026892 -0.02228058
v 0.07640068 0.29517004 -0.02265545
v 0.07619201 0.29846913 -0.02158003
v 0.06979071 0.26935393 -0.01068636
v 0.06909350 0.26344934 -0.01385166
v 0.06898870 0.26535887 -0.01458780
v 0.07009326 0.26345891 -0.01465096
v 0.07038877 0.26425868 -0.01598746
v 0.07088960 0.26575783 -0.01758608
v 0.07149073 0.26756173 -0.01887419
v 0.07189751 0.26996964 -0.01925572
v 0.06939145 0.27346486 -0.01155514
v 0.07669131 0.30056837 -0.01238184
v 0.06879064 0.27166581 -0.01125566
v 0.07089214 0.27506432 -0.01185376
v 0.07099156 0.27326480 -0.01145392
v 0.07059069 0.27136567 -0.01085459
v 0.07459372 0.26285726 -0.01185114
v 0.07549387 0.26435810 -0.01405242
v 0.07328820 0.26345751 -0.01118273
v 0.07649791 0.26466671 -0.01615085
v 0.07208841 0.26355743 -0.01088207
v 0.07610025 0.29497054 -0.02335564
v 0.07619177 0.29826906 -0.02358013
v 0.07039263 0.27216265 -0.00124917
v 0.06358833 0.28137219 0.04514802
v 0.06499687 0.29056832 0.03954893
v 0.02698266 0.23157807 0.06493632
v 0.02608260 0.22848038 0.06543563
v 0.05618882 0.27057475 0.05824979
v 0.05158778 0.26807374 0.06324310
v 0.02598016 0.23747389 0.07663909
v 0.02518202 0.23677425 0.07683731
v 0.02438202 0.23717420 0.07693696
v 0.02507910 0.23757385 0.07663961
v 0.02308255 0.23757496 0.07523651
v 0.02378255 0.23757510 0.07453600
v 0.02408192 0.23757452 0.07543634
v 0.02338254 0.23767462 0.07613657
v 0.02898872 0.25337356 0.07813737
v 0.03208799 0.25737241 0.07623430
v 0.03488636 0.25307307 0.07503618
v 0.03178786 0.24967389 0.07703835
v 0.02548285 0.23617779 0.06723603
v 0.02528314 0.23777863 0.06773768
v 0.02419345 0.23778060 0.07164479
v 0.02449164 0.23707986 0.07124347
v 0.02538246 0.23357563 0.06743736
v 0.02438815 0.23587810 0.07073989
v 0.02698285 0.23547766 0.06483549
v 0.02648290 0.23797858 0.06513740
v 0.03408277 0.23177674 0.07253957
v 0.03088535 0.23367736 0.07444495
v 0.03188299 0.23677640 0.07494075
v 0.03508773 0.23627512 0.07313768
v 0.02568964 0.26457411 0.07723692
v 0.02918887 0.26097319 0.07683479
v 0.02628971 0.25697428 0.07843681
v 0.02279248 0.26097828 0.07864377
v 0.01929385 0.26558161 0.07964629
v 0.02198980 0.26827818 0.07784186
v 0.01779226 0.27308026 0.08324312
v 0.01829149 0.26947975 0.08464190
v 0.01788985 0.26867476 0.08803086
v 0.01809089 0.27067903 0.08674027
v 0.01629060 0.26477513 0.08643174
v 0.01839201 0.26728010 0.08314280
v 0.01269038 0.26367798 0.08693288
v -0.00921379 0.26587340 0.08952638
v -0.00821261 0.26767364 0.08842717
v -0.00891280 0.26817325 0.09022634
v -0.01041449 0.26667222 0.09122381
v 0.01248998 0.26437563 0.08793233
v 0.01639153 0.26417646 0.08493470
v -0.00251309 0.26696944 0.09791838
v -0.00341181 0.26907039 0.09802069
v -0.00241121 0.26817074 0.09572152
v -0.00251209 0.26617026 0.09532051
v 0.01649387 0.26338196 0.08304710
v 0.01289026 0.26298013 0.08563408
v 0.01198855 0.26527491 0.08893073
v 0.01458892 0.26517451 0.08902996
v -0.00501230 0.26957005 0.09741987
v -0.00681406 0.26906955 0.09911840
v -0.00841506 0.26897210 0.09742340
v -0.00631446 0.26927161 0.09592256
v -0.00191273 0.27037361 0.09082730
v -0.00341274 0.26847404 0.09212819
v -0.00121081 0.27067056 0.09432131
v -0.00911251 0.27047363 0.08832715
v -0.00781249 0.26937366 0.08692723
v -0.00671434 0.27317503 0.08642586
v -0.00801474 0.27397558 0.08732531
v 0.01598852 0.26707467 0.09052905
v 0.00628617 0.26577282 0.09752499
v 0.00728609 0.26717222 0.09952384
v 0.01098693 0.29678217 0.08193064
v 0.01368748 0.29318300 0.07883263
v 0.01098645 0.29418370 0.08413092
v 0.01358727 0.29098257 0.08103067
v 0.01518686 0.26917431 0.09422546
v 0.01638876 0.27107671 0.09243479
v 0.01298633 0.27037388 0.09802500
v 0.01388567 0.27297670 0.09742664
v 0.00589431 0.31158087 0.08142760
v 0.00418692 0.26247379 0.09332639
v 0.00448740 0.26167488 0.09272686
v 0.00398725 0.26337403 0.09522770
v 0.02268089 0.36886653 -0.10910443
v 0.02358781 0.38256377 -0.09809038
v 0.02349285 0.39926761 -0.07568438
v 0.02138630 0.40446481 -0.06319925
v 0.00766993 0.24576969 0.09195089
v 0.00729407 0.24837944 0.09194151
v 0.01449238 0.24138081 0.07524165
v 0.00929106 0.24177331 0.07663210
v 0.00888431 0.23997712 0.08124874
v 0.01398572 0.23987845 0.08004917
v 0.01779173 0.23958205 0.07804089
v 0.01859548 0.24107592 0.07333361
v 0.01479589 0.24257442 0.07273091
v 0.00939368 0.24297297 0.07392823
v 0.01347693 0.23897509 0.08434841
v 0.00857671 0.23927386 0.08645020
v 0.00837645 0.24097310 0.08914968
v 0.01357414 0.24047482 0.08655206
v 0.01909433 0.25898314 0.08144972
v 0.01529395 0.25958192 0.08394697
v 0.01149289 0.25977913 0.08744070
v 0.00838825 0.25957817 0.09002785
v 0.00788765 0.26157740 0.09062724
v 0.01018916 0.26227877 0.08833045
v 0.00768717 0.26247662 0.09122699
v 0.00998841 0.26307756 0.08912925
v 0.00988868 0.26387516 0.08982945
v 0.01038864 0.26527429 0.09012928
v 0.00868771 0.26507381 0.09142797
v 0.00908776 0.26617360 0.09102760
v 0.00768706 0.26327538 0.09162714
v 0.00568508 0.28838068 0.09662551
v 0.00558882 0.29207635 0.09383444
v 0.01158584 0.24986272 0.08998409
v 0.00699348 0.25037757 0.09133735
v 0.00629278 0.25417781 0.09093773
v 0.01039008 0.25418326 0.08953757
v 0.01459431 0.25348121 0.08714552
v 0.01638694 0.24826014 0.08748005
v 0.00478724 0.26097631 0.09212655
v 0.01197477 0.24777050 0.09017696
v 0.01237077 0.24527171 0.08995279
v 0.01687170 0.24586953 0.08757341
v 0.01717345 0.24367587 0.08705870
v 0.02089517 0.24577503 0.08433241
v 0.01969464 0.25168127 0.08434584
v 0.02509517 0.24967474 0.08103196
v 0.02458243 0.24307762 0.08115376
v 0.03188576 0.23997658 0.07594270
v 0.02718257 0.23737742 0.07644299
v 0.02739336 0.23867922 0.07704937
v 0.02719252 0.23987910 0.07795080
v 0.03099067 0.24307619 0.07714416
v 0.03498789 0.24087358 0.07434028
v 0.03388784 0.24537361 0.07573944
v 0.02888798 0.24627481 0.07884055
v 0.02639265 0.24127884 0.07914954
v 0.02607762 0.23827370 0.07724082
v 0.02517808 0.23797378 0.07694025
v 0.02597510 0.23897353 0.07804281
v 0.02497605 0.23837362 0.07774177
v 0.02537351 0.23977347 0.07914428
v 0.02457451 0.23877354 0.07864287
v 0.02367284 0.23937348 0.08004425
v 0.02417111 0.24087304 0.08074559
v 0.02327809 0.23787411 0.07553773
v 0.02237640 0.23797369 0.07663829
v 0.02247488 0.23797339 0.07794057
v 0.02327648 0.23777367 0.07673989
v 0.02378196 0.23777473 0.07483505
v 0.02377830 0.23777400 0.07603859
v 0.02379343 0.23838039 0.07244396
v 0.02289128 0.23867925 0.07334094
v -0.03907055 0.19982846 0.01135563
v -0.04735900 0.20132977 -0.00079614
v 0.02428608 0.23757665 0.07403839
v 0.02438200 0.23767459 0.07513577
v 0.02437849 0.23767385 0.07643936
v 0.02427746 0.23797379 0.07704001
v 0.02387554 0.23817354 0.07784138
v 0.02297390 0.23847334 0.07894216
v 0.01717563 0.24167630 0.08585678
v 0.02068783 0.24168710 0.08373836
v 0.02038849 0.23988579 0.08243909
v 0.01708102 0.23958087 0.08394789
v 0.02008975 0.23868455 0.08083993
v 0.01909648 0.24217425 0.07093081
v 0.01688547 0.23858148 0.08214495
v 0.02209320 0.24008012 0.07084288
v 0.02289322 0.24118011 0.06834287
v 0.02107803 0.23907524 0.07513391
v 0.02478451 0.23897889 0.06863846
v 0.02379328 0.23918024 0.06924317
v 0.02558297 0.23977834 0.06623688
v 0.02448544 0.24037783 0.06713635
v 0.01988289 0.23808020 0.07913913
v 0.02088705 0.24348769 0.08433758
v 0.01287595 0.24287568 0.08865651
v 0.00797299 0.24347137 0.09085064
v -0.03090880 0.28817937 0.06863740
v -0.03012032 0.28537345 0.06984250
v -0.02612652 0.28647172 0.07054985
v -0.02712725 0.28897253 0.06955438
v 0.00648346 0.28087679 0.10302171
v 0.00608363 0.28488126 0.09962399
v 0.02378259 0.23757446 0.07683587
v 0.00985629 0.15936698 0.02827661
v -0.07025679 0.27346069 -0.00947399
v -0.06975858 0.27435967 -0.00837228
v -0.07865899 0.29414806 -0.03268019
v 0.02648247 0.23607355 0.07653736
v 0.02478216 0.23127607 0.06753963
v 0.02368237 0.23477644 0.07113668
v 0.03118227 0.22737610 0.07313774
v 0.02708098 0.22297768 0.07544467
v 0.02518164 0.22697669 0.07734139
v 0.02868230 0.23037519 0.07513811
v 0.02278161 0.23277394 0.07974251
v 0.02518221 0.23467450 0.07763857
v -0.08312660 0.29736051 -0.02807939
v 0.02398230 0.23587428 0.07813811
v 0.02178184 0.23477407 0.08024117
v 0.02098203 0.23627436 0.08053998
v 0.02318238 0.23677433 0.07813759
v 0.01909083 0.23788576 0.07904401
v 0.01499335 0.23828141 0.08165084
v 0.01438168 0.23447597 0.07704043
v 0.01888225 0.23417580 0.07473782
v 0.02258211 0.23437726 0.07223858
v 0.02218245 0.23767491 0.07603739
v -0.07822563 0.30106434 -0.02768447
v -0.07700935 0.30346867 -0.02318352
v -0.07555000 0.30205402 -0.02209256
v -0.07654902 0.29945371 -0.02599402
v 0.01969049 0.23788475 0.07984406
v 0.02248241 0.23767455 0.07703763
v 0.01538770 0.23837848 0.08274727
v 0.01872529 0.16219953 0.02340519
v 0.02268249 0.23747429 0.07783693
v 0.02018966 0.23758289 0.08014281
v 0.01608150 0.23757556 0.08344199
v 0.01698149 0.23577495 0.08394231
v 0.01787646 0.23358233 0.08413322
v 0.01857612 0.23088238 0.08333577
v 0.02008352 0.22396739 0.08032432
v 0.02108052 0.21907851 0.07894254
v 0.01448282 0.22206806 0.08292592
v 0.01508120 0.21717264 0.08203240
v 0.01367637 0.22937953 0.08664685
v 0.01328690 0.23298037 0.08805153
v 0.01268549 0.23557565 0.08744442
v 0.01198401 0.23767595 0.08644270
v 0.00528813 0.25927648 0.09152693
v 0.00748708 0.26497397 0.09282774
v 0.00648654 0.26507339 0.09512665
v 0.00938616 0.26857179 0.10032320
v 0.00388591 0.26427376 0.09752645
v 0.01168576 0.27027279 0.09982267
v 0.01008551 0.26967254 0.10122278
v 0.01068493 0.27137330 0.10212237
v 0.01178550 0.27207497 0.10082522
v 0.00878464 0.26907286 0.10252257
v 0.00988447 0.27117279 0.10312171
v 0.00488278 0.26807418 0.10422283
v 0.00558216 0.27157494 0.10602174
v 0.00638266 0.27717638 0.10542207
v 0.00598248 0.27387550 0.10632320
v 0.01108549 0.27307391 0.10252490
v 0.01228525 0.27497494 0.10062392
v -0.08622233 0.29746225 -0.02838298
v 0.01238505 0.27797696 0.09822344
v 0.01418639 0.27567759 0.09462775
v 0.01218552 0.41097102 -0.01840504
v 0.01128618 0.23867740 0.08544504
v 0.01038715 0.23867814 0.08364592
v -0.06802279 0.26098907 -0.00957717
v -0.07794843 0.28695258 -0.02299980
v 0.01408382 0.22457518 0.07042295
v 0.01418253 0.22867811 0.07283355
v 0.00968235 0.22847934 0.07423551
v -0.07630754 0.30396932 -0.02068280
v -0.07980727 0.30556935 -0.02148371
v 0.00958326 0.22458009 0.07192723
v 0.00668487 0.23867884 0.08435065
v -0.08403864 0.27475306 -0.03128946
v -0.08673927 0.29585600 -0.03028977
v -0.08502197 0.29456219 -0.02908443
v -0.07771316 0.29656738 -0.01478972
v -0.07194523 0.26925814 -0.02559219
v -0.07834435 0.26935759 -0.02339168
v -0.07674076 0.26685801 -0.02189761
v -0.07124282 0.26756009 -0.02459353
v -0.06776073 0.28265887 -0.01986568
v 0.00638511 0.23468344 0.07923830
v 0.00988420 0.23478150 0.07863733
v 0.00688395 0.23877838 0.08655031
v 0.00738407 0.23757741 0.08794757
v 0.00788823 0.23547746 0.08934920
v 0.00618704 0.22838201 0.07484034
v 0.00628355 0.22418001 0.07242865
v -0.06493230 0.26577836 -0.00159413
v 0.02318211 0.22977899 0.06863746
v -0.07354932 0.25487033 -0.01536944
v -0.07484972 0.25566879 -0.01756875
v -0.02696688 0.24352005 -0.07498206
v -0.03068515 0.25328681 -0.08324873
v -0.08593531 0.27415487 -0.03449245
v 0.02368221 0.22628173 0.06653448
v 0.01888199 0.22867860 0.07103727
v 0.01908232 0.22508165 0.06883373
v 0.00928735 0.21658082 0.08474617
v 0.00878644 0.22138101 0.08484385
v 0.00818563 0.23228225 0.08974979
v 0.00838112 0.22837967 0.08834206
v 0.02388890 0.39216390 -0.08739088
v 0.06389473 0.35866180 0.02241120
v 0.06239569 0.35216767 0.03091379
v -0.07846281 0.29944828 -0.02220286
v 0.05588642 0.36017704 0.03747478
v 0.05738668 0.36537185 0.02959135
v 0.06419605 0.36585969 0.01381110
v 0.05788319 0.37147132 0.02158341
v 0.04079475 0.40076432 -0.03769697
v 0.04129307 0.40076622 -0.02329820
v 0.02319379 0.40847033 -0.01970131
v 0.03619398 0.40126467 -0.05209328
v 0.04788901 0.39216632 -0.06078723
v 0.04979353 0.39476287 -0.04099740
v 0.04969406 0.39506429 -0.02569849
v -0.06982235 0.26058859 -0.01077680
v -0.06892281 0.25538900 -0.00987416
v -0.06743602 0.25578174 -0.00804928
v -0.07302576 0.29026029 -0.01978425
v 0.02435848 0.19317766 -0.06370875
v 0.05188568 0.31795242 -0.10040462
v 0.04847778 0.39476973 -0.01189754
v 0.04076697 0.39977279 -0.00930979
v 0.04037599 0.39757168 0.00340157
v 0.04727804 0.39327019 0.00000208
v 0.02317614 0.40707493 -0.00480267
v 0.01217787 0.40947390 -0.00290307
v 0.02097239 0.28019682 -0.10962035
v 0.00557890 0.29555425 0.09120763
v 0.04489954 0.23271832 -0.04734043
v 0.05573202 0.23178869 -0.03166457
v 0.05301077 0.18015696 -0.01288232
v 0.06889432 0.25493944 -0.01623103
v 0.06869517 0.25543800 -0.01703038
v 0.05719864 0.21797279 -0.01498166
v 0.05900113 0.23151177 -0.01618498
v 0.03648049 0.23248154 -0.05872177
v 0.07860102 0.26525375 -0.02744196
v 0.07931358 0.26876128 -0.02873061
v 0.07989833 0.26445296 -0.02704581
v 0.08071253 0.26816022 -0.02863248
v 0.08090546 0.27216271 -0.02954495
v 0.08049842 0.26275223 -0.02614622
v 0.07679147 0.30036891 -0.01978076
v 0.07819197 0.30196857 -0.01918118
v -0.07257085 0.26333898 -0.02637110
v -0.07267322 0.26553825 -0.02757187
v 0.06809017 0.25353041 -0.01223340
v 0.06809447 0.25414541 -0.01373035
v -0.05756412 0.27575755 -0.01568919
v 0.06749081 0.25382906 -0.01302980
v 0.06719065 0.25343016 -0.01183020
v 0.06768618 0.25282308 -0.01084190
v 0.06698673 0.25292239 -0.01073861
v 0.07878791 0.31626672 -0.01478604
v 0.06588040 0.25302416 -0.01385667
v 0.06789581 0.25513783 -0.01642489
v 0.06789450 0.25454006 -0.01492727
v 0.06689105 0.25382847 -0.01372627
v 0.06637371 0.25280121 -0.01206403
v 0.06617363 0.25200400 -0.01046367
v 0.06698576 0.25162339 -0.00993925
v -0.07433774 0.25785959 -0.02358634
v -0.07035569 0.25316593 -0.01786200
v -0.05233783 0.20385084 -0.01257313
v -0.04994589 0.20584852 -0.02576665
v -0.05005879 0.19405732 -0.02435432
v -0.05163384 0.19103268 -0.01184076
v -0.06705889 0.27945679 -0.00307641
v -0.06765914 0.27215865 -0.00507027
v -0.06663035 0.27117839 -0.00329301
v 0.08069838 0.26155224 -0.02664663
v 0.07269140 0.25204077 -0.01504133
v -0.01848462 0.18391678 0.03055548
v -0.01673616 0.17044725 0.02661484
v 0.07750091 0.29267165 -0.02505258
v 0.07770158 0.29097262 -0.02625063
v 0.07998994 0.29247719 -0.02796353
v 0.07979050 0.29467675 -0.02676431
v 0.05895857 0.26738206 -0.06680615
v 0.06097655 0.27767467 -0.07340644
v 0.01291807 0.19665496 -0.06765538
v 0.01326680 0.21024615 -0.06797951
v 0.07438541 0.31095651 -0.06140574
v 0.07730070 0.29427165 -0.02365275
v 0.07969358 0.29637337 -0.02546033
v 0.07970574 0.27276421 -0.02944467
v 0.07640044 0.29377168 -0.02365359
v 0.07660059 0.29207215 -0.02495283
v 0.08089024 0.29797581 -0.02716634
v 0.08109035 0.29587629 -0.02866525
v 0.08120638 0.29345945 -0.02994843
v 0.07670159 0.29027316 -0.02615082
v -0.06433281 0.26647988 0.00200470
v -0.06344874 0.26626858 0.01234237
v -0.06622921 0.28166804 0.01174477
v -0.06575216 0.27606198 0.00222579
v 0.07669178 0.29866844 -0.02638106
v 0.07908712 0.34176314 -0.04029302
v 0.07748406 0.33516666 -0.05370696
v 0.07528753 0.35816181 -0.04489959
v 0.07368737 0.35226038 -0.05949942
v 0.06888519 0.34536394 -0.07499522
v 0.07278327 0.32736111 -0.06910951
v 0.07649141 0.30016887 -0.02098079
v 0.07909107 0.30306745 -0.01968360
v 0.06418962 0.37136349 0.00550010
v 0.06919026 0.36576548 -0.00140265
v 0.05768257 0.37667030 0.01397915
v 0.05708338 0.38116869 0.00687856
v 0.06298483 0.37676623 -0.00181248
v 0.07008507 0.36916739 -0.01331678
v 0.08028533 0.33396503 -0.02479641
v 0.07838522 0.34796453 -0.02670084
v 0.07608514 0.35276547 -0.01370361
v -0.05541766 0.31337601 0.04601552
v -0.05691694 0.31387591 0.04141626
v -0.05743176 0.30446652 0.04193345
v -0.05563308 0.30576649 0.04584005
v 0.07398462 0.36386579 -0.03000224
v 0.06558927 0.37796330 -0.02041332
v 0.06909149 0.37356111 -0.03449814
v 0.05888762 0.38646406 -0.02472293
v 0.06109207 0.38406137 -0.03909850
v 0.06078788 0.38096467 -0.05509053
v 0.07018768 0.36906478 -0.04918985
v 0.06088458 0.38166648 -0.00841471
v 0.05528234 0.38546830 0.00117928
v 0.05608316 0.38796672 -0.01211522
v 0.05298074 0.38916883 -0.00362459
v 0.07439225 0.35496384 -0.00688918
v 0.06147407 0.24739128 -0.00996053
v 0.06267112 0.24732304 -0.00544109
v -0.01792673 0.37254995 0.06128829
v -0.00762593 0.37335536 0.06356914
v -0.00791818 0.38116625 0.05711066
v -0.01852516 0.38016275 0.05441833
v 0.06719410 0.25835097 0.00096253
v -0.03227106 0.26128319 -0.08885683
v -0.03365313 0.27168533 -0.09513968
v -0.01495417 0.26776311 -0.10173678
v -0.01426474 0.25836101 -0.09522266
v 0.06769159 0.28346381 0.03334367
v 0.06739123 0.29606727 0.03033352
v 0.07060031 0.28796291 0.02064811
v 0.06859240 0.27336091 0.02284262
v -0.01900293 0.39747021 0.03090733
v -0.00831290 0.39927179 0.03369785
v -0.00841216 0.40367258 0.02309892
v -0.01920209 0.40147015 0.02060818
v -0.04853159 0.28587773 0.05923368
v -0.05043500 0.27977353 0.05963841
v -0.04683629 0.27916420 0.06325489
v -0.04533217 0.28527710 0.06213617
v 0.06609311 0.30966863 0.02783198
v 0.06949220 0.30196786 0.01832025
v 0.07029098 0.31566978 0.01581942
v 0.06709015 0.32376862 0.02671674
v 0.06038366 0.33916408 -0.09030183
v 0.06298292 0.32275853 -0.08751288
v -0.06825756 0.25130016 -0.00721749
v -0.06715710 0.25210160 -0.00601787
v 0.06388741 0.31044555 -0.08441304
v 0.04938518 0.34187970 0.05677171
v -0.00851393 0.40707219 0.01069604
v -0.01941776 0.40457135 0.00859072
v 0.02257591 0.35976127 -0.11583268
v 0.04879304 0.36497363 0.04469347
v 0.05268716 0.35956249 -0.09229075
v 0.00161910 0.21156245 -0.06865829
v 0.04048465 0.36516297 -0.10029949
v 0.06878582 0.36336473 -0.06369367
v 0.06488787 0.35706082 -0.07659405
v 0.05718581 0.34996274 -0.09139460
v 0.06308457 0.29492232 -0.08071769
v 0.04817524 0.39017162 0.00786721
v 0.05679445 0.30767438 0.05203537
v 0.05599319 0.30327395 0.05143663
v 0.05690666 0.31247255 0.05331180
v 0.05419080 0.29867756 0.05294248
v 0.01688844 0.28998232 0.07623294
v 0.01648823 0.28798109 0.07833103
v 0.01608858 0.28538129 0.08033367
v 0.01959180 0.28527975 0.07604191
v 0.01899164 0.28227887 0.07793988
v 0.01288773 0.28568080 0.08573253
v 0.01338782 0.28838104 0.08323128
v 0.01548801 0.28288049 0.08243071
v 0.01498777 0.27958161 0.08443153
v 0.01288701 0.28258073 0.08812877
v 0.01889284 0.26708090 0.08094463
v 0.01979031 0.27187973 0.07904154
v 0.01749228 0.27607980 0.08114218
v 0.02249214 0.27937955 0.07634147
v 0.02139236 0.27598029 0.07784314
v 0.01829199 0.27947751 0.07973683
v 0.02359219 0.28278020 0.07444303
v 0.01578765 0.27598080 0.08683048
v 0.01678958 0.27287748 0.09003662
v 0.01338652 0.27908015 0.09142812
v 0.01178549 0.28118011 0.09472588
v 0.01108634 0.28478083 0.09142817
v 0.02029300 0.28748083 0.07424450
v 0.02479335 0.28538173 0.07294668
v 0.02459198 0.27247888 0.07694601
v 0.02878834 0.26917288 0.07633506
v 0.02669099 0.27688092 0.07524110
v 0.03068861 0.27417952 0.07473375
v 0.02799196 0.28057986 0.07364243
v 0.03218914 0.27807963 0.07303506
v 0.03248839 0.26567233 0.07573367
v 0.03568801 0.26187086 0.07473140
v 0.03858826 0.25696895 0.07322680
v 0.03848528 0.26687688 0.07302884
v 0.04189089 0.26157153 0.07123208
v 0.04058521 0.27177727 0.07112989
v 0.04458838 0.26697510 0.06922998
v -0.00930989 0.29527843 0.07603682
v -0.00983003 0.29707298 0.07324678
v -0.01331496 0.29388031 0.07179452
v -0.01290982 0.29188213 0.07402616
v -0.00522868 0.34584782 0.07662115
v -0.00622957 0.35374469 0.07392885
v -0.01522450 0.35355034 0.07227673
v -0.01352811 0.34584656 0.07540590
v 0.03498484 0.27087712 0.07412785
v 0.03668495 0.27507830 0.07213047
v 0.03349039 0.28188097 0.07133806
v 0.02929140 0.28378144 0.07214126
v 0.04219196 0.28298163 0.06754652
v 0.04178789 0.27738184 0.06933749
v 0.03778872 0.27978250 0.07033835
v 0.03849092 0.28428325 0.06874502
v 0.04649100 0.27367693 0.06734402
v 0.04639082 0.28127944 0.06584166
v 0.04579147 0.28628018 0.06434114
v 0.03278673 0.29278025 0.06823904
v 0.02809666 0.29337731 0.06895243
v 0.03628732 0.29248512 0.06713413
v 0.04209214 0.28698239 0.06624829
v 0.03889326 0.28768247 0.06754862
v 0.04979456 0.29397357 0.05845185
v 0.04759078 0.29307908 0.06053857
v 0.04228700 0.29238617 0.06454072
v 0.03948690 0.29238516 0.06603743
v 0.04508779 0.29268250 0.06273729
v 0.02369417 0.29498222 0.06894778
v 0.01919230 0.29698163 0.06904595
v 0.05386734 0.21889204 -0.02877952
v 0.01088879 0.28827795 0.08903820
v 0.01088607 0.29128274 0.08653277
v 0.01668747 0.31378049 0.07233135
v 0.01468801 0.31088090 0.07133343
v 0.00898720 0.31137779 0.07862986
v 0.02080713 0.31788218 0.07483221
v 0.01609107 0.29938138 0.06924511
v -0.01772944 0.29137170 0.07059405
v -0.01672222 0.28947005 0.07222930
v 0.01438574 0.30188400 0.06943323
v 0.01359065 0.30458018 0.06994186
v 0.01358755 0.30778238 0.07053477
v -0.00811235 0.38796750 0.05000879
v -0.01871652 0.38666660 0.04711351
v -0.01852520 0.40786853 -0.04295653
v -0.01892462 0.40827006 -0.03435773
v -0.00782869 0.41097027 -0.03486811
v -0.00893116 0.40976816 -0.04756835
v 0.03141252 0.33267689 0.07482558
v 0.02820663 0.32597947 0.07722753
v 0.05949438 0.34606731 0.04061921
v 0.06259447 0.33716768 0.03721391
v 0.05120086 0.32706991 0.06013468
v 0.05431323 0.32267785 0.05752384
v 0.05621081 0.31757712 0.05522538
v 0.06359205 0.32547012 0.03511959
v 0.06349241 0.31306741 0.03501369
v 0.06429020 0.30156544 0.03652857
v -0.06443664 0.27816546 -0.05623868
v -0.06776006 0.27805296 -0.04071575
v -0.07005616 0.28975582 -0.04333538
v -0.06771503 0.29436943 -0.06048302
v 0.05008458 0.37667269 0.02978512
v -0.02728201 0.18936972 0.02229160
v -0.02618648 0.17637032 0.01837380
v 0.00110293 0.19893461 -0.06862451
v 0.04977984 0.38187447 0.02256564
v 0.04979021 0.37087369 0.03728676
v 0.04048434 0.39456990 0.01320536
v 0.04079157 0.39087027 0.02211318
v 0.04927870 0.38637364 0.01536360
v 0.04149317 0.38626981 0.02981002
v 0.04198345 0.38097623 0.03696360
v 0.04160897 0.37517565 0.04439358
v 0.04071092 0.36877289 0.05150154
v 0.03908857 0.36057448 0.05918149
v 0.04311205 0.21950567 -0.04402563
v 0.00928875 0.27707663 0.08772937
v 0.00858897 0.27727643 0.08842990
v -0.04981208 0.33596811 0.05261587
v -0.05211201 0.34136692 0.04771313
v -0.05501347 0.33377016 0.04441734
v -0.05241217 0.32957172 0.04951604
v 0.00828882 0.27677667 0.08722977
v 0.00748919 0.27687630 0.08783045
v 0.00718948 0.27547568 0.08753033
v 0.00858853 0.26807809 0.09003750
v 0.00708866 0.26997793 0.08883720
v 0.00658958 0.27347502 0.08773035
v 0.06548676 0.25193545 -0.00083846
v -0.00373002 0.33305249 0.08050351
v -0.01104469 0.33304068 0.08000454
v -0.00914459 0.32664007 0.08080459
v -0.00303176 0.32655036 0.08130716
v -0.05531793 0.29857972 0.04672182
v -0.05762950 0.29557222 0.04391839
v -0.05652004 0.28778228 0.04882371
v -0.05391812 0.29178119 0.05052448
v -0.05093662 0.28716815 0.05624745
v -0.05323765 0.28137207 0.05614069
v -0.01681875 0.36295834 0.06803823
v -0.00712825 0.36344746 0.06990479
v -0.05621650 0.32417193 0.04201373
v -0.05421510 0.32167426 0.04721593
v -0.00670972 0.29847831 0.07873621
v -0.00733228 0.29987240 0.07514759
v -0.00491070 0.30447680 0.07763392
v -0.00152198 0.30435729 0.08360725
v -0.00150131 0.30847910 0.08223008
v -0.00452436 0.30817318 0.07844087
v -0.03122045 0.34505635 0.06794615
v -0.03321500 0.35226297 0.06431653
v -0.04080974 0.35046637 0.05881234
v -0.03881128 0.34376600 0.06271345
v -0.01890536 0.39246956 0.03960481
v -0.00821487 0.39387211 0.04239720
v -0.00201699 0.31807196 0.08112949
v -0.00621468 0.31806776 0.07952110
v -0.00521695 0.31436682 0.07862084
v -0.00191901 0.31457102 0.08102953
v -0.02142230 0.28776827 0.07133424
v -0.02241712 0.28996557 0.07022704
v -0.06050559 0.25102097 -0.00954360
v -0.06147956 0.25029045 -0.00929486
v -0.06805400 0.29675961 -0.00146060
v -0.06676067 0.28636122 0.00083871
v -0.06655326 0.29475337 0.01017619
v -0.06765193 0.30735749 0.00754312
v -0.07101680 0.31826684 0.00340790
v -0.07331338 0.32706773 -0.00278898
v -0.07311032 0.31116772 -0.00878857
v -0.07102283 0.30526793 -0.00397907
v -0.04513573 0.19627213 -0.03535325
v -0.04301095 0.20679501 -0.03792801
v -0.00162148 0.30125701 0.08631168
v -0.00162307 0.29845157 0.08882163
v -0.01650986 0.30944785 -0.12019288
v -0.01591166 0.29604346 -0.11539731
v -0.03541605 0.30055317 -0.10759522
v -0.03471379 0.31356537 -0.11068477
v -0.06174324 0.26807150 -0.05124327
v -0.06545127 0.26976857 -0.03705995
v -0.00781272 0.27187350 0.09162685
v -0.00461482 0.27647647 0.08692645
v -0.00471407 0.27287519 0.08642721
v -0.00431430 0.27567589 0.08682682
v -0.00771376 0.26887235 0.09362427
v -0.00991497 0.26827279 0.09482486
v -0.00551272 0.26907387 0.08662762
v -0.00471272 0.26927397 0.08722791
v -0.00401412 0.27317518 0.08672719
v -0.00571483 0.27677634 0.08752605
v 0.00028531 0.26517102 0.10012146
v -0.00031538 0.26677102 0.10302125
v -0.00401449 0.26806951 0.10181820
v -0.00261399 0.26656953 0.09981834
v -0.00231291 0.27577752 0.08833155
v -0.00151251 0.27357674 0.08913223
v -0.00251102 0.27157065 0.09632143
v -0.00421203 0.27517584 0.09223209
v -0.00451164 0.27717620 0.08943287
v -0.00431139 0.27217087 0.09552175
v -0.00361279 0.26617685 0.09283441
v -0.00601287 0.27227339 0.09392666
v -0.07333110 0.26347008 -0.01648925
v -0.04809388 0.21896823 0.00374930
v -0.05324501 0.23299712 -0.00333659
v -0.05285265 0.23229465 -0.00823039
v -0.04982427 0.21738431 -0.00421938
v -0.07552245 0.28956214 -0.02108647
v -0.06351626 0.33956626 0.02590318
v -0.06551364 0.35096696 0.01540700
v -0.07091152 0.33886760 0.00500472
v -0.06951299 0.32826814 0.01130484
v -0.06531088 0.35986593 0.00661103
v -0.07090886 0.34896722 -0.00328607
v -0.07460883 0.33676958 -0.01148147
v -0.07581581 0.31576842 -0.02378258
v -0.03921007 0.30137676 0.06352790
v -0.03941007 0.30117741 0.06363162
v -0.03790992 0.30087751 0.06493184
v -0.03791018 0.30107716 0.06473102
v -0.03871543 0.30147782 0.06292315
v -0.03741061 0.30097654 0.06392997
v -0.03951009 0.30187660 0.06192662
v -0.04010973 0.30167699 0.06242742
v -0.04031558 0.30147946 0.06252281
v -0.02200996 0.30208009 0.06673799
v -0.02271026 0.30247959 0.06603646
v -0.02531086 0.30157670 0.06643231
v -0.02461053 0.30157736 0.06743363
v -0.02170992 0.30178016 0.06713892
v -0.02461024 0.30117777 0.06783474
v -0.02570143 0.30407551 0.06041705
v -0.02521552 0.30427104 0.06032500
v -0.02660041 0.30368122 0.06062220
v -0.02022689 0.30397221 0.06444568
v -0.02022663 0.30507171 0.06464405
v -0.02502735 0.30507118 0.06054426
v -0.02502856 0.30447128 0.06034635
v -0.02051559 0.30357090 0.06462409
v -0.01891574 0.30327168 0.06472601
v -0.01802787 0.30357274 0.06434779
v -0.01812810 0.30497202 0.06464633
v -0.02970963 0.30017778 0.06793473
v -0.02990944 0.29927805 0.06803518
v -0.02520943 0.29967803 0.06823530
v -0.02481017 0.30057791 0.06813478
v -0.02950995 0.30067763 0.06773442
v -0.03291241 0.30077660 0.06683086
v -0.03301206 0.30017698 0.06703165
v -0.03312312 0.29938444 0.06698853
v -0.02191108 0.30057850 0.06793378
v -0.02181035 0.30147931 0.06763633
v -0.03312689 0.29868764 0.06697362
v -0.03011910 0.29858515 0.06789738
v -0.02540931 0.29887825 0.06823564
v -0.02191182 0.30007747 0.06803314
v -0.01912302 0.30127394 0.06734324
v -0.02033146 0.30157274 0.06745159
v -0.03011768 0.29768685 0.06770207
v -0.02991803 0.29668730 0.06760146
v -0.02520810 0.29698116 0.06823999
v -0.02530825 0.29798049 0.06813873
v -0.03312697 0.29778782 0.06667415
v -0.03302698 0.29688784 0.06657497
v -0.04140947 0.30147731 0.06092890
v -0.04180958 0.30187720 0.05992870
v -0.04180953 0.30137727 0.06012909
v -0.04150943 0.30087742 0.06062946
v -0.04412458 0.29847252 0.05774561
v -0.04503737 0.29976618 0.05675025
v -0.04654223 0.29896405 0.05555353
v -0.04534287 0.29766402 0.05675459
v -0.05272901 0.28887713 0.05322943
v -0.04742678 0.29477164 0.05624240
v -0.04882441 0.29617271 0.05434045
v -0.04090943 0.30127743 0.06172898
v -0.04031569 0.30097985 0.06262460
v -0.04090963 0.30167720 0.06162816
v -0.04130955 0.30187735 0.06072823
v -0.04111501 0.30058005 0.06142385
v -0.04041549 0.30028015 0.06242548
v -0.03951469 0.30078030 0.06372691
v -0.03950948 0.29987815 0.06363351
v -0.03800927 0.29957846 0.06493398
v -0.03790959 0.30047798 0.06493307
v -0.03580947 0.30027789 0.06603375
v -0.03610968 0.30087763 0.06583264
v -0.03590908 0.29947856 0.06593440
v -0.03800920 0.29897851 0.06473407
v -0.03600909 0.29877868 0.06593454
v -0.03951959 0.29918438 0.06329456
v -0.04051572 0.29968065 0.06212550
v -0.04121569 0.30008051 0.06102374
v -0.04180944 0.30047750 0.06012987
v -0.04220949 0.30107728 0.05962935
v -0.04151592 0.29948080 0.06042388
v -0.04200917 0.29867813 0.05963121
v -0.04081618 0.29818130 0.06102361
v -0.04061599 0.29908097 0.06162530
v -0.04221641 0.29998028 0.05952396
v -0.04301644 0.29928085 0.05862461
v -0.03962347 0.29868573 0.06289154
v -0.03962433 0.29788607 0.06249103
v -0.03792481 0.29748866 0.06407916
v -0.03802484 0.29828820 0.06437968
v -0.03601405 0.29797834 0.06562517
v -0.03602265 0.29708517 0.06528882
v -0.02951045 0.30077684 0.06753276
v -0.02921075 0.30087617 0.06643136
v -0.03271300 0.30067524 0.06582850
v -0.03301269 0.30087599 0.06662942
v -0.03611003 0.30097708 0.06573159
v -0.03561052 0.30067635 0.06493070
v -0.03252311 0.30058110 0.06468911
v -0.03082503 0.30278364 0.06047668
v -0.03211407 0.30277553 0.06012212
v -0.03521115 0.30057532 0.06392924
v -0.02941098 0.30097598 0.06523103
v -0.02922062 0.30288303 0.06069495
v -0.02611161 0.30177635 0.06523096
v -0.02771217 0.30327621 0.06083047
v -0.02340347 0.30258122 0.06533026
v -0.03091405 0.31287533 0.06712415
v -0.03091430 0.31307468 0.06732389
v -0.03531411 0.31247336 0.06672233
v -0.03491390 0.31217423 0.06632302
v -0.04613495 0.27543038 -0.08581074
v -0.04711600 0.29005259 -0.09288908
v -0.03512565 0.28493237 -0.10171592
v -0.03781348 0.30997464 0.06562287
v -0.03781226 0.31087506 0.06512423
v -0.04011030 0.30947548 0.06382693
v -0.04002712 0.30866823 0.06403776
v -0.03791384 0.30897418 0.06602247
v -0.03983773 0.30766454 0.06424131
v -0.03521375 0.31027415 0.06782248
v -0.03511357 0.31137437 0.06722248
v -0.03501365 0.31207448 0.06652265
v -0.03921055 0.30607659 0.05992811
v -0.03841646 0.30708227 0.06061165
v -0.03891635 0.30698273 0.06211126
v -0.04001611 0.30617940 0.06082010
v -0.03981315 0.30537492 0.05932512
v -0.04061056 0.30537671 0.05992843
v -0.03461378 0.30517450 0.05782375
v -0.03431335 0.30557472 0.05812421
v -0.03371469 0.30607790 0.05852251
v -0.03481376 0.30487457 0.05762392
v -0.03481367 0.30457476 0.05752410
v -0.03481370 0.30427483 0.05752433
v -0.03471309 0.30397689 0.05772596
v -0.05503766 0.27297330 0.05384008
v -0.05513791 0.28386447 0.05255193
v -0.05733602 0.27596542 0.04985582
v -0.04060998 0.30197668 0.06142740
v -0.04100995 0.30227658 0.06052747
v -0.04001010 0.30217645 0.06102677
v -0.04051025 0.30257607 0.06022657
v -0.04151058 0.30277613 0.05972698
v -0.04190979 0.30247679 0.05962818
v -0.03811477 0.30147681 0.06212386
v -0.03371516 0.30307689 0.05922301
v -0.03411123 0.30337572 0.05872486
v -0.03881226 0.30207655 0.06122403
v -0.03691176 0.30097562 0.06302830
v -0.03311322 0.30287623 0.05962631
v -0.03431056 0.30357504 0.05832551
v -0.03451565 0.30377659 0.05802227
v -0.03911057 0.30237538 0.06052592
v -0.03951045 0.30277562 0.05982585
v -0.04081039 0.30317602 0.05962626
v -0.04001354 0.30367535 0.05892455
v -0.04011353 0.30417541 0.05882448
v -0.04101321 0.30357608 0.05952512
v -0.04111340 0.30407572 0.05942471
v -0.03991633 0.30317643 0.05922180
v -0.04011359 0.30477521 0.05902422
v -0.04101305 0.30467558 0.05952510
v -0.04210965 0.30197710 0.05952866
v -0.04211046 0.30277684 0.05932764
v -0.04261295 0.30377662 0.05882634
v -0.04251625 0.30197936 0.05912272
v -0.04321658 0.30187950 0.05842326
v -0.04271655 0.30078009 0.05882385
v -0.04361287 0.30427647 0.05842650
v -0.04493112 0.30466738 0.05784442
v -0.04441554 0.30178067 0.05742583
v -0.04371570 0.30038106 0.05782599
v -0.04181034 0.30327648 0.05932685
v -0.04201325 0.30387604 0.05902534
v -0.04301197 0.30537602 0.05972715
v -0.04371023 0.30627587 0.05962916
v -0.04241041 0.30487716 0.05972935
v -0.04191780 0.30568019 0.06101740
v -0.04232914 0.30636823 0.06104014
v -0.04281082 0.30717587 0.06092903
v -0.04143265 0.30736631 0.06254028
v -0.04171063 0.30827510 0.06242735
v -0.04113233 0.30657274 0.06252696
v -0.04181047 0.30467707 0.05962920
v -0.04131025 0.30537698 0.06062862
v -0.04061756 0.30618024 0.06191639
v -0.03952924 0.30687413 0.06372435
v -0.03773635 0.30806535 0.06574037
v -0.03702836 0.30797103 0.06373272
v -0.03503636 0.30946541 0.06743992
v -0.03423687 0.30896538 0.06534041
v -0.03163320 0.31366619 0.06843549
v -0.03633117 0.31326565 0.06773317
v -0.03392195 0.30887479 0.06342664
v -0.03141494 0.30688027 0.05981476
v -0.02981325 0.30697632 0.06032398
v -0.03061338 0.30897555 0.06442098
v -0.02082651 0.30577120 0.06504291
v -0.02162737 0.30667058 0.06544243
v -0.02552770 0.30577049 0.06084308
v -0.02522742 0.30537078 0.06064353
v -0.01942772 0.30577129 0.06574459
v -0.02072796 0.30667061 0.06634323
v -0.02491383 0.30847535 0.06552552
v -0.02701421 0.30667496 0.06092623
v -0.02612776 0.30627030 0.06094275
v -0.02322849 0.30757007 0.06544262
v -0.02431375 0.30887571 0.06742547
v -0.02213410 0.30756858 0.06684250
v -0.03083252 0.30946684 0.06643507
v -0.01872150 0.34606147 -0.12292060
v -0.01811380 0.32934922 -0.12430643
v -0.03401276 0.33176664 -0.11188540
v -0.03401446 0.34506804 -0.11028492
v -0.03631634 0.30808237 0.06211095
v -0.03271568 0.30648160 0.05921170
v -0.04361456 0.34636882 -0.10128389
v -0.04301469 0.35506958 -0.09908216
v -0.03481477 0.35667011 -0.10568137
v -0.03094412 0.21989338 -0.05503453
v -0.02269953 0.20835933 -0.06238808
v -0.01732688 0.30557230 0.06684522
v -0.01902724 0.30697161 0.06714465
v -0.01622667 0.30427310 0.06654648
v -0.01562624 0.30407369 0.06674712
v -0.01662678 0.30557325 0.06684656
v -0.01812750 0.30707243 0.06724609
v -0.02112757 0.30827075 0.06763759
v -0.02042728 0.30847171 0.06803841
v -0.02371314 0.31007627 0.06902721
v -0.02391335 0.30937606 0.06872627
v -0.03113285 0.31016687 0.06843583
v -0.03111401 0.31107512 0.06882344
v -0.02331312 0.31077677 0.06842814
v -0.01992639 0.30877250 0.06743798
v -0.02291341 0.31137663 0.06762879
v -0.01982611 0.30967212 0.06713864
v -0.03081370 0.31267536 0.06742342
v -0.03101394 0.31197497 0.06822321
v -0.01903440 0.30217156 0.06685129
v -0.01681461 0.30237293 0.06672784
v -0.01953459 0.30257106 0.06664962
v -0.01711621 0.30277231 0.06642798
v -0.02062265 0.30297178 0.06563547
v -0.01632686 0.30317357 0.06624830
v -0.01561514 0.30287367 0.06663019
v -0.02140349 0.30317438 0.06511697
v -0.01602667 0.30547372 0.06664709
v -0.01472597 0.30377406 0.06674737
v -0.01482666 0.30587408 0.06594707
v -0.01402565 0.30387440 0.06644765
v -0.01712648 0.30817327 0.06624538
v -0.01752760 0.30717304 0.06654631
v -0.01471386 0.30257362 0.06662775
v -0.01519974 0.30207759 0.06662033
v -0.01411567 0.30247411 0.06663137
v -0.01460051 0.30177757 0.06672076
v -0.02161168 0.29927775 0.06813411
v -0.02139897 0.29848301 0.06813212
v -0.01829937 0.30057800 0.06752074
v -0.01779907 0.29997882 0.06742188
v -0.02970847 0.29558060 0.06754009
v -0.03272730 0.29578787 0.06637526
v -0.02923402 0.29437110 0.06755999
v -0.03251897 0.29438648 0.06639966
v -0.02442167 0.29486981 0.06833976
v -0.02492928 0.29587334 0.06825580
v -0.02679102 0.16752072 0.01661310
v -0.04280858 0.29768026 0.05903557
v -0.04384036 0.29646561 0.05845438
v -0.04210864 0.29568070 0.06013739
v -0.04141632 0.29708353 0.06042662
v -0.03982643 0.29668906 0.06198746
v -0.04011156 0.29517961 0.06193543
v -0.03781133 0.29477981 0.06363580
v -0.03782476 0.29628852 0.06378009
v -0.03582301 0.29598540 0.06498858
v -0.03560881 0.29438084 0.06503873
v -0.04593461 0.30126718 0.05614765
v -0.04723126 0.30446735 0.05594764
v -0.04772827 0.30066985 0.05484243
v -0.04942938 0.30416802 0.05394778
v -0.01332834 0.30667379 0.06624809
v -0.01292083 0.30417609 0.06634539
v -0.01172871 0.30737349 0.06764743
v -0.01151288 0.30447331 0.06732577
v -0.01312980 0.31037176 0.06864481
v -0.01482857 0.30947301 0.06694651
v -0.01321316 0.30227378 0.06672704
v -0.01390113 0.30147746 0.06672116
v -0.01201286 0.30227357 0.06702647
v -0.01290188 0.30077705 0.06712104
v -0.02091764 0.29747596 0.06824405
v -0.02031898 0.29657191 0.06824006
v -0.01720032 0.29927886 0.06752427
v -0.01631493 0.29838693 0.06770308
v -0.04485641 0.26480424 -0.07938192
v -0.04771322 0.30535325 -0.09769385
v -0.04370737 0.31747353 0.06551953
v -0.04152974 0.31456500 0.06623285
v -0.03802987 0.31576490 0.06833328
v -0.03991269 0.31937078 0.06852026
v -0.04621251 0.32137057 0.06341825
v -0.04850641 0.31767246 0.06091773
v -0.04620067 0.31497586 0.06282154
v -0.04389852 0.31287724 0.06392243
v -0.04782809 0.30726784 0.05684279
v -0.04600946 0.30727601 0.05842924
v -0.04600111 0.30917871 0.05982707
v -0.04780858 0.30967653 0.05842281
v -0.05012839 0.30726790 0.05484471
v -0.05031071 0.31047612 0.05652149
v -0.04719830 0.31207761 0.06062425
v -0.04519780 0.31087762 0.06172347
v -0.04980212 0.31367552 0.05882021
v -0.02103405 0.31506863 0.07044131
v -0.02173342 0.31336945 0.06894147
v -0.01852872 0.31147209 0.06774054
v -0.01712837 0.31227195 0.06844397
v -0.01982817 0.31667018 0.07203817
v -0.01513132 0.31337073 0.06994496
v -0.03362870 0.31986535 0.07143223
v -0.03263419 0.31656447 0.07003800
v -0.02261363 0.31177646 0.06732866
v -0.02051406 0.31067604 0.06712921
v -0.02251415 0.31197622 0.06732921
v -0.01992763 0.31047192 0.06693815
v -0.05231179 0.36757171 -0.08197747
v -0.05511400 0.37466824 -0.06988513
v -0.04001762 0.38636792 -0.07789855
v -0.03841730 0.37727010 -0.08970219
v -0.03781314 0.31117418 0.06502349
v -0.03841387 0.31147352 0.06532175
v -0.04081046 0.31027475 0.06402583
v -0.04031043 0.30987510 0.06382639
v -0.04201069 0.30877498 0.06242687
v -0.04261051 0.30917484 0.06252645
v -0.04381038 0.30807513 0.06082754
v -0.04321086 0.30777541 0.06102826
v -0.04391049 0.30697551 0.05992843
v -0.04440992 0.30697584 0.05952878
v -0.02021453 0.31137574 0.06742957
v -0.02241446 0.31227565 0.06782863
v -0.04531350 0.33476815 -0.10208427
v -0.04281813 0.35766995 0.05288707
v -0.04941702 0.35367051 0.04618837
v -0.04730847 0.34746718 0.05251419
v -0.03951382 0.31237319 0.06612083
v -0.04201095 0.31117454 0.06432530
v -0.04361032 0.30987468 0.06232633
v -0.04460987 0.30867490 0.06062755
v -0.04500993 0.30767521 0.05942832
v -0.06592999 0.26837808 -0.00319290
v -0.06672998 0.26827836 -0.00489087
v -0.07495785 0.27664575 -0.02978072
v -0.07305320 0.28346112 -0.02905102
v -0.07185039 0.28695855 -0.02803082
v -0.07370879 0.29627281 -0.01608278
v -0.07715956 0.29925016 -0.01910195
v -0.07823473 0.25906163 -0.02248946
v -0.07492997 0.25756776 -0.01879147
v -0.07833321 0.25986215 -0.02308947
v -0.08421990 0.29486287 -0.02938577
v -0.08463681 0.29315668 -0.03069238
v -0.08553579 0.29285687 -0.03029504
v -0.03784868 0.24527580 -0.06523846
v -0.04267405 0.25640979 -0.07357466
v -0.08503675 0.29105639 -0.03189133
v -0.06905772 0.27275985 -0.00747250
v -0.07625911 0.27604344 -0.03007908
v -0.07805534 0.27524501 -0.03188177
v -0.07885165 0.27004677 -0.03178431
v -0.07815338 0.27074605 -0.03088311
v -0.07784873 0.26555067 -0.02938305
v -0.07735324 0.26644829 -0.02888035
v -0.08004614 0.26235193 -0.02567996
v -0.08144815 0.26585045 -0.02817977
v -0.07845987 0.29964939 -0.02040184
v -0.07785966 0.29874948 -0.01900064
v -0.07915794 0.29934967 -0.02060031
v -0.06975447 0.27146161 -0.00877528
v -0.07180881 0.29447332 -0.01588126
v -0.07125099 0.29224992 -0.01448307
v -0.07095228 0.29264948 -0.01488299
v -0.06635895 0.27636009 -0.01257272
v -0.06635910 0.27726001 -0.01277263
v -0.06755739 0.27476063 -0.01237418
v -0.06995562 0.27336183 -0.01097532
v -0.06344610 0.26596212 -0.01059295
v -0.06294457 0.26476216 -0.01249318
v -0.06324324 0.26376289 -0.01189320
v -0.08112144 0.30536383 -0.02457858
v -0.07145061 0.29134998 -0.01418290
v -0.07284965 0.29235020 -0.01428335
v -0.07330988 0.29357260 -0.01468299
v -0.07995389 0.29885069 -0.02079872
v -0.07360956 0.29447225 -0.01488379
v -0.07280935 0.29447287 -0.01498261
v -0.07440900 0.29607242 -0.01588362
v -0.07220903 0.29447311 -0.01528198
v -0.07044579 0.26925918 -0.02439309
v -0.06874460 0.26915732 -0.02229623
v -0.06815512 0.28896087 -0.00506412
v -0.06896604 0.28675306 -0.00696167
v -0.07373048 0.25716820 -0.01669201
v -0.07136042 0.29355115 -0.02470989
v -0.07156403 0.29634872 -0.02640452
v -0.08305233 0.27024582 -0.03018238
v -0.07623555 0.26546004 -0.01999940
v -0.07383509 0.26486036 -0.01830000
v -0.07832941 0.26646623 -0.02180107
v -0.08004139 0.26885852 -0.02349320
v -0.06776021 0.28495646 -0.01876761
v -0.07896450 0.28894755 -0.02360509
v -0.07954895 0.28665248 -0.02470148
v -0.07726450 0.28914809 -0.02220523
v -0.07251111 0.29986787 -0.02498327
v -0.07241526 0.30006588 -0.02259064
v -0.07225240 0.29495209 -0.02300006
v -0.07201631 0.29826570 -0.02189200
v -0.06544778 0.26936188 -0.01109510
v -0.06482231 0.26338866 -0.01407207
v -0.06474903 0.26526263 -0.01497596
v -0.06593068 0.26327747 -0.01498569
v -0.06604356 0.26416501 -0.01637834
v -0.06664294 0.26555786 -0.01799828
v -0.06724481 0.26735657 -0.01929905
v -0.06765234 0.26985994 -0.01979256
v -0.06505737 0.27336070 -0.01197260
v -0.07281027 0.30037063 -0.01278186
v -0.06455655 0.27156100 -0.01167168
v -0.06655786 0.27496043 -0.01227327
v -0.06665667 0.27316096 -0.01177356
v -0.06625555 0.27126130 -0.01127278
v -0.07032946 0.26257622 -0.01228959
v -0.07122904 0.26397619 -0.01448816
v -0.06893825 0.26326662 -0.01159301
v -0.07233609 0.26436049 -0.01649973
v -0.06783913 0.26336545 -0.01119632
v -0.07184974 0.29475254 -0.02369767
v -0.07191553 0.29806569 -0.02389119
v -0.06593120 0.27187851 -0.00159556
v -0.05932081 0.28107855 0.04501564
v -0.06071852 0.29027757 0.03941076
v -0.02251436 0.23146535 0.06470759
v -0.02171425 0.22846800 0.06510894
v -0.05193787 0.27017269 0.05813685
v -0.04743186 0.26777050 0.06323633
v -0.02151957 0.23737809 0.07652476
v -0.02081972 0.23657857 0.07662542
v -0.02001953 0.23707810 0.07682502
v -0.02072006 0.23737851 0.07652418
v -0.01871946 0.23747970 0.07502756
v -0.01941918 0.23747884 0.07442681
v -0.01961957 0.23747869 0.07532597
v -0.01901941 0.23747888 0.07592655
v -0.02451958 0.25316450 0.07805454
v -0.02781761 0.25716633 0.07614547
v -0.03052183 0.25286344 0.07492869
v -0.02732293 0.24936368 0.07694637
v -0.02111610 0.23607472 0.06712399
v -0.02081689 0.23766772 0.06750605
v -0.01981585 0.23766817 0.07140672
v -0.02010976 0.23697142 0.07101426
v -0.02091661 0.23347688 0.06723239
v -0.02001415 0.23567712 0.07062689
v -0.02261473 0.23536515 0.06460717
v -0.02201621 0.23786579 0.06490698
v -0.02971827 0.23157123 0.07240579
v -0.02651735 0.23357131 0.07430714
v -0.02751716 0.23657118 0.07480808
v -0.03071121 0.23607266 0.07291463
v -0.02131026 0.26427385 0.07712628
v -0.02481309 0.26076815 0.07674392
v -0.02181346 0.25676829 0.07835037
v -0.01830932 0.26077759 0.07853337
v -0.01480922 0.26538083 0.07953988
v -0.01751010 0.26807898 0.07773594
v -0.01341109 0.27297729 0.08313403
v -0.01391199 0.26937619 0.08453231
v -0.01351322 0.26857477 0.08792908
v -0.01371218 0.27057588 0.08663125
v -0.01191262 0.26467484 0.08642950
v -0.01391164 0.26717657 0.08303329
v -0.00821060 0.26357487 0.08683014
v -0.00811272 0.26427490 0.08792971
v -0.01191130 0.26407599 0.08483225
v -0.01201016 0.26327845 0.08293740
v -0.00840940 0.26287612 0.08553293
v -0.00761384 0.26517430 0.08902824
v -0.01021409 0.26507396 0.08902749
v -0.01171459 0.26697370 0.09042678
v -0.00201330 0.26576969 0.09761886
v -0.00311390 0.26716924 0.09961776
v -0.00670975 0.29657784 0.08183558
v -0.00930924 0.29297805 0.07863609
v -0.00670884 0.29397810 0.08403567
v -0.00930930 0.29077759 0.08093495
v -0.01091505 0.26907295 0.09422514
v -0.01201325 0.27097458 0.09232888
v -0.00871531 0.27037263 0.09802421
v -0.00951186 0.27297175 0.09732340
v -0.00162009 0.31157100 0.08143058
v 0.00018737 0.26237589 0.09333189
v -0.00001194 0.26167682 0.09273285
v 0.00038640 0.26337552 0.09523018
v -0.01832185 0.36876741 -0.10911151
v -0.01931450 0.38246983 -0.09818176
v -0.01952208 0.39956674 -0.07571893
v -0.01753405 0.40466663 -0.06335933
v -0.00322499 0.24576953 0.09194840
v -0.00283144 0.24826623 0.09194419
v -0.00990515 0.24127063 0.07521881
v -0.00461206 0.24167690 0.07654571
v -0.00430885 0.23997346 0.08123662
v -0.00930103 0.23977172 0.08002353
v -0.01320566 0.23947199 0.07801875
v -0.01401437 0.24097648 0.07324767
v -0.01011586 0.24247600 0.07274961
v -0.00471284 0.24297744 0.07394768
v -0.00890441 0.23887597 0.08433332
v -0.00402216 0.23917228 0.08644116
v -0.00391986 0.24087320 0.08914786
v -0.00900433 0.24037628 0.08653343
v -0.01450926 0.25877821 0.08133707
v -0.01071006 0.25947854 0.08383800
v -0.00690907 0.25967836 0.08733822
v -0.00390945 0.25947797 0.09003741
v -0.00341035 0.26157758 0.09063636
v -0.00570968 0.26217678 0.08833470
v -0.00321111 0.26237750 0.09113616
v -0.00551074 0.26297688 0.08913478
v -0.00551177 0.26377687 0.08983457
v -0.00601230 0.26517546 0.09023143
v -0.00431248 0.26497719 0.09153517
v -0.00471276 0.26617649 0.09113361
v -0.00331201 0.26327702 0.09163496
v -0.00171438 0.28838015 0.09662697
v -0.00151134 0.29207647 0.09383438
v -0.00712357 0.24987060 0.08994196
v -0.00252177 0.25036782 0.09135830
v -0.00181126 0.25416967 0.09095584
v -0.00581166 0.25417084 0.08945666
v -0.01010839 0.25337705 0.08703420
v -0.01182254 0.24807222 0.08745241
v -0.00031132 0.26087728 0.09213343
v -0.00752972 0.24766748 0.09014597
v -0.00792503 0.24516998 0.08995067
v -0.01241639 0.24577047 0.08754362
v -0.01270033 0.24357243 0.08702420
v -0.01642654 0.24557178 0.08435815
v -0.01521702 0.25147370 0.08424234
v -0.02062352 0.24947175 0.08095196
v -0.02001897 0.24287413 0.08101460
v -0.02741785 0.23977010 0.07571076
v -0.02282003 0.23717584 0.07641775
v -0.02301835 0.23847546 0.07691886
v -0.02271850 0.23967539 0.07781788
v -0.02651447 0.24287157 0.07701540
v -0.03061893 0.24056423 0.07413099
v -0.02941985 0.24516414 0.07553154
v -0.02452004 0.24606375 0.07863300
v -0.02191775 0.24107008 0.07900514
v -0.02171943 0.23807760 0.07712411
v -0.02081975 0.23777805 0.07682408
v -0.02151959 0.23887761 0.07792366
v -0.02051967 0.23817773 0.07762368
v -0.02091959 0.23957722 0.07902279
v -0.02011954 0.23857719 0.07852294
v -0.01921959 0.23927686 0.07992221
v -0.01971991 0.24077705 0.08062130
v -0.01871891 0.23767667 0.07542408
v -0.01781868 0.23777583 0.07652297
v -0.01791910 0.23787631 0.07782257
v -0.01881924 0.23767687 0.07662342
v -0.01931897 0.23757753 0.07472581
v -0.01931944 0.23757757 0.07592425
v -0.01931569 0.23826732 0.07230657
v -0.01831665 0.23857205 0.07311951
v -0.01991843 0.23747712 0.07392436
v -0.01991929 0.23747802 0.07492577
v -0.01991990 0.23757823 0.07632408
v -0.01981955 0.23777761 0.07682389
v -0.01931944 0.23797709 0.07772318
v -0.01851934 0.23827657 0.07882234
v -0.01270027 0.24157181 0.08582422
v -0.01610871 0.24147621 0.08371674
v -0.01590789 0.23977526 0.08231740
v -0.01260575 0.23947400 0.08381926
v -0.01550711 0.23857443 0.08081803
v -0.01451507 0.24207778 0.07085314
v -0.01230511 0.23847197 0.08201933
v -0.01751530 0.23996589 0.07070652
v -0.01831488 0.24106531 0.06820675
v -0.01651752 0.23897387 0.07502173
v -0.02031634 0.23876706 0.06850603
v -0.01931469 0.23906526 0.06910694
v -0.02111618 0.23966660 0.06600593
v -0.01991334 0.24026620 0.06702127
v -0.01541316 0.23797600 0.07902402
v -0.01640922 0.24337615 0.08421609
v -0.00830047 0.24277210 0.08862400
v -0.00352476 0.24337073 0.09085073
v -0.00241274 0.28087151 0.10302299
v -0.00201618 0.28488109 0.09962592
v -0.01941966 0.23737885 0.07672537
v -0.00834240 0.15960410 0.02818978
v -0.02211276 0.23597825 0.07642651
v -0.02041821 0.23117803 0.06733346
v -0.01931870 0.23467851 0.07092362
v -0.02702045 0.22717395 0.07300504
v -0.02291986 0.22287558 0.07530678
v -0.02101957 0.22687325 0.07720545
v -0.02441960 0.23027384 0.07500546
v -0.01850398 0.23267306 0.07952087
v -0.02081505 0.23447840 0.07752649
v -0.01971813 0.23577954 0.07802720
v -0.01751131 0.23468049 0.08012918
v -0.01670969 0.23618083 0.08033123
v -0.01881980 0.23667894 0.07802552
v -0.01490440 0.23777795 0.07882190
v -0.01080217 0.23828278 0.08154286
v -0.01010919 0.23438634 0.07694555
v -0.01460764 0.23407440 0.07461772
v -0.01831947 0.23427984 0.07212191
v -0.01791968 0.23748007 0.07592747
v -0.01550427 0.23777764 0.07962195
v -0.01811977 0.23747943 0.07682648
v -0.01120363 0.23828191 0.08264025
v -0.01722456 0.16279083 0.02360324
v -0.01841963 0.23737903 0.07762572
v -0.01590352 0.23747756 0.08002277
v -0.01190406 0.23748118 0.08333860
v -0.01280384 0.23568062 0.08393758
v -0.01370851 0.23347698 0.08401757
v -0.01440943 0.23077628 0.08321661
v -0.01601557 0.22377826 0.08031187
v -0.01702014 0.21888271 0.07871070
v -0.01041083 0.22197905 0.08281715
v -0.01099795 0.21698698 0.08203541
v -0.00960997 0.22938617 0.08663476
v -0.00920821 0.23288395 0.08794586
v -0.00850587 0.23548225 0.08744017
v -0.00790540 0.23758303 0.08634177
v -0.00081076 0.25917757 0.09153350
v -0.00321274 0.26487693 0.09283456
v -0.00211313 0.26507643 0.09513350
v -0.00511409 0.26856932 0.10041789
v 0.00048591 0.26417181 0.09752315
v -0.00741456 0.27016982 0.09981885
v -0.00591462 0.26966944 0.10121801
v -0.00641453 0.27136970 0.10201858
v -0.00751311 0.27197093 0.10072147
v -0.00451487 0.26906949 0.10251809
v -0.00571492 0.27116933 0.10301776
v -0.00061550 0.26807082 0.10422081
v -0.00141536 0.27167043 0.10602003
v -0.00231400 0.27727136 0.10532244
v -0.00181580 0.27387309 0.10632575
v -0.00681340 0.27307054 0.10242058
v -0.00801237 0.27487099 0.10052172
v -0.00811111 0.27787125 0.09812255
v -0.00991138 0.27557248 0.09452502
v -0.00842429 0.41087136 -0.01855365
v -0.00720539 0.23858410 0.08534364
v -0.00630548 0.23858480 0.08354517
v -0.00980959 0.22447252 0.07031596
v -0.00990965 0.22858001 0.07283430
v -0.00540686 0.22838615 0.07414787
v -0.00530381 0.22448577 0.07183786
v -0.00260676 0.23868151 0.08434499
v -0.00231208 0.23467556 0.07923099
v -0.00581876 0.23467858 0.07853580
v -0.00280761 0.23878086 0.08654437
v -0.00330887 0.23757949 0.08784264
v -0.00381272 0.23537998 0.08933787
v -0.00201893 0.22828084 0.07483932
v -0.00200937 0.22418545 0.07243977
v -0.01891804 0.22967774 0.06842971
v -0.01931444 0.22617126 0.06631055
v -0.01461282 0.22857240 0.07091208
v -0.01481451 0.22497199 0.06871095
v -0.00520308 0.21648897 0.08464365
v -0.00461105 0.22128665 0.08484562
v -0.00411231 0.23218544 0.08983770
v -0.00431407 0.22827972 0.08832366
v -0.01971241 0.39207074 -0.08737962
v -0.06021716 0.35846972 0.02219203
v -0.05851657 0.35196909 0.03079169
v -0.05201930 0.35997108 0.03728535
v -0.05380442 0.36527520 0.02959926
v -0.06041069 0.36556616 0.01361161
v -0.05430163 0.37137359 0.02140501
v -0.03693380 0.40086880 -0.03784942
v -0.03753549 0.40067062 -0.02355662
v -0.01942255 0.40827078 -0.01984667
v -0.03223436 0.40146762 -0.05225037
v -0.04372334 0.39206737 -0.06090596
v -0.04573778 0.39466909 -0.04125569
v -0.04573695 0.39497045 -0.02595299
v -0.02298727 0.19395077 -0.06321660
v -0.04701449 0.31776887 -0.10048330
v -0.04462700 0.39466438 -0.01211357
v -0.03702485 0.39966658 -0.00951685
v -0.03682903 0.39756665 0.00328256
v -0.04362906 0.39326599 -0.00021653
v -0.01952296 0.40686995 -0.00491216
v -0.00852190 0.40937051 -0.00301040
v -0.01562330 0.28031063 -0.10919981
v -0.00152120 0.29555410 0.09120885
v -0.04103819 0.23294076 -0.04728568
v -0.05159415 0.23216258 -0.03150700
v -0.05137039 0.18050234 -0.01235300
v -0.06457268 0.25475910 -0.01645213
v -0.06437448 0.25535792 -0.01725131
v -0.05303904 0.21803454 -0.01484880
v -0.05455318 0.23158263 -0.01615608
v -0.03255472 0.23284793 -0.05831137
v -0.07426320 0.26504377 -0.02767458
v -0.07495124 0.26854900 -0.02908994
v -0.07555757 0.26414633 -0.02727700
v -0.07644954 0.26784936 -0.02898937
v -0.07655649 0.27184477 -0.02978118
v -0.07605148 0.26254964 -0.02637957
v -0.07271630 0.30016616 -0.02019131
v -0.07411002 0.30186874 -0.01948480
v -0.06376282 0.25348535 -0.01251730
v -0.06366505 0.25406626 -0.01405535
v -0.06306722 0.25378379 -0.01321265
v -0.06276728 0.25338444 -0.01201218
v -0.06327506 0.25269079 -0.01100137
v -0.06257958 0.25288990 -0.01089631
v -0.07501133 0.31596658 -0.01488892
v -0.06150191 0.25306633 -0.01410098
v -0.06358031 0.25495625 -0.01664795
v -0.06347875 0.25435758 -0.01524914
v -0.06246277 0.25368559 -0.01401581
v -0.06188362 0.25292385 -0.01206803
v -0.06168389 0.25212559 -0.01046674
v -0.06246882 0.25159428 -0.01010519
v -0.07623897 0.26145676 -0.02688726
v -0.06825083 0.25196978 -0.01536731
v -0.07314777 0.29245499 -0.02550804
v -0.07335278 0.29075390 -0.02671282
v -0.07573855 0.29225588 -0.02838442
v -0.07554493 0.29445386 -0.02719947
v -0.05463833 0.26714599 -0.06685094
v -0.05592180 0.27755153 -0.07337888
v -0.01093914 0.19711439 -0.06702554
v -0.01029654 0.21060982 -0.06748486
v -0.07001386 0.31056929 -0.06158487
v -0.07304467 0.29405564 -0.02410478
v -0.07544269 0.29625487 -0.02589941
v -0.07524514 0.27255213 -0.02978953
v -0.07214627 0.29345551 -0.02410664
v -0.07234806 0.29185528 -0.02540951
v -0.07664397 0.29785430 -0.02770051
v -0.07684497 0.29565355 -0.02909974
v -0.07694337 0.29325297 -0.03039506
v -0.07235405 0.28995425 -0.02651607
v -0.07240959 0.29836759 -0.02668480
v -0.07491016 0.34136954 -0.04028236
v -0.07311057 0.33467200 -0.05377762
v -0.07101746 0.35776827 -0.04499714
v -0.06921630 0.35176873 -0.05959102
v -0.06431177 0.34497157 -0.07507858
v -0.06821397 0.32676879 -0.06918488
v -0.07241549 0.29996583 -0.02129273
v -0.07510708 0.30286938 -0.02008531
v -0.06033188 0.37117225 0.00526158
v -0.06511410 0.36556685 -0.00159706
v -0.05409899 0.37657440 0.01390543
v -0.05343099 0.38107669 0.00674915
v -0.05913368 0.37657535 -0.00213190
v -0.06591240 0.36886916 -0.01359416
v -0.07600886 0.33357009 -0.02488109
v -0.07431105 0.34767053 -0.02689018
v -0.07200932 0.35247040 -0.01397966
v -0.06971912 0.36346874 -0.03020910
v -0.06142610 0.37757090 -0.02063312
v -0.06482199 0.37317085 -0.03471907
v -0.05483629 0.38617262 -0.02494815
v -0.05683247 0.38387117 -0.03933435
v -0.05652682 0.38076833 -0.05522253
v -0.06591824 0.36876962 -0.04940039
v -0.05683497 0.38137341 -0.00864361
v -0.05153535 0.38527569 0.00095170
v -0.05203500 0.38777423 -0.01244659
v -0.04913649 0.38897491 -0.00385460
v -0.07021136 0.35466573 -0.00728964
v -0.05682857 0.24741256 -0.00992075
v -0.05800953 0.24711736 -0.00543808
v -0.06275958 0.25807375 0.00087194
v -0.06333540 0.28336856 0.03331177
v -0.06313556 0.29576489 0.03022513
v -0.06612681 0.28767529 0.02041768
v -0.06393546 0.27317449 0.02262691
v -0.06194641 0.30926391 0.02761571
v -0.06524888 0.30165038 0.01828258
v -0.06673036 0.31546879 0.01549510
v -0.06312340 0.32346657 0.02649934
v -0.05571385 0.33876929 -0.09028251
v -0.05821396 0.32226896 -0.08748227
v -0.05891327 0.31006587 -0.08438464
v -0.04550820 0.34156743 0.05701478
v -0.01822075 0.35955924 -0.11602591
v -0.04491873 0.36486831 0.04459342
v -0.04821224 0.35917637 -0.09216797
v -0.03612164 0.36497089 -0.10030442
v -0.06441601 0.36297077 -0.06369382
v -0.06061069 0.35677588 -0.07656941
v -0.05251355 0.34957388 -0.09127373
v -0.05781451 0.29456133 -0.08038451
v -0.04453343 0.39007324 0.00774789
v -0.05252958 0.30726632 0.05193283
v -0.05173327 0.30276513 0.05133603
v -0.05270264 0.31197524 0.05311988
v -0.04992115 0.29827240 0.05293541
v -0.01260954 0.28977668 0.07613227
v -0.01220987 0.28777617 0.07823152
v -0.01181485 0.28527802 0.08022622
v -0.01520952 0.28507686 0.07593264
v -0.01461021 0.28207660 0.07783143
v -0.00871662 0.28557953 0.08572224
v -0.00911843 0.28827971 0.08321840
v -0.01131920 0.28277740 0.08242064
v -0.01081854 0.27947822 0.08442146
v -0.00861305 0.28247821 0.08812774
v -0.01441084 0.26697734 0.08083253
v -0.01531073 0.27167749 0.07893226
v -0.01321092 0.27597672 0.08113126
v -0.01812219 0.27917141 0.07633729
v -0.01702445 0.27577120 0.07784048
v -0.01401124 0.27937666 0.07963052
v -0.01932190 0.28257120 0.07433787
v -0.01141515 0.27587759 0.08682466
v -0.01241238 0.27277333 0.08982601
v -0.00911354 0.27897722 0.09132756
v -0.00751149 0.28107482 0.09462999
v -0.00691090 0.28477558 0.09133121
v -0.01590926 0.28727761 0.07413443
v -0.02051595 0.28517407 0.07283708
v -0.02022578 0.27226919 0.07694048
v -0.02441091 0.26897162 0.07632081
v -0.02242434 0.27666947 0.07523844
v -0.02632443 0.27396590 0.07473931
v -0.02362307 0.28036973 0.07363670
v -0.02782364 0.27776667 0.07293788
v -0.02821307 0.26546809 0.07573286
v -0.03142088 0.26156268 0.07474416
v -0.03433047 0.25676116 0.07313491
v -0.03423203 0.26655337 0.07305712
v -0.03762646 0.26126331 0.07124288
v -0.03633218 0.27155292 0.07116129
v -0.04032884 0.26666144 0.06924914
v -0.03063246 0.27055389 0.07415162
v -0.03243228 0.27485400 0.07215235
v -0.02922459 0.28166917 0.07133621
v -0.02502476 0.28356987 0.07203692
v -0.03792096 0.28267264 0.06744038
v -0.03753039 0.27716318 0.06935056
v -0.03342535 0.27946728 0.07034184
v -0.03421548 0.28407493 0.06863634
v -0.04222936 0.27336547 0.06734437
v -0.04223456 0.28096372 0.06584863
v -0.04153103 0.28597552 0.06433294
v -0.02852878 0.29247114 0.06815330
v -0.02371692 0.29306582 0.06892727
v -0.03190854 0.29217893 0.06703556
v -0.03780890 0.28667870 0.06613339
v -0.03450873 0.28747877 0.06743458
v -0.04553789 0.29356676 0.05824477
v -0.04331356 0.29278213 0.06042776
v -0.03790840 0.29207978 0.06443585
v -0.03520858 0.29207960 0.06583599
v -0.04081465 0.29238048 0.06262837
v -0.01932941 0.29477367 0.06888916
v -0.01481615 0.29668376 0.06890437
v -0.04996206 0.21907869 -0.02839934
v -0.00671238 0.28817904 0.08902313
v -0.00671325 0.29118061 0.08641669
v -0.01242795 0.31367087 0.07224076
v -0.01042968 0.31067085 0.07114199
v -0.00461835 0.31136799 0.07862289
v -0.01652065 0.31766880 0.07482767
v -0.01170391 0.29917470 0.06911833
v -0.01002963 0.30167225 0.06924402
v -0.00922388 0.30437306 0.06983739
v -0.00922842 0.30757123 0.07034167
v -0.02733410 0.33234829 0.07487752
v -0.02411615 0.32576671 0.07732117
v -0.05551584 0.34576789 0.04029571
v -0.05871662 0.33676898 0.03709263
v -0.04701196 0.32666889 0.05991371
v -0.04990922 0.32227126 0.05731552
v -0.05190939 0.31717166 0.05501765
v -0.05951893 0.32507133 0.03490720
v -0.05931560 0.31267840 0.03480846
v -0.06022830 0.30096477 0.03633412
v -0.04650244 0.37667200 0.02980945
v -0.04630239 0.38187161 0.02270884
v -0.04611797 0.37087283 0.03728504
v -0.03692776 0.39456975 0.01317706
v -0.03730834 0.39086956 0.02221897
v -0.04562728 0.38627726 0.01534322
v -0.03800822 0.38626713 0.02991411
v -0.03832702 0.38087332 0.03696789
v -0.03781960 0.37507105 0.04438547
v -0.03681568 0.36856762 0.05159653
v -0.03521357 0.36036485 0.05930683
v -0.03952286 0.21985227 -0.04380954
v -0.00501358 0.27707472 0.08782637
v -0.00431265 0.27717489 0.08852854
v -0.00391362 0.27667472 0.08732651
v -0.00321281 0.27677500 0.08792850
v -0.00291414 0.27547446 0.08772515
v -0.00431293 0.26807314 0.09022608
v -0.00281273 0.26997277 0.08892548
v -0.00231395 0.27337384 0.08792517
v -0.06107394 0.25170046 -0.00089912
v -0.05035615 0.18380889 -0.02487843
v -0.04644976 0.18707433 -0.03524163
v 0.05175608 0.18261401 -0.02576447
v 0.04814481 0.18575674 -0.03627789
v 0.01882970 0.15460858 0.02090082
v 0.02874919 0.15845217 0.01508924
v 0.03015799 0.14925972 0.01342114
v 0.01954428 0.14559776 0.01832991
v 0.05327380 0.16234459 -0.03153696
v 0.05238977 0.17211109 -0.02596542
v 0.04904494 0.17560169 -0.03922331
v 0.05149079 0.16570894 -0.04510550
v 0.04301809 0.17777589 -0.05097202
v 0.04567975 0.16775429 -0.05626835
v 0.03636438 0.16772403 -0.06487696
v 0.03445355 0.17947742 -0.05971788
v 0.02405285 0.17876039 -0.06594328
v 0.02587917 0.16613796 -0.07020622
v 0.03949670 0.16264935 0.00797294
v 0.04804917 0.16661729 -0.00193119
v 0.04773433 0.15632308 -0.00286312
v 0.03949921 0.15357164 0.00680547
v 0.05262690 0.17075104 -0.01342556
v 0.05308890 0.16041568 -0.01636791
v 0.01353781 0.16686970 -0.07315383
v 0.01257802 0.18156122 -0.06894536
v 0.02209793 0.12625267 0.01434636
v 0.01065508 0.12434987 0.01570047
v 0.01020498 0.13349332 0.01862511
v 0.02095334 0.13564301 0.01587742
v 0.04988138 0.12403020 -0.00369663
v 0.06260677 0.12952839 -0.01728745
v 0.06838211 0.12144391 -0.01329561
v 0.05458713 0.11461779 0.00002155
v 0.06453522 0.09708691 0.01604015
v 0.08661795 0.10372771 0.00177651
v 0.08317287 0.08418100 0.01916393
v 0.06522175 0.08017766 0.02494694
v 0.08110018 0.06739019 0.03231543
v 0.06501453 0.06383566 0.03566721
v 0.07585740 0.01874642 0.06279636
v 0.06094988 0.01751368 0.06578290
v 0.06221798 0.03341500 0.05629277
v 0.07757389 0.03489755 0.05290526
v 0.08872471 -0.08178558 0.07996284
v 0.07750918 -0.07846759 0.08607925
v 0.08360271 -0.06172181 0.08868055
v 0.09343612 -0.06333454 0.08449667
v 0.14000033 0.03745232 0.03120168
v 0.14276969 0.05407787 0.02372875
v 0.15292981 0.04368991 0.02256306
v 0.14863232 0.02712973 0.02832760
v 0.10275745 0.13680863 -0.03825243
v 0.09699214 0.12386620 -0.01777497
v 0.08529951 0.12519836 -0.02446357
v 0.09099857 0.13794813 -0.04180907
v 0.12909465 -0.04648986 0.04515370
v 0.12459602 -0.05912845 0.05130133
v 0.12166302 -0.05011055 0.05890001
v 0.12547070 -0.03760371 0.05365669
v 0.10326312 -0.15982713 0.04113591
v 0.09015388 -0.16200706 0.05320142
v 0.09173281 -0.14164692 0.05409582
v 0.10451466 -0.13915779 0.04292275
v 0.13592857 -0.11125562 -0.00738843
v 0.13862033 -0.11217308 -0.02802267
v 0.13550636 -0.12898657 -0.02910577
v 0.13430165 -0.13012214 -0.00829439
v 0.10241114 0.01828494 0.05538678
v 0.08981688 0.01899838 0.05930282
v 0.09198025 0.03522484 0.04954160
v 0.10504653 0.03443664 0.04618014
v 0.31445169 0.04644687 -0.01033389
v 0.31580612 0.03122562 -0.01163779
v 0.29160544 0.03505186 -0.01092758
v 0.29012591 0.04996927 -0.00923946
v 0.12572299 -0.22777656 0.00123180
v 0.12543146 -0.22431332 -0.01789101
v 0.12925792 -0.24130777 -0.01525425
v 0.12883629 -0.24487421 0.00506200
v 0.17334323 0.09888192 0.00038742
v 0.17462941 0.11574271 -0.01528915
v 0.18313953 0.11060812 -0.01464739
v 0.18326312 0.09314373 -0.00064879
v 0.13130884 0.00952730 0.04251948
v 0.13604081 0.02327473 0.03719547
v 0.14295803 0.01409379 0.03246636
v 0.13749577 0.00231448 0.03631806
v 0.14399524 -0.08293733 -0.02778260
v 0.14191498 -0.08144331 -0.01069257
v 0.14548016 -0.06595695 -0.01468870
v 0.14801712 -0.06759567 -0.03023806
v 0.13884810 -0.09657447 -0.00836677
v 0.14097320 -0.09785803 -0.02729587
v 0.12319407 0.01418862 0.04706196
v 0.11369485 0.01668131 0.05130557
v 0.11666389 0.03273121 0.04308553
v 0.12670200 0.02985933 0.04034568
v 0.08297123 -0.09744185 0.07255521
v 0.06964394 -0.09341849 0.08006644
v 0.12263624 -0.24903555 0.02473745
v 0.11163162 -0.25393182 0.04153715
v 0.11012656 -0.23580609 0.03665999
v 0.12041870 -0.23159979 0.02005876
v 0.07694873 -0.12497911 0.06202625
v 0.07848493 -0.11016684 0.06448364
v 0.09097877 -0.10959649 0.05720429
v 0.09040692 -0.12352155 0.05407815
v 0.09679227 -0.25846463 0.05490708
v 0.08046383 -0.26196727 0.06545514
v 0.07948334 -0.24254280 0.06001990
v 0.09591053 -0.23972519 0.04991625
v 0.07928054 0.05098614 0.04299800
v 0.06393101 0.04867617 0.04622678
v 0.10654207 -0.08000896 0.06700684
v 0.09840412 -0.08185147 0.07334248
v 0.10234506 -0.06353053 0.07862971
v 0.10956347 -0.06257819 0.07238886
v 0.15378299 0.01361147 0.02176768
v 0.16338784 0.03000061 0.01717501
v 0.16174908 0.00842034 0.00610252
v 0.15323660 -0.00059648 0.01040026
v 0.13389106 -0.25791681 -0.01185582
v 0.13281545 -0.26149458 0.00893749
v 0.09916009 -0.27695686 0.05933083
v 0.08232943 -0.28120536 0.07003181
v 0.17746758 -0.00524491 -0.03570237
v 0.18538184 0.00278716 -0.04047966
v 0.18868394 0.00210838 -0.05068058
v 0.18148747 -0.00586641 -0.04686087
v 0.04901664 -0.06033473 0.09246964
v 0.06220933 -0.05035468 0.09290299
v 0.06763621 -0.06797435 0.09135545
v 0.05683165 -0.08147390 0.08751286
v 0.10349990 -0.09507862 0.05882796
v 0.10202629 -0.10671009 0.05039172
v 0.09405901 -0.09734339 0.06556956
v 0.03533557 -0.07153463 0.08834800
v 0.04413543 -0.09827551 0.08023218
v 0.04780476 0.04547760 0.04912021
v 0.04655190 0.03119737 0.05883458
v 0.04803727 0.06089660 0.04014768
v 0.03130989 0.05694345 0.04420744
v 0.03009808 0.07239685 0.03633062
v 0.04721763 0.07608331 0.03156237
v 0.02798942 0.08752664 0.03027569
v 0.04505941 0.09149253 0.02480392
v 0.03565938 0.11928967 0.00670969
v 0.03881279 0.11061823 0.01032805
v 0.14656664 0.00260122 0.02469574
v 0.14111920 -0.00768622 0.02779324
v 0.11438998 -0.27185073 0.04594018
v 0.10803318 0.06497462 -0.11561903
v 0.10517238 0.04753320 -0.11968020
v 0.12141475 0.05140683 -0.11196768
v 0.12420601 0.06778754 -0.10868981
v 0.11326498 0.13886213 -0.03616281
v 0.11044081 0.12570028 -0.01461489
v 0.16222058 -0.00565546 -0.08277269
v 0.17143178 0.00322997 -0.08003908
v 0.17060402 0.01111076 -0.08425422
v 0.16080922 0.00304609 -0.08784087
v 0.19098973 0.01578972 -0.07054956
v 0.19164827 0.00933508 -0.06593694
v 0.20721871 0.01637508 -0.06953564
v 0.20594887 0.02272586 -0.07420838
v 0.12452316 -0.23830383 -0.03391418
v 0.11962233 -0.22110589 -0.03615516
v 0.11979209 -0.09940273 -0.08016574
v -0.00062694 0.15779781 -0.07936743
v -0.00008401 0.17094767 -0.07432729
v 0.12956963 -0.10618087 -0.06476189
v 0.13494514 -0.09088222 -0.06218585
v 0.12728596 -0.08434313 -0.07743125
v 0.01758885 0.03276140 -0.11447239
v 0.01782644 0.01706539 -0.11578375
v 0.03569100 0.02231398 -0.12039290
v 0.03567913 0.03763297 -0.11891149
v 0.07176478 0.06934138 -0.12166009
v 0.07301815 0.08516926 -0.11776522
v 0.05241629 0.07587428 -0.11897743
v 0.05273152 0.06085173 -0.12155915
v 0.08975536 0.05958109 -0.12153436
v 0.08817633 0.04175811 -0.12507899
v 0.14848886 -0.06616272 -0.04554820
v 0.14309856 -0.08087132 -0.04455437
v 0.16005746 -0.03569615 -0.03876273
v 0.16052167 -0.03501833 -0.05106496
v 0.15674321 -0.04404249 -0.04962301
v 0.15627885 -0.04446473 -0.03654036
v 0.08259316 0.14201541 -0.04499830
v 0.07992320 0.14628510 -0.06279356
v 0.09034868 0.14386693 -0.06075073
v 0.04729040 0.12270232 -0.09884065
v 0.04708846 0.11714640 -0.10303283
v 0.06025801 0.12243151 -0.09925011
v 0.05667042 0.12736145 -0.09517134
v 0.03910025 -0.03947392 -0.11833492
v 0.01935275 -0.04113832 -0.11652017
v 0.01987013 -0.05930546 -0.11224762
v 0.04087116 -0.05955854 -0.11398077
v 0.17281228 -0.00984048 -0.06982413
v 0.16429447 -0.01930471 -0.07049961
v 0.16529003 -0.02410336 -0.06241893
v 0.17312637 -0.01521928 -0.06289962
v 0.15545325 -0.04139647 -0.06102830
v 0.15948856 -0.03247662 -0.06163772
v 0.15772006 -0.02789652 -0.07080347
v 0.15268040 -0.03685534 -0.07146086
v 0.13505130 -0.06992181 -0.07461049
v 0.14036202 -0.07617437 -0.06006179
v 0.14691275 -0.06223993 -0.06008008
v 0.14279315 -0.05666910 -0.07356870
v 0.01894957 -0.12508649 -0.09989696
v 0.03633242 -0.12790734 -0.10329732
v 0.03770749 -0.10431428 -0.10654422
v 0.01928076 -0.10284580 -0.10471310
v 0.19760597 0.01614792 -0.02616005
v 0.19732407 0.02223956 -0.01558520
v 0.21095937 0.02191368 -0.02031827
v 0.21396029 0.01661575 -0.03195391
v 0.22215390 0.05373587 -0.08874312
v 0.21121499 0.04874005 -0.08842035
v 0.21261947 0.04274168 -0.08711661
v 0.22326581 0.04826228 -0.08832749
v 0.23635629 0.01188117 -0.04623424
v 0.23180866 0.01565761 -0.03576269
v 0.25256401 0.01400876 -0.03806830
v 0.25659329 0.00996372 -0.04904220
v 0.12451084 0.13912888 -0.06042487
v 0.12436602 0.14079805 -0.03457454
v 0.11511352 0.14164813 -0.05979774
v 0.23955938 0.01008032 -0.06381512
v 0.23888804 0.01437046 -0.07121000
v 0.22220585 0.01317669 -0.06767914
v 0.22264780 0.01054611 -0.06000001
v 0.28983375 0.06537805 -0.01582642
v 0.31397274 0.06201978 -0.01673131
v 0.28127870 0.00872483 -0.06027577
v 0.28279042 0.01106946 -0.06935482
v 0.26016629 0.01052178 -0.06662634
v 0.25931078 0.00837337 -0.05851543
v 0.11296758 -0.11491802 -0.08152623
v 0.12442394 -0.12198049 -0.06676470
v 0.10174494 -0.23388861 -0.06491191
v 0.11495647 -0.23576906 -0.05109391
v 0.10928106 -0.21741182 -0.05228204
v 0.09678378 -0.21403688 -0.06584447
v 0.12886742 -0.25564516 -0.03206879
v 0.10563847 -0.25338146 -0.06401182
v 0.11915754 -0.25411752 -0.04973584
v 0.06282727 0.15484525 -0.05896713
v 0.05214490 0.15332393 -0.07179081
v 0.06095978 0.14649539 -0.07529380
v 0.07111085 0.14880128 -0.06341416
v 0.15645875 -0.36428380 -0.03172862
v 0.15793459 -0.39194569 -0.03559369
v 0.16525251 -0.39212286 -0.01019818
v 0.16163905 -0.36553410 -0.00590279
v 0.03356243 0.13501410 -0.08961216
v 0.04827964 0.14152274 -0.08293238
v 0.04000552 0.14733033 -0.07912374
v 0.02785789 0.14248990 -0.08430182
v 0.15689129 -0.34123993 -0.00437537
v 0.15302467 -0.33838865 -0.02926043
v 0.07391424 0.14424615 -0.04546369
v 0.06474013 0.14786322 -0.04208635
v 0.06927948 0.13730836 -0.03072223
v 0.06139848 0.14221124 -0.02752849
v 0.05518321 0.13695697 -0.01324983
v 0.16708358 -0.39760175 0.01572612
v 0.16168422 -0.37136978 0.01779741
v 0.04996819 0.16125154 -0.06295905
v 0.03897464 0.15841903 -0.07147272
v 0.02508295 0.15497722 -0.07707857
v 0.01118192 0.15360633 -0.07997853
v 0.13235930 -0.27220741 -0.03005407
v 0.13667604 -0.27411768 -0.00857232
v 0.11603031 -0.49886894 -0.09869879
v 0.08995668 -0.50242519 -0.10585605
v 0.08827445 -0.51479602 -0.09648147
v 0.11832280 -0.51372755 -0.08970488
v 0.02633987 -0.48675147 -0.10511854
v 0.02403899 -0.49756166 -0.09098599
v 0.05612095 -0.50919247 -0.09662277
v 0.05923930 -0.49772418 -0.10839493
v 0.05775463 -0.37442324 -0.12444477
v 0.05698791 -0.35233217 -0.11642466
v 0.03067371 -0.35269493 -0.11724206
v 0.03045449 -0.37491533 -0.12451186
v 0.10947076 -0.27132216 -0.06360535
v 0.12298861 -0.27131489 -0.04862086
v 0.13522442 -0.27748367 0.01281698
v 0.17808339 -0.53188062 -0.01121186
v 0.17358339 -0.56772006 -0.01380010
v 0.17001225 -0.57376277 0.02016903
v 0.17291489 -0.53751588 0.02362892
v 0.14251299 -0.56164563 -0.06614365
v 0.14598139 -0.53236711 -0.06864247
v 0.11659343 -0.53439462 -0.08277309
v 0.11400946 -0.55915219 -0.07878481
v 0.06567106 -0.28487235 0.07962649
v 0.08342694 -0.29978758 0.07200675
v 0.06624297 -0.30409524 0.08167996
v 0.01733757 -0.29286209 0.09789368
v 0.03470778 -0.29028535 0.09381010
v 0.03288033 -0.31015646 0.09489288
v 0.01610861 -0.31256339 0.09802555
v 0.02361330 -0.42074993 0.08525746
v 0.01100562 -0.42112201 0.08753327
v 0.01242212 -0.39862293 0.08842556
v 0.02670694 -0.39710197 0.08573988
v 0.15446773 -0.37808302 0.04048636
v 0.13886982 -0.38472846 0.05744372
v 0.13251257 -0.36299816 0.05551198
v 0.14712282 -0.35592249 0.03928468
v 0.02289551 -0.50597864 -0.07382736
v 0.05257868 -0.51911271 -0.08231770
v 0.15543739 -0.57766640 0.05022373
v 0.15627626 -0.54174435 0.05433994
v 0.13033615 -0.57971925 0.07216917
v 0.10126299 -0.57805645 0.08078782
v 0.10283289 -0.54661143 0.08324402
v 0.13260031 -0.54598439 0.07487060
v 0.02908918 -0.49266696 0.06089725
v 0.01574581 -0.50691402 0.03894051
v 0.01197625 -0.50089937 0.04444061
v 0.02243998 -0.48106581 0.06772776
v 0.02799584 -0.47471750 -0.11468033
v 0.05933584 -0.48305529 -0.11817913
v 0.05850357 -0.46603328 -0.12498418
v 0.02855842 -0.45951629 -0.12234761
v 0.08990517 -0.25313905 -0.07414520
v 0.09333433 -0.27212429 -0.07461533
v 0.07302099 -0.25304607 -0.08071329
v 0.08655086 -0.23195736 -0.07471416
v 0.07017337 -0.23066139 -0.08044698
v 0.08089031 -0.09585212 -0.10167610
v 0.09838033 -0.10604481 -0.09323051
v 0.10639648 -0.09080558 -0.09344635
v 0.08977389 -0.07904826 -0.10366260
v 0.05283304 0.02873122 -0.12547952
v 0.05242124 0.04497212 -0.12382672
v 0.08107816 -0.55079675 -0.08170528
v 0.04545728 -0.53340131 -0.07131308
v 0.05311688 -0.57288408 -0.07183057
v 0.08376697 -0.58110291 -0.07958505
v 0.15832329 -0.59515470 -0.04482723
v 0.16399407 -0.56289989 -0.04420701
v 0.13928677 -0.59172350 -0.06506496
v 0.16808261 -0.60098565 -0.01579353
v 0.16622849 -0.60711235 0.01694796
v 0.12756415 -0.61244661 0.06917054
v 0.09841136 -0.60951972 0.07681509
v 0.02848618 -0.56749797 0.03829215
v 0.04720435 -0.57150859 0.05740234
v 0.04582303 -0.59734154 0.05158572
v 0.02788612 -0.59130698 0.03072085
v 0.05928904 -0.42529246 0.08042057
v 0.09047608 -0.40709019 0.07485653
v 0.09556425 -0.43282598 0.07685329
v 0.06940752 -0.45119709 0.07890605
v 0.02182343 -0.27173862 0.09365618
v 0.03539575 -0.26883692 0.09074076
v 0.04949152 -0.28776780 0.08810727
v 0.04907478 -0.26665467 0.08475677
v 0.06423955 -0.26463950 0.07563896
v 0.03798212 -0.18358794 0.08055191
v 0.05546214 -0.18408617 0.07389127
v 0.05134855 -0.20382729 0.07467721
v 0.03498748 -0.20357738 0.08153807
v 0.04102474 -0.16286886 0.07941125
v 0.05939287 -0.16317034 0.07354064
v 0.04280483 -0.12069843 0.07476456
v 0.06304375 -0.10744621 0.07220776
v 0.06081676 -0.12367761 0.06916266
v 0.03146697 0.04154540 0.05208119
v 0.03085572 0.02697461 0.06054792
v 0.16116618 -0.40380988 0.04047992
v 0.02050362 -0.53841263 -0.04766347
v 0.00936194 -0.54769331 -0.02571784
v 0.01472792 -0.57473087 -0.03286926
v 0.02790868 -0.57125872 -0.05462372
v 0.15466818 -0.34814397 0.01859838
v 0.12610435 -0.26624656 0.02897336
v 0.12810092 -0.28272173 0.03222116
v 0.12712938 -0.13092205 0.01274051
v 0.12715553 -0.10772428 0.01732662
v 0.07485029 -0.04444483 0.09091657
v 0.07582200 -0.05764245 0.09128820
v 0.16878130 -0.52934587 -0.04411400
v 0.11854161 -0.67241561 0.05998447
v 0.08929811 -0.66985726 0.06540690
v 0.09464975 -0.63978893 0.07161558
v 0.12324908 -0.64303011 0.06481983
v 0.02025791 -0.61409694 0.00214483
v 0.02889070 -0.61867124 0.02253049
v 0.03153653 -0.64801639 0.01484796
v 0.02500622 -0.64402711 -0.00619671
v 0.02938383 -0.67445385 -0.01227184
v 0.03302686 -0.67857784 0.00882157
v 0.03366097 -0.70908755 0.00171396
v 0.03190881 -0.70417517 -0.01878895
v 0.15117879 -0.61126941 0.04654677
v 0.15378445 -0.66758782 0.01274116
v 0.14137292 -0.67195237 0.03989554
v 0.14658889 -0.64208603 0.04329542
v 0.15956214 -0.63758171 0.01451349
v 0.11379535 -0.58802289 -0.07684408
v 0.01701628 -0.58655000 0.01047995
v 0.01572409 -0.56376731 0.01864742
v 0.03045625 -0.64003390 -0.04542610
v 0.04387188 -0.63972718 -0.06407622
v 0.03580634 -0.60682631 -0.06005946
v 0.02197233 -0.60758376 -0.03938592
v 0.13478214 -0.64926904 -0.06369109
v 0.14926451 -0.65369028 -0.04366402
v 0.15366474 -0.62522036 -0.04397868
v 0.13699223 -0.62094957 -0.06412409
v 0.15533501 -0.66071707 -0.01672996
v 0.16154538 -0.63148308 -0.01605534
v 0.14310247 -0.72561640 0.00968595
v 0.13030893 -0.72959816 0.03411991
v 0.13565777 -0.70135742 0.03718152
v 0.14837487 -0.69689333 0.01100022
v 0.14674915 -0.71816391 -0.01866249
v 0.15074240 -0.68953246 -0.01778293
v 0.14649878 -0.68250841 -0.04359737
v 0.14366016 -0.71113652 -0.04281844
v 0.13051748 -0.70472962 -0.06070736
v 0.13292235 -0.67692614 -0.06250031
v 0.11375957 -0.67330295 -0.07536051
v 0.11340855 -0.70047313 -0.07323621
v 0.09225722 -0.67069155 -0.08018529
v 0.07009814 -0.66909909 -0.07646985
v 0.07461572 -0.69661772 -0.07540871
v 0.09458362 -0.69804382 -0.07798199
v 0.04293786 -0.69843954 -0.05410561
v 0.05648217 -0.69699043 -0.06772609
v 0.05070124 -0.66917229 -0.06636760
v 0.03744239 -0.67020983 -0.04988952
v 0.05867179 -0.80846018 -0.07280032
v 0.07417426 -0.80665845 -0.07621379
v 0.06955967 -0.77798116 -0.07363898
v 0.05352315 -0.77982628 -0.06873986
v 0.08937785 -0.80547291 -0.07963532
v 0.10471279 -0.80506754 -0.07928888
v 0.10088819 -0.77837873 -0.07585554
v 0.08548628 -0.77786529 -0.07555906
v 0.12840533 -0.78547364 -0.05708009
v 0.11600445 -0.78050864 -0.07046475
v 0.11968733 -0.80728769 -0.07324345
v 0.13207048 -0.81249577 -0.05946509
v 0.14304622 -0.81852031 -0.04219131
v 0.14210626 -0.79216200 -0.04140044
v 0.14071801 -0.82539260 -0.02171908
v 0.14319800 -0.79944432 -0.02102379
v 0.12937753 -0.80619049 0.00284753
v 0.12849395 -0.83133292 0.00135803
v 0.03759661 -0.82127613 -0.03234818
v 0.03760835 -0.81599116 -0.04996974
v 0.03372334 -0.78776437 -0.04297522
v 0.03603305 -0.79327595 -0.02589629
v 0.05649443 -0.80422819 0.01247223
v 0.07050946 -0.80843294 0.03597425
v 0.06970519 -0.83403987 0.02467343
v 0.05849028 -0.83067673 0.00050468
v 0.14414369 -0.74612606 -0.01955268
v 0.13818406 -0.75356829 0.00807753
v 0.12797214 -0.73184621 -0.05852734
v 0.14131790 -0.73857039 -0.04173146
v 0.04713770 -0.72546703 -0.05860093
v 0.06141524 -0.72371453 -0.06930475
v 0.03400465 -0.73819453 -0.00702568
v 0.03274057 -0.73259997 -0.02632995
v 0.10108189 -0.75685793 0.04515429
v 0.12214300 -0.75632262 0.03121789
v 0.11847411 -0.78343612 0.02910593
v 0.09733256 -0.78442651 0.04306764
v 0.14245957 -0.77254575 -0.02071973
v 0.14075407 -0.76530898 -0.04144274
v 0.12702690 -0.75866061 -0.05713069
v 0.11391971 -0.75383168 -0.06971771
v 0.09828813 -0.75164050 -0.07451014
v 0.08214022 -0.75066781 -0.07391600
v 0.06569779 -0.75061733 -0.07122084
v 0.05036896 -0.75227302 -0.06364486
v 0.03348339 -0.76010972 -0.03480427
v 0.03572088 -0.76580983 -0.01709669
v 0.09472395 -0.81062192 0.04148286
v 0.11734559 -0.81003928 0.02790647
v 0.11734759 -0.83446074 0.02260771
v 0.09312348 -0.83468473 0.03318215
v 0.09326050 -0.85693175 0.02127970
v 0.07286458 -0.85576952 0.01238313
v 0.09365866 -0.83325207 -0.08430068
v 0.10893241 -0.83282894 -0.08323698
v 0.12372064 -0.83525234 -0.07657532
v 0.14469261 -0.84451592 -0.04532841
v 0.13933758 -0.85233861 -0.02104826
v 0.12749882 -0.85746843 0.00022574
v 0.11448011 -0.85644013 0.01658736
v 0.05176111 -0.87196004 -0.05864494
v 0.04502501 -0.84319693 -0.05408174
v 0.04356490 -0.84741050 -0.03822437
v 0.05084113 -0.87582731 -0.04295867
v 0.06829979 -0.86716670 -0.08141795
v 0.08162936 -0.86367321 -0.09029826
v 0.07915274 -0.83574283 -0.07965550
v 0.06603058 -0.83725142 -0.07357483
v 0.09764891 -0.86191708 -0.09396850
v 0.11456877 -0.86204183 -0.09103858
v 0.13039649 -0.86319345 -0.08331719
v 0.13713273 -0.83850235 -0.06402363
v 0.14317095 -0.86666691 -0.06873705
v 0.14642577 -0.87310308 -0.04696991
v 0.14006099 -0.88060719 -0.01811055
v 0.12389711 -0.91597879 -0.00251714
v 0.12070520 -0.88615412 0.00086034
v 0.14303723 -0.91005850 -0.01949088
v 0.09957327 -1.01426840 -0.01489506
v 0.12182212 -1.01207876 -0.01517170
v 0.11832300 -1.04678953 -0.02162495
v 0.09818467 -1.04929054 -0.02093814
v 0.05403492 -0.90495473 -0.04763213
v 0.05341658 -0.90249920 -0.06509014
v 0.06717088 -0.89792269 -0.09110197
v 0.08242696 -0.89442414 -0.10005493
v 0.15408917 -0.93408793 -0.05223295
v 0.15061608 -0.90286136 -0.04814692
v 0.14776611 -0.89660376 -0.07271297
v 0.15082999 -0.92861980 -0.07730389
v 0.05027162 -1.00398111 -0.05822843
v 0.04917851 -1.00206602 -0.07682270
v 0.04785196 -0.96828461 -0.07451230
v 0.04903530 -0.97020471 -0.05472370
v 0.06522124 -0.93052542 -0.09819755
v 0.06467507 -0.96407628 -0.10309293
v 0.08139200 -0.96127683 -0.11238427
v 0.08174470 -0.92752099 -0.10778427
v 0.14982475 -1.00311470 -0.05869599
v 0.15393998 -0.96747714 -0.05603115
v 0.15137067 -0.96301603 -0.08050807
v 0.14793330 -0.99966770 -0.08198933
v 0.14582026 -0.94057232 -0.02417178
v 0.14489076 -0.97274595 -0.02886043
v 0.12473561 -0.97846037 -0.01029064
v 0.12436728 -0.94607830 -0.00550055
v 0.10048515 -0.97992611 -0.00952782
v 0.09975248 -0.94744676 -0.00590497
v 0.00021859 -0.49570611 0.05198880
v -0.00001144 -0.50657642 0.03183348
v -0.00022297 -0.50720143 0.01671015
v 0.06063417 -1.07615900 -0.07713137
v 0.05515196 -1.03832138 -0.07697313
v 0.05534461 -1.04121518 -0.05987821
v 0.06081019 -1.07993484 -0.06215278
v 0.08283698 -0.99719375 -0.11245901
v 0.06636021 -0.99868077 -0.10423779
v 0.07050447 -1.03554356 -0.10120866
v 0.08490337 -1.03453779 -0.10881656
v 0.13851103 -1.08003068 -0.06211363
v 0.14449526 -1.04084361 -0.06056387
v 0.14232501 -1.03841257 -0.08213150
v 0.13548030 -1.07763696 -0.08240632
v 0.11517923 -1.08454227 -0.02825770
v 0.13727988 -1.04346156 -0.03630521
v 0.13220778 -1.08245289 -0.04143176
v 0.11084586 -1.12229538 -0.03188416
v 0.09466812 -1.12423909 -0.03104477
v 0.09661166 -1.08667266 -0.02729150
v 0.06566063 -1.11645508 -0.06344403
v 0.06397457 -1.11348319 -0.07732108
v 0.08425342 -1.10874486 -0.10354385
v 0.08551765 -1.07214534 -0.10545167
v 0.07268608 -1.07356584 -0.09826825
v 0.07282772 -1.11058533 -0.09635103
v 0.11623222 -1.07512581 -0.10434309
v 0.10080180 -1.07289457 -0.10782376
v 0.09855606 -1.10917628 -0.10541444
v 0.11257691 -1.11147678 -0.10155252
v 0.12810674 -1.11331034 -0.08163366
v 0.12787965 -1.07629740 -0.09585527
v 0.12165635 -1.11250591 -0.09355720
v 0.13204588 -1.11544538 -0.06260803
v 0.12670669 -1.11915624 -0.04356595
v 0.00836676 -0.51202089 -0.03103304
v 0.00575645 -0.52282852 -0.00714834
v 0.00785223 -0.53117013 -0.01626373
v 0.01596109 -0.51834565 -0.03878460
v 0.04482148 -0.62526423 0.04525008
v 0.04376887 -0.65534866 0.03789360
v 0.04172266 -0.71547222 0.02315569
v 0.04270029 -0.68619627 0.03085913
v 0.04241469 -0.74450064 0.01361390
v 0.04434908 -0.77308416 0.00302384
v 0.04497210 -0.79955268 -0.00855537
v 0.04594819 -0.82620722 -0.01753260
v 0.05077060 -0.85255295 -0.02275478
v 0.05728133 -0.88083649 -0.02519224
v 0.06125893 -0.93904692 -0.03364217
v 0.05169373 -0.93707621 -0.05102390
v 0.06177655 -0.90889400 -0.03016267
v 0.06042056 -1.00728309 -0.03875937
v 0.05960274 -0.97220039 -0.03614161
v 0.06350049 -1.04546738 -0.04272104
v 0.06796451 -1.08414805 -0.04720188
v 0.07240926 -1.12024724 -0.04950887
v 0.07616536 -0.52133179 0.07875858
v 0.05144627 -0.52604878 0.06621477
v 0.05298876 -0.50759637 0.06917690
v 0.07676446 -0.49732229 0.07872636
v 0.00989794 -0.51012230 0.02327082
v 0.00596001 -0.50894034 0.01030020
v 0.00498375 -0.50661385 0.01379858
v 0.00801507 -0.50675869 0.02717256
v 0.13327564 -0.77975214 0.00532371
v 0.11318751 -0.72702372 -0.07061715
v 0.09640299 -0.72479898 -0.07547641
v 0.07883718 -0.72355407 -0.07409327
v -0.00031744 -0.50279808 0.00165585
v 0.05599632 -0.75061983 0.03387011
v 0.07606927 -0.75464988 0.04624870
v 0.07309242 -0.78197068 0.04133636
v 0.05372265 -0.77893597 0.02596940
v 0.09753504 -0.92024338 -0.00284375
v 0.07908470 -0.94398409 -0.01848184
v 0.07730245 -0.91500723 -0.01370517
v 0.09661307 -0.89546740 0.00250914
v 0.11967489 -0.89185184 -0.09950388
v 0.13619490 -0.89290941 -0.09009157
v 0.12277273 -0.92389399 -0.10757215
v 0.10101691 -0.89209622 -0.10263091
v 0.10203417 -0.92455488 -0.11101773
v 0.06033521 -0.69469720 0.04974726
v 0.08449447 -0.69925737 0.05858816
v 0.08008552 -0.72715539 0.05147856
v 0.05769629 -0.72269118 0.04162243
v 0.10556205 -0.19887260 -0.05539247
v 0.09396955 -0.19405353 -0.06838398
v 0.12006380 -0.08151108 0.04625056
v 0.12184763 -0.09259687 0.03401835
v 0.11143547 -0.10142155 0.04275652
v 0.11229078 -0.08984969 0.05262844
v 0.12626468 -0.07050090 0.04088124
v 0.12854360 -0.08144567 0.02811131
v 0.13097374 -0.05780568 0.03483677
v -0.00038216 0.10498563 -0.09879463
v -0.00047281 0.11666029 -0.09573893
v 0.13344465 -0.06860933 0.02257233
v 0.15436803 -0.01041463 -0.00255488
v 0.16174418 -0.00305223 -0.00671247
v 0.04266837 -0.14223100 0.07743722
v 0.02298023 -0.14274439 0.07941939
v 0.02343166 -0.12314326 0.07768270
v 0.04907211 -0.30751243 0.08921295
v 0.03808539 -0.42207566 0.08236778
v 0.04308088 -0.39505088 0.08231778
v 0.06301790 -0.39141929 0.07856569
v 0.00745062 -0.48388895 0.06534530
v 0.05667563 -0.10829001 -0.10456900
v 0.05435690 -0.13215117 -0.10205073
v 0.03504940 0.05316606 -0.11678746
v 0.01724057 0.04763913 -0.11279151
v 0.03363173 0.08073170 -0.11156794
v 0.03236036 0.09266730 -0.10900789
v 0.01567361 0.08660320 -0.10587977
v 0.00154420 -0.18308651 0.08332623
v 0.00081502 -0.20264895 0.08505031
v 0.01661118 0.07484300 -0.10814204
v 0.01617315 0.13302504 -0.09115640
v 0.00295447 -0.12511398 0.07635727
v 0.00268780 -0.14382386 0.07796003
v 0.01336829 0.14361429 -0.08562814
v 0.00619225 -0.51274407 0.00729736
v 0.00335441 -0.50695658 -0.01188470
v 0.00315693 -0.50552940 -0.00447909
v 0.02992446 -0.54669589 0.04508463
v 0.01633453 -0.54563904 0.02637029
v 0.01767566 -0.53179973 0.03264955
v 0.03173683 -0.53006595 0.05035611
v 0.17329106 -0.50084847 0.02821394
v 0.17953363 -0.49501783 -0.00611309
v 0.08473372 -0.52969211 -0.08721352
v 0.32793894 0.00900194 -0.07170860
v 0.32955492 0.01671516 -0.07987086
v 0.30597317 0.01688339 -0.07903873
v 0.30481389 0.01001945 -0.07073563
v 0.06095016 -0.03804743 -0.11904471
v 0.06819480 -0.06209810 -0.11186470
v 0.07720499 0.13114548 -0.02926654
v 0.14619690 0.13863336 -0.02983278
v 0.14317918 0.12785102 -0.00632795
v 0.13333154 0.12872806 -0.01005709
v 0.13517888 0.14069518 -0.03259865
v -0.00042219 -0.49743667 -0.01214215
v 0.13863553 0.08608751 -0.09567063
v 0.14078790 0.10363444 -0.08681647
v 0.12976947 0.10430051 -0.09337448
v 0.12707952 0.08546709 -0.10256188
v 0.02987867 -0.39832267 -0.12912507
v 0.05735425 -0.39798987 -0.13024253
v 0.03439032 -0.20236553 -0.08895055
v 0.05143829 -0.20537512 -0.08730546
v 0.05116649 -0.18198371 -0.09300965
v -0.00001909 -0.49717361 -0.04973263
v 0.00013159 -0.49277982 -0.05831649
v 0.03421404 -0.17801517 -0.09428835
v 0.08988474 -0.05018597 -0.11247799
v 0.10310487 -0.06479843 -0.10287338
v 0.02973878 -0.02251004 0.08432324
v 0.04502766 -0.01771352 0.08434844
v 0.04593279 -0.03750605 0.09058029
v 0.03104230 -0.04476300 0.08943548
v 0.27363250 0.04342122 -0.08758079
v 0.25239319 0.03532832 -0.08593513
v 0.25718254 0.02359796 -0.08102706
v 0.28052238 0.02608703 -0.08411260
v 0.16966242 -0.48954871 -0.04498472
v 0.14633246 -0.50582284 -0.07454609
v 0.12308133 -0.16324198 -0.04758612
v 0.11301214 -0.15805626 -0.06543038
v 0.10836586 -0.17896388 -0.06089830
v 0.11901015 -0.18408076 -0.04411315
v 0.13589720 -0.11017824 -0.04730706
v 0.13136829 -0.12676874 -0.04868481
v 0.13926178 -0.09564661 -0.04545570
v 0.18333587 -0.00350075 -0.05637784
v 0.19060862 0.00422919 -0.05947786
v 0.18412445 0.00182014 -0.06346034
v 0.04933711 -0.54668474 0.06266765
v 0.04798079 -0.47276193 0.07480747
v 0.03972400 -0.45698604 0.07899147
v 0.00297117 -0.50309813 0.00005975
v 0.05582557 0.14998889 -0.02236282
v 0.05089664 0.14642166 -0.00842075
v 0.22122127 0.01111943 -0.05133791
v 0.23886932 0.00960546 -0.05542950
v 0.16833666 -0.01709897 -0.03154228
v 0.17146885 -0.01945833 -0.04371779
v 0.16497180 -0.02784349 -0.04101977
v 0.16222279 -0.02490990 -0.02811605
v 0.17295307 -0.01856949 -0.05414231
v 0.16585231 -0.02727894 -0.05268491
v 0.11952712 0.04899232 0.03485341
v 0.12251205 0.06542554 0.02558642
v 0.13280624 0.06120558 0.02433909
v 0.13028522 0.04474177 0.03299261
v 0.10752575 0.05089058 0.03711376
v 0.09407408 0.05139845 0.03972339
v 0.09641034 0.06830768 0.02900516
v 0.11026888 0.06771293 0.02683582
v 0.06099601 0.10920160 0.00907013
v 0.07620773 0.11617438 -0.00564243
v 0.04256348 0.10334737 0.01820425
v 0.02613221 0.09987455 0.02438782
v 0.01738585 0.12212693 -0.09614217
v 0.01611623 0.10947115 -0.10009538
v 0.03469335 0.11349110 -0.10197670
v 0.03734646 0.12481744 -0.09649441
v 0.04475899 0.13526182 -0.00087698
v 0.03372807 0.12943487 0.00745248
v 0.02270877 0.11636215 0.01421665
v 0.29029974 0.07671020 -0.02740363
v 0.31367382 0.07237590 -0.02742656
v 0.05655858 0.15981510 -0.05075550
v 0.05767254 0.15457048 -0.03683043
v 0.29089487 0.08343790 -0.04183753
v 0.31481850 0.07845391 -0.04164441
v 0.12276039 0.12771514 -0.01257135
v 0.13022473 0.10885893 0.00600670
v 0.11904303 0.10717803 0.00395294
v 0.04155080 0.14482573 0.00334150
v 0.03198424 0.13907206 0.01057743
v 0.17662901 -0.45839840 0.00283702
v 0.17084578 -0.46445331 0.03272380
v 0.11954357 -0.21372062 0.01580586
v 0.12423049 -0.21019319 -0.00244452
v 0.01986046 -0.18331225 0.08336614
v 0.01825408 -0.20326054 0.08488362
v 0.00981714 0.14323209 0.02238998
v 0.03336869 -0.24644478 0.08626227
v 0.01596220 -0.24961385 0.08837564
v 0.01673567 -0.22487658 0.08593100
v 0.03334969 -0.22429299 0.08301094
v 0.00916829 -0.28523356 0.09719369
v 0.01034324 -0.27340862 0.09390112
v 0.00940195 -0.43942785 0.08593003
v 0.01888628 -0.44007504 0.08464584
v 0.21229783 0.06453376 -0.00229582
v 0.20967227 0.08285989 -0.00605474
v 0.22697392 0.07845699 -0.00919401
v 0.22876051 0.06131054 -0.00448784
v 0.04814640 -0.24462782 0.07980126
v 0.06353348 -0.24385288 0.07007080
v 0.14810936 -0.01883793 -0.00004396
v 0.14690033 -0.00960713 0.01302376
v 0.02303646 -0.10204759 0.07989955
v 0.06045219 -0.03205102 0.08983522
v 0.05983243 -0.01488942 0.08341461
v 0.07388832 -0.01295570 0.08065932
v 0.07396529 -0.02881656 0.08721340
v 0.00230414 -0.50215924 -0.00754259
v 0.20488106 0.07233944 -0.08639964
v 0.21673320 0.07605958 -0.08450560
v 0.21371773 0.08362175 -0.08026658
v 0.20211439 0.08095364 -0.08238620
v 0.00791998 -0.54132736 0.00649103
v 0.00921815 -0.55752879 -0.00210887
v 0.02095300 -0.51045036 -0.05652646
v 0.00756821 -0.50359267 -0.04693396
v 0.06935816 -0.60485446 0.06936286
v 0.07217285 -0.57536978 0.07450863
v 0.06672766 -0.63495076 0.06282764
v 0.06418674 -0.66554141 0.05639224
v 0.06340127 -0.85610914 -0.00695928
v 0.07351279 -0.88493079 -0.00692757
v 0.07972823 -0.97666019 -0.02248242
v 0.00036686 -0.49262136 -0.07066133
v 0.07974324 -1.01143205 -0.02641576
v 0.08024610 -1.04827642 -0.03127153
v 0.08108582 -1.08690715 -0.03588995
v 0.08223163 -1.12335098 -0.03800930
v 0.31708974 0.07768450 -0.05637306
v 0.29200134 0.08368726 -0.05800465
v 0.29564664 0.07561554 -0.07173318
v 0.32076713 0.07119256 -0.06918064
v 0.27827793 0.00980109 -0.05060521
v 0.27511165 0.01353152 -0.03968861
v 0.29665858 0.01036805 -0.04018064
v 0.29925174 0.00757052 -0.05121616
v 0.32174057 0.00384615 -0.05194031
v 0.32479534 0.00450418 -0.06220355
v 0.30192879 0.00731374 -0.06126125
v 0.32854909 0.02755805 -0.08558439
v 0.32708767 0.03963721 -0.08722450
v 0.30213749 0.04185063 -0.08771723
v 0.30463099 0.02708475 -0.08517057
v 0.32324541 0.06147730 -0.07921277
v 0.29911685 0.06402405 -0.08157075
v 0.30083844 0.05267010 -0.08661839
v 0.32528913 0.05045912 -0.08519419
v 0.31708348 0.01923105 -0.01872371
v 0.31811953 0.01090225 -0.02902506
v 0.29479927 0.01546762 -0.02889845
v 0.29323512 0.02355753 -0.01828921
v 0.20867404 0.10026877 -0.01617870
v 0.22642432 0.09373443 -0.01973440
v 0.17181930 0.01954577 -0.00309644
v 0.17304946 0.03158398 0.00732759
v 0.18442385 0.03344385 -0.00055853
v 0.17937148 0.02088727 -0.01036886
v 0.26616499 0.06945705 -0.01435856
v 0.24547845 0.07429071 -0.01194480
v 0.24559830 0.08704139 -0.02322562
v 0.26730767 0.08036461 -0.02604190
v 0.26976696 0.02744875 -0.01823172
v 0.00000848 -0.49686396 -0.04093646
v 0.27219847 0.01920656 -0.02868806
v 0.24940215 0.02077987 -0.02691288
v 0.24769394 0.02933410 -0.01701414
v 0.28226382 0.01675302 -0.07720179
v 0.25939146 0.01604225 -0.07425839
v 0.21362419 0.04728647 -0.00348738
v 0.22957258 0.04433868 -0.00657236
v 0.14186394 -0.01936496 0.01650674
v 0.15317696 -0.04138903 -0.02248052
v 0.15732302 -0.03249599 -0.02523419
v 0.11302945 -0.07626803 0.06142107
v 0.11492895 -0.06130965 0.06641620
v 0.13730358 -0.07658368 0.00661374
v 0.14104117 -0.06174422 0.00130103
v 0.11889928 -0.06972448 0.05642295
v 0.11852785 -0.05976306 0.06164347
v 0.07755046 -0.14306162 0.06343382
v 0.02398479 0.10806583 0.01775220
v 0.24715678 0.05762399 -0.00672874
v 0.24728763 0.04133641 -0.00941543
v 0.21993819 0.02656249 -0.07923181
v 0.22084023 0.01932847 -0.07389255
v 0.23780239 0.02173019 -0.07770915
v 0.00098349 -0.48480362 -0.08315202
v 0.00077989 -0.47418481 -0.09601706
v 0.23564723 0.03055405 -0.08323800
v 0.12202761 -0.02824826 -0.10635251
v 0.10741031 -0.03871757 -0.10983398
v 0.11719361 -0.05143604 -0.09997723
v 0.12932795 -0.03960378 -0.09692629
v 0.21267590 0.09632832 -0.06929020
v 0.21649940 0.10044467 -0.06150325
v 0.20151719 0.10380335 -0.06161961
v 0.19974577 0.09759082 -0.07046697
v 0.22052419 0.10349447 -0.04994291
v 0.22469361 0.10275421 -0.03474166
v 0.20712914 0.10951328 -0.03290325
v 0.20364878 0.10915621 -0.04944442
v 0.15970665 -0.41978168 -0.04208639
v 0.16883516 -0.42145002 -0.01643717
v 0.11597902 -0.28922516 0.04830858
v 0.10042069 -0.29497907 0.06120727
v 0.08810066 -0.38188756 0.07385419
v 0.03180857 -0.50452691 0.05742193
v 0.01660771 -0.51389402 0.03718850
v 0.01237068 -0.58092934 -0.01086603
v 0.17231886 -0.42509407 0.00986374
v 0.01833741 -0.61042285 -0.01833310
v 0.02480548 -0.64141661 -0.02553792
v 0.06536925 -0.64053428 -0.07674092
v 0.08983103 -0.64281458 -0.08108065
v 0.08715559 -0.61330104 -0.08090872
v 0.05958297 -0.60896164 -0.07520577
v 0.11393570 -0.64576787 -0.07649006
v 0.11408291 -0.61750907 -0.07673488
v 0.10810321 -0.72890061 0.04895962
v 0.10200255 -0.95965016 -0.11577979
v 0.12112734 -0.99665660 -0.11128079
v 0.12271032 -0.95866716 -0.11187814
v 0.10212884 -0.99655771 -0.11527035
v 0.13989787 -0.95979863 -0.09968828
v 0.13935919 -0.92500925 -0.09618244
v 0.14150086 -1.00708580 -0.03210739
v 0.10211665 -1.03457510 -0.11141781
v 0.11909218 -1.03585267 -0.10774560
v 0.13341312 -1.03674555 -0.09753251
v 0.13765441 -0.99727643 -0.09946717
v 0.00842219 -0.52999550 0.01375305
v 0.15537803 -0.50659299 0.05751407
v 0.15284525 -0.47392032 0.06008852
v 0.10032890 -0.46026605 0.07989023
v 0.07459096 -0.47443041 0.07891182
v 0.08047769 -0.22317480 0.05600743
v 0.09639461 -0.22125104 0.04572783
v 0.10085538 -0.18128546 0.04091553
v 0.11319102 -0.17800258 0.02713650
v 0.11084344 -0.19855337 0.02879662
v 0.09817654 -0.20202923 0.04242692
v 0.12888092 -0.17099625 -0.00777136
v 0.12873276 -0.16729070 -0.02828499
v 0.12528385 -0.18796115 -0.02500787
v 0.12575538 -0.19125840 -0.00544973
v 0.12317753 -0.20686053 -0.02104455
v 0.11645272 -0.20364958 -0.03921229
v 0.06886943 -0.16208175 -0.09302928
v 0.08346850 -0.16719860 -0.08507916
v 0.08675697 -0.14421058 -0.09038229
v 0.07141777 -0.13767493 -0.09762627
v 0.02902563 -0.44532937 0.08228727
v 0.00975113 -0.51535249 0.02167567
v 0.07466776 -0.54724050 0.07774641
v 0.10390712 -0.51705915 0.08399543
v 0.13186431 -0.51292735 0.07669018
v 0.21813856 0.01331520 -0.04205344
v 0.15392832 -0.01376304 -0.08575634
v 0.15214176 -0.00419681 -0.09177066
v 0.23993632 0.09678110 -0.05291691
v 0.24451327 0.09549651 -0.03850474
v 0.22874369 0.03034099 -0.01334293
v 0.19529651 0.08729789 -0.00272323
v 0.19749154 0.06756092 0.00136225
v 0.18442306 0.07118914 0.00598648
v 0.11659338 -0.39462784 0.06797940
v 0.14510328 -0.41090128 0.05952556
v 0.12183933 -0.42074674 0.07076297
v 0.00411856 -0.50189304 -0.03676438
v 0.05218618 -0.48994523 0.07214485
v 0.03009482 -0.67184061 -0.03130177
v 0.03420850 -0.70087069 -0.03729848
v 0.03707980 -0.72849858 -0.04361131
v 0.03905485 -0.75559813 -0.05051002
v 0.04045919 -0.78315270 -0.05791039
v 0.04537736 -0.81080002 -0.06377126
v 0.05341557 -0.83972669 -0.06609434
v 0.05839772 -0.86936188 -0.07132359
v 0.05030657 -0.93505782 -0.07031339
v 0.05501622 -0.93281287 -0.08530436
v 0.05746926 -0.90021825 -0.07910783
v 0.05335797 -0.96644497 -0.09000555
v 0.05514827 -1.00053215 -0.09173517
v 0.06062227 -1.03668702 -0.09019767
v 0.06685953 -1.11138284 -0.08795242
v 0.06494462 -1.07425320 -0.08876231
v 0.00206220 -0.49992406 -0.01804892
v 0.00271817 -0.50073516 -0.02707088
v 0.10551237 0.10419066 0.00180736
v 0.15855864 -0.01821445 -0.01538121
v 0.16475309 -0.01117433 -0.01918324
v 0.21232830 0.03200023 -0.00947302
v 0.27597812 0.06562154 -0.08296270
v 0.27198932 0.07942186 -0.07479236
v 0.22812805 0.02129901 -0.02399372
v 0.17713901 0.01220072 -0.02017944
v 0.17109068 0.00830785 -0.01321463
v 0.51142883 0.06121796 -0.04574335
v 0.50935596 0.06421521 -0.05742501
v 0.53016657 0.06124777 -0.05623905
v 0.53162521 0.05745732 -0.04547726
v 0.51260555 0.05269272 -0.03691099
v 0.53232867 0.04913595 -0.03803959
v 0.51485765 0.00033878 -0.05514153
v 0.51363432 0.00778017 -0.04480764
v 0.53384912 0.00869995 -0.04881545
v 0.53500277 0.00208077 -0.05912960
v 0.55216956 0.03599966 -0.03643738
v 0.55226153 0.02629326 -0.03891862
v 0.53272456 0.02776523 -0.03594693
v 0.53265780 0.03861528 -0.03444176
v 0.51391423 0.00139501 -0.08104777
v 0.51146215 0.00945352 -0.08993240
v 0.49206439 0.00560523 -0.08767359
v 0.49454010 -0.00218511 -0.07748524
v 0.43163291 0.00145155 -0.03537754
v 0.43480331 -0.00747089 -0.04477008
v 0.41822660 -0.00683345 -0.03909495
v 0.41450024 0.00354194 -0.03072312
v 0.46972847 0.06798662 -0.04577309
v 0.46744007 0.06924460 -0.05887336
v 0.48814914 0.06667621 -0.05842974
v 0.49063289 0.06461020 -0.04572710
v 0.47130051 0.03406884 -0.02780220
v 0.47102261 0.02040475 -0.03117890
v 0.44862908 0.02321380 -0.02984398
v 0.44864070 0.03739247 -0.02736572
v 0.44719338 0.07141716 -0.04696733
v 0.44623724 0.06933898 -0.05964589
v 0.51309818 0.02967507 -0.03246904
v 0.51254714 0.01767489 -0.03732549
v 0.49197423 0.01853945 -0.03367881
v 0.49248004 0.03153596 -0.02949430
v 0.55249369 0.00831382 -0.08408618
v 0.55050296 0.01624563 -0.09077585
v 0.53105682 0.01305608 -0.09079863
v 0.53331935 0.00496499 -0.08321128
v 0.55260527 0.01761165 -0.04478808
v 0.55359262 0.00978425 -0.05232860
v 0.53286761 0.01772215 -0.04134972
v 0.54857230 0.05504510 -0.07756754
v 0.54961509 0.05864735 -0.06637047
v 0.52854264 0.06057239 -0.06839471
v 0.52717251 0.05579588 -0.08013016
v 0.47309217 -0.00135851 -0.04556526
v 0.47155544 0.00804167 -0.03687701
v 0.49280095 0.00711658 -0.04040602
v 0.49420342 -0.00094600 -0.05046301
v 0.47124147 0.06045292 -0.03472688
v 0.49227008 0.05636034 -0.03578305
v 0.50614303 0.05578126 -0.08218929
v 0.50720102 0.06230996 -0.07001613
v 0.48597303 0.06282320 -0.07104636
v 0.48479137 0.05472971 -0.08357082
v 0.46477968 0.04024028 -0.09231276
v 0.46653464 0.02611236 -0.09379936
v 0.48635679 0.02995609 -0.09477928
v 0.48500726 0.04335669 -0.09202111
v 0.45177943 -0.00025245 -0.04065165
v 0.45422146 -0.00729880 -0.05180440
v 0.47472712 -0.00516348 -0.07262457
v 0.47247180 0.00181173 -0.08421639
v 0.45339072 -0.00192272 -0.07928866
v 0.45510164 -0.00808445 -0.06621314
v 0.40616256 0.05518477 -0.02939704
v 0.40641463 0.06670375 -0.03763969
v 0.42698610 0.06776941 -0.03571647
v 0.42698497 0.05535436 -0.02805563
v 0.42653012 0.07297133 -0.04823703
v 0.40761134 0.07235862 -0.05074267
v 0.38248786 0.06354290 -0.06366894
v 0.38345128 0.05455902 -0.07141647
v 0.39386901 0.05341128 -0.07061549
v 0.39346883 0.06381410 -0.06380579
v 0.42726538 0.03119143 -0.09291172
v 0.42892957 0.01603007 -0.09003390
v 0.44726074 0.02131420 -0.09221742
v 0.44538534 0.03632002 -0.09286671
v 0.41655642 -0.00204938 -0.07980883
v 0.42030120 -0.01051789 -0.06822589
v 0.43557048 -0.00652575 -0.07362554
v 0.43197554 0.00298318 -0.08377489
v 0.36519241 -0.00068931 -0.06563213
v 0.36387461 -0.00352736 -0.05469689
v 0.37872005 -0.00837991 -0.05599079
v 0.38003400 -0.00478874 -0.06764582
v 0.35973689 0.00381936 -0.03114690
v 0.35879186 0.01275268 -0.02196629
v 0.37324572 0.00984808 -0.02340899
v 0.37422851 0.00001417 -0.03176944
v 0.35871679 0.06291952 -0.02847543
v 0.35806930 0.06914511 -0.04121143
v 0.37036321 0.06857842 -0.04043136
v 0.37142283 0.06053876 -0.02851872
v 0.41263887 0.02720220 -0.09187852
v 0.41132835 0.01049005 -0.08789006
v 0.38858324 -0.00284539 -0.03319267
v 0.38660145 0.00706813 -0.02505572
v 0.39982542 0.00464993 -0.02734575
v 0.40299746 -0.00555346 -0.03540485
v 0.00032632 0.04542961 -0.11075822
v 0.00028539 0.05887281 -0.10889665
v 0.38270858 0.03273624 -0.02298052
v 0.38305193 0.04544685 -0.02433221
v 0.39550060 0.04424297 -0.02608437
v 0.39608932 0.03028082 -0.02543249
v 0.38278359 0.05933588 -0.02876599
v 0.38139954 0.06753617 -0.03927388
v 0.39428094 0.06750165 -0.03860636
v 0.39535987 0.05783013 -0.02919333
v 0.39379206 0.03434324 -0.08508566
v 0.39594883 0.02314463 -0.08953909
v -0.00135371 -0.29854369 0.09843401
v -0.00170434 -0.28639114 0.09723543
v 0.40344486 0.02543933 -0.09084195
v 0.40114567 0.03650181 -0.08595017
v 0.40459061 -0.00486422 -0.07483417
v 0.40639511 -0.01226478 -0.06294709
v -0.00011282 -0.30902940 -0.10041547
v -0.00011220 -0.29107478 -0.09364174
v 0.41027150 0.02842201 -0.02776712
v 0.41148376 0.01504626 -0.02740847
v 0.39829057 0.01736838 -0.02405822
v 0.39322066 0.07003380 -0.05211125
v 0.36642191 0.00520165 -0.07465916
v 0.36714134 0.01259459 -0.08244959
v 0.35141182 0.01512419 -0.08110550
v 0.35072809 0.00787118 -0.07324523
v 0.34859028 0.00294463 -0.06394532
v 0.34649664 0.00088247 -0.05346499
v 0.34184825 0.00776670 -0.03000763
v 0.34035444 0.01570010 -0.02004650
v 0.33946902 0.02844908 -0.01392254
v 0.33852252 0.04406693 -0.01300445
v 0.35779080 0.04138597 -0.01687680
v 0.35832816 0.02574704 -0.01677700
v 0.33782810 0.07288232 -0.04159813
v 0.33710903 0.06804973 -0.02781086
v 0.34068373 0.07102869 -0.05514458
v 0.35859665 0.06821945 -0.05347622
v 0.39074761 -0.01031770 -0.04470550
v -0.00002657 -0.37596700 0.09155554
v 0.00020574 -0.39982277 0.08949461
v 0.37663016 -0.00636230 -0.04306033
v 0.50575870 0.04578389 -0.09122066
v 0.50656569 0.03321560 -0.09465933
v 0.52714646 0.03552635 -0.09364357
v 0.52677065 0.04695140 -0.08933095
v 0.54866529 0.02650727 -0.09312363
v 0.52867550 0.02385633 -0.09403948
v 0.51296908 0.04168949 -0.03212789
v 0.49268785 0.04468641 -0.02993101
v 0.55217075 0.04645842 -0.03834702
v 0.40949878 0.04173958 -0.02734032
v 0.42668268 0.03970465 -0.02744590
v 0.38447586 0.04474935 -0.07880852
v 0.37325048 0.05526713 -0.07245743
v 0.37514418 0.04605000 -0.08012810
v 0.42610076 0.04591892 -0.08492664
v 0.42484233 0.05695524 -0.07116777
v 0.40692630 0.05116282 -0.07210468
v 0.41083130 0.04085961 -0.08556692
v 0.38819122 0.02199567 -0.08785349
v 0.38624042 0.03396206 -0.08447488
v 0.37699899 0.03473905 -0.08498159
v 0.37864587 0.02232789 -0.08686851
v 0.37141880 0.04806099 -0.02251378
v 0.35802236 0.05289194 -0.02056402
v 0.36183351 0.05630744 -0.07391503
v 0.36027551 0.06279666 -0.06438353
v 0.34457791 0.06554803 -0.06674744
v 0.34606123 0.05841964 -0.07653093
v 0.37184939 0.06273504 -0.06344551
v 0.36352628 0.04728347 -0.08158788
v 0.34776449 0.04912174 -0.08338590
v 0.33743873 0.05769905 -0.01780880
v 0.36644915 0.02370513 -0.08638082
v 0.36517689 0.03621216 -0.08564595
v 0.34933716 0.03799295 -0.08654521
v 0.35072449 0.02579294 -0.08601648
v 0.50873065 0.02077753 -0.09406036
v 0.48891380 0.01723319 -0.09289505
v 0.42086437 -0.01320375 -0.05303365
v 0.43671134 -0.01177377 -0.05927174
v 0.40542647 -0.01301523 -0.04795548
v 0.51542974 -0.00203328 -0.06839498
v 0.53501344 0.00085776 -0.07186431
v 0.47483152 -0.00665467 -0.05815225
v 0.49529693 -0.00454082 -0.06381277
v 0.46425894 0.05288083 -0.08422299
v 0.39206076 0.00160291 -0.07950520
v 0.39319870 -0.00626936 -0.07056157
v 0.40140373 0.00325960 -0.08362199
v 0.34305543 0.00237845 -0.04145718
v 0.36182404 -0.00203336 -0.04243954
v 0.40361226 0.01540410 -0.09092384
v 0.31986186 0.00641998 -0.04060758
v 0.40663525 0.06539758 -0.06289564
v 0.38198447 0.06979020 -0.05206540
v 0.37057859 0.06782739 -0.05263399
v 0.55064607 0.05894867 -0.05474574
v 0.47201586 0.04825036 -0.02845034
v 0.42712948 0.02566315 -0.02885893
v 0.42913187 0.01265789 -0.03064327
v 0.39008805 0.01018618 -0.08664050
v 0.38026455 0.01079582 -0.08409106
v 0.38049793 0.00282747 -0.07645897
v 0.37123767 0.03771677 -0.02013849
v 0.37240383 0.02262820 -0.01936412
v 0.55407023 0.00395943 -0.07394091
v 0.38496092 0.01970294 -0.02161280
v 0.42447636 0.06773365 -0.06118292
v 0.01682365 0.06189240 -0.11059821
v 0.13320678 -0.09121776 0.01113091
v 0.10241687 -0.12020595 0.04472958
v 0.11418222 -0.11534685 0.03356965
v 0.14789255 -0.03585039 -0.00898744
v 0.15244672 -0.02584257 -0.01246391
v 0.17326710 -0.00053353 -0.02421000
v 0.18038687 0.00545345 -0.02994885
v 0.13704549 -0.05485843 0.01611204
v 0.00859013 -0.26113492 0.08939885
v 0.04180860 -0.27465731 -0.08621227
v 0.02162134 -0.27468002 -0.08753603
v 0.02400934 -0.29230219 -0.09363305
v 0.04573590 -0.29247186 -0.09153547
v 0.02642455 -0.31148469 -0.10036886
v 0.14401078 -0.34043550 -0.05349312
v 0.13835971 -0.31947792 -0.05161591
v 0.12532394 -0.32240149 -0.07135738
v 0.13043672 -0.34450287 -0.07503685
v 0.14138994 -0.30213752 -0.02820312
v 0.13182937 -0.30206808 -0.04969828
v 0.14720409 -0.31865096 -0.02848560
v 0.15044875 -0.32143232 -0.00442834
v 0.14492998 -0.30439529 -0.00506784
v 0.14776598 -0.32787737 0.01782986
v 0.14234996 -0.30953708 0.01684261
v 0.14005129 -0.33565047 0.03753170
v 0.12645128 -0.34324822 0.05373053
v 0.11151059 -0.37137347 0.06588886
v 0.08602340 -0.35847777 0.07320663
v 0.10714352 -0.35089761 0.06491685
v 0.04549720 -0.36967403 0.08442519
v 0.06463480 -0.36512953 0.07939921
v 0.01357316 -0.37486842 0.09061454
v 0.02879197 -0.37279794 0.08813351
v 0.10004156 0.08555163 0.01619454
v 0.09475542 0.13551047 -0.07819515
v 0.10433255 0.14261279 -0.05898503
v 0.08233804 0.13841590 -0.07811019
v 0.11164398 0.08288298 -0.11055265
v 0.11462418 0.10254851 -0.10142643
v 0.09508009 0.09447274 -0.11080026
v 0.09251694 0.07701597 -0.11705691
v 0.07183410 0.12968622 -0.09085905
v 0.06550780 0.13136756 -0.09001212
v 0.08104219 0.12563966 -0.09333576
v 0.04961079 0.10911804 -0.10710580
v 0.06521741 0.11757775 -0.10366554
v 0.14576584 0.13545813 -0.05465388
v 0.14331475 0.12234189 -0.07461382
v 0.15346877 0.12039669 -0.06957840
v 0.15765478 0.13403991 -0.05035885
v 0.13701260 0.06974591 -0.10180085
v 0.13526747 0.05348751 -0.10543585
v 0.14548697 0.05565353 -0.10018323
v 0.14646280 0.07104292 -0.09660100
v 0.17431253 0.12113878 -0.03605444
v 0.17204987 0.11683144 -0.05526180
v 0.17936629 0.11515954 -0.05197792
v 0.18183684 0.11755449 -0.03388948
v 0.14739370 0.08707096 -0.09038442
v 0.08087137 -0.03262393 -0.11974634
v 0.11511757 -0.01614966 -0.11349627
v 0.09842403 -0.02510946 -0.11736928
v 0.14973189 0.00606677 -0.09649892
v 0.14029747 -0.00053330 -0.10149889
v 0.14320359 -0.01198543 -0.09620119
v 0.16818316 0.01970657 -0.08848794
v 0.15912555 0.01274868 -0.09222963
v 0.18584299 0.05083659 0.00618728
v 0.17439170 0.05193517 0.01293849
v 0.17314002 0.07534502 0.00910235
v 0.18046235 0.01916431 -0.07720155
v 0.18852103 0.02598762 -0.07698570
v 0.18698356 0.03097419 -0.07957233
v 0.17837445 0.02407263 -0.08021496
v 0.13447836 0.13705808 -0.05801114
v 0.17009291 0.10549716 -0.06874661
v 0.16818418 0.09464946 -0.07739168
v 0.17683513 0.09729043 -0.07483240
v 0.17772374 0.10653213 -0.06541862
v 0.16943260 0.08226213 -0.08494401
v 0.17088048 0.06942809 -0.09007290
v 0.18034041 0.07407616 -0.08708525
v 0.17840016 0.08581565 -0.08205236
v 0.18634900 0.03642806 -0.08292000
v 0.17598435 0.02961244 -0.08340864
v 0.19478907 0.10549142 -0.01475698
v 0.16380635 0.13029543 -0.02074452
v 0.15969446 0.11588608 0.00082775
v 0.15200776 0.12365344 -0.00203592
v 0.15642942 0.13639390 -0.02485653
v 0.20322660 0.00862960 -0.04645679
v 0.20000085 0.01154917 -0.03661373
v 0.20500372 0.00717582 -0.05537328
v 0.18142921 0.00620875 -0.06930118
v 0.20597470 0.00912392 -0.06316177
v 0.19786629 0.03353844 -0.00583774
v 0.19855568 0.04925669 0.00015604
v 0.15472230 0.09131239 0.01090566
v 0.14678903 0.10025219 0.01033655
v 0.19278997 0.11405028 -0.03282010
v 0.18997288 0.11271112 -0.05015932
v 0.20310119 0.03238340 -0.08115329
v 0.21517006 0.03802457 -0.08539557
v 0.20106360 0.03664295 -0.08363990
v 0.17097807 -0.00467528 -0.07566723
v 0.18151580 0.01412505 -0.07352983
v 0.16478135 0.13109033 -0.04521235
v 0.18843490 0.10570179 -0.06318875
v 0.18748395 0.09765071 -0.07299800
v 0.16220509 0.07749990 -0.08830523
v 0.16164464 0.09102218 -0.08116189
v 0.15511146 0.08837261 -0.08555496
v 0.15482311 0.07351656 -0.09238420
v 0.19021176 0.07917423 -0.08479346
v 0.19287346 0.06772132 -0.08819570
v 0.16272086 0.06402806 -0.09285973
v 0.15454172 0.05926377 -0.09628881
v 0.19942988 0.04251269 -0.08606262
v 0.13904907 0.10673323 0.00823562
v 0.13547491 0.08191647 0.01530701
v 0.12633371 0.08526075 0.01525367
v 0.15313631 0.06619976 0.01651856
v 0.14381403 0.07509241 0.01605706
v 0.16384076 0.05696692 0.01601810
v 0.11443458 0.08544475 0.01535498
v 0.39837638 0.01232017 -0.08954009
v 0.22711578 0.04400702 -0.08773088
v 0.21828952 0.03328594 -0.08329701
v 0.23151049 0.03838719 -0.08617578
v 0.27710924 0.05505871 -0.08611087
v 0.39288875 0.04399355 -0.07798599
v 0.39973581 0.04352386 -0.07851497
v 0.44442841 0.04960640 -0.08442708
v 0.46501809 0.06271110 -0.07166489
v 0.44502622 0.06080529 -0.07142352
v 0.44927946 0.06480147 -0.03440833
v 0.44919300 0.05201958 -0.02773348
v 0.45037863 0.01049804 -0.03381659
v 0.45007375 0.00835523 -0.08758847
v 0.59089065 0.04974349 -0.04139768
v 0.59068263 0.05508535 -0.05031203
v 0.61086750 0.05303142 -0.04809730
v 0.61082047 0.04670418 -0.04021919
v 0.62972260 0.03458237 -0.03661137
v 0.61072278 0.03793432 -0.03761630
v 0.63055146 0.04403446 -0.03753229
v 0.62869102 0.02670263 -0.04037518
v 0.61029524 0.02989359 -0.04013687
v 0.62799203 0.02082741 -0.04694442
v 0.62785745 0.01520655 -0.05369693
v 0.61025321 0.01656550 -0.05205108
v 0.61005950 0.02267722 -0.04551774
v 0.61077553 0.01244832 -0.05993678
v 0.61069328 0.01103255 -0.06877397
v 0.59224546 0.00864204 -0.06703956
v 0.59198880 0.01173070 -0.05768109
v 0.62749863 0.02006301 -0.08388583
v 0.62715721 0.02776096 -0.08658213
v 0.60871571 0.02543627 -0.08808078
v 0.60944009 0.01753313 -0.08474813
v 0.58874810 0.04160151 -0.08724659
v 0.58869022 0.03194179 -0.08994102
v 0.60869777 0.03490676 -0.08807065
v 0.60865605 0.04404785 -0.08586846
v 0.62734383 0.04654495 -0.08567645
v 0.62803411 0.05185419 -0.07782821
v 0.60947001 0.04979615 -0.07921627
v 0.55159152 0.05453147 -0.04480910
v 0.57122201 0.05227535 -0.04316935
v 0.57161415 0.04371290 -0.03802355
v 0.57168406 0.02502004 -0.04159372
v 0.57153106 0.03395472 -0.03801704
v 0.59099042 0.03166978 -0.03907328
v 0.59105927 0.02368326 -0.04354983
v 0.55446815 0.00439272 -0.06252851
v 0.57289255 0.01095617 -0.05535262
v 0.57347399 0.00661390 -0.06502541
v 0.59141833 0.01720797 -0.04987996
v 0.57207847 0.01753770 -0.04773844
v 0.59172320 0.00932862 -0.07683616
v 0.61021411 0.01250521 -0.07774998
v 0.59053552 0.05542051 -0.06111610
v 0.59022176 0.05346122 -0.07176927
v 0.61035210 0.05285911 -0.06922856
v 0.61075521 0.05445184 -0.05858108
v 0.57304847 0.00671504 -0.07533050
v 0.56963158 0.05439589 -0.07457174
v 0.57027465 0.05701544 -0.06380704
v 0.58944690 0.04899231 -0.08117451
v 0.56903923 0.04809816 -0.08381266
v 0.63002914 0.05417875 -0.05621326
v 0.63035226 0.05168243 -0.04539246
v 0.57068461 0.05696288 -0.05259801
v 0.59067434 0.01421126 -0.08505707
v 0.58937097 0.02240366 -0.08961630
v 0.57008362 0.01931310 -0.09034906
v 0.57173318 0.01132588 -0.08466800
v 0.54765153 0.03762453 -0.09172524
v 0.56868899 0.02910429 -0.09149023
v 0.56837916 0.03926387 -0.08950020
v 0.62733722 0.03711653 -0.08742958
v 0.54814887 0.04749158 -0.08662768
v 0.70633698 0.01790028 -0.03829319
v 0.71557331 0.01081159 -0.04063168
v 0.71106446 0.01200331 -0.04921854
v 0.70244408 0.01822497 -0.04745262
v 0.68202269 0.03337085 -0.02412234
v 0.69032723 0.03346556 -0.01527845
v 0.69270617 0.02841412 -0.02171376
v 0.68668711 0.03037087 -0.03141447
v 0.70962590 0.01656066 -0.03045557
v 0.71893883 0.01238530 -0.03252367
v 0.72709882 0.01247348 -0.03363211
v 0.71919227 0.01852980 -0.02664259
v 0.72764230 0.01888458 -0.02954923
v 0.72415137 0.02923326 -0.03035544
v 0.73414344 0.02876268 -0.03398021
v 0.73503363 0.02041382 -0.03097428
v 0.71514976 0.04002603 -0.05343650
v 0.71178126 0.04096256 -0.06358134
v 0.72643948 0.03908176 -0.06444800
v 0.72916317 0.03708128 -0.05403947
v 0.71736318 0.03510327 -0.08192007
v 0.72312969 0.03662973 -0.07301089
v 0.70829356 0.03953817 -0.07158285
v 0.70391923 0.03755098 -0.07962184
v 0.69824088 0.01669117 -0.05687019
v 0.70667380 0.01303301 -0.05736746
v 0.70452982 0.01255608 -0.06307006
v 0.69511837 0.01416430 -0.06339395
v 0.72115099 0.02467039 -0.02418869
v 0.71811855 0.02310941 -0.01705007
v 0.71949720 0.02667748 -0.01522960
v 0.71827924 0.03030784 -0.02221426
v 0.65977508 0.00819531 -0.06588851
v 0.67037284 0.00718667 -0.06881390
v 0.67076015 0.00539160 -0.07589620
v 0.65895575 0.00694655 -0.07397237
v 0.66051793 0.01263938 -0.04664722
v 0.65477884 0.01968203 -0.03688652
v 0.66293949 0.02199712 -0.03149281
v 0.66676104 0.01826127 -0.03931703
v 0.67334735 0.03043450 -0.02568096
v 0.68518019 0.04142750 -0.01941161
v 0.67449355 0.02844148 -0.03210137
v 0.69468522 0.04156632 -0.01141674
v 0.66598076 0.00812291 -0.08743849
v 0.65733635 0.01054896 -0.08406396
v 0.76236272 -0.01911168 -0.04120452
v 0.76347649 -0.01718070 -0.03620601
v 0.76705050 -0.02164983 -0.03630482
v 0.76639491 -0.02339251 -0.04130105
v 0.65799081 0.03506639 -0.08949656
v 0.65702641 0.02600123 -0.09080581
v 0.66378307 0.02624772 -0.09288460
v 0.66512913 0.03500608 -0.08984920
v 0.67239118 0.02631976 -0.09576511
v 0.67411172 0.03516457 -0.09059560
v 0.77069443 -0.01117156 -0.03330562
v 0.77436441 -0.00888919 -0.03580997
v 0.77789599 -0.01405672 -0.03533267
v 0.77401823 -0.01636346 -0.03310679
v 0.72026634 0.00995656 -0.04921840
v 0.72457451 0.00868637 -0.04105001
v 0.73310959 0.00901505 -0.03966584
v 0.74010134 0.00952022 -0.03810302
v 0.74042201 0.00708743 -0.04414989
v 0.73156250 0.00901881 -0.04839875
v 0.71725559 0.01173541 -0.06014459
v 0.72816384 0.01033932 -0.06037126
v 0.72375625 0.01115146 -0.06705624
v 0.71318990 0.01206045 -0.06694976
v 0.71813554 0.00801668 -0.08527774
v 0.70971501 0.00788658 -0.08431835
v 0.70986772 0.00969462 -0.07850833
v 0.71976537 0.00955029 -0.07887723
v 0.74410641 0.00841542 -0.07987320
v 0.73777968 0.01046212 -0.07928494
v 0.73921478 0.01012543 -0.07438114
v 0.74594033 0.00779257 -0.07520042
v 0.65064120 0.03624708 -0.08922274
v 0.65021324 0.02691770 -0.08939028
v 0.71324867 0.02094149 -0.10755888
v 0.71730942 0.02780971 -0.10146053
v 0.70797837 0.02903239 -0.09799632
v 0.70358342 0.02216669 -0.10379303
v 0.66771251 0.04188578 -0.08339303
v 0.66005319 0.04294932 -0.08402827
v 0.77698499 -0.00793556 -0.04049359
v 0.78032434 -0.01289806 -0.04020006
v 0.68945825 0.04375669 -0.02097604
v 0.70170683 0.04520524 -0.01239535
v 0.67556167 0.03646655 -0.02771376
v 0.65596592 0.03050525 -0.03380357
v 0.66508687 0.03195966 -0.03220972
v 0.73613662 0.00880983 -0.05317104
v 0.71438813 0.01178216 -0.05606142
v 0.70261329 0.01197941 -0.06739693
v 0.69398844 0.00525879 -0.08591820
v 0.70085555 0.00563199 -0.08838068
v 0.69832718 0.00519451 -0.09512360
v 0.69049281 0.00551130 -0.09472661
v 0.71339369 0.00742382 -0.10346153
v 0.71188253 0.01292793 -0.10798497
v 0.70274067 0.01349015 -0.10527242
v 0.70502687 0.00729688 -0.10169511
v 0.72085041 0.03104263 -0.01128221
v 0.71443903 0.03444925 -0.01828342
v 0.65679169 0.01712521 -0.08929818
v 0.66388041 0.01652111 -0.09275223
v 0.64944410 0.01925101 -0.08629883
v 0.67226976 0.01086848 -0.05806111
v 0.68474948 0.01492634 -0.06218658
v 0.68270099 0.01174451 -0.06673546
v 0.67066181 0.00888729 -0.06395125
v 0.69270682 0.02497755 -0.04587160
v 0.68121243 0.02389228 -0.04180775
v 0.69645053 0.02621013 -0.03579802
v 0.65989834 0.00958198 -0.05806936
v 0.65113056 0.01210143 -0.05566982
v 0.65092444 0.01148641 -0.06428895
v 0.65025884 0.01136113 -0.07311102
v 0.64958513 0.01413183 -0.08138672
v 0.64166129 0.01383832 -0.05466506
v 0.64180839 0.01291038 -0.06290712
v 0.64160156 0.01363231 -0.07169297
v 0.64138973 0.01585884 -0.07931741
v 0.65159678 0.04497451 -0.08447186
v 0.64134228 0.04694745 -0.08529729
v 0.64093864 0.03736895 -0.08861396
v 0.65202767 0.01470030 -0.04674910
v 0.64234698 0.01792130 -0.04690827
v 0.64330012 0.02245514 -0.03868464
v 0.64506853 0.03162552 -0.03512402
v 0.70709419 0.01970225 -0.01431093
v 0.70375675 0.02250659 -0.02011281
v 0.69773161 0.02489236 -0.01491798
v 0.70259160 0.02158192 -0.00932054
v 0.74139243 0.01383849 -0.03359600
v 0.73413837 0.01383692 -0.03340257
v 0.74334550 0.02002145 -0.03263075
v 0.67903906 0.00486239 -0.08122467
v 0.67488885 0.00699386 -0.09092484
v 0.74203837 0.00649042 -0.04929912
v 0.75691044 0.00319350 -0.03420448
v 0.76162773 0.00587334 -0.03691304
v 0.77010077 -0.00334008 -0.03640651
v 0.76618266 -0.00585525 -0.03370089
v 0.74863476 -0.00549116 -0.04711324
v 0.75296408 -0.00457549 -0.05121056
v 0.74861968 0.00306023 -0.05273273
v 0.74474281 0.00157441 -0.04786491
v 0.73967779 0.00820387 -0.08590712
v 0.73499715 0.00972697 -0.08562300
v 0.74406457 0.03211508 -0.04379097
v 0.73145735 0.03615036 -0.04279152
v 0.74395430 0.02927906 -0.05501311
v 0.72936249 0.00983310 -0.07911913
v 0.72125053 0.01070910 -0.07329988
v 0.73079830 0.01034704 -0.07397804
v 0.74305522 0.01003117 -0.05915462
v 0.73615670 0.00992011 -0.06025591
v 0.73935312 0.00911204 -0.05553792
v 0.74368429 0.00759869 -0.05369038
v 0.69272143 0.02446276 -0.10100573
v 0.69176859 0.01315439 -0.10282522
v 0.76656944 -0.01417707 -0.03352155
v 0.76995379 -0.01913073 -0.03373045
v 0.64098155 0.02770654 -0.08723021
v 0.64127904 0.02053436 -0.08426100
v 0.71100342 0.01119759 -0.07261294
v 0.71903485 0.03727581 -0.04224974
v 0.70096755 0.01096248 -0.07216129
v 0.74019825 0.01463587 -0.09415479
v 0.74364662 0.01842191 -0.09297143
v 0.73531121 0.02438703 -0.09178888
v 0.73370600 0.01845692 -0.09574984
v 0.76437706 -0.01856358 -0.04630994
v 0.76824898 -0.01625505 -0.04961031
v 0.76274908 -0.01169486 -0.05000225
v 0.75884974 -0.01392420 -0.04640394
v 0.74855405 -0.00237659 -0.03742663
v 0.74738860 -0.00480350 -0.04212376
v 0.74304420 0.00248041 -0.04306344
v 0.74411309 0.00612859 -0.03796435
v 0.74653447 0.00887712 -0.03477896
v 0.75227690 0.00030156 -0.03470362
v 0.76296872 0.00499972 -0.04879979
v 0.75903809 -0.00099956 -0.05181377
v 0.76803535 -0.00792112 -0.05089766
v 0.77191126 -0.00372505 -0.04719810
v 0.69111347 0.04044261 -0.07752180
v 0.68777573 0.03759404 -0.08549966
v 0.70025718 0.03461111 -0.08791079
v 0.71266717 0.03187228 -0.09061769
v 0.72484314 0.02736118 -0.09276389
v 0.73036832 0.03235442 -0.08417521
v 0.69669479 0.03133683 -0.09460950
v 0.75257528 0.01923564 -0.05959022
v 0.75161761 0.01238389 -0.05816920
v 0.75388950 0.01844431 -0.05149071
v 0.69925630 0.00905277 -0.07898249
v 0.76180989 -0.00914496 -0.03391306
v 0.66622859 0.04458822 -0.04222479
v 0.66571850 0.04927262 -0.05316463
v 0.67538273 0.04770471 -0.05395201
v 0.67578477 0.04304012 -0.04142870
v 0.75701421 -0.01408098 -0.04150785
v 0.75811595 -0.01263719 -0.03651273
v 0.73814040 0.00942534 -0.09484299
v 0.73422396 0.01165768 -0.09687124
v 0.73401743 0.01015210 -0.09211413
v 0.73841047 0.00926795 -0.09101015
v 0.68492067 0.03416540 -0.09210355
v 0.72555017 0.02704440 -0.10471851
v 0.72151345 0.02119762 -0.10991937
v 0.67025608 0.04580532 -0.07437518
v 0.67662728 0.04037951 -0.08390626
v 0.67946440 0.04345550 -0.07572197
v 0.73965353 0.03019712 -0.07423546
v 0.69486481 0.04233364 -0.07029376
v 0.68250394 0.04507080 -0.06840961
v 0.67229724 0.04768036 -0.06575264
v 0.66373312 0.04976727 -0.06467113
v 0.66214198 0.04772561 -0.07399023
v 0.77650607 -0.00944165 -0.04648308
v 0.77252436 -0.00230875 -0.04131225
v 0.65286070 0.04988063 -0.07426330
v 0.64199299 0.05194382 -0.07582708
v 0.65448844 0.05160557 -0.06446705
v 0.64337754 0.05307752 -0.06576127
v 0.68549681 0.04601550 -0.06024332
v 0.68862706 0.04525273 -0.05152041
v 0.69786924 0.04337618 -0.06241187
v 0.70153111 0.04232903 -0.05297489
v 0.74071825 0.03505070 -0.06505485
v 0.77296287 -0.02111039 -0.04937991
v 0.77947265 -0.02712242 -0.04878844
v 0.78295481 -0.02461877 -0.04789301
v 0.77716565 -0.01829761 -0.04879406
v 0.77284312 -0.01311672 -0.04978435
v 0.78003550 -0.01495562 -0.04567303
v 0.70638287 0.03976793 -0.04178766
v 0.74780542 0.00753845 -0.05866687
v 0.69268066 0.04171171 -0.03886348
v 0.71422195 0.03582834 -0.02968214
v 0.70586771 0.03841219 -0.02661519
v 0.67645895 0.04090608 -0.03219335
v 0.69150877 0.04451837 -0.02651661
v 0.65709502 0.03889094 -0.03628184
v 0.66600084 0.03890103 -0.03545266
v 0.64612329 0.04045675 -0.03638783
v 0.70515800 0.04475522 -0.01809159
v 0.77212822 -0.02813036 -0.03721592
v 0.77194560 -0.02928036 -0.04241436
v 0.64632738 0.04914917 -0.04321168
v 0.65737438 0.04617054 -0.04242446
v 0.70029396 0.02329882 -0.02715723
v 0.69147170 0.01092140 -0.07140355
v 0.68994105 0.00839552 -0.07664268
v 0.68720496 0.00497559 -0.08373924
v 0.68317515 0.00614780 -0.09369088
v 0.64497471 0.05350609 -0.05430445
v 0.62832379 0.01282115 -0.06176488
v 0.62827069 0.01320711 -0.07046181
v 0.62910104 0.05344724 -0.06745944
v 0.77503365 -0.02575571 -0.03420644
v 0.74953508 0.00801931 -0.07696120
v 0.74861115 0.00932262 -0.07925008
v 0.69587082 0.03030730 -0.00922694
v 0.70191628 0.02590898 -0.00473169
v 0.69994307 0.03638076 -0.00544343
v 0.70782667 0.04102445 -0.00581141
v 0.71260798 0.03344904 -0.00201252
v 0.70593625 0.02971830 -0.00215067
v 0.68166292 0.00916860 -0.07042341
v 0.68103480 0.00708037 -0.07502254
v 0.68141228 0.01495129 -0.10035042
v 0.68206793 0.02596464 -0.09845635
v 0.75044662 0.01262310 -0.03411003
v 0.74546242 0.02529340 -0.03625302
v 0.75430810 0.01496954 -0.03741710
v 0.76368546 0.00764362 -0.04260567
v 0.75316858 0.00619250 -0.05365603
v 0.75088471 0.00739151 -0.05736026
v 0.67639685 0.01537859 -0.05061118
v 0.68875748 0.01961804 -0.05512781
v 0.71113402 0.01936505 -0.02372564
v 0.71367514 0.02034655 -0.01804254
v 0.73265165 0.01023856 -0.06706417
v 0.75227803 0.02178584 -0.07292277
v 0.75306523 0.02569962 -0.06588741
v 0.74074018 0.01047112 -0.06697731
v 0.78292018 -0.02125470 -0.03530612
v 0.77892113 -0.02367033 -0.03340726
v 0.75559556 0.01963499 -0.04376332
v 0.72725326 0.00868440 -0.08579846
v 0.74740863 0.02038161 -0.07904702
v 0.75191003 0.01273343 -0.07587764
v 0.71807241 0.01367443 -0.10893270
v 0.65654182 0.05122433 -0.05313100
v 0.77443719 -0.02893584 -0.04711388
v 0.76845443 -0.02313180 -0.04662029
v 0.78472573 -0.02159049 -0.04502843
v 0.78487611 -0.01993646 -0.04022572
v 0.67226321 0.01603250 -0.09689306
v 0.69305021 0.01256427 -0.06752597
v 0.62790883 0.01540103 -0.07830879
v 0.71905726 0.03499519 -0.00561102
v 0.71373004 0.04152921 -0.01087119
v 0.74588728 0.00813482 -0.06712462
v 0.73017496 0.02375632 -0.09872045
v 0.74931389 0.01986890 -0.08816557
v 0.75234854 0.01467797 -0.08235414
v 0.74089110 0.02778969 -0.08623685
v 0.75182539 0.00962928 -0.08076335
v 0.78881633 -0.02668695 -0.04492864
v 0.78899419 -0.02543932 -0.04002654
v 0.78702432 -0.02665147 -0.03520612
v 0.78272843 -0.02865045 -0.03370676
v 0.77861959 -0.03024822 -0.03471656
v 0.78716052 -0.02932272 -0.04768740
v 0.78378940 -0.03159347 -0.04878671
v 0.77848989 -0.03290514 -0.04718627
v 0.79069281 -0.03386312 -0.04788803
v 0.79352838 -0.03237448 -0.04472043
v 0.79496872 -0.03487700 -0.03681355
v 0.79709595 -0.03814970 -0.03641114
v 0.79429597 -0.03834970 -0.03431113
v 0.79208678 -0.03286715 -0.03521333
v 0.79689598 -0.04274969 -0.03491113
v 0.79989594 -0.04194970 -0.03671113
v 0.79546106 -0.03357913 -0.03971354
v 0.79859596 -0.03724970 -0.03991114
v 0.80109596 -0.04144968 -0.04401113
v 0.80189598 -0.04124968 -0.04031114
v 0.79780656 -0.03782931 -0.04360920
v 0.79571569 -0.03451085 -0.04280715
v 0.79308915 -0.03044112 -0.03992711
v 0.80409598 -0.04474969 -0.04041113
v 0.80229598 -0.04754968 -0.04091113
v 0.79969597 -0.04614969 -0.03681114
v 0.80189598 -0.04454969 -0.03721114
v 0.78641611 -0.03339122 -0.03390864
v 0.79049593 -0.03924970 -0.03431113
v 0.79369599 -0.04404970 -0.03551114
v 0.79669595 -0.04744969 -0.03771114
v 0.79129595 -0.04534970 -0.03741113
v 0.78743255 -0.04096061 -0.03590755
v 0.79399598 -0.04794969 -0.03951114
v 0.78999603 -0.04644967 -0.04011113
v 0.78556967 -0.04269241 -0.03910462
v 0.77945399 -0.03591233 -0.03830300
v 0.78203559 -0.03435699 -0.03520688
v 0.79249597 -0.04784970 -0.04091113
v 0.79927629 -0.04843528 -0.04190310
v 0.79637468 -0.03762408 -0.04639978
v 0.79937822 -0.04209255 -0.04650120
v 0.79415059 -0.03875729 -0.04810293
v 0.79731572 -0.04320481 -0.04779783
v 0.80339599 -0.04414968 -0.04391114
v 0.80189598 -0.04584970 -0.04531113
v 0.77566069 -0.03192089 -0.03770482
v 0.77571297 -0.03274556 -0.04300031
v 0.77934742 -0.03679154 -0.04349791
v 0.78543174 -0.04339024 -0.04389976
v 0.78229344 -0.03649116 -0.04749181
v 0.78757095 -0.03537712 -0.04888933
v 0.79156429 -0.04044670 -0.04860274
v 0.78797346 -0.04209752 -0.04769448
v 0.79192394 -0.04601154 -0.04680855
v 0.79442775 -0.04470205 -0.04790761
v 0.79030585 -0.04683708 -0.04371033
v 0.79620218 -0.04754045 -0.04611050
v 0.79919666 -0.04694853 -0.04611105
v 0.79400420 -0.04753815 -0.04571037
v 0.79339629 -0.04804923 -0.04331110
v 0.79599595 -0.04854970 -0.04271113
v 0.76679856 -0.02013575 -0.07131016
v 0.76803845 -0.01934534 -0.06660938
v 0.77278769 -0.02504384 -0.06800984
v 0.77165908 -0.02590572 -0.07290787
v 0.77432698 -0.01413092 -0.06280738
v 0.77814192 -0.01025175 -0.06460971
v 0.78201383 -0.01596782 -0.06540559
v 0.77813411 -0.02002855 -0.06390693
v 0.77973807 -0.00785838 -0.07021361
v 0.78323543 -0.01391013 -0.07091673
v 0.75835156 0.00270087 -0.06056938
v 0.76197267 0.00746632 -0.06183562
v 0.77300549 -0.00414719 -0.06350762
v 0.76899910 -0.00840491 -0.06180969
v 0.75128454 -0.00090577 -0.07381120
v 0.75399822 -0.00067542 -0.07679252
v 0.77084368 -0.01721627 -0.06390785
v 0.77507967 -0.02303810 -0.06520623
v 0.76782387 -0.01950998 -0.07580706
v 0.77054173 -0.01743008 -0.07911331
v 0.76451546 -0.01132484 -0.07790654
v 0.76151741 -0.01372220 -0.07470776
v 0.75160158 -0.00205022 -0.06231121
v 0.75076044 -0.00110074 -0.06802089
v 0.75476235 -0.00079242 -0.06049770
v 0.76245070 0.00803680 -0.07395197
v 0.75894850 0.00305929 -0.07697638
v 0.76866198 -0.00811747 -0.07871934
v 0.77264053 -0.00398572 -0.07591808
v 0.76511639 -0.01158259 -0.06260738
v 0.76054102 -0.01415557 -0.06980506
v 0.76192528 -0.01377924 -0.06510690
v 0.77774990 -0.01031541 -0.07671849
v 0.77441788 -0.00184291 -0.06941201
v 0.77550918 -0.02295419 -0.08031379
v 0.78288835 -0.02998055 -0.08141026
v 0.78580111 -0.02674371 -0.08041488
v 0.77890599 -0.01985761 -0.08001969
v 0.77401257 -0.01437343 -0.07941785
v 0.78183848 -0.01596509 -0.07711805
v 0.77993661 -0.03334620 -0.07000590
v 0.77939850 -0.03391821 -0.07500566
v 0.78192991 -0.03155617 -0.06700691
v 0.76426053 0.01101965 -0.06741177
v 0.78809774 -0.02442877 -0.06681366
v 0.78462452 -0.02846231 -0.06590851
v 0.78013831 -0.03265998 -0.07929552
v 0.77280879 -0.02504325 -0.07739712
v 0.78828472 -0.02348424 -0.07761726
v 0.78935349 -0.02168724 -0.07191747
v 0.79281151 -0.02948421 -0.07831332
v 0.79433876 -0.02778255 -0.07330178
v 0.79331225 -0.03046983 -0.06820735
v 0.78942841 -0.03395001 -0.06710701
v 0.78634328 -0.03622486 -0.06830597
v 0.79074305 -0.03182906 -0.08089859
v 0.78798038 -0.03430174 -0.08188710
v 0.78447288 -0.03667217 -0.08009252
v 0.79538614 -0.03702286 -0.08208381
v 0.79842186 -0.03565403 -0.07978988
v 0.80401641 -0.04207847 -0.07330842
v 0.80772591 -0.04564695 -0.07410731
v 0.80532235 -0.04726735 -0.07260809
v 0.80210727 -0.04271254 -0.07080972
v 0.80177414 -0.03886410 -0.07291015
v 0.79907632 -0.03707205 -0.07021080
v 0.80158097 -0.03782580 -0.07571229
v 0.80495739 -0.04056302 -0.07690884
v 0.80763507 -0.04442094 -0.08180047
v 0.80945301 -0.04423865 -0.07820328
v 0.80331194 -0.04121146 -0.08010770
v 0.80084056 -0.03836859 -0.07871134
v 0.80865145 -0.05057901 -0.07540493
v 0.81054300 -0.04849096 -0.07540534
v 0.79890788 -0.03416521 -0.07471471
v 0.79401475 -0.03859305 -0.06830888
v 0.79880935 -0.04431070 -0.07010964
v 0.80262941 -0.04915591 -0.07270767
v 0.80586624 -0.05215332 -0.07610402
v 0.80004913 -0.05061311 -0.07390609
v 0.79563177 -0.04625757 -0.07130763
v 0.80308867 -0.05260764 -0.07710234
v 0.79820168 -0.05139362 -0.07660169
v 0.79318649 -0.04773685 -0.07440305
v 0.78748953 -0.04132646 -0.07230217
v 0.79014432 -0.04012306 -0.06920608
v 0.80111486 -0.05245097 -0.07810024
v 0.81119913 -0.05102104 -0.07979929
v 0.80782306 -0.05238430 -0.08029797
v 0.81317365 -0.04796951 -0.07910094
v 0.80141479 -0.04167676 -0.08170513
v 0.80556715 -0.04563714 -0.08309709
v 0.79974407 -0.04249059 -0.08350115
v 0.80400670 -0.04664599 -0.08449374
v 0.81101340 -0.04703784 -0.08249604
v 0.80944294 -0.04877558 -0.08339384
v 0.78406858 -0.03757459 -0.07130378
v 0.78324991 -0.03780892 -0.07590307
v 0.78639984 -0.04159618 -0.07689867
v 0.79228437 -0.04751612 -0.07899464
v 0.78781903 -0.04051609 -0.08099791
v 0.79199398 -0.03900100 -0.08270093
v 0.79702389 -0.04373604 -0.08389628
v 0.79393214 -0.04576978 -0.08269297
v 0.79882514 -0.04919071 -0.08328910
v 0.80151892 -0.04775738 -0.08438741
v 0.79756850 -0.05093961 -0.08029579
v 0.80418903 -0.05071833 -0.08359174
v 0.80707371 -0.05012291 -0.08379196
v 0.80159706 -0.05103179 -0.08289196
v 0.80145556 -0.05224564 -0.08059640
v 0.80464184 -0.05265897 -0.08049700
v 0.75713056 -0.01278133 -0.09371058
v 0.76060712 -0.01209105 -0.08970957
v 0.76420343 -0.01674201 -0.09160996
v 0.76093340 -0.01757235 -0.09570695
v 0.76720268 -0.00695549 -0.08791348
v 0.76884085 -0.00318410 -0.08972294
v 0.77252477 -0.00887186 -0.09212658
v 0.77088028 -0.01167237 -0.09021462
v 0.76829535 -0.00098703 -0.09493151
v 0.77244502 -0.00717158 -0.09674235
v 0.75530541 0.00402599 -0.08310915
v 0.75749159 0.00856503 -0.08501387
v 0.76460105 0.00184099 -0.08790842
v 0.76295865 -0.00231022 -0.08590372
v 0.76428443 -0.00998356 -0.08800708
v 0.76800019 -0.01454071 -0.09011029
v 0.75603187 -0.01202087 -0.09810644
v 0.75720990 -0.00996761 -0.10110135
v 0.75192058 -0.00508365 -0.09890943
v 0.75081468 -0.00723189 -0.09580942
v 0.74378717 0.00125810 -0.08791777
v 0.74735618 0.00126596 -0.08411016
v 0.75142920 0.00168089 -0.08290191
v 0.75149512 0.01018493 -0.09558167
v 0.74662387 0.00646226 -0.09640711
v 0.75520110 -0.00153973 -0.10061231
v 0.75963736 0.00259603 -0.09891541
v 0.75981981 -0.00575898 -0.08610644
v 0.75201100 -0.00852948 -0.09161043
v 0.75568348 -0.00795692 -0.08771027
v 0.76457500 -0.00248919 -0.10041194
v 0.76340359 0.00397918 -0.09321749
v 0.76171488 -0.01486702 -0.10348518
v 0.77007675 -0.02161543 -0.10652668
v 0.77311397 -0.01888671 -0.10645223
v 0.76513052 -0.01146416 -0.10425029
v 0.76027572 -0.00664002 -0.10264765
v 0.76929420 -0.00822680 -0.10185345
v 0.77052534 -0.02388019 -0.09480780
v 0.76795417 -0.02452590 -0.09900515
v 0.77380824 -0.02161440 -0.09330945
v 0.75620121 0.01145704 -0.09041400
v 0.74281359 0.00311362 -0.09541594
v 0.77857727 -0.01698353 -0.09501509
v 0.77660018 -0.01943608 -0.09331039
v 0.76767814 -0.02371998 -0.10360194
v 0.76009268 -0.01674736 -0.10029540
v 0.77648717 -0.01605760 -0.10389569
v 0.77882689 -0.01476882 -0.09912439
v 0.78093839 -0.02093136 -0.10554541
v 0.78320396 -0.02001370 -0.10083096
v 0.78321928 -0.02229918 -0.09660515
v 0.78061420 -0.02449093 -0.09520844
v 0.77762496 -0.02627021 -0.09530750
v 0.77784532 -0.02365461 -0.10778626
v 0.77524197 -0.02563856 -0.10769254
v 0.77202439 -0.02721138 -0.10499728
v 0.78133732 -0.02724670 -0.10935797
v 0.78513730 -0.02583686 -0.10694756
v 0.79181361 -0.03198858 -0.10120861
v 0.79549599 -0.03514968 -0.10241114
v 0.79439598 -0.03634970 -0.10071114
v 0.79110247 -0.03252812 -0.09921025
v 0.78970730 -0.02870800 -0.10060938
v 0.78779596 -0.02714970 -0.09851114
v 0.78913087 -0.02727034 -0.10322625
v 0.79252446 -0.03004188 -0.10460667
v 0.79309601 -0.03344955 -0.10931112
v 0.79603809 -0.03339412 -0.10600486
v 0.78964448 -0.03054503 -0.10782319
v 0.78787488 -0.02747400 -0.10623926
v 0.79709595 -0.03874968 -0.10311113
v 0.79789597 -0.03704970 -0.10381114
v 0.78676063 -0.02461135 -0.10219858
v 0.78439593 -0.02874969 -0.09651113
v 0.78839594 -0.03384970 -0.09801114
v 0.79189599 -0.03794970 -0.10011113
v 0.79419595 -0.04044969 -0.10301113
v 0.78889596 -0.03904970 -0.10071114
v 0.78519595 -0.03524970 -0.09861113
v 0.79099596 -0.04104970 -0.10341114
v 0.78649598 -0.03964968 -0.10241114
v 0.78219599 -0.03624968 -0.10031114
v 0.77749902 -0.03104558 -0.09831077
v 0.78089595 -0.03014968 -0.09671114
v 0.78879595 -0.04084970 -0.10401113
v 0.79765290 -0.03886647 -0.10760397
v 0.79446107 -0.04076589 -0.10770397
v 0.79873890 -0.03619492 -0.10720503
v 0.78758126 -0.03047393 -0.10970239
v 0.79099596 -0.03424968 -0.11091114
v 0.78484094 -0.03165428 -0.11062637
v 0.78880721 -0.03552937 -0.11150936
v 0.79595488 -0.03544815 -0.10990309
v 0.79467356 -0.03680458 -0.11070140
v 0.77424723 -0.02742758 -0.09690556
v 0.77198315 -0.02775851 -0.10060233
v 0.77539831 -0.03111968 -0.10189871
v 0.78048265 -0.03635783 -0.10400303
v 0.77544850 -0.03038720 -0.10612003
v 0.77840066 -0.02934501 -0.10883816
v 0.78249896 -0.03332920 -0.11013395
v 0.78048784 -0.03516459 -0.10791303
v 0.78480279 -0.03843934 -0.10911035
v 0.78660834 -0.03692933 -0.11090947
v 0.78489596 -0.03974970 -0.10561114
v 0.78949600 -0.03954963 -0.11021113
v 0.79209596 -0.03844969 -0.11091114
v 0.78759605 -0.04004962 -0.10901113
v 0.78839594 -0.04094969 -0.10651114
v 0.79109597 -0.04134969 -0.10711113
v 0.74249220 0.00253889 -0.09201753
v 0.73640162 0.00094802 -0.11551047
v 0.73940539 0.00106232 -0.11291134
v 0.74179614 -0.00204970 -0.11601111
v 0.73880380 -0.00225080 -0.11851031
v 0.74590909 0.00529448 -0.11221056
v 0.74710512 0.00872332 -0.11470880
v 0.74939662 0.00465071 -0.11811080
v 0.74829596 0.00165032 -0.11571114
v 0.74500489 0.01081022 -0.11920419
v 0.74720401 0.00645352 -0.12210649
v 0.73672956 0.01535605 -0.10198621
v 0.73696697 0.02017489 -0.10373056
v 0.74379891 0.01259335 -0.11060338
v 0.74244285 0.00882567 -0.10820850
v 0.72648466 0.01055351 -0.10962123
v 0.72538072 0.01319032 -0.11256811
v 0.72186852 0.01511648 -0.10958178
v 0.72334802 0.01106833 -0.10636152
v 0.74280018 0.00255830 -0.11181115
v 0.74529594 -0.00064971 -0.11521114
v 0.73451686 0.00184771 -0.11860970
v 0.73415828 0.00396945 -0.12150916
v 0.73078972 0.00747427 -0.11811182
v 0.73111522 0.00480166 -0.11521497
v 0.73246205 0.01047285 -0.10345721
v 0.72868240 0.00946139 -0.10652902
v 0.72608417 0.00971095 -0.10278551
v 0.73031968 0.00991904 -0.09916820
v 0.73456246 0.01196905 -0.10195972
v 0.72951704 0.02075152 -0.11319223
v 0.72647882 0.01692296 -0.11382156
v 0.73272389 0.01073756 -0.11960659
v 0.73690611 0.01385217 -0.11890432
v 0.73969197 0.00588752 -0.10811297
v 0.73302954 0.00376945 -0.11211199
v 0.73639148 0.00436272 -0.10942347
v 0.74021959 0.00957383 -0.12250374
v 0.74169207 0.01498513 -0.11500517
v 0.73643112 0.00064003 -0.12490701
v 0.74033326 -0.00394715 -0.12920728
v 0.74233234 -0.00174397 -0.13050565
v 0.73862886 0.00344143 -0.12650472
v 0.73614991 0.00708110 -0.12330666
v 0.74271631 0.00574885 -0.12560388
v 0.74549598 -0.00684968 -0.12001114
v 0.74207819 -0.00676567 -0.12241920
v 0.74869591 -0.00554968 -0.11931113
v 0.73478723 0.02335817 -0.10852701
v 0.75259596 -0.00094969 -0.12221114
v 0.75139594 -0.00364970 -0.11991113
v 0.74041873 -0.00574802 -0.12590919
v 0.73681921 -0.00135510 -0.12170890
v 0.74624121 0.00015163 -0.12960944
v 0.75046384 0.00089226 -0.12591030
v 0.74932015 -0.00378347 -0.13270700
v 0.75346637 -0.00290292 -0.12881027
v 0.75529599 -0.00484961 -0.12481113
v 0.75379592 -0.00694966 -0.12241112
v 0.75089598 -0.00854968 -0.12171113
v 0.74526489 -0.00567144 -0.13340311
v 0.74337810 -0.00735493 -0.13160485
v 0.74332225 -0.00834310 -0.12830889
v 0.74858046 -0.00914534 -0.13560267
v 0.75303698 -0.00779172 -0.13520193
v 0.76069593 -0.01244970 -0.13091114
v 0.76279598 -0.01504968 -0.13231114
v 0.76239598 -0.01624970 -0.13091114
v 0.76039594 -0.01314969 -0.12891114
v 0.75899774 -0.00964507 -0.13011086
v 0.75799590 -0.00864969 -0.12781113
v 0.75758946 -0.00836688 -0.13240896
v 0.76009762 -0.01094766 -0.13401081
v 0.75950944 -0.01433472 -0.13870901
v 0.76269597 -0.01354965 -0.13591112
v 0.75721872 -0.01132587 -0.13700721
v 0.75595605 -0.00904115 -0.13510473
v 0.76409596 -0.01854970 -0.13361114
v 0.76469594 -0.01674969 -0.13411114
v 0.75595671 -0.00633034 -0.13110657
v 0.75619596 -0.01004969 -0.12511113
v 0.75909597 -0.01424970 -0.12751114
v 0.76139593 -0.01804970 -0.13021114
v 0.76239598 -0.02034970 -0.13341114
v 0.75889593 -0.01874970 -0.12991112
v 0.75649595 -0.01494969 -0.12691113
v 0.75989598 -0.02054970 -0.13301113
v 0.75639594 -0.01874970 -0.13031113
v 0.75339597 -0.01534970 -0.12731114
v 0.74989653 -0.01164939 -0.12461108
v 0.75329596 -0.01104970 -0.12411114
v 0.75799596 -0.02024968 -0.13241112
v 0.76349598 -0.01874970 -0.13761112
v 0.76129597 -0.02044968 -0.13671112
v 0.76459599 -0.01604970 -0.13761112
v 0.75478786 -0.01189760 -0.13810477
v 0.75751883 -0.01552746 -0.13970818
v 0.75191289 -0.01297032 -0.13770515
v 0.75552076 -0.01692885 -0.13910855
v 0.76170009 -0.01604480 -0.13941048
v 0.76060027 -0.01784508 -0.13971059
v 0.74769622 -0.00944960 -0.12251110
v 0.74470031 -0.00934839 -0.12481076
v 0.74690831 -0.01174463 -0.12671012
v 0.75060165 -0.01554646 -0.12931070
v 0.74563450 -0.01113798 -0.13030781
v 0.74608278 -0.01035033 -0.13360429
v 0.75004005 -0.01412329 -0.13580722
v 0.74932551 -0.01523363 -0.13280891
v 0.75340354 -0.01864436 -0.13471055
v 0.75401568 -0.01793494 -0.13720943
v 0.75429595 -0.01894969 -0.13191113
v 0.75739688 -0.02004893 -0.13701107
v 0.75889850 -0.01944723 -0.13871086
v 0.75619626 -0.02004945 -0.13541113
v 0.75719595 -0.02034970 -0.13401115
v 0.75919598 -0.02084969 -0.13541114
v 0.72290742 0.01788163 -0.11119585
v 0.72478825 0.02087120 -0.00891320
v 0.72584575 0.02413216 -0.00511187
v 0.71144426 0.01377897 -0.00780608
v 0.71689802 0.01484531 -0.01061143
v 0.70811266 0.01556424 -0.00291680
v 0.71271616 0.02206668 0.00317652
v 0.70916486 0.01871522 0.00097978
v 0.72191095 0.01741782 -0.01100453
v 0.72423482 0.02653104 -0.00020433
v 0.71834320 0.02544549 0.00318855
v 0.72892803 0.02011526 0.00538894
v 0.72335112 0.01845917 0.00888858
v 0.71699649 0.01534843 0.00938878
v 0.71269846 0.01224554 0.00618854
v 0.71113455 0.01008874 0.00138467
v 0.73069406 0.01884460 -0.00031066
v 0.72909963 0.01625063 -0.00470673
v 0.72482306 0.01293927 -0.00720463
v 0.73539698 0.01295438 0.00428988
v 0.73539603 0.01135031 0.01178887
v 0.72789603 0.00445031 0.02028887
v 0.73049593 0.00175031 0.02318887
v 0.72759640 -0.00084957 0.02118890
v 0.72419596 0.00265031 0.01848887
v 0.72729599 0.00655030 0.01778886
v 0.72279596 0.00755031 0.01558887
v 0.73359597 0.00705032 0.02048887
v 0.73179597 0.00845032 0.01728886
v 0.73589593 0.00925030 0.01598886
v 0.73869598 0.00785033 0.01768887
v 0.73609596 0.00465032 0.02408887
v 0.73812163 0.00118200 0.02559302
v 0.73340315 -0.00024469 0.02518970
v 0.73244637 -0.00291998 0.02329366
v 0.72929651 0.01084979 0.01458882
v 0.71679610 0.00634998 0.01108886
v 0.72099596 0.00075032 0.01498887
v 0.00004472 0.08438917 -0.10426605
v -0.00004888 0.09558486 -0.10159755
v 0.72610182 -0.00334834 0.01778929
v 0.73197502 -0.00510660 0.01939545
v 0.72666901 -0.00463011 0.01299396
v 0.72030091 -0.00115633 0.00978870
v 0.73210084 -0.00529174 0.01489752
v 0.72869593 -0.00414969 0.00928886
v 0.72279596 -0.00134970 0.00468887
v 0.71629834 0.00494927 -0.00071096
v 0.71413434 0.00498876 0.00518466
v 0.73209596 -0.00484969 0.01188886
v 0.73898065 -0.00265573 0.02349950
v 0.73818278 -0.00416409 0.01899846
v 0.74009711 0.00755351 0.01348932
v 0.74261010 0.00408514 0.01649284
v 0.74089688 0.00545247 0.02058914
v 0.73980278 0.00716746 0.00849127
v 0.74232018 0.00239920 0.01249426
v 0.74171889 0.00289624 0.02319418
v 0.74294281 0.00063787 0.02019801
v 0.71359622 0.00945000 -0.00391116
v 0.71901894 0.01049993 -0.00691000
v 0.72206473 0.00663624 -0.00390382
v 0.72809958 0.00074634 0.00169692
v 0.72874212 0.00886511 -0.00400242
v 0.73371065 0.01167456 -0.00090435
v 0.73792100 0.00549057 0.00449478
v 0.73385566 0.00309971 0.00169765
v 0.73677284 -0.00067395 0.00729871
v 0.74004829 0.00072550 0.00919758
v 0.73260254 -0.00258484 0.00749908
v 0.73957145 -0.00226006 0.01269875
v 0.74195278 -0.00136390 0.01619771
v 0.73748511 -0.00246196 0.01059937
v 0.73509920 -0.00387107 0.01139908
v 0.73669010 -0.00436823 0.01469853
v 0.71942317 0.00815657 -0.10489365
v 0.72230059 0.00684809 -0.09963815
v 0.71557140 0.00602708 -0.09811572
v 0.70695710 0.00527932 -0.09658911
v 0.69802475 0.00725028 -0.10022018
v 0.70871478 0.00596688 -0.09033534
v 0.71748513 0.00638126 -0.09207907
v 0.72678483 0.00787900 -0.09375038
v 0.70327061 0.00732612 -0.08377276
v 0.01429723 0.06899982 0.03894113
v 0.01510718 0.05305574 0.04705963
v 0.26838019 0.03844506 -0.01079858
v 0.26696688 0.05326889 -0.00822004
v 0.26699045 0.08863022 -0.04104419
v 0.26392606 0.09042945 -0.05991919
v 0.04878164 -0.22377402 0.07609557
v 0.09627299 -0.17293397 -0.07438076
v 0.10066996 -0.15129586 -0.07978934
v 0.03523370 -0.15283445 -0.09913433
v 0.05257591 -0.15709065 -0.09805628
v 0.12058132 -0.19456635 0.01263018
v 0.12310689 -0.17432466 0.01112602
v 0.08331294 -0.20405863 0.05326898
v 0.08704262 -0.18346681 0.05295628
v 0.10992768 -0.21754652 0.03193755
v 0.06846873 -0.20755419 -0.08275902
v 0.08312454 -0.21078302 -0.07604544
v 0.08143001 -0.18928698 -0.07932517
v 0.06733752 -0.18539011 -0.08778419
v 0.01835512 -0.14939892 -0.09544243
v 0.01725112 -0.17373818 -0.09154359
v 0.13217738 -0.14995280 -0.00833009
v 0.13248265 -0.14718592 -0.02922233
v 0.11814082 -0.13887681 -0.06700469
v 0.10593411 -0.13219880 -0.08168733
v 0.09123078 -0.12383962 -0.09188722
v 0.07473745 -0.11555176 -0.09915505
v 0.07588051 -0.16306078 0.06432395
v 0.06104322 -0.14297003 0.07175535
v 0.12569733 -0.15289688 0.01121695
v 0.02189749 -0.16287494 0.08152134
v 0.06055051 -0.08616637 -0.10746742
v 0.03937108 -0.08171360 -0.11026606
v 0.12745677 -0.14371915 -0.04893449
v 0.02937045 0.01260120 0.06937879
v 0.04529013 0.01572363 0.06790952
v 0.04494514 -0.00056904 0.07654158
v 0.02929118 -0.00473427 0.07726849
v 0.06012526 0.00156022 0.07501856
v 0.07462265 0.00274262 0.07224346
v 0.08807831 0.00303528 0.06854720
v 0.11937727 -0.00111054 0.05433108
v 0.11044785 0.00113596 0.05947570
v 0.13307245 -0.00970344 0.04153020
v 0.12693898 -0.00428892 0.04840810
v 0.13663268 -0.01926061 0.03231158
v 0.13808416 -0.03070513 0.02137576
v 0.14360780 -0.02886804 0.00372167
v 0.14035074 -0.04176791 0.00966261
v 0.13484006 -0.04388582 0.02823237
v 0.13275605 -0.03233800 0.03839853
v 0.12914987 -0.02349587 0.04751207
v 0.01889928 -0.07785031 0.08499771
v 0.01637486 -0.05187035 0.08635970
v 0.01352815 0.08414332 0.03167598
v 0.46910524 0.01328959 -0.09072790
v 0.59115624 0.04101162 -0.03745722
v 0.01494557 0.09778017 -0.10324494
v 0.03213594 0.10384514 -0.10577466
v 0.08915530 0.12007303 -0.09714019
v 0.10580743 0.13243358 -0.08097674
v 0.06938472 0.11010974 -0.10848551
v 0.05002527 0.10070243 -0.11136261
v 0.11651146 -0.13520446 0.02976781
v 0.03447490 0.06695201 -0.11425110
v 0.05153334 0.08948154 -0.11540092
v 0.07204539 0.09951970 -0.11266416
v 0.09427123 0.11056887 -0.10317601
v 0.11757194 0.12413415 -0.08666107
v 0.13274115 0.12335952 -0.07977416
v 0.14957720 0.10316831 -0.08165845
v 0.16036442 0.10647165 -0.07216748
v 0.16538954 0.11810426 -0.05997392
v 0.16057147 0.11852236 -0.06489706
v 0.15613595 0.10334747 -0.07681944
v 0.23153193 0.09663060 -0.06382194
v 0.25466457 0.08148347 -0.07832517
v 0.24603964 0.09011666 -0.06963365
v 0.25809553 0.06872865 -0.08448000
v 0.25878078 0.05969549 -0.08654186
v 0.25398844 0.05098084 -0.08740421
v 0.24370116 0.04371740 -0.08744113
v 0.20474087 0.02813583 -0.07862721
v 0.18993586 0.02202569 -0.07470310
v 0.16225310 -0.01394973 -0.07700236
v 0.15511118 -0.02201296 -0.07892093
v 0.13651986 -0.04978755 -0.08599980
v 0.12634610 -0.06294542 -0.08788247
v -0.00096591 0.13074636 -0.09145284
v 0.11627000 -0.07634426 -0.09141901
v 0.00109380 -0.05979702 -0.11060317
v 0.00114491 -0.04193877 -0.11509505
v 0.00158318 -0.12252378 -0.09425434
v 0.00148929 -0.10252860 -0.10121607
v 0.10315782 -0.30635750 -0.08104772
v 0.09719350 -0.28927392 -0.07624267
v 0.08027762 -0.29119906 -0.08409601
v -0.00061529 -0.27458054 -0.08597901
v -0.00032785 -0.25218940 -0.08008793
v 0.00055308 -0.19685656 -0.08266491
v 0.00111241 -0.17098479 -0.08720042
v 0.08603246 -0.30892214 -0.09020886
v 0.03867475 -0.25256339 -0.08496151
v 0.00077681 -0.01495091 -0.11698037
v 0.00072357 -0.00211715 -0.11374648
v 0.00057091 0.01484750 -0.11360869
v 0.01947053 -0.25254175 -0.08431178
v 0.13587664 -0.28727102 -0.02817438
v 0.13982573 -0.28906059 -0.00642505
v 0.11308516 -0.28769845 -0.06432956
v 0.12644607 -0.28700778 -0.04793136
v 0.13785341 -0.29275122 0.01501912
v 0.08437303 -0.31834808 0.07343215
v 0.06628627 -0.32310507 0.08215404
v 0.03153474 -0.32932502 0.09419829
v 0.01508543 -0.33139569 0.09726311
v 0.13074493 -0.29878342 0.03472509
v 0.04850939 -0.32661647 0.08914301
v 0.11853608 -0.30608904 0.05059421
v 0.10217107 -0.31274885 0.06319983
v 0.05636589 -0.25260755 -0.08364220
v 0.05938238 -0.27350652 -0.08483943
v -0.00046822 0.13171220 0.01914904
v -0.00059012 0.12269930 0.01543223
v 0.07617822 -0.27309781 -0.08174313
v 0.05580328 -0.01971973 -0.12378415
v 0.03679509 -0.02225764 -0.12208707
v 0.07478432 -0.01593865 -0.12461337
v 0.08989707 0.00676684 -0.12596168
v 0.09329925 -0.00925469 -0.12273465
v 0.10968140 -0.00228249 -0.11851192
v 0.00001213 0.14122644 0.02319494
v -0.00001015 0.06695104 0.03951521
v 0.00011801 0.05109145 0.04792970
v 0.10630237 0.01317370 -0.12146477
v 0.00172430 -0.05582791 0.08425995
v 0.00219744 -0.08195322 0.08271583
v -0.00030721 0.08226332 0.03185307
v 0.00277564 -0.10521968 0.07842863
v 0.13455600 0.02434106 -0.10694969
v 0.13678767 0.01137371 -0.10530010
v 0.14758982 0.01702153 -0.09981179
v 0.14575392 0.02857050 -0.10174367
v 0.16631293 0.02948767 -0.09140928
v 0.15731300 0.02257754 -0.09554297
v 0.17488328 0.03713504 -0.08658919
v 0.18580976 0.04360004 -0.08641504
v 0.18180895 0.06398757 -0.08987743
v 0.17203546 0.05829433 -0.09142986
v 0.13387017 0.03788327 -0.10719263
v 0.11996785 0.03428088 -0.11433083
v 0.03624235 0.00559325 -0.12070271
v 0.01849532 0.00084299 -0.11628288
v 0.14472756 -0.04828651 -0.00394154
v 0.14900553 -0.05335240 -0.01903482
v 0.15184587 -0.05554641 -0.03365291
v 0.15180701 -0.05453774 -0.04711744
v 0.15141045 -0.05166394 -0.06043051
v 0.14808738 -0.04673901 -0.07238400
v 0.14902824 -0.03078266 -0.08121351
v 0.14346787 -0.03984061 -0.08338734
v 0.00063814 -0.46461731 -0.10555616
v 0.14591360 -0.02222919 -0.08939418
v 0.13825518 -0.03115840 -0.09317374
v 0.12840447 -0.00856774 -0.10773388
v 0.13316496 -0.02044803 -0.10115261
v 0.12393033 0.00476216 -0.11229058
v 0.12111650 0.01943933 -0.11450044
v 0.10474651 0.03010776 -0.12190501
v 0.08866997 0.02412549 -0.12694570
v 0.07119571 0.05293730 -0.12513039
v 0.07105177 0.03552955 -0.12753421
v 0.07149226 0.01782033 -0.12861609
v 0.07144153 0.00037017 -0.12793882
v 0.06965710 0.14002684 -0.07987277
v 0.05327183 0.13335499 -0.08961533
v 0.23623845 0.04897440 -0.08819316
v 0.24199867 0.05470694 -0.08808306
v 0.00040144 -0.42149529 -0.12604654
v 0.00033872 -0.39904353 -0.12744591
v 0.23220927 0.05590008 -0.08842337
v 0.23095988 0.05179417 -0.08860671
v 0.24384068 0.06155344 -0.08727270
v 0.24338062 0.07050937 -0.08571354
v 0.23132877 0.07020634 -0.08659893
v 0.23263153 0.06147160 -0.08836188
v 0.24020025 0.08058934 -0.08090179
v 0.22849113 0.07903719 -0.08288536
v 0.23402916 0.08886164 -0.07503243
v 0.22461605 0.09396542 -0.07059480
v 0.22018361 0.09103177 -0.07432441
v 0.22430693 0.08655221 -0.07826938
v 0.18872418 0.08869978 -0.07957785
v 0.20001875 0.09040208 -0.07690306
v 0.21150222 0.09084526 -0.07494204
v 0.19789149 0.04969056 -0.08813706
v 0.20990111 0.05597036 -0.08898693
v 0.22117338 0.06031704 -0.08886065
v 0.21952082 0.06839288 -0.08754687
v 0.20790394 0.06393941 -0.08847723
v 0.00065676 -0.44049340 -0.12047680
v 0.19578773 0.05816550 -0.08902527
v 0.05388484 -0.00416910 -0.12639770
v 0.03662708 -0.00969805 -0.12212177
v 0.00048917 -0.44080982 0.08648443
v 0.00057756 -0.45656148 0.08223658
v 0.16448864 0.03913680 -0.09294654
v 0.00031344 -0.47064111 0.07480075
v 0.00026683 -0.48405194 0.06503921
v 0.15604547 0.03396725 -0.09746808
v 0.17319532 0.04550836 -0.08960414
v 0.18396014 0.05269740 -0.08899627
v 0.16379686 0.05180366 -0.09423460
v 0.15513574 0.04610809 -0.09762874
v 0.14503199 0.04154788 -0.10177944
v 0.05335994 0.01136318 -0.12604879
v 0.01861099 -0.01352904 -0.11854951
v -0.00012291 -0.35240406 -0.11723324
v -0.00010633 -0.33019832 -0.10916683
v -0.00027136 -0.35330725 0.09558371
v 0.00045029 0.15006368 0.02674444
v 0.00058483 0.18444626 -0.06994937
v -0.00061733 0.11156073 0.01282144
v -0.00057131 0.10103299 0.01632366
v -0.00024489 -0.49744970 -0.02229310
v -0.00040733 0.09220898 0.02497993
v -0.00008943 -0.49809176 -0.03100865
v 0.00156164 -0.14634043 -0.08977184
v 0.16297705 0.08242800 0.01020114
v 0.16559626 0.10642314 0.00120997
v 0.16861238 0.12233141 -0.01689250
v 0.16796772 0.12583289 -0.04002699
v 0.39252716 -0.01173152 -0.05879958
v 0.01723654 -0.19915967 -0.08674095
v 0.01815723 -0.22514595 -0.08380060
v 0.03598465 -0.22697049 -0.08555616
v 0.01954023 -0.08083779 -0.10851975
v 0.01857625 -0.02459193 -0.12053023
v 0.09631861 -0.02851273 0.07934031
v 0.08609936 -0.02800485 0.08373741
v 0.08667529 -0.01243356 0.07687338
v 0.09758046 -0.01297677 0.07245451
v 0.11317099 -0.02998498 0.06762203
v 0.10553745 -0.02921465 0.07373889
v 0.10746071 -0.01396591 0.06712766
v 0.11616072 -0.01561643 0.06130403
v 0.12012903 -0.03240610 0.06102858
v 0.12329450 -0.01841212 0.05487767
v 0.10404257 -0.04552688 0.07838647
v 0.09544809 -0.04509122 0.08416033
v 0.08578499 -0.04443961 0.08827299
v 0.11723990 -0.04654285 0.06558468
v 0.11143409 -0.04561042 0.07215241
v 0.00971589 0.15193424 0.02570681
v 0.01141134 0.10502923 0.01820941
v 0.01079525 0.11471502 0.01483191
v 0.01489637 -0.02916792 0.08323295
v 0.01419751 0.00777928 0.07033365
v 0.01520342 0.02022429 0.06103454
v 0.01542511 0.03620534 0.05396049
v 0.01247184 0.09539980 0.02509144
v 0.01437007 -0.01002431 0.07740556
v 0.15486868 -0.47180393 -0.06724249
v 0.13895068 -0.48893180 -0.08512127
v 0.14340195 -0.46310920 -0.08204872
v 0.13107331 -0.47601160 -0.09440248
v 0.14732683 -0.39382449 -0.05892498
v 0.14825492 -0.41979432 -0.06494623
v 0.14651015 -0.36660218 -0.05560152
v 0.11255670 -0.48397517 -0.10626793
v 0.08853171 -0.48662695 -0.11434006
v 0.08624052 -0.46829531 -0.12097510
v 0.13319805 -0.37020361 -0.07724744
v 0.13468413 -0.39662087 -0.08025957
v 0.14802314 -0.44366214 -0.07256369
v 0.13649322 -0.44370797 -0.08824581
v 0.13590491 -0.45828399 -0.09041828
v 0.10918042 -0.46731013 -0.11186247
v 0.12596849 -0.46360514 -0.10012542
v 0.02900255 -0.33171162 -0.10881337
v 0.05421485 -0.33198443 -0.10709412
v 0.04971994 -0.31218281 -0.09855779
v 0.10954171 -0.32559255 -0.08646049
v 0.11905859 -0.30344531 -0.06791049
v 0.12348372 -0.44629905 -0.10234184
v 0.10638188 -0.44739878 -0.11533503
v 0.08387580 -0.44722977 -0.12533104
v 0.08111143 -0.37420866 -0.11925253
v 0.08201820 -0.39817870 -0.12413554
v 0.10268113 -0.39917868 -0.11360588
v 0.10138851 -0.37405652 -0.10908499
v 0.11485296 -0.34780148 -0.09150919
v 0.11818116 -0.37292662 -0.09524114
v 0.07901839 -0.35124317 -0.11193088
v 0.09807854 -0.34970331 -0.10342273
v 0.09258499 -0.32808310 -0.09684252
v 0.12001860 -0.39922819 -0.09864795
v 0.05651497 -0.42223698 -0.13233896
v 0.08239505 -0.42348951 -0.12696928
v 0.02887389 -0.42102784 -0.13009277
v 0.07451852 -0.33009809 -0.10357225
v 0.06865717 -0.31052378 -0.09537724
v 0.06363668 -0.29161501 -0.08886284
v 0.05321820 -0.22905180 -0.08346973
v 0.11301143 -0.70208812 0.05471069
v 0.00559314 -0.51717919 0.00193722
v 0.00449352 -0.50954634 -0.02022104
v 0.16587043 -0.43274254 0.03782557
v 0.17166482 -0.45316213 -0.02707279
v 0.16021094 -0.44719958 -0.05214027
v 0.03279050 -0.51657385 0.05431080
v 0.01780583 -0.52173471 0.03613095
v 0.14998713 -0.44106475 0.06110547
v 0.10337794 -0.48809344 0.08279272
v 0.00926874 -0.52167493 0.01920681
v 0.13603272 -0.42157722 -0.08441453
v 0.12202208 -0.42437553 -0.10133100
v 0.10417471 -0.42449212 -0.11594217
v 0.05699763 -0.44530329 -0.13020925
v 0.02877060 -0.44180453 -0.12755565
v 0.01920941 -0.46223536 0.07882002
v 0.01534536 -0.45229870 0.08255926
v 0.00837976 -0.45484912 0.08237653
v 0.00886213 -0.46907240 0.07581823
v 0.08494195 -0.33783099 0.07340253
v 0.06582078 -0.34326842 0.08130831
v 0.03025685 -0.34999305 0.09184111
v 0.01443406 -0.35210001 0.09451634
v 0.13465458 -0.31673667 0.03621469
v 0.04728225 -0.34714019 0.08754406
v 0.12190061 -0.32426167 0.05216473
v 0.10410687 -0.33145219 0.06419832
v 0.06947582 -1.14902997 -0.06173487
v 0.06917810 -1.17800498 -0.05750383
v 0.07041319 -1.17623281 -0.07202847
v 0.06777449 -1.14647925 -0.07580356
v 0.08222742 -1.14170003 -0.10193890
v 0.07194061 -1.14385188 -0.09441127
v 0.09582648 -1.14144301 -0.10385498
v 0.09257046 -1.17164147 -0.10302105
v 0.10247204 -1.17247927 -0.09618648
v 0.10793900 -1.14282835 -0.09914175
v 0.11595923 -1.14389455 -0.09086781
v 0.11897713 -1.17508328 -0.06147273
v 0.12519397 -1.14666414 -0.06208262
v 0.12169708 -1.14486253 -0.08004282
v 0.11733657 -1.17433906 -0.07864357
v 0.11996760 -1.15100813 -0.04328156
v 0.11425400 -1.17802989 -0.04247587
v 0.10552406 -1.15431738 -0.03228601
v 0.07399752 -1.15181816 -0.04686584
v 0.07157641 -1.17980099 -0.04121114
v 0.08040275 -1.17179227 -0.10164949
v 0.07225069 -1.17334390 -0.09227467
v 0.06783159 -1.14530122 -0.08538685
v 0.07175438 -1.17477381 -0.08221464
v 0.06672811 -1.20474350 -0.06774827
v 0.05953900 -1.20632279 -0.05231346
v 0.07831429 -1.20131719 -0.10238022
v 0.07491390 -1.20281351 -0.08958302
v 0.09706409 -1.20126152 -0.09305248
v 0.08940914 -1.20060635 -0.10476836
v 0.11783427 -1.20230651 -0.07756038
v 0.11091451 -1.17333651 -0.08806355
v 0.10807600 -1.20176935 -0.08557469
v 0.11816008 -1.20235181 -0.06103632
v 0.11253181 -1.20414639 -0.03841812
v 0.06667034 -1.20567751 -0.03439677
v 0.07035687 -1.20324075 -0.07873598
v 0.11999394 -1.28773034 0.11942075
v 0.12452693 -1.28761208 0.11840615
v 0.12595540 -1.29212284 0.11901572
v 0.11909134 -1.29293430 0.12052751
v 0.07669309 -1.28438449 0.13150918
v 0.08547012 -1.28258467 0.13338435
v 0.08747888 -1.29168451 0.13139085
v 0.07582386 -1.29417980 0.12943615
v 0.11094911 -1.29688740 0.12586553
v 0.10616920 -1.29677868 0.12637252
v 0.10516514 -1.29298544 0.13014358
v 0.11303610 -1.29286933 0.12925147
v 0.14955832 -1.29313457 0.08414829
v 0.14551547 -1.29346991 0.08567173
v 0.14541918 -1.28897214 0.08806891
v 0.15064216 -1.28931546 0.08533297
v 0.13727048 -1.29612720 0.10221643
v 0.13350511 -1.29674280 0.10382485
v 0.13318433 -1.29224432 0.10672118
v 0.13920824 -1.29250860 0.10400444
v 0.08789095 -1.27928436 0.10920569
v 0.08757682 -1.27968132 0.12368782
v 0.07501814 -1.28238487 0.12153593
v 0.07362540 -1.27810681 0.10697285
v 0.06847303 -1.29139328 0.11800455
v 0.07615008 -1.29688931 0.11547367
v 0.07487065 -1.29731810 0.10113744
v 0.06748367 -1.28915036 0.10228269
v 0.08840466 -1.29708385 0.11741428
v 0.08812059 -1.29689050 0.10424426
v 0.09487736 -1.28848815 0.10829309
v 0.09667034 -1.28828394 0.12267890
v 0.11405828 -1.28847802 0.10866119
v 0.11753111 -1.29048645 0.12076410
v 0.11145217 -1.28457582 0.12216262
v 0.10895891 -1.28107882 0.10955889
v 0.10326451 -1.28497195 0.12347820
v 0.09828734 -1.28167033 0.11138748
v 0.09508928 -1.29098201 0.11049881
v 0.09757622 -1.29177928 0.12368611
v 0.10299827 -1.29716527 0.11979387
v 0.09992150 -1.29636490 0.10691471
v 0.10899474 -1.29536378 0.10628515
v 0.11186239 -1.29697537 0.11847602
v 0.11791702 -1.28642905 0.11353149
v 0.11545956 -1.28247046 0.10405174
v 0.12566237 -1.28125083 0.10173045
v 0.12548397 -1.28557193 0.11249834
v 0.11748572 -1.29606140 0.10167007
v 0.11236207 -1.29168010 0.10436747
v 0.11386351 -1.29367638 0.11396681
v 0.11908606 -1.29745829 0.11196554
v 0.12636490 -1.29713392 0.11104720
v 0.12649122 -1.29504168 0.10015366
v 0.13046370 -1.28785300 0.10154017
v 0.13048746 -1.29111898 0.11203044
v 0.13982818 -1.28543150 0.09835847
v 0.14095116 -1.28082240 0.08838569
v 0.14445454 -1.28763390 0.08750264
v 0.14269091 -1.29137588 0.09708718
v 0.13314663 -1.28165269 0.09211660
v 0.13414894 -1.28516757 0.10024082
v 0.13267229 -1.29494774 0.09064133
v 0.13014862 -1.28776729 0.09413710
v 0.12933585 -1.28998554 0.10104407
v 0.13175665 -1.29686880 0.09854732
v 0.13899149 -1.29668140 0.09670077
v 0.14058049 -1.29482210 0.08702028
v 0.15465504 -1.28859770 0.07846073
v 0.15294068 -1.28292096 0.08006535
v 0.15361822 -1.28028750 0.07130962
v 0.15493062 -1.28706050 0.06859162
v 0.14701605 -1.28013265 0.07616226
v 0.14663006 -1.28274965 0.08249552
v 0.14494960 -1.29333603 0.07460466
v 0.14483738 -1.28593457 0.07768910
v 0.14293465 -1.28776324 0.08281624
v 0.14414163 -1.29426301 0.08082398
v 0.15072851 -1.29402351 0.07854152
v 0.15105139 -1.29259908 0.07026382
v 0.07385285 -1.27491236 0.09261429
v 0.09134879 -1.27893221 0.09501270
v 0.07871984 -1.29648733 0.12463742
v 0.06812800 -1.28767443 0.08776330
v 0.08538570 -1.29629338 0.12560247
v 0.09231787 -1.29641128 0.09166843
v 0.07595555 -1.29601705 0.08672711
v 0.09388586 -1.28878868 0.10161179
v 0.11122762 -1.28759146 0.12876062
v 0.11136442 -1.28927732 0.09917361
v 0.11160602 -1.29606462 0.08989975
v 0.10634907 -1.28768480 0.12935436
v 0.10963473 -1.27890027 0.09275665
v 0.12691280 -1.27938378 0.08371014
v 0.12096533 -1.29663563 0.11774302
v 0.12498476 -1.29624259 0.11724074
v 0.12919076 -1.29543805 0.08284855
v 0.13045575 -1.28685367 0.09202997
v 0.13859282 -1.28806984 0.10377996
v 0.14504157 -1.28582489 0.07788192
v 0.14276384 -1.29451418 0.07159630
v 0.13494657 -1.28783238 0.10481209
v 0.14258102 -1.27774155 0.07203340
v 0.14974046 -1.28634202 0.08449877
v 0.15143205 -1.29337239 0.05981249
v 0.15595354 -1.28573418 0.05677222
v 0.14702705 -1.28556645 0.08631370
v 0.15332989 -1.27758408 0.06080962
v 0.08108421 -1.15496135 -0.03553938
v 0.07907604 -1.18099165 -0.03022692
v 0.09165864 -1.15602326 -0.03057604
v 0.10176689 -1.18083894 -0.03011969
v 0.09009575 -1.18217289 -0.02645221
v 0.07742328 -1.20558679 -0.02177594
v 0.10055303 -1.20602930 -0.02431742
v 0.09029126 -1.20569551 -0.01836514
v 0.12007223 -1.22276366 -0.07955273
v 0.12133995 -1.22410345 -0.06342368
v 0.10605205 -1.22191668 -0.08732371
v 0.08821671 -1.22115552 -0.10874632
v 0.09637474 -1.22148991 -0.09754883
v 0.07646726 -1.22422755 -0.01026276
v 0.06740747 -1.22685194 -0.02810625
v 0.09052117 -1.22301388 -0.00461437
v 0.10452125 -1.22370911 -0.01288096
v 0.06961884 -1.26952207 0.07621776
v 0.07017796 -1.26796830 0.05561525
v 0.08384846 -1.25807524 0.05814379
v 0.08771714 -1.26786733 0.07693624
v 0.10159813 -1.25890684 0.05409322
v 0.10543489 -1.27061820 0.07285141
v 0.11752118 -1.26276469 0.04616003
v 0.12189746 -1.27208519 0.06496819
v 0.13228124 -1.26643801 0.03708171
v 0.13762450 -1.27274120 0.05523496
v 0.14536175 -1.27189279 0.02810628
v 0.15092324 -1.27477849 0.04635163
v 0.15326978 -1.28132653 0.02335011
v 0.15742375 -1.28381705 0.04208284
v 0.06433345 -1.28601027 0.07121021
v 0.06608768 -1.28334808 0.05063352
v 0.07499149 -1.29741383 0.06849012
v 0.07601231 -1.29639506 0.04810315
v 0.09197105 -1.29795218 0.06716891
v 0.09181584 -1.29710996 0.04620911
v 0.15004158 -1.29307246 0.02531613
v 0.15199560 -1.29463828 0.04461686
v 0.11005291 -1.29686821 0.06275547
v 0.10896937 -1.29539561 0.04173694
v 0.12652478 -1.29732704 0.05657225
v 0.12492254 -1.29612923 0.03590195
v 0.14038962 -1.29717791 0.05007995
v 0.13871527 -1.29629493 0.02984070
v 0.07932125 -1.25027418 0.03585164
v 0.09716491 -1.24559796 0.03396431
v -0.00085371 0.14518467 -0.08504615
v 0.00009076 0.07186469 -0.10687314
v 0.11267726 -1.25041819 0.02497880
v 0.12659651 -1.25754404 0.01471729
v 0.13783735 -1.26749849 0.00552712
v 0.14751858 -1.27744472 0.00127321
v 0.12467235 -1.24512255 -0.01350149
v 0.13145825 -1.26448405 -0.02038789
v 0.13893564 -1.27633297 -0.02174273
v 0.12665644 -1.26203036 -0.04631235
v 0.13161930 -1.27527058 -0.04574332
v 0.00055816 -0.45476121 -0.11322802
v 0.00049148 0.02999695 -0.11285390
v 0.11669350 -1.26186121 -0.08716430
v 0.00014943 -0.37559193 -0.12377138
v -0.00010339 0.03297110 0.05460281
v 0.00006995 0.01680409 0.06153169
v 0.00059866 0.00490936 0.07137860
v 0.00090263 -0.01336727 0.07748403
v -0.00141967 -0.27378982 0.09171151
v -0.00127264 -0.26026112 0.08465209
v -0.00002641 -0.22370051 -0.07920076
v -0.00088981 -0.31432074 0.09905843
v -0.00075042 -0.24534893 0.08526959
v 0.00123451 -0.08053416 -0.10632701
v 0.00132517 -0.03319374 0.08235659
v -0.00055897 -0.33288029 0.09821818
v 0.00113099 -0.02606444 -0.11937740
v 0.00027191 -0.22400035 0.08536316
v 0.00043789 -0.42197761 0.08838464
v 0.00232255 -0.16341750 0.08063597
v -0.01775433 0.15503353 0.02118202
v -0.02772786 0.15909357 0.01542932
v -0.02971380 0.14993644 0.01385215
v -0.01903547 0.14627931 0.01870463
v -0.05309113 0.16441895 -0.03051926
v -0.05146887 0.17370875 -0.02527335
v -0.04825459 0.17749083 -0.03833859
v -0.05135773 0.16804442 -0.04395919
v -0.04241416 0.17935242 -0.04991331
v -0.04600666 0.16958944 -0.05534307
v -0.03671358 0.16917720 -0.06383097
v -0.03409235 0.18074951 -0.05882855
v -0.02373568 0.17992796 -0.06535047
v -0.02628814 0.16737127 -0.06923618
v -0.03847571 0.16323026 0.00847007
v -0.04701749 0.16731818 -0.00138906
v -0.04732573 0.15712221 -0.00234277
v -0.03916268 0.15425211 0.00738600
v -0.05144535 0.17112041 -0.01281423
v -0.05282596 0.16120198 -0.01572115
v -0.01366716 0.16750121 -0.07270934
v -0.01173445 0.18156666 -0.06882459
v -0.02259163 0.12669650 0.01495482
v -0.01134053 0.12471074 0.01622690
v -0.01068977 0.13392746 0.01894335
v -0.02123407 0.13624297 0.01634551
v -0.05055451 0.12395614 -0.00352313
v -0.06323548 0.12931287 -0.01715427
v -0.06882278 0.12082525 -0.01370244
v -0.05520483 0.11414514 -0.00030124
v -0.06495608 0.09580246 0.01570329
v -0.08646676 0.10207764 0.00042026
v -0.08334250 0.08280616 0.01796805
v -0.06553095 0.07858565 0.02487388
v -0.08137921 0.06576538 0.03161306
v -0.06528282 0.06244647 0.03570582
v -0.07540912 0.01629268 0.06329538
v -0.06006159 0.01576990 0.06612030
v -0.06209255 0.03162350 0.05648473
v -0.07769008 0.03266128 0.05317484
v -0.08321784 -0.08388746 0.08163148
v -0.07215107 -0.08027691 0.08734737
v -0.07915115 -0.06383427 0.09003466
v -0.08916233 -0.06565021 0.08610379
v -0.13965584 0.03610387 0.02969040
v -0.14146835 0.05308958 0.02194460
v -0.15124466 0.04288363 0.02084667
v -0.14795575 0.02541785 0.02701069
v -0.10233783 0.13447249 -0.04097144
v -0.09641442 0.12205598 -0.02003351
v -0.08569491 0.12441107 -0.02581317
v -0.09126677 0.13634793 -0.04341991
v -0.12636776 -0.05030287 0.04719566
v -0.12094049 -0.06307977 0.05346663
v -0.11940642 -0.05352274 0.06105481
v -0.12411962 -0.04104093 0.05568792
v -0.09761759 -0.16004142 0.04260870
v -0.08409844 -0.16188605 0.05428772
v -0.08498821 -0.14234298 0.05490750
v -0.09826843 -0.14013150 0.04428299
v -0.13019446 -0.11401781 -0.00559748
v -0.13294789 -0.11456285 -0.02649895
v -0.13115327 -0.13017298 -0.02757295
v -0.12968689 -0.13163647 -0.00658492
v -0.10247633 0.01537095 0.05573528
v -0.08932179 0.01648514 0.05973193
v -0.09202245 0.03312565 0.04951725
v -0.10551878 0.03196075 0.04595236
v -0.31464043 0.04751118 -0.01291806
v -0.31622049 0.03247608 -0.01351441
v -0.29181692 0.03583898 -0.01250882
v -0.29002187 0.05062356 -0.01163165
v -0.12546563 -0.22646013 0.00231543
v -0.12515560 -0.22293068 -0.01666142
v -0.12975314 -0.24033229 -0.01429047
v -0.12948224 -0.24388318 0.00592681
v -0.16999462 0.09735470 -0.00226059
v -0.17175889 0.11330801 -0.01819843
v -0.18021925 0.10857658 -0.01781923
v -0.18048178 0.09199691 -0.00374111
v -0.13180615 0.00699066 0.04254565
v -0.13628578 0.02121703 0.03643394
v -0.14293791 0.01163014 0.03186332
v -0.13796593 -0.00046051 0.03665277
v -0.13987280 -0.08606495 -0.02707466
v -0.13779436 -0.08479147 -0.00962010
v -0.14251612 -0.06934188 -0.01389207
v -0.14410944 -0.07136042 -0.02963803
v -0.13446644 -0.09942833 -0.00705631
v -0.13661359 -0.10041548 -0.02621178
v -0.12375038 0.01156796 0.04705190
v -0.11394557 0.01400757 0.05145920
v -0.11726373 0.03042614 0.04259288
v -0.12735571 0.02782345 0.03971017
v -0.07676509 -0.09938256 0.07444777
v -0.06350266 -0.09506916 0.08137991
v -0.12321683 -0.24809769 0.02572424
v -0.11227740 -0.25307325 0.04254467
v -0.10988433 -0.23455477 0.03808406
v -0.12023319 -0.23029093 0.02144375
v -0.07035309 -0.12560683 0.06308722
v -0.07159877 -0.11153752 0.06599128
v -0.08425308 -0.11138556 0.05907838
v -0.08412164 -0.12464952 0.05556364
v -0.09760837 -0.25769970 0.05587158
v -0.08154599 -0.26142073 0.06635658
v -0.07959117 -0.24145430 0.06095273
v -0.09570909 -0.23856699 0.05113268
v -0.07966086 0.04892411 0.04272204
v -0.06388065 0.04722922 0.04642972
v -0.10135879 -0.08297648 0.06944515
v -0.09304171 -0.08450018 0.07540651
v -0.09809471 -0.06639358 0.08064245
v -0.10528436 -0.06580242 0.07442552
v -0.15263607 0.01134063 0.02067330
v -0.16116253 0.02845939 0.01562941
v -0.15975986 0.00583776 0.00512811
v -0.15225264 -0.00346486 0.00983075
v -0.13483745 -0.25739336 -0.01111022
v -0.13403571 -0.26109266 0.00997184
v -0.10035956 -0.27662638 0.06010571
v -0.08401584 -0.28104657 0.07074831
v -0.17482598 -0.00893458 -0.03694545
v -0.18296039 -0.00091125 -0.04130657
v -0.18586481 -0.00250174 -0.05153859
v -0.17848769 -0.01032814 -0.04820826
v -0.04445213 -0.06163427 0.09303191
v -0.05862499 -0.05223854 0.09382463
v -0.06281351 -0.06973662 0.09226625
v -0.05127139 -0.08278275 0.08830598
v -0.09780975 -0.09775923 0.06148553
v -0.09588468 -0.10874312 0.05275316
v -0.08810744 -0.09954543 0.06782454
v -0.03026546 -0.07218456 0.08861902
v -0.03798334 -0.09884724 0.08067665
v -0.04760908 0.04421868 0.04958272
v -0.04602500 0.02988574 0.05921762
v -0.04832746 0.05927239 0.04056435
v -0.03137644 0.05598864 0.04457842
v -0.03039956 0.07132702 0.03673759
v -0.04745353 0.07465622 0.03179513
v -0.02871989 0.08699531 0.03053115
v -0.04581836 0.09059916 0.02472535
v -0.03623784 0.11944265 0.00701594
v -0.03939797 0.11018187 0.01007393
v -0.14636089 -0.00022312 0.02448656
v -0.14126948 -0.01049449 0.02826517
v -0.11571498 -0.27136058 0.04681035
v -0.10707464 0.06241098 -0.11719330
v -0.10433207 0.04475714 -0.12108750
v -0.12010814 0.04874710 -0.11372884
v -0.12294589 0.06542867 -0.11068106
v -0.11237063 0.13649277 -0.03882830
v -0.10956058 0.12415124 -0.01702585
v -0.15967026 -0.00973918 -0.08416976
v -0.16878605 -0.00136181 -0.08142754
v -0.16808388 0.00689491 -0.08566692
v -0.15827742 -0.00057479 -0.08924205
v -0.18863499 0.01062151 -0.07129572
v -0.18859595 0.00347763 -0.06674308
v -0.20516254 0.01175359 -0.06990884
v -0.20440255 0.01852411 -0.07457636
v -0.12492536 -0.23712580 -0.03293377
v -0.11938977 -0.21970427 -0.03467821
v -0.11566354 -0.09988116 -0.07979590
v -0.12510115 -0.10713897 -0.06377194
v -0.13084967 -0.09248545 -0.06168948
v -0.12308040 -0.08526203 -0.07726606
v -0.01650152 0.03259907 -0.11457801
v -0.01627632 0.01710237 -0.11580126
v -0.03405103 0.02157475 -0.12075227
v -0.03388818 0.03723529 -0.11961205
v -0.07120219 0.06660672 -0.12300853
v -0.07238083 0.08226153 -0.11929952
v -0.05199557 0.07357410 -0.12047441
v -0.05187014 0.05920263 -0.12289054
v -0.08897679 0.05669997 -0.12311677
v -0.08694908 0.03933133 -0.12658493
v -0.14573441 -0.06880698 -0.04482871
v -0.13916583 -0.08357271 -0.04378329
v -0.15769549 -0.03871184 -0.03950255
v -0.15801120 -0.03844502 -0.05203934
v -0.15412599 -0.04699654 -0.05021324
v -0.15405919 -0.04716727 -0.03697892
v -0.08354096 0.13874732 -0.04618700
v -0.08112421 0.14279775 -0.06373305
v -0.09097876 0.13985540 -0.06225746
v -0.04925060 0.12027001 -0.09937376
v -0.04899193 0.11397992 -0.10393389
v -0.06157054 0.11956277 -0.10009602
v -0.05854985 0.12475422 -0.09583979
v -0.03698824 -0.03961098 -0.11818907
v -0.01739680 -0.04122458 -0.11663417
v -0.01772461 -0.05990829 -0.11254219
v -0.03834514 -0.05949603 -0.11389711
v -0.16944881 -0.01530207 -0.07114204
v -0.16140336 -0.02374366 -0.07181233
v -0.16239461 -0.02839697 -0.06352859
v -0.16964366 -0.02047635 -0.06396450
v -0.15277033 -0.04465168 -0.06166998
v -0.15697314 -0.03613239 -0.06258877
v -0.15525441 -0.03161267 -0.07195549
v -0.15018383 -0.04007728 -0.07231510
v -0.13094960 -0.07158498 -0.07463451
v -0.13655116 -0.07818605 -0.05955790
v -0.14373566 -0.06417368 -0.05932098
v -0.13944791 -0.05792526 -0.07255694
v -0.01605564 -0.12505265 -0.09969315
v -0.03366056 -0.12772475 -0.10275412
v -0.03510936 -0.10413505 -0.10637406
v -0.01651864 -0.10276944 -0.10447939
v -0.19594446 0.01381458 -0.02704996
v -0.19544798 0.02062928 -0.01640494
v -0.20974374 0.02048775 -0.02087964
v -0.21258423 0.01437334 -0.03232603
v -0.22047043 0.04891339 -0.08982979
v -0.20935243 0.04394818 -0.08916883
v -0.21092789 0.03793392 -0.08757304
v -0.22182842 0.04342931 -0.08897558
v -0.23530531 0.00936770 -0.04601676
v -0.23076616 0.01358436 -0.03569265
v -0.25199705 0.01259468 -0.03792141
v -0.25565451 0.00787424 -0.04860461
v -0.12415871 0.13754833 -0.06319886
v -0.12384761 0.13982737 -0.03720806
v -0.11410530 0.13900359 -0.06274223
v -0.23866501 0.00680131 -0.06349624
v -0.23822254 0.01084260 -0.07102567
v -0.22086833 0.00930603 -0.06752523
v -0.22085361 0.00674644 -0.05993786
v -0.28911334 0.06556213 -0.01905410
v -0.31325457 0.06219175 -0.02006789
v -0.28049690 0.00575690 -0.05978452
v -0.28172967 0.00758349 -0.06906492
v -0.26062793 0.00733627 -0.06663571
v -0.25914583 0.00549097 -0.05822983
v -0.10850337 -0.11529407 -0.08057741
v -0.11950786 -0.12259930 -0.06530692
v -0.10220670 -0.23290652 -0.06400666
v -0.11531693 -0.23474224 -0.05010840
v -0.10898220 -0.21597821 -0.05120568
v -0.09657163 -0.21262959 -0.06476139
v -0.12965140 -0.25514665 -0.03143317
v -0.10635259 -0.25304946 -0.06326981
v -0.11978536 -0.25362533 -0.04908667
v -0.06421956 0.15074337 -0.05891882
v -0.05389817 0.15036029 -0.07168281
v -0.06226451 0.14411896 -0.07562979
v -0.07212056 0.14661531 -0.06374061
v -0.15653434 -0.36532047 -0.03089892
v -0.15735364 -0.39310476 -0.03430470
v -0.16428731 -0.39320490 -0.00912641
v -0.16173597 -0.36668780 -0.00471897
v -0.03509589 0.13344941 -0.08985891
v -0.04962977 0.13979723 -0.08310640
v -0.04136659 0.14632893 -0.07902884
v -0.02811434 0.14346644 -0.08415972
v -0.15715551 -0.34248862 -0.00347898
v -0.15358958 -0.33956736 -0.02869507
v -0.07461158 0.14244108 -0.04579804
v -0.06545896 0.14982700 -0.04135570
v -0.06998858 0.13690953 -0.03027067
v -0.06224648 0.14228615 -0.02690118
v -0.05564857 0.13721892 -0.01288841
v -0.16654533 -0.39842942 0.01636614
v -0.16126622 -0.37240657 0.01874301
v -0.05093241 0.16114752 -0.06238339
v -0.04013171 0.15917391 -0.07080977
v -0.02644750 0.15514180 -0.07671842
v -0.01248437 0.15434782 -0.07978252
v -0.13357183 -0.27238223 -0.02971634
v -0.13789044 -0.27433816 -0.00826354
v -0.11514757 -0.49987933 -0.09771802
v -0.08893070 -0.50309151 -0.10502920
v -0.08771482 -0.51538098 -0.09576373
v -0.11794320 -0.51448017 -0.08863647
v -0.02503969 -0.48688895 -0.10436637
v -0.02281698 -0.49791032 -0.09041829
v -0.05536979 -0.50959748 -0.09591538
v -0.05816657 -0.49826136 -0.10760681
v -0.05806141 -0.37529340 -0.12424438
v -0.05752804 -0.35299900 -0.11597680
v -0.03061717 -0.35286853 -0.11719389
v -0.03057051 -0.37550166 -0.12430593
v -0.11005671 -0.27151644 -0.06376756
v -0.12368002 -0.27127087 -0.04870955
v -0.13649127 -0.27760151 0.01329863
v -0.17845102 -0.53234226 -0.01046632
v -0.17427348 -0.56793952 -0.01308565
v -0.17084041 -0.57414448 0.02102738
v -0.17367075 -0.53793043 0.02458317
v -0.14361615 -0.56153661 -0.06546210
v -0.14637874 -0.53266639 -0.06814967
v -0.11689229 -0.53417152 -0.08208510
v -0.11501282 -0.55873698 -0.07784112
v -0.06766932 -0.28473219 0.08054867
v -0.08511117 -0.30007884 0.07263394
v -0.06801832 -0.30443138 0.08198670
v -0.01976533 -0.29296744 0.09762303
v -0.03713991 -0.29025289 0.09444733
v -0.03499216 -0.31047472 0.09503160
v -0.01823343 -0.31282791 0.09817168
v -0.02260103 -0.42129630 0.08581352
v -0.01012743 -0.42133614 0.08795512
v -0.01206527 -0.39882165 0.08884215
v -0.02640127 -0.39751387 0.08647028
v -0.15397176 -0.37914982 0.04108344
v -0.13822217 -0.38569805 0.05820543
v -0.13204180 -0.36405367 0.05631465
v -0.14701784 -0.35706949 0.04017192
v -0.02193838 -0.50669283 -0.07330067
v -0.05207917 -0.51942980 -0.08180913
v -0.15605108 -0.57819104 0.05136771
v -0.15685183 -0.54198933 0.05544146
v -0.13166121 -0.58123612 0.07335854
v -0.10181650 -0.57931221 0.08155804
v -0.10353659 -0.54787809 0.08391158
v -0.13290669 -0.54647845 0.07591609
v -0.02969409 -0.49313575 0.06101348
v -0.01654089 -0.50731659 0.03887482
v -0.01210547 -0.50129074 0.04445474
v -0.02214457 -0.48139191 0.06794336
v -0.02649317 -0.47507989 -0.11411490
v -0.05815743 -0.48342255 -0.11710066
v -0.05700082 -0.46653861 -0.12427658
v -0.02717371 -0.45993146 -0.12198659
v -0.09046564 -0.25292689 -0.07379661
v -0.09394244 -0.27243876 -0.07456751
v -0.07388315 -0.25279322 -0.08001310
v -0.08716983 -0.23111895 -0.07352161
v -0.07094938 -0.22980328 -0.07927765
v -0.07763012 -0.09600430 -0.10160010
v -0.09458282 -0.10629773 -0.09269375
v -0.10265528 -0.09083182 -0.09324794
v -0.08653432 -0.07883735 -0.10358083
v -0.05188966 0.02724730 -0.12625623
v -0.05168076 0.04344547 -0.12491696
v -0.08158777 -0.55042976 -0.08105343
v -0.04587143 -0.53318858 -0.07104891
v -0.05409703 -0.57231200 -0.07171036
v -0.08511308 -0.58064133 -0.07885740
v -0.15949179 -0.59500623 -0.04415258
v -0.16473255 -0.56312728 -0.04350455
v -0.14086938 -0.59135759 -0.06452920
v -0.16894864 -0.60109288 -0.01508858
v -0.16716944 -0.60738730 0.01794902
v -0.12912057 -0.61322826 0.07046135
v -0.09891636 -0.61022109 0.07759354
v -0.02945493 -0.56747323 0.03867869
v -0.04795720 -0.57128274 0.05755083
v -0.04633195 -0.59758520 0.05178443
v -0.02879271 -0.59127021 0.03110353
v -0.05898055 -0.42597342 0.08067295
v -0.09042396 -0.40788659 0.07558421
v -0.09575097 -0.43322650 0.07750386
v -0.06956822 -0.45154157 0.07973609
v -0.02434562 -0.27174029 0.09375123
v -0.03751051 -0.26879269 0.09090968
v -0.05183990 -0.28778979 0.08871853
v -0.05097977 -0.26638159 0.08536354
v -0.06594431 -0.26417691 0.07635272
v -0.03393268 -0.18283053 0.08090138
v -0.05112725 -0.18313062 0.07451130
v -0.04871468 -0.20261738 0.07549164
v -0.03283078 -0.20261686 0.08226764
v -0.03568648 -0.16240352 0.07950899
v -0.05367553 -0.16282184 0.07371989
v -0.03649581 -0.12086669 0.07469228
v -0.05636308 -0.10842399 0.07311252
v -0.05401472 -0.12423789 0.06939537
v -0.03110680 0.04053587 0.05260901
v -0.03002730 0.02593914 0.06095226
v -0.16006693 -0.40446129 0.04107951
v -0.02137692 -0.53819770 -0.04743432
v -0.01056663 -0.54756653 -0.02539591
v -0.01595899 -0.57438660 -0.03262961
v -0.02915855 -0.57080156 -0.05451821
v -0.15489836 -0.34930468 0.01951020
v -0.12738574 -0.26580775 0.02977453
v -0.12947324 -0.28280532 0.03308103
v -0.12219404 -0.13271739 0.01466799
v -0.12154142 -0.11098248 0.01930840
v -0.07142194 -0.04665365 0.09193246
v -0.07175115 -0.05981702 0.09244243
v -0.16923071 -0.52963805 -0.04343623
v -0.11949152 -0.67334157 0.06077722
v -0.09036859 -0.67075676 0.06595580
v -0.09548996 -0.64081395 0.07228405
v -0.12379549 -0.64370161 0.06572963
v -0.02121581 -0.61389631 0.00235914
v -0.02964479 -0.61854482 0.02270989
v -0.03209164 -0.64745367 0.01486249
v -0.02599872 -0.64362699 -0.00609302
v -0.03008952 -0.67394978 -0.01243871
v -0.03360915 -0.67838806 0.00872763
v -0.03389502 -0.70824689 0.00151157
v -0.03255114 -0.70298338 -0.01900618
v -0.15273596 -0.61288959 0.04780745
v -0.15542807 -0.66874367 0.01363148
v -0.14309129 -0.67297250 0.04087862
v -0.14796931 -0.64382845 0.04448950
v -0.16100237 -0.63879472 0.01544133
v -0.11539139 -0.58751827 -0.07619836
v -0.01793743 -0.58627445 0.01064352
v -0.01711705 -0.56358892 0.01880325
v -0.03188693 -0.63924831 -0.04564704
v -0.04526759 -0.63885462 -0.06443925
v -0.03711773 -0.60618156 -0.06013141
v -0.02331796 -0.60697788 -0.03932279
v -0.13643137 -0.64894229 -0.06336156
v -0.15070090 -0.65397298 -0.04317250
v -0.15502949 -0.62503421 -0.04340510
v -0.13858907 -0.62046427 -0.06380913
v -0.15665111 -0.66108114 -0.01598917
v -0.16272856 -0.63153034 -0.01537234
v -0.14416787 -0.72636682 0.01018850
v -0.13029703 -0.73028445 0.03459971
v -0.13710228 -0.70192486 0.03774663
v -0.14977907 -0.69779593 0.01170722
v -0.14760463 -0.71848726 -0.01832602
v -0.15197872 -0.68993080 -0.01720711
v -0.14752044 -0.68230790 -0.04309841
v -0.14424016 -0.71064943 -0.04252360
v -0.13149133 -0.70427930 -0.06050884
v -0.13413817 -0.67666870 -0.06227180
v -0.11530945 -0.67294896 -0.07535847
v -0.11470311 -0.70005292 -0.07325042
v -0.09379473 -0.67010278 -0.08020978
v -0.07161707 -0.66863048 -0.07666018
v -0.07602977 -0.69597590 -0.07555906
v -0.09596176 -0.69746947 -0.07803472
v -0.04381776 -0.69778687 -0.05434346
v -0.05762217 -0.69629043 -0.06795491
v -0.05211075 -0.66866761 -0.06645592
v -0.03880204 -0.66956782 -0.04993191
v -0.05930625 -0.80778158 -0.07334045
v -0.07480667 -0.80604309 -0.07663307
v -0.07003369 -0.77733850 -0.07385596
v -0.05392649 -0.77911031 -0.06916578
v -0.08990797 -0.80481547 -0.08022717
v -0.10570920 -0.80511171 -0.08012625
v -0.10114682 -0.77755499 -0.07614968
v -0.08594367 -0.77698404 -0.07575139
v -0.12836830 -0.78466874 -0.05736561
v -0.11595365 -0.77964514 -0.07065352
v -0.12061165 -0.80713880 -0.07392912
v -0.13220774 -0.81199503 -0.06025187
v -0.14364369 -0.81848013 -0.04305319
v -0.14225425 -0.79151416 -0.04192907
v -0.14102580 -0.82505983 -0.02269478
v -0.14326908 -0.79850900 -0.02185145
v -0.12917615 -0.80520648 0.00203004
v -0.12870479 -0.83064753 0.00036727
v -0.03772806 -0.82045227 -0.03331611
v -0.03775815 -0.81432676 -0.05060152
v -0.03359788 -0.78680974 -0.04356369
v -0.03586896 -0.79207301 -0.02644085
v -0.05587563 -0.80312073 0.01143344
v -0.06986403 -0.80731809 0.03520519
v -0.06963259 -0.83321947 0.02377171
v -0.05859585 -0.82951051 -0.00086077
v -0.14440992 -0.74555045 -0.01955311
v -0.13836496 -0.75324631 0.00805924
v -0.12851353 -0.73121983 -0.05843934
v -0.14165509 -0.73799604 -0.04163673
v -0.04762824 -0.72482693 -0.05912003
v -0.06233102 -0.72313720 -0.06972612
v -0.03418206 -0.73731297 -0.00722137
v -0.03307409 -0.73171896 -0.02648015
v -0.10096627 -0.75726461 0.04545515
v -0.12327179 -0.75704831 0.03155813
v -0.11850897 -0.78350306 0.02910680
v -0.09710664 -0.78379709 0.04300553
v -0.14313632 -0.77202213 -0.02104741
v -0.14091700 -0.76454455 -0.04159371
v -0.12708674 -0.75774199 -0.05707085
v -0.11412433 -0.75305384 -0.06970765
v -0.09882402 -0.75089937 -0.07470344
v -0.08301521 -0.74995500 -0.07404897
v -0.06640725 -0.74994236 -0.07156160
v -0.05069564 -0.75153893 -0.06411189
v -0.03346375 -0.75922853 -0.03501382
v -0.03548412 -0.76519954 -0.01732945
v -0.09460230 -0.80984318 0.04115500
v -0.11717743 -0.80918103 0.02732018
v -0.11761682 -0.83371580 0.02177448
v -0.09301462 -0.83401728 0.03226732
v -0.09351026 -0.85627896 0.02013861
v -0.07312118 -0.85518968 0.01135320
v -0.09467810 -0.83345294 -0.08484097
v -0.10997282 -0.83327913 -0.08384020
v -0.12496584 -0.83523965 -0.07694615
v -0.14533176 -0.84442127 -0.04589644
v -0.13973020 -0.85190666 -0.02194033
v -0.12818018 -0.85707992 -0.00099870
v -0.11520011 -0.85610497 0.01541183
v -0.05242400 -0.87189966 -0.05923257
v -0.04566623 -0.84291017 -0.05477981
v -0.04450507 -0.84742755 -0.03883747
v -0.05156031 -0.87576544 -0.04350111
v -0.06905167 -0.86695677 -0.08180553
v -0.08235560 -0.86415082 -0.09069411
v -0.07997900 -0.83535773 -0.08014786
v -0.06668159 -0.83777499 -0.07435606
v -0.09927747 -0.86160225 -0.09436733
v -0.11607416 -0.86191434 -0.09112721
v -0.13193654 -0.86323428 -0.08339804
v -0.13823786 -0.83851933 -0.06437088
v -0.14422326 -0.86654508 -0.06911492
v -0.14750727 -0.87275279 -0.04766549
v -0.14106010 -0.88047373 -0.01891759
v -0.12502339 -0.91580749 -0.00325091
v -0.12159769 -0.88609546 -0.00008052
v -0.14436646 -0.90981162 -0.02010205
v -0.10152350 -1.01373720 -0.01523877
v -0.12373468 -1.01153219 -0.01555316
v -0.12050559 -1.04627538 -0.02198303
v -0.10028185 -1.04879212 -0.02147312
v -0.05492954 -0.90500760 -0.04801919
v -0.05422562 -0.90248364 -0.06543358
v -0.06874249 -0.89729637 -0.09131826
v -0.08406526 -0.89420539 -0.10031590
v -0.15584193 -0.93372440 -0.05249195
v -0.15222359 -0.90250999 -0.04851536
v -0.14915338 -0.89646930 -0.07308285
v -0.15236124 -0.92837775 -0.07756553
v -0.05214239 -1.00350332 -0.05827151
v -0.05101806 -1.00150073 -0.07686701
v -0.04971186 -0.96768725 -0.07458548
v -0.05066215 -0.97001863 -0.05496458
v -0.06731778 -0.93005365 -0.09818096
v -0.06678353 -0.96341598 -0.10286900
v -0.08333412 -0.96069592 -0.11227901
v -0.08364853 -0.92666072 -0.10769156
v -0.15185846 -1.00256491 -0.05901431
v -0.15584189 -0.96711552 -0.05618278
v -0.15306138 -0.96257079 -0.08065931
v -0.14976510 -0.99915177 -0.08218816
v -0.14739159 -0.94023764 -0.02453423
v -0.14661264 -0.97240907 -0.02921645
v -0.12634243 -0.97807896 -0.01083115
v -0.12584114 -0.94570738 -0.00592164
v -0.10233431 -0.97947520 -0.00982063
v -0.10133751 -0.94721746 -0.00597522
v -0.06262537 -1.07568145 -0.07685459
v -0.05687967 -1.03784359 -0.07671090
v -0.05738206 -1.04072380 -0.05991855
v -0.06291269 -1.07944953 -0.06217369
v -0.08486883 -0.99651098 -0.11232572
v -0.06830613 -0.99826384 -0.10409002
v -0.07221459 -1.03511286 -0.10106408
v -0.08670507 -1.03405106 -0.10858113
v -0.14077656 -1.07948160 -0.06240414
v -0.14663076 -1.04022634 -0.06074861
v -0.14442426 -1.03792512 -0.08213222
v -0.13786373 -1.07699132 -0.08249083
v -0.11738177 -1.08410776 -0.02870709
v -0.13923006 -1.04289722 -0.03666242
v -0.13438822 -1.08193183 -0.04170778
v -0.11371974 -1.12141728 -0.03227755
v -0.09766234 -1.12335789 -0.03132403
v -0.09896055 -1.08602548 -0.02780630
v -0.06841473 -1.11556470 -0.06364197
v -0.06661395 -1.11250675 -0.07722418
v -0.08652595 -1.10812068 -0.10314009
v -0.08760215 -1.07157552 -0.10508064
v -0.07458326 -1.07295227 -0.09789059
v -0.07501052 -1.10991073 -0.09594329
v -0.11853180 -1.07442605 -0.10418484
v -0.10307103 -1.07224393 -0.10732454
v -0.10098591 -1.10848057 -0.10489595
v -0.11515245 -1.11084402 -0.10136190
v -0.13075365 -1.11264443 -0.08151469
v -0.13045831 -1.07570589 -0.09567691
v -0.12431715 -1.11191368 -0.09358992
v -0.13461863 -1.11484683 -0.06274270
v -0.12931743 -1.11858177 -0.04377432
v -0.00900605 -0.51221037 -0.03087843
v -0.00697864 -0.52284843 -0.00708132
v -0.00901749 -0.53107572 -0.01594426
v -0.01653236 -0.51817632 -0.03847400
v -0.04551386 -0.62576443 0.04539815
v -0.04483648 -0.65624392 0.03797874
v -0.04198781 -0.71562475 0.02296602
v -0.04339961 -0.68672234 0.03085456
v -0.04271403 -0.74344611 0.01314092
v -0.04397059 -0.77089775 0.00225920
v -0.04469689 -0.79803765 -0.00941553
v -0.04627818 -0.82555950 -0.01837491
v -0.05187003 -0.85278928 -0.02337506
v -0.05820394 -0.88064796 -0.02594836
v -0.06236176 -0.93908465 -0.03407449
v -0.05313211 -0.93685436 -0.05130253
v -0.06275743 -0.90881717 -0.03068429
v -0.06230422 -1.00674701 -0.03881430
v -0.06124393 -0.97185880 -0.03638393
v -0.06574432 -1.04474258 -0.04286223
v -0.07007273 -1.08354545 -0.04752306
v -0.07516467 -1.11946607 -0.04980662
v -0.07726771 -0.52160656 0.07907844
v -0.05265659 -0.52618867 0.06622200
v -0.05395554 -0.50790709 0.06948831
v -0.07762206 -0.49771211 0.07930393
v -0.01077397 -0.51052028 0.02321881
v -0.00690642 -0.50943232 0.01036112
v -0.00555682 -0.50669181 0.01396508
v -0.00853442 -0.50711644 0.02719887
v -0.13308577 -0.77871722 0.00493534
v -0.11393354 -0.72667724 -0.07067949
v -0.09739313 -0.72422403 -0.07549637
v -0.07982972 -0.72293514 -0.07411233
v -0.05607953 -0.75051010 0.03369079
v -0.07587943 -0.75466985 0.04617796
v -0.07200954 -0.78105831 0.04090438
v -0.05374670 -0.77824330 0.02574803
v -0.09878540 -0.91999561 -0.00346507
v -0.08028815 -0.94383687 -0.01904412
v -0.07845701 -0.91485643 -0.01438543
v -0.09775443 -0.89531714 0.00169650
v -0.12157290 -0.89181948 -0.09945815
v -0.13776867 -0.89293396 -0.09026426
v -0.12448341 -0.92358989 -0.10743908
v -0.10248003 -0.89240783 -0.10276782
v -0.10407932 -0.92447615 -0.11094280
v -0.06076175 -0.69515711 0.04984849
v -0.08468410 -0.69984406 0.05894262
v -0.07988789 -0.72746122 0.05161150
v -0.05792645 -0.72242641 0.04157557
v -0.10429596 -0.19760796 -0.05361090
v -0.09287824 -0.19229414 -0.06682088
v -0.11545419 -0.08503285 0.04862192
v -0.11727979 -0.09610705 0.03633891
v -0.10718539 -0.10388981 0.04512053
v -0.10670524 -0.09309780 0.05498820
v -0.12233476 -0.07434535 0.04309997
v -0.12439162 -0.08498206 0.03005723
v -0.12790257 -0.06173921 0.03700599
v -0.13008030 -0.07227837 0.02434640
v -0.15328401 -0.01321151 -0.00310753
v -0.16007328 -0.00559733 -0.00766342
v -0.03656698 -0.14194687 0.07749841
v -0.01728959 -0.14240184 0.07954237
v -0.01724202 -0.12295222 0.07761561
v -0.05121350 -0.30798662 0.08967113
v -0.03765724 -0.42268285 0.08326615
v -0.04302275 -0.39586735 0.08359172
v -0.06323130 -0.39254728 0.07971960
v -0.00694042 -0.48397744 0.06530196
v -0.05406521 -0.10818244 -0.10410693
v -0.05182528 -0.13179512 -0.10125207
v -0.03455693 0.05177902 -0.11768072
v -0.01636124 0.04761405 -0.11295654
v -0.03413005 0.07846637 -0.11292150
v -0.03327129 0.09029849 -0.11005441
v -0.01585402 0.08600343 -0.10632341
v -0.01631205 0.07411577 -0.10899778
v -0.01764091 0.13288151 -0.09092970
v -0.01511608 0.14323375 -0.08549709
v -0.00733231 -0.51309466 0.00711797
v -0.00428656 -0.50735676 -0.01188966
v -0.00390625 -0.50584149 -0.00444881
v -0.03120205 -0.54676235 0.04513291
v -0.01778083 -0.54547381 0.02635728
v -0.01922170 -0.53184915 0.03239089
v -0.03328577 -0.53013235 0.05003675
v -0.17383325 -0.50136715 0.02939968
v -0.17973289 -0.49547860 -0.00495174
v -0.08455437 -0.52985799 -0.08626004
v -0.32971874 0.00760819 -0.07215698
v -0.33085221 0.01466299 -0.08056445
v -0.30649084 0.01394019 -0.07943514
v -0.30546099 0.00746118 -0.07094291
v -0.05869728 -0.03820618 -0.11916596
v -0.06543222 -0.06198627 -0.11191490
v -0.07756811 0.12930630 -0.03000802
v -0.14472066 0.13781877 -0.03228918
v -0.14137854 0.12668277 -0.00883220
v -0.13229005 0.12831430 -0.01233857
v -0.13423987 0.14006303 -0.03523176
v -0.13771434 0.08387118 -0.09772008
v -0.13976121 0.10137901 -0.08894756
v -0.12918864 0.10203718 -0.09553567
v -0.12625860 0.08309465 -0.10454746
v -0.02943774 -0.39843860 -0.12895381
v -0.05739918 -0.39872909 -0.13006572
v -0.03332857 -0.20165665 -0.08870247
v -0.05078362 -0.20453614 -0.08639508
v -0.04974834 -0.18113075 -0.09191456
v -0.03260128 -0.17755803 -0.09382685
v -0.08707103 -0.05051143 -0.11240681
v -0.09962055 -0.06504270 -0.10267311
v -0.02737357 -0.02375356 0.08448803
v -0.04250522 -0.01924259 0.08477481
v -0.04298033 -0.03923946 0.09108735
v -0.02757728 -0.04553807 0.08957552
v -0.27323598 0.03950906 -0.08886057
v -0.25166982 0.03090136 -0.08642930
v -0.25744903 0.01949515 -0.08123395
v -0.28039420 0.02268845 -0.08462538
v -0.16959636 -0.49064550 -0.04400584
v -0.14623527 -0.50676733 -0.07355133
v -0.11977692 -0.16257323 -0.04611373
v -0.10985940 -0.15723994 -0.06402852
v -0.10597403 -0.17784719 -0.05945158
v -0.11645147 -0.18289571 -0.04244337
v -0.13043138 -0.11183062 -0.04582405
v -0.12769341 -0.12696521 -0.04707281
v -0.13493618 -0.09753093 -0.04451493
v -0.17997512 -0.00886875 -0.05763477
v -0.18752763 -0.00145213 -0.06021666
v -0.18050149 -0.00434460 -0.06473147
v -0.05011393 -0.54743320 0.06281725
v -0.04809264 -0.47320014 0.07546551
v -0.03956061 -0.45725441 0.07904500
v -0.00357327 -0.50335068 0.00008122
v -0.05630216 0.15061638 -0.02177906
v -0.05092944 0.14700560 -0.00787438
v -0.21944317 0.00746660 -0.05145940
v -0.23792064 0.00667477 -0.05525967
v -0.16604310 -0.02024390 -0.03263218
v -0.16888510 -0.02306878 -0.04476091
v -0.16247405 -0.03125088 -0.04199270
v -0.16007842 -0.02803972 -0.02912859
v -0.16988753 -0.02286476 -0.05520981
v -0.16294678 -0.03114667 -0.05352680
v -0.11973624 0.04732549 0.03391785
v -0.12200886 0.06411969 0.02411859
v -0.13215800 0.06005576 0.02290550
v -0.13024029 0.04328095 0.03170324
v -0.10785761 0.04874688 0.03623617
v -0.09431975 0.04952179 0.03922065
v -0.09640785 0.06666451 0.02774802
v -0.11009227 0.06599087 0.02544654
v -0.06149548 0.10840302 0.00862790
v -0.07652738 0.11537112 -0.00681847
v -0.04315334 0.10256512 0.01794244
v -0.02701821 0.09906445 0.02459945
v -0.01953328 0.11932278 -0.09652889
v -0.01654506 0.10814594 -0.10045415
v -0.03379780 0.11367927 -0.10241580
v -0.03851341 0.12266757 -0.09688544
v -0.04496558 0.13561329 -0.00024145
v -0.03413913 0.12989840 0.00814109
v -0.02328838 0.11643931 0.01446371
v -0.29018912 0.07575038 -0.03118517
v -0.31325084 0.07204028 -0.03102703
v -0.05734665 0.15995593 -0.05015522
v -0.05840405 0.15539378 -0.03607212
v -0.29040462 0.08157614 -0.04562259
v -0.31416389 0.07683311 -0.04517917
v -0.12174889 0.12703621 -0.01493753
v -0.12899792 0.10772175 0.00391606
v -0.11798541 0.10561218 0.00188169
v -0.04171554 0.14551319 0.00382557
v -0.03229305 0.13974576 0.01110328
v -0.17656870 -0.45887578 0.00409279
v -0.17096014 -0.46509558 0.03418658
v -0.11781543 -0.21249102 0.01714861
v -0.12269056 -0.20881622 -0.00098152
v -0.01629780 -0.18290214 0.08356254
v -0.01647882 -0.20291805 0.08524062
v -0.00948718 0.14358748 0.02243941
v -0.03470137 -0.24603838 0.08663750
v -0.01792088 -0.24957848 0.08847829
v -0.01688680 -0.22450200 0.08612347
v -0.03291357 -0.22356504 0.08366966
v -0.01218316 -0.28517485 0.09728019
v -0.01329172 -0.27336702 0.09403752
v -0.00826841 -0.43981054 0.08638407
v -0.01786312 -0.44042593 0.08492084
v -0.21093512 0.06432936 -0.00458783
v -0.20815031 0.08234285 -0.00899214
v -0.22591864 0.07808677 -0.01235938
v -0.22783241 0.06123323 -0.00675936
v -0.04911295 -0.24400458 0.08076232
v -0.06404539 -0.24288583 0.07104585
v -0.14742580 -0.02160924 -0.00004600
v -0.14658378 -0.01244704 0.01312273
v -0.01710768 -0.10228729 0.07998519
v -0.05734710 -0.03400700 0.09040911
v -0.05741438 -0.01680528 0.08387002
v -0.07167312 -0.01535474 0.08141193
v -0.07086985 -0.03112160 0.08801215
v -0.00316660 -0.50229734 -0.00746044
v -0.20247424 0.06799211 -0.08890241
v -0.21457328 0.07189992 -0.08734643
v -0.21129861 0.07962577 -0.08349487
v -0.19941577 0.07667620 -0.08538162
v -0.00935480 -0.54119951 0.00659566
v -0.01059805 -0.55738968 -0.00199402
v -0.02115030 -0.51067251 -0.05575346
v -0.00763832 -0.50403130 -0.04671439
v -0.06995266 -0.60491645 0.06997778
v -0.07304917 -0.57560712 0.07490563
v -0.06697436 -0.63425070 0.06313343
v -0.06418923 -0.66493720 0.05683626
v -0.06377289 -0.85557371 -0.00795643
v -0.07464878 -0.88478369 -0.00779750
v -0.08118304 -0.97631729 -0.02295217
v -0.08165085 -1.01089525 -0.02678688
v -0.08229779 -1.04776919 -0.03173404
v -0.08377215 -1.08604491 -0.03643329
v -0.08502176 -1.12253165 -0.03840133
v -0.31653038 0.07499887 -0.05980118
v -0.29109606 0.08053521 -0.06166346
v -0.29516831 0.07241941 -0.07489423
v -0.32052910 0.06899241 -0.07239909
v -0.27877319 0.00780076 -0.05054586
v -0.27558351 0.01229633 -0.03992609
v -0.29733211 0.00946168 -0.04041588
v -0.29991254 0.00601229 -0.05126825
v -0.32259011 0.00287685 -0.05216701
v -0.32569721 0.00291335 -0.06249286
v -0.30269220 0.00517654 -0.06144614
v -0.32988834 0.02532807 -0.08687939
v -0.32797658 0.03724126 -0.08902621
v -0.30224755 0.03830011 -0.08925800
v -0.30528143 0.02369959 -0.08609611
v -0.32352328 0.05955863 -0.08210805
v -0.29919034 0.06153870 -0.08415347
v -0.30118060 0.04988691 -0.08871071
v -0.32590231 0.04820307 -0.08763751
v -0.31772208 0.01986689 -0.01997022
v -0.31897107 0.01116051 -0.02991144
v -0.29454306 0.01506616 -0.02926394
v -0.29347798 0.02409399 -0.01935466
v -0.20648557 0.09907412 -0.02005355
v -0.22456484 0.09281677 -0.02321156
v -0.16935591 0.01705619 -0.00429145
v -0.17049438 0.02966348 0.00594725
v -0.18241823 0.03195629 -0.00174592
v -0.17720026 0.01871381 -0.01140254
v -0.26554069 0.06901534 -0.01757838
v -0.24426720 0.07345922 -0.01519863
v -0.24462368 0.08553331 -0.02702390
v -0.26708096 0.07966171 -0.02978155
v -0.26975152 0.02690195 -0.01932828
v -0.27196044 0.01845592 -0.02922569
v -0.24894989 0.01965558 -0.02741211
v -0.24723868 0.02883673 -0.01761976
v -0.28336975 0.01372167 -0.07764861
v -0.25978795 0.01223673 -0.07444589
v -0.21279426 0.04691799 -0.00493136
v -0.22897528 0.04406796 -0.00775721
v -0.14188546 -0.02235188 0.01720352
v -0.15138166 -0.04450095 -0.02284883
v -0.15521619 -0.03572820 -0.02601225
v -0.10829613 -0.07929735 0.06402068
v -0.11084887 -0.06448697 0.06870697
v -0.13362640 -0.08007943 0.00820823
v -0.13812517 -0.06536274 0.00251833
v -0.11477375 -0.07307313 0.05899514
v -0.11478491 -0.06319793 0.06384487
v -0.07056925 -0.14318581 0.06411251
v -0.02462520 0.10773839 0.01788634
v -0.24554726 0.05750872 -0.00864789
v -0.24595284 0.04140689 -0.01017027
v -0.21850131 0.02217500 -0.07925617
v -0.21958143 0.01529931 -0.07393068
v -0.23660009 0.01755730 -0.07760144
v -0.23414905 0.02615386 -0.08320104
v -0.11930073 -0.02953580 -0.10616759
v -0.10383361 -0.04049178 -0.10970082
v -0.11282432 -0.05280436 -0.09955641
v -0.12610748 -0.04031725 -0.09650133
v -0.21064673 0.09220731 -0.07285766
v -0.21405441 0.09701558 -0.06529513
v -0.19869240 0.10026470 -0.06530597
v -0.19761947 0.09313429 -0.07396676
v -0.21870922 0.10055473 -0.05411297
v -0.22301695 0.10049568 -0.03885129
v -0.20449319 0.10723688 -0.03668087
v -0.20088431 0.10598528 -0.05327071
v -0.15887950 -0.42111900 -0.04081267
v -0.16785476 -0.42270049 -0.01516895
v -0.11742293 -0.28931370 0.04941078
v -0.10188172 -0.29511294 0.06203039
v -0.08766942 -0.38294712 0.07451563
v -0.03292162 -0.50489396 0.05734701
v -0.01817802 -0.51403362 0.03685183
v -0.01353742 -0.58066219 -0.01045658
v -0.17149934 -0.42569730 0.01086891
v -0.01941626 -0.60993892 -0.01800686
v -0.02607464 -0.64089537 -0.02539381
v -0.06684593 -0.63979453 -0.07686724
v -0.09143830 -0.64217222 -0.08125804
v -0.08861202 -0.61253637 -0.08065044
v -0.06097843 -0.60819739 -0.07522973
v -0.11563711 -0.64525139 -0.07643659
v -0.11563189 -0.61685890 -0.07635646
v -0.10699002 -0.72982341 0.04930250
v -0.10386761 -0.95904338 -0.11544137
v -0.12302515 -0.99629796 -0.11129073
v -0.12467323 -0.95816809 -0.11163726
v -0.10404275 -0.99589288 -0.11506082
v -0.14156985 -0.95951670 -0.09964424
v -0.14097895 -0.92472535 -0.09634551
v -0.14336367 -1.00654364 -0.03252810
v -0.10400128 -1.03401995 -0.11129668
v -0.12128769 -1.03521514 -0.10762700
v -0.13560659 -1.03612030 -0.09752989
v -0.13955919 -0.99682379 -0.09947954
v -0.01026005 -0.53009176 0.01359113
v -0.15614597 -0.50681412 0.05867689
v -0.15348394 -0.47398236 0.06133872
v -0.10061829 -0.46044716 0.08052038
v -0.07513784 -0.47456339 0.07944877
v -0.07908243 -0.22200033 0.05697377
v -0.09495147 -0.21981949 0.04684040
v -0.09631407 -0.18075372 0.04245485
v -0.10882322 -0.17768016 0.02872359
v -0.10782945 -0.19748786 0.03019005
v -0.09507259 -0.20085523 0.04380524
v -0.12536603 -0.17072700 -0.00601738
v -0.12527657 -0.16693613 -0.02650478
v -0.12270261 -0.18684633 -0.02338821
v -0.12285297 -0.19020398 -0.00390572
v -0.12170864 -0.20534201 -0.01988113
v -0.11515339 -0.20203237 -0.03808974
v -0.06664923 -0.16117615 -0.09189682
v -0.08109985 -0.16622362 -0.08354344
v -0.08391590 -0.14371940 -0.08888823
v -0.06868383 -0.13735515 -0.09636715
v -0.02841563 -0.44571415 0.08267621
v -0.01122470 -0.51559258 0.02126119
v -0.07564619 -0.54729331 0.07797727
v -0.10476625 -0.51707923 0.08453014
v -0.13240881 -0.51298857 0.07779171
v -0.21641056 0.01030342 -0.04233117
v -0.15137438 -0.01754872 -0.08708073
v -0.14954069 -0.00783512 -0.09329870
v -0.23823409 0.09404624 -0.05682749
v -0.24276990 0.09295116 -0.04210069
v -0.22795244 0.02982652 -0.01389351
v -0.19309440 0.08685489 -0.00575779
v -0.19573276 0.06742583 -0.00127055
v -0.18203518 0.07074795 0.00351742
v -0.11628910 -0.39543363 0.06864299
v -0.14452121 -0.41148549 0.06026399
v -0.12183724 -0.42110953 0.07157481
v -0.00409382 -0.50217652 -0.03668265
v -0.05302970 -0.49035484 0.07241307
v -0.03119286 -0.67122561 -0.03128726
v -0.03500948 -0.70015830 -0.03739658
v -0.03735007 -0.72769970 -0.04389646
v -0.03892568 -0.75490791 -0.05091001
v -0.04045954 -0.78248864 -0.05846363
v -0.04561304 -0.81005776 -0.06454655
v -0.05370653 -0.83892822 -0.06675073
v -0.05915878 -0.86918789 -0.07181127
v -0.05196907 -0.93463570 -0.07060011
v -0.05693504 -0.93239123 -0.08548126
v -0.05896328 -0.89997560 -0.07938940
v -0.05526655 -0.96554810 -0.09003498
v -0.05671518 -1.00006211 -0.09147851
v -0.06230813 -1.03641403 -0.09005611
v -0.06916017 -1.11061633 -0.08744433
v -0.06696983 -1.07365966 -0.08838008
v -0.00280523 -0.50002372 -0.01812482
v -0.00313269 -0.50092155 -0.02699848
v -0.10475656 0.10286600 -0.00029074
v -0.15649873 -0.02117580 -0.01631726
v -0.16217029 -0.01422020 -0.02035077
v -0.21145844 0.03112877 -0.01021304
v -0.27610657 0.06257726 -0.08533952
v -0.27193075 0.07615421 -0.07782485
v -0.22734277 0.01980634 -0.02436689
v -0.17469308 0.00923744 -0.02114832
v -0.16862860 0.00539263 -0.01425500
v -0.51404995 0.05933020 -0.04492983
v -0.51184988 0.06317568 -0.05659294
v -0.53277719 0.05986096 -0.05542583
v -0.53456092 0.05553219 -0.04481658
v -0.51550817 0.05065333 -0.03650516
v -0.53536040 0.04674352 -0.03759110
v -0.51717460 -0.00167113 -0.05610441
v -0.51607698 0.00526183 -0.04549739
v -0.53696668 0.00643980 -0.04954569
v -0.53794110 0.00032234 -0.06009840
v -0.55536878 0.03290256 -0.03647111
v -0.55523837 0.02304888 -0.03933692
v -0.53554761 0.02466119 -0.03616652
v -0.53588843 0.03561697 -0.03433746
v -0.51649058 0.00125682 -0.08191404
v -0.51424533 0.00980385 -0.09046604
v -0.49466255 0.00608699 -0.08831296
v -0.49658787 -0.00267695 -0.07845739
v -0.43360403 0.00132200 -0.03610694
v -0.43652707 -0.00809044 -0.04545871
v -0.41981167 -0.00728246 -0.03962115
v -0.41618028 0.00361286 -0.03144394
v -0.47114497 0.06605709 -0.04504177
v -0.46825671 0.06727453 -0.05813854
v -0.49042481 0.06582158 -0.05737358
v -0.49285087 0.06314214 -0.04487942
v -0.47381201 0.03262622 -0.02788573
v -0.47363043 0.01891702 -0.03144846
v -0.45082536 0.02191066 -0.03008026
v -0.45169225 0.03628979 -0.02720302
v -0.45072153 0.07064573 -0.04563936
v -0.44659543 0.06798969 -0.05905148
v -0.51561904 0.02657506 -0.03247249
v -0.51526165 0.01506537 -0.03774119
v -0.49465919 0.01605683 -0.03390315
v -0.49518785 0.02886500 -0.02945462
v -0.55542803 0.00783957 -0.08486749
v -0.55350292 0.01620005 -0.09142433
v -0.53387326 0.01323092 -0.09143522
v -0.53599858 0.00474761 -0.08398440
v -0.55591959 0.01481062 -0.04513340
v -0.55673665 0.00726237 -0.05306571
v -0.53549463 0.01471384 -0.04173825
v -0.55098343 0.05451335 -0.07693161
v -0.55173957 0.05716097 -0.06577650
v -0.53057832 0.05956567 -0.06769934
v -0.52948934 0.05547511 -0.07954045
v -0.47526425 -0.00282653 -0.04632360
v -0.47384387 0.00608809 -0.03729873
v -0.49523246 0.00501919 -0.04103385
v -0.49704394 -0.00202520 -0.05149589
v -0.47254288 0.05780727 -0.03424459
v -0.49388677 0.05359453 -0.03536466
v -0.50863612 0.05580244 -0.08166944
v -0.50978196 0.06170288 -0.06919691
v -0.48799708 0.06186306 -0.07011639
v -0.48718339 0.05503498 -0.08297478
v -0.46711415 0.04109431 -0.09189972
v -0.46916133 0.02677992 -0.09387457
v -0.48922339 0.03056461 -0.09467235
v -0.48736173 0.04407724 -0.09169612
v -0.45381847 -0.00145203 -0.04129519
v -0.45601031 -0.00818722 -0.05259429
v -0.47669363 -0.00562711 -0.07363684
v -0.47505355 0.00231480 -0.08505980
v -0.45581895 -0.00155341 -0.08022562
v -0.45755914 -0.00794413 -0.06735322
v -0.41046286 0.05464610 -0.02882124
v -0.41017792 0.06595507 -0.03711773
v -0.42992878 0.06693605 -0.03517456
v -0.42821032 0.05275903 -0.02795441
v -0.42689764 0.07081425 -0.04775384
v -0.40865231 0.07134268 -0.05020928
v -0.38379514 0.06341189 -0.06508377
v -0.38461351 0.05423703 -0.07301621
v -0.39542526 0.05345288 -0.07133951
v -0.39452046 0.06411056 -0.06431634
v -0.42955297 0.03185192 -0.09267536
v -0.43087316 0.01654801 -0.09045580
v -0.44947913 0.02177921 -0.09241388
v -0.44774494 0.03668542 -0.09248051
v -0.41885138 -0.00113723 -0.08054464
v -0.42231503 -0.00998113 -0.06911276
v -0.43759203 -0.00615883 -0.07464323
v -0.43403938 0.00363143 -0.08450787
v -0.36630878 -0.00214813 -0.06613670
v -0.36587635 -0.00409188 -0.05500956
v -0.38131833 -0.00828867 -0.05642536
v -0.38220814 -0.00493577 -0.06816737
v -0.36187604 0.00509974 -0.03212466
v -0.36071131 0.01451537 -0.02350020
v -0.37433651 0.01099058 -0.02466004
v -0.37692475 0.00173226 -0.03262009
v -0.35887459 0.06322736 -0.03101243
v -0.35842934 0.06885639 -0.04398868
v -0.37196440 0.06997867 -0.04258139
v -0.37195683 0.06062784 -0.03044204
v -0.41497490 0.02821012 -0.09169405
v -0.41361821 0.01144511 -0.08830513
v -0.39126691 -0.00142429 -0.03376311
v -0.38756675 0.00765847 -0.02600652
v -0.40120381 0.00489281 -0.02801508
v -0.40417776 -0.00544763 -0.03578252
v -0.38367093 0.03325466 -0.02432046
v -0.38444382 0.04612184 -0.02533775
v -0.39547351 0.04515803 -0.02669481
v -0.39469534 0.03001477 -0.02662231
v -0.38294423 0.06055604 -0.03013909
v -0.38322148 0.06809568 -0.04029335
v -0.39489871 0.06863976 -0.03867765
v -0.39554167 0.05846357 -0.02946675
v -0.39580789 0.03545409 -0.08564541
v -0.39785448 0.02426474 -0.09005386
v -0.40558624 0.02676004 -0.09070064
v -0.40308186 0.03763890 -0.08581749
v -0.40697941 -0.00399381 -0.07542306
v -0.40879291 -0.01171794 -0.06364342
v -0.41087189 0.02920442 -0.02837638
v -0.41340822 0.01544823 -0.02791180
v -0.39868668 0.01866946 -0.02528816
v -0.39425111 0.07157870 -0.05202729
v -0.36816162 0.00428159 -0.07557575
v -0.36873147 0.01137424 -0.08369599
v -0.35265774 0.01335161 -0.08223585
v -0.35207391 0.00638489 -0.07401518
v -0.35059798 0.00181923 -0.06451620
v -0.34833735 0.00042020 -0.05385162
v -0.34248322 0.00780476 -0.03097195
v -0.34185880 0.01690430 -0.02175066
v -0.34063360 0.02964346 -0.01598069
v -0.33889663 0.04505736 -0.01560149
v -0.35820115 0.04278666 -0.01914526
v -0.35971117 0.02795621 -0.01880571
v -0.33831757 0.07259984 -0.04483085
v -0.33746397 0.06834677 -0.03098118
v -0.34086069 0.06993925 -0.05835859
v -0.35927171 0.06779517 -0.05623705
v -0.39326483 -0.00972770 -0.04525962
v -0.37930000 -0.00560632 -0.04352770
v -0.50819808 0.04609634 -0.09103512
v -0.50977659 0.03378292 -0.09467296
v -0.53031904 0.03589918 -0.09360968
v -0.52894771 0.04706905 -0.08904555
v -0.55185682 0.02663811 -0.09346502
v -0.53174108 0.02422115 -0.09444775
v -0.51615638 0.03943225 -0.03201522
v -0.49558055 0.04283248 -0.02986987
v -0.55501616 0.04287293 -0.03831008
v -0.41017923 0.04246856 -0.02735401
v -0.42810240 0.03961707 -0.02757422
v -0.38569480 0.04489994 -0.08023454
v -0.37479624 0.05557913 -0.07466917
v -0.37640929 0.04605768 -0.08232438
v -0.42838272 0.04615718 -0.08443087
v -0.42769837 0.05704990 -0.07058324
v -0.40924400 0.05172497 -0.07206380
v -0.41302836 0.04144187 -0.08527847
v -0.38993952 0.02239060 -0.08917742
v -0.38775724 0.03439829 -0.08606420
v -0.37809655 0.03407003 -0.08692671
v -0.37992683 0.02164375 -0.08849496
v -0.37177184 0.04832120 -0.02414045
v -0.35876063 0.05425374 -0.02296458
v -0.36257991 0.05543062 -0.07664917
v -0.36106604 0.06226486 -0.06707618
v -0.34489930 0.06422036 -0.06986038
v -0.34667075 0.05699953 -0.07951052
v -0.37276888 0.06239467 -0.06563497
v -0.36413050 0.04606822 -0.08401783
v -0.34839079 0.04762632 -0.08599930
v -0.33760151 0.05851464 -0.02087598
v -0.36775813 0.02246108 -0.08804026
v -0.36589697 0.03457969 -0.08783488
v -0.35015407 0.03616334 -0.08863123
v -0.35181588 0.02392964 -0.08751239
v -0.51161909 0.02133740 -0.09455312
v -0.49169838 0.01789310 -0.09338465
v -0.42284092 -0.01280930 -0.05394598
v -0.43853760 -0.01169180 -0.06035538
v -0.40758616 -0.01229894 -0.04865688
v -0.51794672 -0.00284551 -0.06931826
v -0.53762633 -0.00011140 -0.07272572
v -0.47687763 -0.00754243 -0.05911984
v -0.49732730 -0.00567749 -0.06487557
v -0.46669322 0.05356421 -0.08358922
v -0.39393535 0.00202755 -0.08024587
v -0.39496303 -0.00602798 -0.07111771
v -0.40355676 0.00422461 -0.08412113
v -0.34464693 0.00289388 -0.04184380
v -0.36267304 -0.00273212 -0.04274384
v -0.40567434 0.01666096 -0.09090336
v -0.32121506 0.00644226 -0.04096227
v -0.40881142 0.06559394 -0.06239408
v -0.38295752 0.06887814 -0.05338619
v -0.37148672 0.06758618 -0.05492701
v -0.55322969 0.05679073 -0.05414464
v -0.47400254 0.04649965 -0.02842148
v -0.42834580 0.02533220 -0.02940349
v -0.43037108 0.01244780 -0.03121583
v -0.39205372 0.01056628 -0.08763707
v -0.38188952 0.01016443 -0.08519372
v -0.38252783 0.00258549 -0.07729569
v -0.37239069 0.03917381 -0.02221955
v -0.37401897 0.02480241 -0.02118605
v -0.55692494 0.00289016 -0.07482345
v -0.38606465 0.02003465 -0.02305994
v -0.42733407 0.06754424 -0.06041809
v -0.01643797 0.06071142 -0.11140787
v -0.12866168 -0.09488238 0.01307061
v -0.09620589 -0.12277643 0.04660300
v -0.10871933 -0.11847051 0.03567671
v -0.14704290 -0.03880036 -0.00857695
v -0.15148191 -0.02905280 -0.01264954
v -0.17204645 -0.00344516 -0.02533403
v -0.17936112 0.00272680 -0.03114144
v -0.13434130 -0.05855289 0.01793189
v -0.01172611 -0.26091039 0.08957655
v -0.04272434 -0.27498966 -0.08604898
v -0.02243048 -0.27514756 -0.08680793
v -0.02441752 -0.29280061 -0.09346098
v -0.04637431 -0.29327425 -0.09130453
v -0.02636513 -0.31187725 -0.10041936
v -0.14443225 -0.34183615 -0.05281074
v -0.13913183 -0.32072353 -0.05138108
v -0.12618467 -0.32377657 -0.07106238
v -0.13094625 -0.34622622 -0.07446001
v -0.14237668 -0.30315033 -0.02813664
v -0.13277422 -0.30298710 -0.04976516
v -0.14783444 -0.31996623 -0.02820637
v -0.15096855 -0.32277700 -0.00369124
v -0.14571184 -0.30544770 -0.00466811
v -0.14815323 -0.32909533 0.01868837
v -0.14308852 -0.31043211 0.01745023
v -0.14030097 -0.33688274 0.03843230
v -0.12652634 -0.34428215 0.05453655
v -0.11131527 -0.37258804 0.06677338
v -0.08639918 -0.35943249 0.07417408
v -0.10737112 -0.35183635 0.06598768
v -0.04588424 -0.37056425 0.08530684
v -0.06522141 -0.36620033 0.08045276
v -0.01379548 -0.37502655 0.09104752
v -0.02909689 -0.37333089 0.08867437
v -0.09975875 0.08377898 0.01438245
v -0.09381498 0.13242543 -0.08110671
v -0.10300328 0.13860635 -0.06197080
v -0.08185460 0.13545640 -0.07984708
v -0.11045065 0.08052588 -0.11234874
v -0.11380106 0.10024893 -0.10386932
v -0.09382786 0.09190929 -0.11337070
v -0.09094329 0.07449031 -0.11916412
v -0.07183551 0.12707442 -0.09244379
v -0.06596369 0.12900120 -0.09128415
v -0.08050187 0.12237922 -0.09558509
v -0.04861610 0.10873631 -0.10843750
v -0.06585672 0.11384799 -0.10552785
v -0.14448737 0.13469985 -0.05706313
v -0.14266969 0.12056305 -0.07660138
v -0.15097764 0.11874744 -0.07180794
v -0.15474802 0.13275653 -0.05290489
v -0.13579577 0.06744765 -0.10402217
v -0.13375150 0.05121399 -0.10754333
v -0.14389285 0.05359720 -0.10222857
v -0.14504519 0.06900342 -0.09882160
v -0.17299457 0.11790457 -0.03902411
v -0.17038314 0.11306876 -0.05794311
v -0.17717409 0.11118198 -0.05501151
v -0.17998680 0.11376470 -0.03711089
v -0.14591813 0.08495536 -0.09231281
v -0.07871822 -0.03415762 -0.12048299
v -0.11299510 -0.01854043 -0.11418293
v -0.09596412 -0.02690956 -0.11798921
v -0.14744122 0.00265546 -0.09813681
v -0.13821630 -0.00352292 -0.10302606
v -0.14147149 -0.01493841 -0.09725933
v -0.16527176 0.01549438 -0.08975896
v -0.15638717 0.00895003 -0.09358339
v -0.18310949 0.04942705 0.00487812
v -0.17147847 0.05057045 0.01124150
v -0.17039430 0.07327040 0.00673579
v -0.17845328 0.01468565 -0.07834733
v -0.18670425 0.02162726 -0.07765108
v -0.18456279 0.02611203 -0.08024397
v -0.17566502 0.01926959 -0.08141028
v -0.13358672 0.13621311 -0.06042801
v -0.16884761 0.10093419 -0.07127737
v -0.16625296 0.08963688 -0.07985512
v -0.17472221 0.09206183 -0.07770926
v -0.17645207 0.10116388 -0.06829588
v -0.16716003 0.07734653 -0.08675325
v -0.16784336 0.06455639 -0.09199305
v -0.17728630 0.06893417 -0.08909073
v -0.17576581 0.08095903 -0.08415525
v -0.18376346 0.03159690 -0.08290704
v -0.17263339 0.02463031 -0.08461400
v -0.19217734 0.10284118 -0.01817942
v -0.16214862 0.12895846 -0.02301509
v -0.15713103 0.11429439 -0.00177747
v -0.14987865 0.12215131 -0.00413439
v -0.15442857 0.13467388 -0.02771104
v -0.20235652 0.00646059 -0.04734673
v -0.19833626 0.00889159 -0.03734349
v -0.20477609 0.00529292 -0.05648839
v -0.18215427 0.00383651 -0.07088211
v -0.20607224 0.00699964 -0.06398924
v -0.19632643 0.03214191 -0.00682484
v -0.19683838 0.04806842 -0.00159180
v -0.15193366 0.08967602 0.00844459
v -0.14472385 0.09877292 0.00791013
v -0.19009979 0.11069910 -0.03631253
v -0.18726651 0.10881873 -0.05364474
v -0.20154727 0.02816572 -0.08138021
v -0.21381822 0.03379033 -0.08578753
v -0.19913217 0.03228820 -0.08390392
v -0.17087628 -0.00742357 -0.07699027
v -0.18038911 0.01047220 -0.07504834
v -0.16273056 0.12948592 -0.04781001
v -0.18536592 0.10132445 -0.06619553
v -0.18530820 0.09269781 -0.07624910
v -0.15975830 0.07370742 -0.09066969
v -0.15947731 0.08740103 -0.08356863
v -0.15280178 0.08585166 -0.08779202
v -0.15246080 0.07102843 -0.09464006
v -0.18765506 0.07426308 -0.08706117
v -0.19017850 0.06263788 -0.09021987
v -0.15995708 0.06034703 -0.09476201
v -0.15224306 0.05655564 -0.09828341
v -0.19731002 0.03774383 -0.08686029
v -0.13724071 0.10522924 0.00587681
v -0.13419843 0.08077780 0.01341618
v -0.12507303 0.08419260 0.01329537
v -0.15033691 0.06472816 0.01443349
v -0.14206551 0.07372989 0.01404963
v -0.16072613 0.05544154 0.01411017
v -0.11368506 0.08374413 0.01332378
v -0.40028465 0.01327570 -0.08993711
v -0.22588404 0.03959977 -0.08820620
v -0.21715689 0.02916774 -0.08346379
v -0.23052153 0.03420736 -0.08645292
v -0.27630627 0.05135695 -0.08785962
v -0.39453045 0.04458692 -0.07871281
v -0.40178668 0.04405076 -0.07860297
v -0.44655681 0.05065090 -0.08409661
v -0.46739760 0.06281690 -0.07083628
v -0.44657749 0.06120327 -0.07091542
v -0.45047522 0.06231808 -0.03394862
v -0.45133439 0.05073058 -0.02755934
v -0.45220995 0.00866534 -0.03429948
v -0.45264238 0.00916064 -0.08835101
v -0.59444940 0.04636895 -0.04114259
v -0.59420133 0.05194562 -0.04985133
v -0.61447471 0.04974181 -0.04771318
v -0.61439919 0.04303153 -0.04006684
v -0.63307387 0.03091724 -0.03682256
v -0.61417949 0.03426415 -0.03764642
v -0.63399959 0.04031306 -0.03760251
v -0.63201505 0.02290366 -0.04078852
v -0.61356032 0.02617135 -0.04052882
v -0.63119698 0.01710807 -0.04733664
v -0.63116550 0.01199163 -0.05441716
v -0.61346841 0.01335005 -0.05266105
v -0.61326003 0.01909153 -0.04595167
v -0.61401290 0.00970540 -0.06066057
v -0.61404055 0.00886522 -0.06961416
v -0.59540641 0.00665406 -0.06788505
v -0.59512812 0.00907386 -0.05834812
v -0.63087618 0.01869566 -0.08468749
v -0.63062304 0.02654249 -0.08706259
v -0.61209977 0.02463073 -0.08858662
v -0.61278909 0.01619539 -0.08574209
v -0.59227329 0.04096603 -0.08743835
v -0.59212834 0.03151907 -0.09026393
v -0.61221617 0.03403904 -0.08836274
v -0.61231303 0.04302390 -0.08586226
v -0.63102478 0.04515883 -0.08553133
v -0.63169265 0.05014878 -0.07744370
v -0.61303699 0.04842806 -0.07895005
v -0.55457747 0.05140699 -0.04434581
v -0.57468057 0.04904826 -0.04295744
v -0.57493401 0.04035730 -0.03803117
v -0.57490730 0.02175292 -0.04198727
v -0.57490516 0.03061634 -0.03827656
v -0.59426862 0.02822136 -0.03925408
v -0.59419322 0.02033605 -0.04401654
v -0.55728352 0.00244249 -0.06343746
v -0.57594514 0.00827526 -0.05605170
v -0.57646060 0.00466770 -0.06575494
v -0.59455299 0.01397686 -0.05037992
v -0.57491618 0.01412098 -0.04808104
v -0.59493726 0.00791206 -0.07773083
v -0.61354768 0.01078573 -0.07872346
v -0.59321827 0.05305482 -0.06065676
v -0.59257120 0.05185990 -0.07135781
v -0.61396885 0.05090585 -0.06878967
v -0.61434758 0.05165443 -0.05812854
v -0.57607782 0.00560899 -0.07621820
v -0.57191259 0.05322585 -0.07415925
v -0.57250851 0.05505467 -0.06323151
v -0.59183568 0.04798472 -0.08109820
v -0.57129800 0.04760551 -0.08359406
v -0.63354921 0.05127791 -0.05573773
v -0.63378948 0.04819706 -0.04506956
v -0.57331204 0.05425837 -0.05213781
v -0.59390992 0.01324794 -0.08595537
v -0.59273112 0.02182840 -0.09019561
v -0.57327020 0.01902728 -0.09091125
v -0.57478869 0.01059321 -0.08545903
v -0.55100006 0.03758015 -0.09185782
v -0.57189029 0.02895923 -0.09187874
v -0.57174289 0.03914427 -0.08951180
v -0.63069320 0.03592394 -0.08764590
v -0.55048805 0.04730417 -0.08656085
v -0.71009195 0.01546733 -0.03892279
v -0.71925813 0.00845877 -0.04143870
v -0.71483803 0.00963163 -0.04999258
v -0.70624083 0.01561871 -0.04824739
v -0.68630785 0.03129732 -0.02485241
v -0.69487154 0.03168334 -0.01593384
v -0.69701952 0.02622879 -0.02239750
v -0.69083863 0.02825004 -0.03208658
v -0.71334255 0.01436225 -0.03089550
v -0.72258008 0.00997781 -0.03335627
v -0.73084903 0.01019587 -0.03448003
v -0.72287846 0.01635658 -0.02748385
v -0.73136938 0.01667573 -0.03050868
v -0.72804153 0.02710742 -0.03140331
v -0.73804402 0.02655412 -0.03508761
v -0.73896444 0.01826441 -0.03197271
v -0.71901262 0.03767578 -0.05446745
v -0.71555769 0.03865542 -0.06459165
v -0.73033077 0.03679584 -0.06553882
v -0.73290485 0.03478457 -0.05503375
v -0.72107124 0.03265272 -0.08306143
v -0.72687566 0.03429106 -0.07408136
v -0.71204722 0.03702400 -0.07258213
v -0.70763266 0.03505474 -0.08058793
v -0.70187110 0.01408606 -0.05751461
v -0.71021807 0.01052551 -0.05801391
v -0.70810193 0.01007250 -0.06379831
v -0.69864297 0.01164979 -0.06399520
v -0.72483850 0.02269083 -0.02513079
v -0.72189164 0.02131398 -0.01781535
v -0.72324342 0.02506621 -0.01599402
v -0.72201705 0.02842588 -0.02304909
v -0.66329885 0.00551560 -0.06646783
v -0.67401975 0.00443699 -0.06926738
v -0.67438108 0.00263988 -0.07622729
v -0.66245759 0.00431397 -0.07452339
v -0.66415077 0.00962321 -0.04726664
v -0.65873796 0.01666564 -0.03730789
v -0.66716957 0.01902667 -0.03193546
v -0.67083091 0.01525310 -0.03984870
v -0.67750359 0.02819823 -0.02639747
v -0.68954009 0.03977568 -0.02034588
v -0.67853653 0.02612013 -0.03280762
v -0.69908267 0.03997420 -0.01210175
v -0.66957349 0.00545487 -0.08777560
v -0.66081911 0.00808910 -0.08463550
v -0.76655018 -0.02130852 -0.04209006
v -0.76775879 -0.01936952 -0.03709081
v -0.77113575 -0.02402356 -0.03748942
v -0.77036935 -0.02557742 -0.04249176
v -0.66157204 0.03265758 -0.09003526
v -0.66066301 0.02359183 -0.09132115
v -0.66747004 0.02359611 -0.09342887
v -0.66882086 0.03242936 -0.09045803
v -0.67612451 0.02361353 -0.09645447
v -0.67767155 0.03252451 -0.09127790
v -0.77527916 -0.01334099 -0.03428566
v -0.77901250 -0.01103219 -0.03688622
v -0.78220755 -0.01630650 -0.03638686
v -0.77831244 -0.01872366 -0.03418685
v -0.72396171 0.00749043 -0.05002783
v -0.72822374 0.00631670 -0.04187471
v -0.73686343 0.00664697 -0.04053927
v -0.74412930 0.00705561 -0.03891637
v -0.74440730 0.00459690 -0.04476459
v -0.73542595 0.00659649 -0.04936624
v -0.72092670 0.00935981 -0.06093127
v -0.73201251 0.00801421 -0.06131331
v -0.72748071 0.00880875 -0.06807485
v -0.71687812 0.00954409 -0.06782150
v -0.72178394 0.00539228 -0.08637159
v -0.71337014 0.00515199 -0.08527197
v -0.71345752 0.00704655 -0.07946350
v -0.72349620 0.00689030 -0.07988622
v -0.74774182 0.00573712 -0.08119591
v -0.74168414 0.00795654 -0.08058596
v -0.74318266 0.00770311 -0.07558633
v -0.74973655 0.00525473 -0.07632975
v -0.65425634 0.03420477 -0.08956200
v -0.65372127 0.02486744 -0.08976668
v -0.71699876 0.01826920 -0.10875516
v -0.72103232 0.02525955 -0.10278676
v -0.71162486 0.02645638 -0.09927692
v -0.70731986 0.01952703 -0.10493708
v -0.67117858 0.03938370 -0.08399209
v -0.66336793 0.04052957 -0.08441892
v -0.78149951 -0.01006644 -0.04178562
v -0.78470963 -0.01516770 -0.04128776
v -0.69350767 0.04192410 -0.02205997
v -0.70594424 0.04370516 -0.01326573
v -0.67956787 0.03397636 -0.02847803
v -0.65942979 0.02751450 -0.03442840
v -0.66897643 0.02918031 -0.03279337
v -0.73997802 0.00645110 -0.05416186
v -0.71808583 0.00938470 -0.05683609
v -0.70630139 0.00931334 -0.06812193
v -0.69780749 0.00245141 -0.08659140
v -0.70458955 0.00284214 -0.08918536
v -0.70210439 0.00242365 -0.09591310
v -0.69426405 0.00264141 -0.09538830
v -0.71711046 0.00483791 -0.10452347
v -0.71565688 0.01030012 -0.10905504
v -0.70643651 0.01068579 -0.10620221
v -0.70874679 0.00460081 -0.10261838
v -0.72467446 0.02964741 -0.01187114
v -0.71836376 0.03290333 -0.01901788
v -0.66052949 0.01473184 -0.08979037
v -0.66767478 0.01388214 -0.09314013
v -0.65317285 0.01706386 -0.08688504
v -0.67591184 0.00797325 -0.05858751
v -0.68845028 0.01229386 -0.06279214
v -0.68635672 0.00903117 -0.06731577
v -0.67419136 0.00614189 -0.06443892
v -0.69639742 0.02237935 -0.04651413
v -0.68509400 0.02124439 -0.04234099
v -0.70033312 0.02404431 -0.03637592
v -0.66332585 0.00672155 -0.05857382
v -0.65448165 0.00908370 -0.05638749
v -0.65431046 0.00864496 -0.06490300
v -0.65368497 0.00885104 -0.07380343
v -0.65338838 0.01191943 -0.08205500
v -0.64501762 0.01079357 -0.05563809
v -0.64528286 0.01019035 -0.06397822
v -0.64511883 0.01131497 -0.07293006
v -0.64460731 0.01399814 -0.08040044
v -0.65469778 0.04290548 -0.08470342
v -0.64445889 0.04537848 -0.08522403
v -0.64416111 0.03586730 -0.08882640
v -0.65534812 0.01145907 -0.04745070
v -0.64565146 0.01432001 -0.04773782
v -0.64713597 0.01867250 -0.03927346
v -0.64848471 0.02778810 -0.03537191
v -0.71089160 0.01782797 -0.01509107
v -0.70783865 0.02059956 -0.02079993
v -0.70182991 0.02299310 -0.01559949
v -0.70639312 0.01971516 -0.01019158
v -0.74542081 0.01154021 -0.03441263
v -0.73796266 0.01162004 -0.03438637
v -0.74739927 0.01772635 -0.03346021
v -0.68279201 0.00207461 -0.08166733
v -0.67856878 0.00432347 -0.09145180
v -0.74594897 0.00391906 -0.04992040
v -0.76099962 0.00071492 -0.03478583
v -0.76577890 0.00352119 -0.03758734
v -0.77429241 -0.00571824 -0.03748611
v -0.77046669 -0.00823325 -0.03468368
v -0.75264746 -0.00774114 -0.04739974
v -0.75695390 -0.00677846 -0.05159674
v -0.75247139 0.00067477 -0.05304371
v -0.74859035 -0.00099871 -0.04795730
v -0.74309266 0.00539840 -0.08722112
v -0.73880184 0.00711760 -0.08691455
v -0.74804008 0.03012956 -0.04473164
v -0.73537612 0.03401186 -0.04369593
v -0.74782395 0.02700176 -0.05606280
v -0.73322940 0.00730054 -0.08027399
v -0.72499418 0.00808077 -0.07431802
v -0.73461396 0.00790962 -0.07503730
v -0.74696279 0.00770498 -0.06017374
v -0.73993558 0.00762891 -0.06133654
v -0.74324667 0.00684836 -0.05653654
v -0.74758941 0.00523888 -0.05451051
v -0.69644433 0.02166997 -0.10190357
v -0.69554949 0.01029085 -0.10370313
v -0.77116573 -0.01633535 -0.03438766
v -0.77421808 -0.02153784 -0.03478799
v -0.64399016 0.02638589 -0.08774219
v -0.64439332 0.01898285 -0.08513987
v -0.71460342 0.00857755 -0.07357635
v -0.72289503 0.03505918 -0.04318938
v -0.70457202 0.00819674 -0.07288053
v -0.74374753 0.01219508 -0.09565849
v -0.74714917 0.01601921 -0.09427568
v -0.73907465 0.02206700 -0.09308724
v -0.73742676 0.01611320 -0.09723194
v -0.76845151 -0.02080443 -0.04709379
v -0.77236110 -0.01834125 -0.05049310
v -0.76663351 -0.01401505 -0.05069299
v -0.76273072 -0.01624735 -0.04699232
v -0.75265718 -0.00474130 -0.03779930
v -0.75134575 -0.00723159 -0.04250047
v -0.74691653 0.00005838 -0.04316323
v -0.74813455 0.00365611 -0.03807262
v -0.75059062 0.00650278 -0.03488213
v -0.75636959 -0.00206891 -0.03518703
v -0.76716858 0.00286519 -0.04947818
v -0.76310194 -0.00325157 -0.05239528
v -0.77202058 -0.01027286 -0.05179035
v -0.77599460 -0.00608834 -0.04828843
v -0.69476300 0.03781433 -0.07841709
v -0.69149250 0.03498211 -0.08637212
v -0.70392084 0.03208895 -0.08905201
v -0.71634299 0.02928556 -0.09183260
v -0.72850776 0.02484290 -0.09392910
v -0.73406249 0.03001913 -0.08527144
v -0.70036435 0.02876283 -0.09562996
v -0.75619906 0.01680519 -0.06053162
v -0.75519252 0.00996310 -0.05899549
v -0.75764298 0.01609857 -0.05213711
v -0.70292187 0.00633077 -0.07978559
v -0.76608950 -0.01132640 -0.03468770
v -0.66987824 0.04180055 -0.04286220
v -0.66904080 0.04659441 -0.05365696
v -0.67957616 0.04518565 -0.05456669
v -0.68001640 0.04038619 -0.04207838
v -0.76103848 -0.01632994 -0.04208793
v -0.76217371 -0.01484810 -0.03718784
v -0.74137640 0.00670217 -0.09634890
v -0.73791540 0.00931088 -0.09835322
v -0.73781216 0.00764757 -0.09339698
v -0.74196053 0.00659808 -0.09241817
v -0.68857563 0.03143727 -0.09286295
v -0.72938401 0.02475882 -0.10617225
v -0.72539592 0.01895866 -0.11135896
v -0.67391521 0.04320661 -0.07486829
v -0.68026626 0.03772096 -0.08469769
v -0.68324822 0.04082405 -0.07642519
v -0.74345851 0.02787597 -0.07536554
v -0.69845468 0.03968936 -0.07111254
v -0.68615794 0.04247937 -0.06913666
v -0.67589784 0.04501314 -0.06636728
v -0.66738147 0.04725404 -0.06501693
v -0.66570121 0.04534559 -0.07433109
v -0.78091496 -0.01140497 -0.04758729
v -0.77688617 -0.00440448 -0.04248141
v -0.65634322 0.04762734 -0.07441044
v -0.64549327 0.04998026 -0.07553084
v -0.65762788 0.04925563 -0.06472395
v -0.64645666 0.05071625 -0.06526159
v -0.68922532 0.04340680 -0.06097718
v -0.69246840 0.04278572 -0.05239210
v -0.70161778 0.04085705 -0.06334631
v -0.70543230 0.03997260 -0.05392573
v -0.74459487 0.03286043 -0.06619805
v -0.77699256 -0.02276729 -0.05049395
v -0.78358150 -0.02899143 -0.05029332
v -0.78705567 -0.02631021 -0.04919264
v -0.78136086 -0.01977242 -0.04989286
v -0.77704543 -0.01489580 -0.05089083
v -0.78440487 -0.01684985 -0.04686571
v -0.71029305 0.03740385 -0.04264672
v -0.75145757 0.00493714 -0.05960076
v -0.69677597 0.03939215 -0.03973664
v -0.71800917 0.03372069 -0.03068456
v -0.70964402 0.03660206 -0.02758135
v -0.68080217 0.03846287 -0.03298192
v -0.69571513 0.04231986 -0.02762238
v -0.66048473 0.03604969 -0.03687964
v -0.66985375 0.03616202 -0.03605181
v -0.64965570 0.03725529 -0.03635529
v -0.70911884 0.04298561 -0.01920337
v -0.77623719 -0.03051086 -0.03858559
v -0.77587706 -0.03155429 -0.04368978
v -0.64977413 0.04583579 -0.04309606
v -0.66082776 0.04325700 -0.04302256
v -0.70446712 0.02138934 -0.02773435
v -0.69508469 0.00817324 -0.07208470
v -0.69362324 0.00554706 -0.07721261
v -0.69096130 0.00229909 -0.08438269
v -0.68693483 0.00333661 -0.09423200
v -0.64846516 0.05074933 -0.05394961
v -0.63174421 0.01012111 -0.06261960
v -0.63166851 0.01089070 -0.07138716
v -0.63258338 0.05127485 -0.06695875
v -0.77921778 -0.02823863 -0.03538662
v -0.75304198 0.00551796 -0.07808027
v -0.75201547 0.00664515 -0.08026400
v -0.70018351 0.02862034 -0.00979901
v -0.70598662 0.02400817 -0.00559155
v -0.70433116 0.03477998 -0.00619205
v -0.71170455 0.03943123 -0.00658653
v -0.71636075 0.03170252 -0.00288977
v -0.70997554 0.02789049 -0.00299127
v -0.68522894 0.00635504 -0.07087915
v -0.68459147 0.00425856 -0.07556131
v -0.68517995 0.01210926 -0.10098572
v -0.68578690 0.02321215 -0.09929977
v -0.75465655 0.01040024 -0.03440760
v -0.74962997 0.02314425 -0.03697662
v -0.75864708 0.01277062 -0.03790458
v -0.76793927 0.00543313 -0.04337922
v -0.75704563 0.00382215 -0.05406020
v -0.75434923 0.00489702 -0.05817945
v -0.68025285 0.01240899 -0.05129042
v -0.69242293 0.01677348 -0.05580321
v -0.71501398 0.01733874 -0.02438681
v -0.71738207 0.01859007 -0.01881824
v -0.73646331 0.00795100 -0.06812717
v -0.75604236 0.01941935 -0.07376381
v -0.75677848 0.02340916 -0.06683439
v -0.74468297 0.00815113 -0.06798539
v -0.78710747 -0.02383193 -0.03648745
v -0.78310835 -0.02624697 -0.03458674
v -0.75989276 0.01749639 -0.04426932
v -0.73103487 0.00618046 -0.08693721
v -0.75095499 0.01782585 -0.08007376
v -0.75547552 0.01042113 -0.07679044
v -0.72189695 0.01128735 -0.11023302
v -0.66008002 0.04842666 -0.05343793
v -0.77839994 -0.03110085 -0.04849255
v -0.77249414 -0.02522273 -0.04779419
v -0.78912926 -0.02375475 -0.04629097
v -0.78931212 -0.02240120 -0.04128861
v -0.67602956 0.01325346 -0.09729820
v -0.69660079 0.00977351 -0.06812267
v -0.63120681 0.01350018 -0.07935641
v -0.72272032 0.03337430 -0.00618554
v -0.71761417 0.04026661 -0.01154358
v -0.74968189 0.00547835 -0.06816021
v -0.73392594 0.02141375 -0.10029146
v -0.75282466 0.01746085 -0.08936254
v -0.75579947 0.01222588 -0.08334006
v -0.74466956 0.02550793 -0.08735356
v -0.75517404 0.00694771 -0.08175518
v -0.79294378 -0.02912558 -0.04609078
v -0.79321647 -0.02790099 -0.04128849
v -0.79120767 -0.02944220 -0.03638816
v -0.78701204 -0.03144163 -0.03498683
v -0.78290653 -0.03296933 -0.03608835
v -0.79116493 -0.03139805 -0.04899284
v -0.78779519 -0.03376658 -0.04999425
v -0.78239113 -0.03521929 -0.04849381
v -0.79448378 -0.03605922 -0.04879228
v -0.79744440 -0.03483814 -0.04569052
v -0.79879791 -0.03747484 -0.03808824
v -0.80080062 -0.04076786 -0.03778774
v -0.79819518 -0.04088796 -0.03558858
v -0.79599380 -0.03548864 -0.03628876
v -0.80070639 -0.04525921 -0.03638759
v -0.80361181 -0.04433607 -0.03818660
v -0.79921019 -0.03603560 -0.04088873
v -0.80231386 -0.03961813 -0.04128561
v -0.80458188 -0.04372675 -0.04549010
v -0.80538189 -0.04352675 -0.04179010
v -0.80143631 -0.04006276 -0.04488743
v -0.79942733 -0.03688784 -0.04398920
v -0.79711378 -0.03302284 -0.04088957
v -0.80758190 -0.04702676 -0.04199010
v -0.80588192 -0.04982675 -0.04249010
v -0.80348188 -0.04862676 -0.03839010
v -0.80558193 -0.04692674 -0.03879010
v -0.79060018 -0.03617672 -0.03488810
v -0.79460108 -0.04177710 -0.03548824
v -0.79761213 -0.04655171 -0.03698746
v -0.80053544 -0.04969482 -0.03918560
v -0.79532659 -0.04772438 -0.03878668
v -0.79151011 -0.04346180 -0.03708783
v -0.79794842 -0.05017353 -0.04088508
v -0.79404598 -0.04868719 -0.04138561
v -0.78973508 -0.04511642 -0.04018733
v -0.78364938 -0.03869473 -0.03928862
v -0.78631270 -0.03715414 -0.03618738
v -0.79645658 -0.05005994 -0.04228472
v -0.80288190 -0.05092675 -0.04339010
v -0.79985845 -0.03990929 -0.04748813
v -0.80286783 -0.04428287 -0.04778446
v -0.79778409 -0.04096307 -0.04908913
v -0.80079067 -0.04544491 -0.04898481
v -0.80685890 -0.04618838 -0.04538125
v -0.80547595 -0.04785835 -0.04678088
v -0.77973706 -0.03451139 -0.03918586
v -0.77987617 -0.03525263 -0.04439041
v -0.78359121 -0.03952662 -0.04429143
v -0.78947151 -0.04584055 -0.04488412
v -0.78622526 -0.03904847 -0.04829376
v -0.79122055 -0.03781035 -0.04969338
v -0.79530561 -0.04264196 -0.04959041
v -0.79181182 -0.04436070 -0.04869042
v -0.79579586 -0.04797795 -0.04798615
v -0.79819989 -0.04664822 -0.04908577
v -0.79427212 -0.04893566 -0.04488572
v -0.79999614 -0.04945295 -0.04748258
v -0.80289131 -0.04894148 -0.04748116
v -0.79779053 -0.04958055 -0.04698395
v -0.79727381 -0.05011920 -0.04458372
v -0.79987293 -0.05061036 -0.04418293
v -0.77012163 -0.02304967 -0.07189060
v -0.77133816 -0.02230232 -0.06718956
v -0.77635652 -0.02746423 -0.06849045
v -0.77533901 -0.02831788 -0.07349207
v -0.77781337 -0.01690564 -0.06318749
v -0.78170729 -0.01275896 -0.06508640
v -0.78580093 -0.01843605 -0.06568842
v -0.78181928 -0.02250531 -0.06428859
v -0.78329802 -0.01036201 -0.07078694
v -0.78730410 -0.01598666 -0.07118768
v -0.76174188 0.00024391 -0.06126470
v -0.76545256 0.00501414 -0.06263386
v -0.77649188 -0.00672137 -0.06408758
v -0.77239794 -0.01115638 -0.06238849
v -0.75461996 -0.00365470 -0.07462154
v -0.75729382 -0.00333659 -0.07769446
v -0.77413112 -0.02019095 -0.06448741
v -0.77866536 -0.02561286 -0.06558863
v -0.77123994 -0.02220645 -0.07649069
v -0.77414483 -0.01986658 -0.07979043
v -0.76782870 -0.01421361 -0.07859213
v -0.76482815 -0.01653766 -0.07539127
v -0.75485390 -0.00477949 -0.06310739
v -0.75402474 -0.00395212 -0.06892970
v -0.75808030 -0.00333026 -0.06128775
v -0.76597166 0.00593386 -0.07473966
v -0.76233095 0.00049985 -0.07787822
v -0.77211106 -0.01051183 -0.07949157
v -0.77619398 -0.00640196 -0.07668928
v -0.76849794 -0.01437991 -0.06318839
v -0.76381361 -0.01716719 -0.07048978
v -0.76520395 -0.01667886 -0.06578885
v -0.78140295 -0.01269975 -0.07738874
v -0.77798820 -0.00422534 -0.07008565
v -0.77927446 -0.02490065 -0.08089322
v -0.78647512 -0.03199943 -0.08209263
v -0.78946209 -0.02858407 -0.08109160
v -0.78275770 -0.02158244 -0.08059230
v -0.77783096 -0.01655377 -0.08009027
v -0.78582841 -0.01780307 -0.07758886
v -0.78351003 -0.03596588 -0.07068937
v -0.78283495 -0.03642165 -0.07569086
v -0.78551787 -0.03413789 -0.06758905
v -0.76779813 0.00898930 -0.06820434
v -0.79180098 -0.02675469 -0.06728885
v -0.78831035 -0.03104272 -0.06638873
v -0.78366041 -0.03516693 -0.07999292
v -0.77645838 -0.02747508 -0.07799426
v -0.79203588 -0.02541819 -0.07819012
v -0.79321212 -0.02378910 -0.07238876
v -0.79644901 -0.03170285 -0.07919127
v -0.79791749 -0.03039036 -0.07398897
v -0.79690021 -0.03315912 -0.06908713
v -0.79299670 -0.03668360 -0.06798837
v -0.78989685 -0.03898919 -0.06898870
v -0.79427481 -0.03416274 -0.08179256
v -0.79128534 -0.03677751 -0.08279334
v -0.78786802 -0.03924882 -0.08089297
v -0.79888153 -0.03945439 -0.08339258
v -0.80194730 -0.03802212 -0.08109095
v -0.80769283 -0.04438978 -0.07478864
v -0.81149650 -0.04797798 -0.07578823
v -0.80909419 -0.04968961 -0.07418873
v -0.80568856 -0.04520573 -0.07238930
v -0.80539376 -0.04118472 -0.07438838
v -0.80269098 -0.03959522 -0.07168880
v -0.80520630 -0.03994525 -0.07718923
v -0.80870312 -0.04274900 -0.07838693
v -0.81133336 -0.04655172 -0.08338424
v -0.81321108 -0.04652077 -0.07968589
v -0.80702478 -0.04328901 -0.08168780
v -0.80452317 -0.04049699 -0.08018988
v -0.81240654 -0.05275249 -0.07708742
v -0.81430572 -0.05064778 -0.07708712
v -0.80261678 -0.03640728 -0.07598985
v -0.79759037 -0.04130252 -0.06978917
v -0.80238700 -0.04681246 -0.07168958
v -0.80639291 -0.05149655 -0.07438905
v -0.80961120 -0.05444667 -0.07788735
v -0.80389720 -0.05308838 -0.07568882
v -0.79928911 -0.04890880 -0.07298948
v -0.80691320 -0.05504681 -0.07888746
v -0.80200183 -0.05387960 -0.07828859
v -0.79689389 -0.05039938 -0.07598921
v -0.79100204 -0.04418090 -0.07348855
v -0.79369515 -0.04299386 -0.07058892
v -0.80491203 -0.05485252 -0.07978769
v -0.81498188 -0.05332676 -0.08149010
v -0.81173152 -0.05468598 -0.08198521
v -0.81688190 -0.05022676 -0.08069010
v -0.80523705 -0.04376442 -0.08318927
v -0.80934119 -0.04774505 -0.08468580
v -0.80346346 -0.04450351 -0.08498996
v -0.80776143 -0.04879928 -0.08608545
v -0.81473821 -0.04923134 -0.08408257
v -0.81325096 -0.05090547 -0.08498191
v -0.78760618 -0.04027107 -0.07208813
v -0.78673619 -0.04041811 -0.07679088
v -0.78992492 -0.04433139 -0.07808692
v -0.79592198 -0.05024187 -0.08058918
v -0.79128247 -0.04292063 -0.08219403
v -0.79549950 -0.04114679 -0.08399406
v -0.80066901 -0.04601410 -0.08539139
v -0.79755282 -0.04827221 -0.08419111
v -0.80243874 -0.05169072 -0.08498783
v -0.80515087 -0.05004831 -0.08598766
v -0.80128235 -0.05352586 -0.08199014
v -0.80788589 -0.05331776 -0.08529042
v -0.81088489 -0.05251956 -0.08549032
v -0.80528462 -0.05362087 -0.08459032
v -0.80518192 -0.05472675 -0.08229010
v -0.80838192 -0.05512676 -0.08219010
v -0.76081657 -0.01556136 -0.09489097
v -0.76429152 -0.01446517 -0.09099039
v -0.76838839 -0.01891184 -0.09268980
v -0.76499861 -0.01999911 -0.09659137
v -0.77101058 -0.00918531 -0.08938832
v -0.77249223 -0.00543304 -0.09118885
v -0.77648717 -0.01089940 -0.09349019
v -0.77488506 -0.01371409 -0.09158970
v -0.77178687 -0.00346386 -0.09629014
v -0.77619135 -0.00927048 -0.09809146
v -0.75879186 0.00135014 -0.08408847
v -0.76097977 0.00610472 -0.08598921
v -0.76828671 -0.00083456 -0.08888772
v -0.76654518 -0.00507974 -0.08688535
v -0.76806724 -0.01225003 -0.08938843
v -0.77208555 -0.01661528 -0.09138957
v -0.75971520 -0.01466996 -0.09909237
v -0.76099014 -0.01259820 -0.10209533
v -0.75530851 -0.00797136 -0.09989410
v -0.75429988 -0.00999865 -0.09689116
v -0.74699765 -0.00161471 -0.08910863
v -0.75066423 -0.00150364 -0.08520181
v -0.75482017 -0.00098795 -0.08388697
v -0.75476843 0.00775510 -0.09688209
v -0.74996769 0.00395438 -0.09769011
v -0.75872928 -0.00414207 -0.10179089
v -0.76330286 0.00019701 -0.10008848
v -0.76340634 -0.00843040 -0.08698811
v -0.75549716 -0.01139974 -0.09258997
v -0.75917095 -0.01072968 -0.08869062
v -0.76823044 -0.00491781 -0.10168923
v -0.76708186 0.00161006 -0.09429003
v -0.76532280 -0.01735651 -0.10419608
v -0.77371782 -0.02425664 -0.10709428
v -0.77671605 -0.02124213 -0.10729423
v -0.76872051 -0.01383351 -0.10519651
v -0.76397896 -0.00913364 -0.10369460
v -0.77300245 -0.01034314 -0.10309406
v -0.77468592 -0.02611729 -0.09568971
v -0.77199167 -0.02700835 -0.09969029
v -0.77798450 -0.02371914 -0.09428976
v -0.75965387 0.00913584 -0.09148682
v -0.74604386 0.00036406 -0.09660248
v -0.78248519 -0.01901320 -0.09628966
v -0.78068382 -0.02141996 -0.09448977
v -0.77150601 -0.02628531 -0.10419241
v -0.76391268 -0.01927937 -0.10109365
v -0.78010339 -0.01815373 -0.10509273
v -0.78259128 -0.01688633 -0.10039075
v -0.78440803 -0.02314490 -0.10679263
v -0.78679305 -0.02208511 -0.10209082
v -0.78688568 -0.02421277 -0.09788975
v -0.78448409 -0.02641953 -0.09628978
v -0.78158468 -0.02831894 -0.09608977
v -0.78131974 -0.02603451 -0.10889421
v -0.77852613 -0.02843726 -0.10849488
v -0.77571058 -0.02987593 -0.10559295
v -0.78442270 -0.03003324 -0.11029526
v -0.78828919 -0.02849147 -0.10810144
v -0.79528290 -0.03452339 -0.10218997
v -0.79889381 -0.03758663 -0.10328844
v -0.79798192 -0.03872675 -0.10159010
v -0.79458189 -0.03492675 -0.10019010
v -0.79308057 -0.03122932 -0.10169016
v -0.79128134 -0.02952775 -0.09969012
v -0.79237837 -0.02992926 -0.10439498
v -0.79578966 -0.03279831 -0.10558888
v -0.79633659 -0.03624863 -0.11018319
v -0.79931313 -0.03611492 -0.10688539
v -0.79280865 -0.03324459 -0.10878891
v -0.79109591 -0.03018669 -0.10729175
v -0.80050427 -0.04125658 -0.10388735
v -0.80130744 -0.03954074 -0.10458662
v -0.79000884 -0.02706330 -0.10349844
v -0.78808188 -0.03102676 -0.09759010
v -0.79208189 -0.03622676 -0.09889010
v -0.79548275 -0.04032432 -0.10079001
v -0.79769808 -0.04298161 -0.10358843
v -0.79248279 -0.04162444 -0.10129002
v -0.78878188 -0.03762675 -0.09929010
v -0.79448187 -0.04372675 -0.10389010
v -0.78988189 -0.04222677 -0.10289010
v -0.78568190 -0.03872675 -0.10089010
v -0.78108454 -0.03332083 -0.09908992
v -0.78448278 -0.03242441 -0.09759000
v -0.79228193 -0.04352675 -0.10449010
v -0.80088192 -0.04172675 -0.10829010
v -0.79783273 -0.04358676 -0.10828497
v -0.80202574 -0.03897374 -0.10798384
v -0.79060227 -0.03327525 -0.11059241
v -0.79409343 -0.03719820 -0.11159128
v -0.78800970 -0.03456461 -0.11139327
v -0.79189658 -0.03859396 -0.11219162
v -0.79915303 -0.03839302 -0.11068065
v -0.79785740 -0.03969598 -0.11138108
v -0.77828556 -0.02971802 -0.09758976
v -0.77589536 -0.03030178 -0.10119087
v -0.77879882 -0.03379684 -0.10249163
v -0.78378534 -0.03932073 -0.10449050
v -0.77851570 -0.03336826 -0.10669392
v -0.78152472 -0.03224361 -0.10959549
v -0.78571242 -0.03646651 -0.11069358
v -0.78370374 -0.03818793 -0.10839260
v -0.78804845 -0.04127358 -0.10958481
v -0.78984201 -0.03987696 -0.11138467
v -0.78828198 -0.04252675 -0.10609010
v -0.79278219 -0.04252607 -0.11069013
v -0.79528266 -0.04142506 -0.11149018
v -0.79078209 -0.04292638 -0.10939012
v -0.79168189 -0.04372675 -0.10699010
v -0.79448187 -0.04412676 -0.10759010
v -0.74570215 -0.00033133 -0.09321024
v -0.73968595 -0.00152279 -0.11718992
v -0.74259144 -0.00141461 -0.11459021
v -0.74508286 -0.00462545 -0.11759001
v -0.74208421 -0.00462417 -0.12008993
v -0.74929476 0.00261324 -0.11359082
v -0.75068939 0.00613692 -0.11609166
v -0.75308561 0.00208426 -0.11949192
v -0.75188333 -0.00102399 -0.11699044
v -0.74868459 0.00843277 -0.12069472
v -0.75088274 0.00359725 -0.12370545
v -0.74035370 0.01306845 -0.10377216
v -0.74073255 0.01800673 -0.10561766
v -0.74747688 0.01020692 -0.11238640
v -0.74622476 0.00634876 -0.10998906
v -0.73009032 0.00834566 -0.11149867
v -0.72893524 0.01083684 -0.11444769
v -0.72567636 0.01313044 -0.11122779
v -0.72710264 0.00898587 -0.10778575
v -0.74608600 -0.00012127 -0.11329074
v -0.74868298 -0.00332530 -0.11659020
v -0.73787534 -0.00055980 -0.12019099
v -0.73749155 0.00154241 -0.12319636
v -0.73437637 0.00504893 -0.11999633
v -0.73479766 0.00244095 -0.11709513
v -0.73617876 0.00831167 -0.10503270
v -0.73237771 0.00728176 -0.10840165
v -0.72981787 0.00753642 -0.10421965
v -0.73400462 0.00766080 -0.10061894
v -0.73822224 0.00979065 -0.10374288
v -0.73323327 0.01833562 -0.11526605
v -0.73012388 0.01464852 -0.11581318
v -0.73628199 0.00816878 -0.12159745
v -0.74058449 0.01158053 -0.12079778
v -0.74336982 0.00351180 -0.10999407
v -0.73660231 0.00128509 -0.11399285
v -0.74007046 0.00188774 -0.11120535
v -0.74378216 0.00691587 -0.12420414
v -0.74547184 0.01280694 -0.11689368
v -0.74000919 -0.00162121 -0.12659818
v -0.74376750 -0.00645552 -0.13109420
v -0.74593294 -0.00431622 -0.13239922
v -0.74230921 0.00118487 -0.12819991
v -0.73962820 0.00471222 -0.12499986
v -0.74659878 0.00349415 -0.12739873
v -0.74878240 -0.00942617 -0.12159011
v -0.74538702 -0.00932339 -0.12409102
v -0.75208217 -0.00812638 -0.12079009
v -0.73856163 0.02118897 -0.11051891
v -0.75633961 -0.00370728 -0.12358696
v -0.75498211 -0.00632617 -0.12129009
v -0.74379748 -0.00811872 -0.12769352
v -0.74028665 -0.00362187 -0.12338977
v -0.74985099 -0.00247257 -0.13130264
v -0.75432658 -0.00172185 -0.12747861
v -0.75256062 -0.00655322 -0.13440204
v -0.75714815 -0.00567978 -0.13037978
v -0.75863910 -0.00750792 -0.12628682
v -0.75708228 -0.00962596 -0.12379006
v -0.75408238 -0.01112591 -0.12329006
v -0.74877584 -0.00833483 -0.13519736
v -0.74668866 -0.00981855 -0.13349321
v -0.74658871 -0.01081823 -0.13008969
v -0.75172901 -0.01172759 -0.13729902
v -0.75633645 -0.01049951 -0.13680303
v -0.76388240 -0.01502526 -0.13208999
v -0.76608193 -0.01772676 -0.13339010
v -0.76548189 -0.01892675 -0.13199010
v -0.76358235 -0.01562581 -0.13009004
v -0.76220703 -0.01227275 -0.13139307
v -0.76120579 -0.01117578 -0.12909320
v -0.76069093 -0.01119566 -0.13370189
v -0.76330096 -0.01378069 -0.13519751
v -0.76274407 -0.01709639 -0.13989569
v -0.76591223 -0.01616306 -0.13699298
v -0.76041329 -0.01414903 -0.13840023
v -0.75913924 -0.01189581 -0.13660368
v -0.76728189 -0.02112675 -0.13459009
v -0.76788193 -0.01932675 -0.13499010
v -0.75915211 -0.00907129 -0.13250339
v -0.75938189 -0.01242677 -0.12629010
v -0.76218188 -0.01672676 -0.12859009
v -0.76448190 -0.02052674 -0.13129011
v -0.76548189 -0.02282677 -0.13449010
v -0.76198190 -0.02122677 -0.13109010
v -0.75948191 -0.01742677 -0.12819010
v -0.76298189 -0.02312676 -0.13409010
v -0.75938189 -0.02122677 -0.13159010
v -0.75638193 -0.01782673 -0.12879010
v -0.75298184 -0.01392675 -0.12609009
v -0.75638193 -0.01332674 -0.12549010
v -0.76108187 -0.02282677 -0.13369009
v -0.76678193 -0.02142674 -0.13859010
v -0.76458192 -0.02302674 -0.13779008
v -0.76788187 -0.01872686 -0.13859010
v -0.75802523 -0.01472751 -0.13949899
v -0.76077718 -0.01823161 -0.14109428
v -0.75509310 -0.01560344 -0.13919649
v -0.75867808 -0.01953419 -0.14059025
v -0.76504147 -0.01870577 -0.14059176
v -0.76388192 -0.02052675 -0.14089009
v -0.75088191 -0.01202676 -0.12409010
v -0.74798191 -0.01192675 -0.12659010
v -0.74998188 -0.01412674 -0.12829009
v -0.75358194 -0.01802668 -0.13079010
v -0.74877119 -0.01354787 -0.13199051
v -0.74926305 -0.01295715 -0.13529840
v -0.75324738 -0.01670109 -0.13749109
v -0.75238305 -0.01772521 -0.13439003
v -0.75648189 -0.02122677 -0.13609010
v -0.75718188 -0.02052674 -0.13869008
v -0.75738239 -0.02142603 -0.13329008
v -0.76058191 -0.02262677 -0.13829011
v -0.76208192 -0.02212674 -0.13989010
v -0.75938189 -0.02262677 -0.13669011
v -0.76028192 -0.02302674 -0.13519010
v -0.76238191 -0.02342675 -0.13659009
v -0.72684193 0.01579528 -0.11295713
v -0.72855383 0.01925942 -0.00959376
v -0.72945642 0.02270573 -0.00559009
v -0.71498209 0.01207294 -0.00859010
v -0.72048390 0.01316834 -0.01139014
v -0.71178305 0.01367016 -0.00369026
v -0.71618187 0.02017313 0.00230990
v -0.71278322 0.01686772 0.00010968
v -0.72559071 0.01572940 -0.01169184
v -0.72773695 0.02498105 -0.00078890
v -0.72178125 0.02376865 0.00240984
v -0.73179460 0.01801659 0.00458470
v -0.72648245 0.01666861 0.00800977
v -0.72018254 0.01307148 0.00830982
v -0.71628445 0.01036842 0.00520962
v -0.71478254 0.00837219 0.00050981
v -0.73379314 0.01711114 -0.00111570
v -0.73266810 0.01494083 -0.00549287
v -0.72848266 0.01176796 -0.00779102
v -0.73808801 0.01110711 0.00358390
v -0.73793024 0.00917121 0.01099997
v -0.73098189 0.00167324 0.01920990
v -0.73348188 -0.00092677 0.02190990
v -0.73078191 -0.00352675 0.02000990
v -0.72748190 -0.00022674 0.01730990
v -0.73038191 0.00387325 0.01680990
v -0.72598189 0.00467324 0.01440990
v -0.73637229 0.00445505 0.01940857
v -0.73468190 0.00597317 0.01640990
v -0.73858041 0.00697048 0.01510590
v -0.74132705 0.00566496 0.01680652
v -0.73868191 0.00217324 0.02290990
v -0.74078190 -0.00122676 0.02440990
v -0.73628193 -0.00282676 0.02390990
v -0.73548192 -0.00542674 0.02190990
v -0.73206717 0.00825627 0.01359427
v -0.72028196 0.00347323 0.00980990
v -0.72448188 -0.00202674 0.01370990
v -0.72958189 -0.00592676 0.01650990
v -0.73518193 -0.00732676 0.01810990
v -0.73018187 -0.00692675 0.01180990
v -0.72408211 -0.00372684 0.00860990
v -0.73538190 -0.00742675 0.01360990
v -0.73238188 -0.00612677 0.00810990
v -0.72668195 -0.00342682 0.00360989
v -0.72030580 0.00292453 -0.00179919
v -0.71808666 0.00246360 0.00400817
v -0.73558187 -0.00672675 0.01070990
v -0.74168187 -0.00482676 0.02220991
v -0.74108189 -0.00622675 0.01770990
v -0.74277008 0.00565010 0.01260542
v -0.74537534 0.00236010 0.01550964
v -0.74348181 0.00337310 0.01950990
v -0.74251801 0.00544630 0.00770334
v -0.74507976 0.00086889 0.01160982
v -0.74428189 0.00087323 0.02210990
v -0.74558192 -0.00122676 0.01910990
v -0.71738213 0.00787290 -0.00469012
v -0.72268194 0.00927316 -0.00759011
v -0.72589684 0.00513776 -0.00479711
v -0.73168445 -0.00093011 0.00070899
v -0.73209774 0.00762012 -0.00470139
v -0.73670632 0.01013884 -0.00161081
v -0.74085134 0.00391280 0.00370474
v -0.73718244 0.00177243 0.00090966
v -0.73988187 -0.00222675 0.00630990
v -0.74298191 -0.00072677 0.00820990
v -0.73598188 -0.00432677 0.00640991
v -0.74258190 -0.00392676 0.01160990
v -0.74478191 -0.00312675 0.01510990
v -0.74048191 -0.00412676 0.00950990
v -0.73828191 -0.00562674 0.01020990
v -0.73968190 -0.00622675 0.01350990
v -0.72306883 0.00572300 -0.10608458
v -0.72591645 0.00453469 -0.10083648
v -0.71925342 0.00340231 -0.09919161
v -0.71072614 0.00261554 -0.09751832
v -0.70175022 0.00446364 -0.10111430
v -0.71243471 0.00327285 -0.09127774
v -0.72112066 0.00386700 -0.09316096
v -0.73040521 0.00549596 -0.09497983
v -0.70700586 0.00457423 -0.08459245
v -0.01455782 0.06838769 0.03877274
v -0.01509989 0.05261397 0.04701455
v -0.26792276 0.03880677 -0.01200966
v -0.26678264 0.05390658 -0.01038549
v -0.26649889 0.08724825 -0.04498370
v -0.26289257 0.08824994 -0.06388839
v -0.04822091 -0.22225700 0.07756623
v -0.09407292 -0.17202935 -0.07259737
v -0.09766868 -0.15062276 -0.07836351
v -0.03274742 -0.15287745 -0.09857044
v -0.05029161 -0.15697342 -0.09715085
v -0.11760794 -0.19322218 0.01449575
v -0.11929584 -0.17380282 0.01291379
v -0.08031602 -0.20227629 0.05510681
v -0.08235630 -0.18241049 0.05429493
v -0.10838820 -0.21580574 0.03386749
v -0.06826022 -0.20682739 -0.08120319
v -0.08308049 -0.20961997 -0.07439105
v -0.08024172 -0.18829060 -0.07735610
v -0.06612625 -0.18458754 -0.08600494
v -0.01546144 -0.14954728 -0.09519786
v -0.01548171 -0.17406592 -0.09107234
v -0.12811583 -0.15041040 -0.00688440
v -0.12859154 -0.14736900 -0.02791378
v -0.11439468 -0.13835198 -0.06602958
v -0.10253531 -0.13153063 -0.08073283
v -0.08815755 -0.12326777 -0.09129648
v -0.07195179 -0.11507629 -0.09877205
v -0.06972538 -0.16300841 0.06471914
v -0.05435859 -0.14340843 0.07159510
v -0.12105162 -0.15341395 0.01280255
v -0.01695254 -0.16285348 0.08138871
v -0.05829637 -0.08583267 -0.10763654
v -0.03703000 -0.08146587 -0.11040905
v -0.12364063 -0.14351334 -0.04783181
v -0.02855692 0.01186528 0.06941842
v -0.04428763 0.01468676 0.06798607
v -0.04341463 -0.00182112 0.07671351
v -0.02760415 -0.00542983 0.07733265
v -0.05859074 -0.00011873 0.07528458
v -0.07325882 0.00056691 0.07274829
v -0.08693358 0.00044608 0.06914930
v -0.11862253 -0.00403294 0.05506665
v -0.11012012 -0.00177187 0.06040685
v -0.13335760 -0.01261766 0.04256174
v -0.12724723 -0.00715935 0.04938231
v -0.13676064 -0.02228211 0.03355209
v -0.13785481 -0.03387415 0.02298689
v -0.14337416 -0.03181297 0.00452764
v -0.13946465 -0.04484512 0.01113157
v -0.13227615 -0.04786270 0.03005806
v -0.13220809 -0.03564060 0.04012001
v -0.12889670 -0.02649092 0.04913004
v -0.01444764 -0.07879695 0.08495460
v -0.01249392 -0.05267475 0.08646008
v -0.01351791 0.08358213 0.03172345
v -0.47182631 0.01404468 -0.09123234
v -0.59457731 0.03743763 -0.03733280
v -0.01575391 0.09702723 -0.10364688
v -0.03234533 0.10216834 -0.10660870
v -0.08881171 0.11829300 -0.09947144
v -0.10441387 0.12949878 -0.08401090
v -0.06907614 0.10847186 -0.10981419
v -0.04986786 0.09933943 -0.11281599
v -0.11083126 -0.13682503 0.03122117
v -0.03363408 0.06599791 -0.11549485
v -0.05106461 0.08821224 -0.11681305
v -0.07212657 0.09637123 -0.11451241
v -0.09401384 0.10752627 -0.10508443
v -0.11684583 0.12167387 -0.08891339
v -0.13190331 0.12191706 -0.08201560
v -0.14789809 0.10097446 -0.08369123
v -0.16107883 0.10155373 -0.07494548
v -0.16445875 0.11515263 -0.06240602
v -0.15835285 0.11673451 -0.06717519
v -0.15438329 0.10083317 -0.07908665
v -0.22997925 0.09388842 -0.06759416
v -0.25364715 0.07801183 -0.08140547
v -0.24524488 0.08777566 -0.07356980
v -0.25753659 0.06475227 -0.08658847
v -0.25876874 0.05612224 -0.08819870
v -0.25425920 0.04639719 -0.08890495
v -0.24275739 0.03943215 -0.08829033
v -0.20344669 0.02391853 -0.07901752
v -0.18819986 0.01757509 -0.07542302
v -0.16071591 -0.01739594 -0.07833783
v -0.15344268 -0.02540317 -0.07996141
v -0.13287827 -0.05013619 -0.08602696
v -0.12189683 -0.06333849 -0.08795700
v -0.11232045 -0.07660038 -0.09118692
v -0.10405423 -0.30734566 -0.08084860
v -0.09783338 -0.28991386 -0.07691593
v -0.08089467 -0.29171962 -0.08468014
v -0.08707529 -0.30967426 -0.09002029
v -0.03978473 -0.25269416 -0.08419487
v -0.02007593 -0.25284159 -0.08358789
v -0.13681448 -0.28776288 -0.02797316
v -0.14073490 -0.28974941 -0.00585187
v -0.11371887 -0.28818381 -0.06451822
v -0.12732004 -0.28747505 -0.04777159
v -0.13874280 -0.29335591 0.01569742
v -0.08546575 -0.31888047 0.07431354
v -0.06746779 -0.32373983 0.08266867
v -0.03296964 -0.32994065 0.09437134
v -0.01647364 -0.33190399 0.09733445
v -0.13160588 -0.29927963 0.03535124
v -0.04992610 -0.32724553 0.08971847
v -0.11946641 -0.30642161 0.05114562
v -0.10307541 -0.31305903 0.06407846
v -0.05721062 -0.25263673 -0.08293295
v -0.06023617 -0.27393353 -0.08460613
v -0.07709887 -0.27342600 -0.08126156
v -0.05379529 -0.02018070 -0.12412914
v -0.03460816 -0.02277998 -0.12235995
v -0.07295802 -0.01697279 -0.12533727
v -0.08803524 0.00434856 -0.12748462
v -0.09026214 -0.01142233 -0.12380579
v -0.10765649 -0.00475675 -0.11986707
v -0.10416853 0.01044088 -0.12301882
v -0.13261203 0.02147990 -0.10865772
v -0.13468868 0.00831383 -0.10703936
v -0.14496948 0.01372321 -0.10138442
v -0.14347155 0.02565417 -0.10328947
v -0.16290924 0.02496966 -0.09281331
v -0.15426967 0.01867197 -0.09710238
v -0.17141646 0.03219482 -0.08752084
v -0.18268260 0.03838843 -0.08714764
v -0.17870229 0.05843019 -0.09152947
v -0.16879264 0.05289249 -0.09267280
v -0.13240676 0.03568339 -0.10913663
v -0.11860914 0.03197481 -0.11603650
v -0.03448384 0.00470552 -0.12115286
v -0.01660196 0.00030879 -0.11629321
v -0.14309351 -0.05127150 -0.00312925
v -0.14717044 -0.05602254 -0.01836954
v -0.14988557 -0.05813539 -0.03333542
v -0.14857151 -0.05815989 -0.04732149
v -0.14853436 -0.05369026 -0.06047362
v -0.14528348 -0.04876554 -0.07274862
v -0.14719239 -0.03357220 -0.08193344
v -0.14074083 -0.04180941 -0.08384880
v -0.14400655 -0.02523096 -0.09051628
v -0.13592862 -0.03315337 -0.09376045
v -0.12636162 -0.01120308 -0.10872410
v -0.13106869 -0.02272433 -0.10187268
v -0.12188219 0.00178754 -0.11395221
v -0.11920711 0.01631506 -0.11630809
v -0.10313079 0.02715604 -0.12338933
v -0.08673415 0.02138677 -0.12849495
v -0.06962434 0.05030015 -0.12653078
v -0.06804179 0.03367201 -0.12892906
v -0.06973275 0.01531571 -0.12988850
v -0.07097083 -0.00086419 -0.12866703
v -0.07026225 0.13728210 -0.08088876
v -0.05414009 0.13127436 -0.09045523
v -0.23552892 0.04454493 -0.08912045
v -0.24124272 0.05019986 -0.08940088
v -0.23132378 0.05148919 -0.08979589
v -0.22994246 0.04722866 -0.08961516
v -0.24330875 0.05715818 -0.08907064
v -0.24248660 0.06653516 -0.08801968
v -0.23030008 0.06613974 -0.08878037
v -0.23144802 0.05731837 -0.08966941
v -0.23926252 0.07724462 -0.08396837
v -0.22727980 0.07582368 -0.08565232
v -0.23274490 0.08571073 -0.07859007
v -0.22288749 0.09088136 -0.07429346
v -0.21849851 0.08790717 -0.07760714
v -0.22285238 0.08344259 -0.08141106
v -0.18636471 0.08397007 -0.08212700
v -0.19782373 0.08617937 -0.07972857
v -0.20957392 0.08729898 -0.07789836
v -0.19563895 0.04471529 -0.08903903
v -0.20812228 0.05126008 -0.09040473
v -0.22028804 0.05601772 -0.09029827
v -0.21836592 0.06448805 -0.08959788
v -0.20586079 0.05933211 -0.09037935
v -0.19321780 0.05311710 -0.09050480
v -0.05205671 -0.00505399 -0.12682092
v -0.03471961 -0.01039500 -0.12243225
v -0.16107717 0.03480474 -0.09447603
v -0.15309505 0.03044625 -0.09892993
v -0.16964038 0.04025905 -0.09071278
v -0.18069081 0.04714457 -0.09003936
v -0.16062029 0.04748654 -0.09580340
v -0.15247166 0.04288018 -0.09942823
v -0.14309777 0.03909685 -0.10358212
v -0.05258076 0.01004093 -0.12678887
v -0.01680594 -0.01398329 -0.11869213
v -0.15954249 0.08087052 0.00817645
v -0.16309789 0.10454408 -0.00119949
v -0.16756938 0.12013511 -0.01958818
v -0.16788615 0.12325938 -0.04279880
v -0.39456871 -0.01194606 -0.05925024
v -0.01612902 -0.19911905 -0.08614276
v -0.01796607 -0.22526668 -0.08310347
v -0.03605976 -0.22699504 -0.08437231
v -0.01705230 -0.08072408 -0.10880028
v -0.01651619 -0.02500765 -0.12066519
v -0.09356798 -0.03176929 0.08084358
v -0.08358522 -0.03108649 0.08493187
v -0.08485340 -0.01519817 0.07784257
v -0.09588839 -0.01587578 0.07366921
v -0.11187488 -0.03355953 0.06966193
v -0.10378978 -0.03270239 0.07554711
v -0.10667897 -0.01719787 0.06867941
v -0.11553958 -0.01883751 0.06294215
v -0.11882469 -0.03590083 0.06291514
v -0.12296988 -0.02159541 0.05645618
v -0.10084994 -0.04939468 0.08044758
v -0.09186650 -0.04871809 0.08581994
v -0.08219510 -0.04792725 0.08976128
v -0.11411825 -0.05054601 0.06761429
v -0.10813371 -0.04970094 0.07416056
v -0.00845010 0.15213299 0.02568233
v -0.01229488 0.10485074 0.01815189
v -0.01160031 0.11468176 0.01487674
v -0.01219354 -0.02997277 0.08328076
v -0.01359896 0.00732340 0.07037261
v -0.01469880 0.01978805 0.06126263
v -0.01543315 0.03547833 0.05419823
v -0.01276573 0.09513894 0.02487096
v -0.01240687 -0.01039678 0.07755852
v -0.15412886 -0.47320682 -0.06595898
v -0.13794591 -0.49002698 -0.08393313
v -0.14223884 -0.46452469 -0.08086096
v -0.13004376 -0.47726667 -0.09344845
v -0.14693084 -0.39527681 -0.05782254
v -0.14732566 -0.42154166 -0.06344882
v -0.14655331 -0.36805150 -0.05464866
v -0.11132558 -0.48510846 -0.10522172
v -0.08741286 -0.48750430 -0.11340384
v -0.08493375 -0.46937692 -0.11984121
v -0.13339134 -0.37194449 -0.07624733
v -0.13423531 -0.39831966 -0.07882063
v -0.14699289 -0.44539431 -0.07110050
v -0.13543360 -0.44529438 -0.08681680
v -0.13477363 -0.45976481 -0.08913287
v -0.10784832 -0.46875206 -0.11082693
v -0.12471052 -0.46505073 -0.09906322
v -0.02958022 -0.33208656 -0.10873970
v -0.05507565 -0.33235735 -0.10671681
v -0.05025876 -0.31280738 -0.09845852
v -0.11065470 -0.32613125 -0.08603313
v -0.11980082 -0.30456024 -0.06756814
v -0.12251969 -0.44796529 -0.10112453
v -0.10530605 -0.44887823 -0.11407373
v -0.08298278 -0.44826734 -0.12460507
v -0.08166525 -0.37506977 -0.11863346
v -0.08193216 -0.39924058 -0.12352771
v -0.10266754 -0.40037149 -0.11273031
v -0.10166797 -0.37516004 -0.10826736
v -0.11548639 -0.34881699 -0.09074201
v -0.11845236 -0.37408486 -0.09411234
v -0.07953905 -0.35207641 -0.11125844
v -0.09873150 -0.35071906 -0.10273930
v -0.09370620 -0.32874098 -0.09647539
v -0.11983120 -0.40058964 -0.09744444
v -0.05583077 -0.42260584 -0.13217327
v -0.08187445 -0.42434001 -0.12607257
v -0.02811945 -0.42107761 -0.12997632
v -0.07525094 -0.33079916 -0.10317995
v -0.06938375 -0.31118983 -0.09530129
v -0.06436580 -0.29232836 -0.08802902
v -0.05403394 -0.22857021 -0.08216277
v -0.11319517 -0.70208263 0.05514167
v -0.00702089 -0.51726431 0.00179238
v -0.00546490 -0.50976557 -0.02022254
v -0.16592570 -0.43330893 0.03899239
v -0.17091529 -0.45417261 -0.02603707
v -0.15933405 -0.44870082 -0.05110715
v -0.03424006 -0.51677680 0.05408868
v -0.01955549 -0.52185613 0.03571506
v -0.14987849 -0.44113469 0.06177239
v -0.10414016 -0.48847061 0.08344348
v -0.01102910 -0.52175283 0.01907740
v -0.13503428 -0.42336649 -0.08280562
v -0.12110198 -0.42596951 -0.09989609
v -0.10369869 -0.42594177 -0.11506147
v -0.05576614 -0.44616356 -0.12989290
v -0.02738887 -0.44238621 -0.12747641
v -0.01865901 -0.46241984 0.07883901
v -0.01433531 -0.45250991 0.08255401
v -0.00733971 -0.45479888 0.08234452
v -0.00812613 -0.46899849 0.07594468
v -0.08552205 -0.33854139 0.07442394
v -0.06666986 -0.34381667 0.08215823
v -0.03097694 -0.35063881 0.09226477
v -0.01506522 -0.35247260 0.09483093
v -0.13524021 -0.31744385 0.03688943
v -0.04808380 -0.34785116 0.08816788
v -0.12237954 -0.32512701 0.05309346
v -0.10453688 -0.33221364 0.06510533
v -0.07257916 -1.14802337 -0.06206939
v -0.07265336 -1.17741621 -0.05794677
v -0.07384316 -1.17499030 -0.07243001
v -0.07086624 -1.14538598 -0.07604768
v -0.08491943 -1.14089823 -0.10168844
v -0.07491073 -1.14266968 -0.09436968
v -0.09860287 -1.14073396 -0.10353385
v -0.09606812 -1.17055333 -0.10296620
v -0.10610598 -1.17144120 -0.09610531
v -0.11088131 -1.14217293 -0.09909000
v -0.11891761 -1.14329505 -0.09079167
v -0.12235995 -1.17454910 -0.06141029
v -0.12818736 -1.14618993 -0.06207355
v -0.12460407 -1.14432406 -0.07993962
v -0.12083110 -1.17363119 -0.07850083
v -0.12283030 -1.15060878 -0.04336873
v -0.11777177 -1.17789805 -0.04259998
v -0.10898139 -1.15377927 -0.03282824
v -0.07734977 -1.15139139 -0.04733043
v -0.07540698 -1.17989647 -0.04188043
v -0.08378133 -1.17054749 -0.10170314
v -0.07574539 -1.17261899 -0.09234870
v -0.07063606 -1.14427495 -0.08544991
v -0.07510253 -1.17360020 -0.08243302
v -0.07080691 -1.20493340 -0.06774046
v -0.06278498 -1.20578730 -0.05258660
v -0.08214783 -1.20018113 -0.10254994
v -0.07838517 -1.20198333 -0.08969729
v -0.10133169 -1.20045745 -0.09287817
v -0.09342477 -1.19945979 -0.10473957
v -0.12177404 -1.20191860 -0.07737833
v -0.11446314 -1.17242420 -0.08782375
v -0.11218141 -1.20109820 -0.08534496
v -0.12202912 -1.20216644 -0.06090588
v -0.11622028 -1.20406604 -0.03838756
v -0.06984209 -1.20569181 -0.03462099
v -0.07561866 -1.20332468 -0.07905895
v -0.12150020 -1.28858006 0.12031464
v -0.12601981 -1.28857970 0.11941420
v -0.12758824 -1.29297876 0.12001170
v -0.12074088 -1.29403901 0.12146445
v -0.07836759 -1.28522789 0.13213047
v -0.08704291 -1.28355110 0.13411492
v -0.08915019 -1.29254687 0.13212347
v -0.07748541 -1.29492831 0.12994151
v -0.11265527 -1.29762757 0.12667912
v -0.10776342 -1.29752278 0.12718627
v -0.10671505 -1.29368484 0.13087589
v -0.11475587 -1.29335797 0.13002150
v -0.15181515 -1.29405594 0.08533955
v -0.14743648 -1.29445863 0.08685102
v -0.14751455 -1.28995812 0.08924185
v -0.15241449 -1.29054976 0.08663205
v -0.13891912 -1.29662299 0.10317668
v -0.13521478 -1.29736495 0.10468757
v -0.13461407 -1.29291356 0.10766347
v -0.14096257 -1.29362309 0.10515942
v -0.08956321 -1.28014910 0.11000067
v -0.08926313 -1.28062546 0.12443954
v -0.07692516 -1.28308451 0.12228929
v -0.07536429 -1.27897751 0.10764717
v -0.07022554 -1.29223573 0.11857919
v -0.07769026 -1.29763675 0.11605988
v -0.07649369 -1.29818869 0.10180110
v -0.06908762 -1.29001594 0.10282978
v -0.09004662 -1.29783607 0.11806190
v -0.08988255 -1.29765379 0.10493310
v -0.09656642 -1.28923345 0.10916071
v -0.09813344 -1.28908324 0.12343719
v -0.11575423 -1.28923690 0.10966954
v -0.11903913 -1.29118443 0.12172298
v -0.11291464 -1.28525102 0.12312305
v -0.11046218 -1.28191769 0.11044183
v -0.10497304 -1.28591239 0.12425603
v -0.10006250 -1.28253400 0.11228678
v -0.09677273 -1.29172897 0.11136515
v -0.09923376 -1.29252625 0.12449322
v -0.10463206 -1.29794085 0.12059335
v -0.10169846 -1.29701746 0.10781899
v -0.11065848 -1.29599094 0.10717840
v -0.11371541 -1.29774106 0.11937991
v -0.11950517 -1.28715360 0.11452600
v -0.11704639 -1.28304362 0.10511255
v -0.12716590 -1.28173423 0.10280126
v -0.12703273 -1.28655338 0.11352086
v -0.11934320 -1.29681838 0.10258687
v -0.11403921 -1.29242682 0.10538079
v -0.11549551 -1.29427481 0.11484360
v -0.12084694 -1.29821157 0.11298247
v -0.12805989 -1.29801559 0.11207614
v -0.12844616 -1.29560590 0.10117584
v -0.13204786 -1.28832006 0.10258897
v -0.13209598 -1.29195666 0.11312538
v -0.14138433 -1.28668296 0.09940563
v -0.14262578 -1.28171718 0.08952077
v -0.14644445 -1.28832603 0.08863568
v -0.14416973 -1.29249763 0.09822132
v -0.13482894 -1.28252864 0.09324062
v -0.13555272 -1.28596735 0.10131249
v -0.13464233 -1.29563415 0.09166525
v -0.13180293 -1.28838205 0.09510870
v -0.13089179 -1.29053974 0.10198808
v -0.13362719 -1.29753268 0.09957145
v -0.14091080 -1.29763496 0.09775810
v -0.14256494 -1.29552054 0.08815194
v -0.15653890 -1.28922713 0.07981312
v -0.15483239 -1.28353262 0.08131276
v -0.15547991 -1.28113317 0.07267062
v -0.15677789 -1.28793573 0.06986892
v -0.14890042 -1.28094280 0.07750329
v -0.14833495 -1.28344452 0.08373133
v -0.14691135 -1.29395390 0.07583857
v -0.14671209 -1.28664196 0.07892728
v -0.14503735 -1.28835130 0.08394393
v -0.14613846 -1.29485452 0.08204953
v -0.15294187 -1.29494131 0.07983699
v -0.15310727 -1.29334033 0.07151615
v -0.07559602 -1.27587557 0.09327094
v -0.09312202 -1.27979302 0.09594597
v -0.08036561 -1.29722762 0.12523381
v -0.06983159 -1.28854036 0.08827962
v -0.08703931 -1.29703641 0.12624462
v -0.09406518 -1.29718459 0.09245633
v -0.07765305 -1.29689837 0.08726852
v -0.09565760 -1.28955400 0.10250966
v -0.11275528 -1.28817344 0.12961230
v -0.11304684 -1.29004312 0.10008206
v -0.11325836 -1.29675412 0.09080751
v -0.10795309 -1.28851783 0.13027689
v -0.11141723 -1.27956414 0.09387197
v -0.12900320 -1.28005910 0.08493400
v -0.12265628 -1.29762256 0.11867683
v -0.12664765 -1.29722440 0.11827331
v -0.13124701 -1.29613853 0.08397440
v -0.13213596 -1.28762913 0.09315138
v -0.13998412 -1.28940642 0.10484576
v -0.14681369 -1.28663349 0.07911950
v -0.14491460 -1.29504824 0.07273893
v -0.13657221 -1.28864872 0.10589217
v -0.14486806 -1.27845526 0.07338157
v -0.15151170 -1.28704798 0.08572654
v -0.15346973 -1.29416394 0.06108345
v -0.15818796 -1.28657985 0.05799012
v -0.14870948 -1.28635740 0.08753498
v -0.15549886 -1.27847612 0.06220682
v -0.08447839 -1.15438437 -0.03618701
v -0.08263907 -1.18140578 -0.03074911
v -0.09515966 -1.15567565 -0.03108960
v -0.10522073 -1.18048954 -0.03041994
v -0.09357403 -1.18206191 -0.02662100
v -0.08043502 -1.20665872 -0.02181034
v -0.10442503 -1.20644975 -0.02412085
v -0.09221827 -1.20658326 -0.01793091
v -0.12353621 -1.22351170 -0.07920200
v -0.12541914 -1.22435272 -0.06309037
v -0.10942577 -1.22278512 -0.08699255
v -0.09238981 -1.22161770 -0.10854437
v -0.10012255 -1.22197318 -0.09725535
v -0.07888868 -1.22508013 -0.01013196
v -0.07051153 -1.22730744 -0.02805126
v -0.09285145 -1.22349072 -0.00447340
v -0.10747682 -1.22415066 -0.01266737
v -0.07149135 -1.27055931 0.07684109
v -0.07195237 -1.26900065 0.05599890
v -0.08586931 -1.25900316 0.05889352
v -0.08972070 -1.26871622 0.07781427
v -0.10377075 -1.25966048 0.05498828
v -0.10730904 -1.27139223 0.07385328
v -0.11990676 -1.26336133 0.04710028
v -0.12397093 -1.27279019 0.06619813
v -0.13478419 -1.26690578 0.03798106
v -0.13993131 -1.27349651 0.05640846
v -0.14787287 -1.27233446 0.02886894
v -0.15330899 -1.27551067 0.04748509
v -0.15544131 -1.28182828 0.02425753
v -0.15958732 -1.28441036 0.04315398
v -0.06580815 -1.28697121 0.07148976
v -0.06759989 -1.28450203 0.05078302
v -0.07656669 -1.29851341 0.06889245
v -0.07749002 -1.29750204 0.04828077
v -0.09366797 -1.29876924 0.06772555
v -0.09351663 -1.29825568 0.04664353
v -0.15215603 -1.29365861 0.02628013
v -0.15412255 -1.29529762 0.04563597
v -0.11185849 -1.29761314 0.06354711
v -0.11089058 -1.29647756 0.04242457
v -0.12834337 -1.29818892 0.05759528
v -0.12695397 -1.29694366 0.03663398
v -0.14240201 -1.29788744 0.05113767
v -0.14087860 -1.29704475 0.03073364
v -0.08121310 -1.25096202 0.03625518
v -0.09931140 -1.24620533 0.03465557
v -0.11505562 -1.25087619 0.02552445
v -0.12899870 -1.25786602 0.01521771
v -0.14013861 -1.26799405 0.00608739
v -0.14957747 -1.27801335 0.00199629
v -0.12705266 -1.24554908 -0.01310854
v -0.13388595 -1.26489520 -0.01994741
v -0.14107774 -1.27693975 -0.02114090
v -0.12931414 -1.26272249 -0.04595322
v -0.13385038 -1.27577305 -0.04508307
v -0.11963145 -1.26234925 -0.08664288
v -0.12579843 -1.27672017 -0.08826086
v -0.12975524 -1.27484441 -0.06885882
v -0.12436017 -1.26173663 -0.06891962
v -0.12483820 -1.24448740 -0.04233984
v -0.12220985 -1.24344122 -0.06573385
v -0.11649870 -1.24229157 -0.08188964
v -0.11989239 -1.27763557 -0.10156132
v -0.11464252 -1.26252115 -0.09976947
v -0.10757410 -1.26167035 -0.11168986
v -0.10984752 -1.27770221 -0.11163379
v -0.09149949 -1.26285672 -0.11834525
v -0.09350011 -1.27940857 -0.11644634
v -0.07714666 -1.26550424 -0.10879442
v -0.07783918 -1.28128731 -0.10817032
v -0.10339025 -1.24122536 -0.10465078
v -0.10911771 -1.24236667 -0.09305512
v -0.09228242 -1.24125159 -0.11271324
v -0.07931259 -1.24345124 -0.10492671
v -0.07632340 -1.24492848 -0.08800188
v -0.07249714 -1.26653826 -0.08975695
v -0.07018126 -1.28199601 -0.09056174
v -0.07268283 -1.26685834 0.03162338
v -0.07214808 -1.27962863 0.02719687
v -0.11200178 -1.23644638 0.00549141
v -0.09512722 -1.23365414 0.01408638
v -0.07708322 -1.24151671 0.00713906
v -0.06967218 -1.26349270 0.00472963
v -0.07419362 -1.27770221 0.00071852
v -0.07386499 -1.27764416 -0.02311813
v -0.06789169 -1.26478434 -0.02110844
v -0.08034535 -1.29025352 0.02413375
v -0.08288801 -1.28451586 -0.00165102
v -0.08205291 -1.28427982 -0.02527387
v -0.07128949 -1.27902126 -0.04443963
v -0.06731391 -1.26591599 -0.04285976
v -0.07020412 -1.27996087 -0.06162012
v -0.06992245 -1.26559615 -0.06082555
v -0.07139762 -1.26589906 -0.07487191
v -0.06908618 -1.28113317 -0.07558697
v -0.07096156 -1.24635649 -0.06230277
v -0.07357732 -1.24538732 -0.07487253
v -0.06763709 -1.24751818 -0.04402018
v -0.06822786 -1.24591374 -0.02113432
v -0.14763941 -1.28989851 0.00323255
v -0.14109714 -1.28693902 -0.02005363
v -0.13314328 -1.28470349 -0.04329397
v -0.12785923 -1.28591919 -0.06658917
v -0.12249772 -1.28792536 -0.08518668
v -0.11631835 -1.28871727 -0.09668635
v -0.09453411 -1.28864288 -0.10856987
v -0.10776853 -1.28865516 -0.10557235
v -0.08273959 -1.28970563 -0.10317735
v -0.07726117 -1.29162014 -0.08913004
v -0.07568803 -1.29188740 -0.07603420
v -0.07850064 -1.28757989 -0.04634371
v -0.07615742 -1.29083657 -0.06274952
v -0.06255975 -1.22830510 -0.04837906
v -0.06767113 -1.22702861 -0.06505559
v -0.07385558 -1.22558594 -0.07652932
v -0.08107911 -1.22270429 -0.10281681
v -0.07845989 -1.22433472 -0.08758242
v -0.09389728 -1.29371607 0.02165443
v -0.11016729 -1.29311788 0.01740815
v -0.12530893 -1.29366553 0.01217231
v -0.13789597 -1.29357231 0.00721806
v -0.13332950 -1.29072285 -0.01707026
v -0.12232004 -1.29125607 -0.01340666
v -0.10810725 -1.29134119 -0.00902170
v -0.09392852 -1.28872263 -0.00449987
v -0.12679106 -1.28959525 -0.04019911
v -0.11729205 -1.29092288 -0.03673009
v -0.10383379 -1.29145658 -0.03342064
v -0.09189039 -1.28931165 -0.02839920
v -0.08775841 -1.29255486 -0.04977156
v -0.09820657 -1.29348159 -0.05500307
v -0.11099521 -1.29229581 -0.05811462
v -0.11981342 -1.29063690 -0.06247859
v -0.11404110 -1.29154682 -0.07977550
v -0.10544979 -1.29269457 -0.07472243
v -0.09411255 -1.29416895 -0.07120575
v -0.08525035 -1.29386771 -0.06621199
v -0.10922512 -1.29175305 -0.08970885
v -0.09554440 -1.29191804 -0.10061081
v -0.10352134 -1.29173589 -0.09703695
v -0.08782665 -1.29283309 -0.09777822
v -0.08489245 -1.29380655 -0.08789895
v -0.08445469 -1.29411900 -0.07749090
v -0.09257186 -1.29367328 -0.08050964
v -0.09155538 -1.29343128 -0.08799914
v -0.10197201 -1.29281986 -0.08405396
v -0.09895868 -1.29239047 -0.09093685
v -0.09158437 -1.29292476 -0.09391800
v -0.09557028 -1.29242373 -0.09528446
v -0.11655071 -1.22672677 -0.03434151
v -0.09590019 -0.87484008 0.00833459
v -0.08269864 -0.87098092 0.00286163
v -0.11091533 -0.87309211 0.00953629
v -0.12693189 -0.44999257 0.07594250
v -0.06364717 -0.22219032 0.06723385
v -0.06751963 -0.18325254 0.06478176
v -0.06488666 -0.20284292 0.06530219
v -0.13033716 -0.48140389 0.07809684
v -0.11014874 -0.15701081 0.02901962
v -0.09894927 -0.00013890 0.06503664
v 0.12336004 -1.27634442 -0.08888218
v 0.12743790 -1.27432704 -0.06949529
v 0.12154923 -1.26123536 -0.06924197
v -0.00411445 0.27547467 0.08692463
v -0.06025160 0.24978970 0.01965339
v -0.05926150 0.24210323 0.01288448
v -0.05626127 0.23103882 0.01989770
v -0.05784158 0.23971073 0.02724563
v -0.05136149 0.22107743 0.02751871
v -0.05473123 0.23113145 0.03304645
v -0.04536857 0.21357232 0.03588362
v -0.04993197 0.22344884 0.03986660
v -0.04036409 0.20924114 0.04506079
v -0.04504235 0.21877973 0.04748551
v -0.02793621 0.20567764 0.06578257
v -0.02655777 0.20074773 0.06264411
v -0.02072821 0.19799620 0.06982795
v -0.02122111 0.20206344 0.07318621
v -0.01401810 0.19606020 0.07588957
v -0.01451635 0.19995753 0.07898101
v -0.00661365 0.19535175 0.07920355
v -0.00671273 0.19884820 0.08249293
v 0.00196811 0.19523822 0.08037496
v 0.00187162 0.19873159 0.08376461
v 0.00198069 0.20760179 0.08634406
v -0.00610745 0.20771684 0.08545882
v -0.00651095 0.20314799 0.08458738
v 0.00187868 0.20270625 0.08554643
v -0.01301639 0.20851217 0.08183581
v -0.01411438 0.20385595 0.08077533
v -0.01890345 0.21091291 0.07724968
v -0.02051866 0.20626073 0.07547948
v -0.02630619 0.21520557 0.07124370
v -0.02782944 0.21025516 0.06846268
v -0.03192554 0.22059686 0.06741580
v -0.03432778 0.21743727 0.06324276
v -0.00583177 0.19231495 0.07376360
v 0.00197443 0.19218084 0.07583467
v -0.01253958 0.19303827 0.07047860
v -0.01864834 0.19475845 0.06519382
v -0.02346120 0.19686213 0.05868880
v -0.03455755 0.20635560 0.05405746
v -0.02839951 0.19944184 0.05026266
v -0.03449383 0.20351651 0.04214351
v -0.03971008 0.20753747 0.03207482
v -0.04689222 0.21525206 0.02241194
v -0.05349076 0.22569551 0.01318131
v -0.05718172 0.23772939 0.00613356
v -0.06076965 0.24997395 0.00757099
v -0.01209909 0.21268868 0.08193839
v -0.00570224 0.21199156 0.08514754
v -0.01780681 0.21450807 0.07794022
v -0.02450946 0.21900214 0.07333277
v -0.02931528 0.22387919 0.07061788
v -0.03402057 0.23547557 0.07031413
v -0.03272212 0.22938162 0.06971433
v -0.03272206 0.24756330 0.07333059
v -0.03392609 0.24156633 0.07161857
v -0.04003118 0.25426698 0.06851500
v -0.04132951 0.24576972 0.06541336
v -0.03753123 0.24306981 0.06862974
v -0.03642946 0.25046715 0.07091687
v -0.04363015 0.25966623 0.06592440
v -0.04513185 0.24996740 0.06171417
v -0.00474074 0.19092979 0.06838740
v 0.00196550 0.19061202 0.06957696
v -0.01044627 0.19144143 0.06499458
v -0.01548151 0.19240844 0.05935508
v -0.01890496 0.19355968 0.05271591
v -0.02242415 0.19528729 0.04525928
v -0.02686905 0.19721757 0.03689719
v -0.03338710 0.20039742 0.02770105
v -0.04145913 0.20832145 0.01734416
v -0.05024143 0.22143434 0.00727089
v -0.05481671 0.23387502 0.00030644
v -0.01473141 0.18864179 0.03808865
v -0.01167489 0.18969168 0.04449802
v -0.00912342 0.19001938 0.05020234
v -0.00660348 0.18968865 0.05485776
v -0.00290084 0.18919480 0.05408002
v 0.00199381 0.18920943 0.05361149
v -0.00218240 0.18736835 0.04510095
v 0.00202327 0.18735521 0.04539674
v -0.00392657 0.18448946 0.04046163
v 0.00195922 0.18378392 0.04028185
v -0.00569556 0.18063059 0.03727155
v 0.00144492 0.17894280 0.03775530
v -0.03602428 0.22748907 0.06631886
v -0.03922757 0.22661225 0.06181908
v -0.04122536 0.23628642 0.06280541
v -0.04503095 0.23917922 0.05801395
v -0.04302947 0.22742936 0.05623404
v -0.03763016 0.23526706 0.06693822
v -0.04823823 0.23072627 0.04934103
v -0.04953212 0.24369060 0.05251196
v -0.04923712 0.25556785 0.05781111
v -0.05313759 0.24888219 0.04791385
v -0.05263214 0.23620662 0.04272536
v -0.05293980 0.25986990 0.05361623
v -0.05593886 0.26397234 0.04952028
v -0.05583728 0.25367847 0.04391093
v -0.05563283 0.24239881 0.03832054
v -0.03753597 0.21459983 0.05709066
v -0.05793598 0.24859399 0.03342951
v -0.05833783 0.26817131 0.04523051
v -0.05813670 0.25878036 0.03932020
v -0.06063965 0.27376786 0.03982971
v -0.06063893 0.26467642 0.03182776
v -0.06013576 0.25638822 0.02523139
v -0.06235612 0.25807464 0.01115271
v 0.00199495 0.21189015 0.08645071
v 0.12185716 -1.24374533 -0.04266743
v 0.11894704 -1.24337649 -0.06608085
v 0.11354590 -1.24209785 -0.08230609
v 0.11748858 -1.27719486 -0.10234637
v 0.11206817 -1.26225412 -0.10041613
v 0.10491572 -1.26136076 -0.11229884
v 0.10736257 -1.27735066 -0.11224944
v 0.08889560 -1.26272428 -0.11876385
v 0.09108952 -1.27923000 -0.11686422
v 0.07440925 -1.26542556 -0.10911054
v 0.07538798 -1.28128135 -0.10857227
v 0.09982843 -1.24081159 -0.10508591
v 0.10591501 -1.24186361 -0.09348409
v 0.08882783 -1.24078166 -0.11309447
v 0.07583467 -1.24294865 -0.10516307
v 0.07288584 -1.24444842 -0.08820440
v 0.06963484 -1.26621771 -0.08998214
v 0.06787199 -1.28197420 -0.09090592
v 0.07097609 -1.26597190 0.03136511
v 0.07054482 -1.27872205 0.02695185
v 0.10971376 -1.23605323 0.00516428
v 0.09301485 -1.23307872 0.01371950
v 0.07503346 -1.24111652 0.00687512
v 0.06783982 -1.26298451 0.00461599
v 0.07228282 -1.27706003 0.00059443
v 0.07178760 -1.27735567 -0.02341826
v 0.06563005 -1.26443744 -0.02119496
v 0.07860045 -1.28919899 0.02397236
v 0.08102497 -1.28391898 -0.00191299
v 0.08002343 -1.28383899 -0.02561400
v 0.06909642 -1.27878690 -0.04470503
v 0.06494717 -1.26561725 -0.04302566
v 0.06788915 -1.27987468 -0.06186806
v 0.06713718 -1.26521420 -0.06104593
v 0.06848931 -1.26540041 -0.07511920
v 0.06687863 -1.28087926 -0.07592844
v 0.06760852 -1.24571216 -0.06249024
v 0.07007623 -1.24478662 -0.07506220
v 0.06487106 -1.24633408 -0.04430765
v 0.06590888 -1.24497366 -0.02129890
v 0.14558691 -1.28931010 0.00243990
v 0.13903277 -1.28631461 -0.02084852
v 0.13100834 -1.28414941 -0.04405362
v 0.12576593 -1.28543246 -0.06733592
v 0.12029441 -1.28749096 -0.08588072
v 0.11404268 -1.28843701 -0.09733531
v 0.09214307 -1.28869927 -0.10916001
v 0.10552358 -1.28847647 -0.10626036
v 0.08049304 -1.28979754 -0.10368211
v 0.07505882 -1.29162467 -0.08950441
v 0.07355118 -1.29208481 -0.07637447
v 0.07646690 -1.28740442 -0.04673743
v 0.07402010 -1.29070854 -0.06311692
v 0.05901751 -1.22755969 -0.04854481
v 0.06467304 -1.22676718 -0.06527763
v 0.07000575 -1.22555912 -0.07650114
v 0.07755936 -1.22265315 -0.10288922
v 0.07486360 -1.22456658 -0.08754304
v 0.09196865 -1.29271770 0.02123762
v 0.10822286 -1.29226637 0.01691681
v 0.12334469 -1.29296076 0.01150657
v 0.13589162 -1.29292715 0.00648638
v 0.13134754 -1.29020810 -0.01770928
v 0.12027685 -1.29068089 -0.01407801
v 0.10605897 -1.29073155 -0.00961322
v 0.09188488 -1.28807795 -0.00491520
v 0.12462591 -1.28904843 -0.04091179
v 0.11517640 -1.29040623 -0.03737893
v 0.10183584 -1.29100180 -0.03398378
v 0.08988310 -1.28881896 -0.02889358
v 0.08571807 -1.29249907 -0.05020495
v 0.09613518 -1.29341149 -0.05549777
v 0.10886794 -1.29210758 -0.05880962
v 0.11769924 -1.29015732 -0.06314968
v 0.11190698 -1.29122889 -0.08040789
v 0.10326597 -1.29258049 -0.07527832
v 0.09205380 -1.29393947 -0.07169775
v 0.08314912 -1.29401052 -0.06671033
v 0.10717290 -1.29163051 -0.09029958
v 0.09329575 -1.29203427 -0.10119414
v 0.10148901 -1.29179692 -0.09757787
v 0.08555775 -1.29304194 -0.09829953
v 0.08271621 -1.29400003 -0.08839753
v 0.08227006 -1.29428184 -0.07798500
v 0.09041667 -1.29378009 -0.08096506
v 0.08941953 -1.29347014 -0.08855002
v 0.09981373 -1.29256988 -0.08460430
v -0.05742284 0.24861740 -0.01431766
v -0.01780960 0.25367549 0.08133015
v -0.01301026 0.25577518 0.08383016
v 0.09682944 -1.29238510 -0.09154516
v 0.08936179 -1.29299545 -0.09446774
v -0.00840951 0.25647497 0.08712975
v -0.00481033 0.25687510 0.08963076
v -0.00120946 0.25667489 0.09123084
v 0.09342196 -1.29244375 -0.09587117
v 0.11322996 -1.22622991 -0.03475751
v 0.09502610 -0.87499315 0.00923037
v 0.08186203 -0.87126833 0.00375376
v 0.00113101 0.16508481 0.03283598
v 0.00211012 0.32618061 0.08152507
v 0.00145130 0.17286712 0.03596438
v 0.00208969 0.22408381 0.07274038
v 0.00176667 0.41046837 -0.00167828
v 0.00199581 0.21648771 0.08634654
v 0.00209344 0.22868136 0.07514448
v 0.00198345 0.28557953 0.10112155
v 0.00208949 0.22108379 0.08566415
v 0.00199328 0.23177955 0.09033415
v 0.00199403 0.23737790 0.08823784
v 0.00199358 0.36327136 0.07082411
v 0.00199150 0.23507792 0.08984242
v 0.00218859 0.25897497 0.09172601
v 0.00198536 0.28157213 0.10452257
v 0.00209408 0.23887846 0.08683896
v 0.00196465 0.23171252 -0.07421815
v 0.00198782 0.22837825 0.08894778
v 0.00208866 0.23517874 0.07943972
v 0.00209027 0.23877800 0.08484379
v 0.00238507 0.24287479 0.07424096
v 0.00229018 0.25627449 0.09113002
v 0.00207708 0.30285233 0.08761961
v 0.00235146 0.26683286 -0.10347921
v 0.00197650 0.29984882 0.09002097
v 0.00190035 0.38817278 0.05150663
v 0.00200603 0.37357649 0.06470899
v 0.00198515 0.28947887 0.09802233
v 0.00238726 0.32735100 -0.12939963
v 0.00228085 0.34616122 -0.13241355
v 0.00198213 0.34586117 0.07698044
v 0.00198192 0.40617269 -0.06648380
v 0.00208500 0.27787215 0.10692383
v 0.00218597 0.26377437 0.09762859
v 0.00178007 0.40437680 0.02439965
v 0.00268420 0.29503608 -0.11730038
v 0.00208954 0.39336413 -0.09099206
v 0.00227135 0.24066849 0.08974176
v 0.00188482 0.40797630 0.01190387
v 0.00228318 0.23907360 0.08684227
v 0.00208406 0.26757264 0.10482465
v 0.00247464 0.27869332 -0.11150127
v 0.00238609 0.30794036 -0.12230177
v 0.00228533 0.24995898 0.09126860
v 0.00229088 0.25367457 0.09073029
v 0.00208902 0.40097249 -0.07927573
v 0.00211326 0.33268130 0.08052465
v 0.00228851 0.24776524 0.09216087
v 0.00209924 0.31167740 0.08262567
v 0.00216196 0.24516316 0.09254412
v 0.00075973 0.15774640 0.02957952
v 0.00217988 0.37106255 -0.11411712
v 0.00226561 0.24276525 0.09134309
v 0.00228100 0.24027357 0.08174450
v 0.00198920 0.29337445 0.09503020
v 0.00228416 0.24147449 0.07724179
v 0.00199202 0.35347328 0.07452805
v 0.00218748 0.26147306 0.09322450
v 0.00218700 0.26207268 0.09392439
v 0.00209900 0.30867711 0.08352522
v 0.00200202 0.38127533 0.05831008
v 0.00220094 0.31457821 0.08222577
v 0.00218622 0.26067674 0.09252537
v 0.00227087 0.36276028 -0.12334963
v 0.00187997 0.41086370 -0.04881331
v 0.00188838 0.41216493 -0.03530777
v 0.00207685 0.30565348 0.08532414
v 0.00197598 0.29694808 0.09232786
v 0.00205156 0.22416461 -0.07120780
v 0.00208390 0.27117363 0.10712662
v 0.00208393 0.27407345 0.10772610
v 0.00177804 0.39967561 0.03519500
v 0.00212228 0.25721312 -0.09668463
v 0.00188339 0.41216955 -0.01760517
v 0.00178494 0.39427382 0.04389739
v 0.00193553 0.24144098 -0.08177565
v 0.00220799 0.25000840 -0.09037787
v 0.00208390 0.26617360 0.10322665
v 0.00210010 0.31797990 0.08203077
v 0.00218459 0.26467362 0.10022682
v 0.00207399 0.38416296 -0.10193997
v 0.00218634 0.26287407 0.09542631
v 0.11004841 -0.87331218 0.01043948
v 0.12681998 -0.44966599 0.07521710
v 0.06421506 -0.22333938 0.06671755
v 0.07208644 -0.18416648 0.06425826
v 0.06740771 -0.20406151 0.06488144
v 0.12980038 -0.48111749 0.07719216
v 0.11535939 -0.15668644 0.02712328
v 0.09943005 0.00251251 0.06417850
v 0.00838845 0.27547678 0.08672839
v 0.06468752 0.25016493 0.01985030
v 0.06368048 0.24235912 0.01305169
v 0.06066960 0.23126227 0.01996654
v 0.06228412 0.23996708 0.02745335
v 0.05585615 0.22118008 0.02769694
v 0.05917946 0.23137289 0.03336552
v 0.04962850 0.21362400 0.03604876
v 0.05447429 0.22368212 0.04017945
v -0.00211465 0.26746944 0.10241805
v -0.00111435 0.26586932 0.10001789
v 0.04463818 0.20933738 0.04523127
v 0.04946480 0.21900593 0.04768893
v -0.01301907 0.30327433 0.06643815
v -0.00581211 0.26467547 0.09013145
v -0.00421671 0.28688270 0.09432547
v -0.01170495 0.30337551 0.06712236
v 0.03205860 0.20574138 0.06600142
v 0.03063592 0.20078517 0.06284367
v 0.02475393 0.19805831 0.06991681
v 0.02526244 0.20202826 0.07328621
v -0.00791355 0.26487425 0.08872779
v 0.01796103 0.19612874 0.07598634
v 0.01846403 0.20002863 0.07908218
v 0.01056564 0.19533686 0.07919960
v 0.01056737 0.19893393 0.08249386
v -0.00402385 0.29385167 0.08912423
v -0.00572323 0.30237445 0.07654354
v 0.01007612 0.20779717 0.08545851
v 0.01046947 0.20323271 0.08458798
v -0.00411092 0.29037723 0.09183440
v -0.01261373 0.26757398 0.08902706
v -0.01121355 0.26497397 0.08782721
v -0.00441476 0.27347255 0.10442474
v -0.00511240 0.27627045 0.10312061
v 0.01697603 0.20859002 0.08194800
v -0.00521462 0.27026933 0.10291784
v -0.00261497 0.26866925 0.10341762
v 0.01806726 0.20392887 0.08087625
v -0.01451939 0.30317417 0.06673849
v -0.02492842 0.30477124 0.06034655
v -0.00371494 0.27147016 0.10441954
v -0.00101542 0.26947039 0.10521993
v -0.01772825 0.30417275 0.06434859
v -0.01392299 0.30317467 0.06664550
v -0.00911353 0.27177176 0.09782279
v -0.00450973 0.30147767 0.08083455
v 0.02297494 0.21099150 0.07734787
v 0.02456622 0.20632806 0.07548013
v 0.03037546 0.21528533 0.07136973
v 0.03186601 0.21042103 0.06857377
v -0.01151399 0.27017334 0.09342596
v 0.03608035 0.22078125 0.06764546
v 0.03847127 0.21760887 0.06335420
v 0.00985220 0.19230968 0.07385962
v -0.01542612 0.30337378 0.06664817
v -0.01592728 0.30367333 0.06634849
v -0.00481803 0.28318346 0.09732375
v 0.01653818 0.19301710 0.07056746
v 0.02263052 0.19471721 0.06527476
v 0.02762535 0.19680296 0.05886994
v 0.03873768 0.20646836 0.05424355
v -0.02012772 0.30447206 0.06444681
v -0.00081372 0.26427570 0.09513123
v -0.00751344 0.27117023 0.10031987
v -0.00621433 0.27066931 0.10181782
v -0.00131294 0.26377636 0.09323326
v 0.03248800 0.19933802 0.05043661
v 0.03869912 0.20348462 0.04240594
v -0.00953240 0.30297250 0.06964753
v 0.04388297 0.20745048 0.03222507
v -0.00422190 0.29925656 0.08441706
v -0.00412387 0.29665312 0.08711957
v 0.05121955 0.21538715 0.02255686
v 0.05784389 0.22595049 0.01321020
v -0.00081401 0.26506934 0.09751802
v 0.06167032 0.23804346 0.00606865
v 0.06528495 0.25026342 0.00774928
v 0.01617954 0.21277393 0.08203571
v 0.00968035 0.21207964 0.08524400
v 0.02187720 0.21458796 0.07804111
v -0.00531157 0.27957085 0.10082166
v 0.02857761 0.21908517 0.07346213
v 0.03358120 0.22408065 0.07074447
v 0.03838378 0.23567334 0.07053018
v -0.00371240 0.26437670 0.09163418
v 0.03698303 0.22957520 0.06993522
v 0.03708674 0.24777278 0.07353687
v 0.03828378 0.24177386 0.07183880
v 0.04438667 0.25457221 0.06862336
v 0.04558570 0.24597439 0.06552735
v 0.04188460 0.24337605 0.06883436
v 0.00208389 0.26917344 0.10612624
v -0.00311504 0.26986930 0.10401767
v 0.04078656 0.25067297 0.07112773
v 0.04788889 0.25997284 0.06592936
v 0.04938560 0.25027454 0.06182768
v 0.00883850 0.19092174 0.06837996
v -0.02713234 0.31796688 0.07173968
v -0.02713504 0.31536695 0.06994276
v 0.01453047 0.19142057 0.06508428
v 0.01959681 0.19237255 0.05955315
v 0.02296748 0.19349326 0.05290456
v 0.02654795 0.19517910 0.04542870
v 0.03101491 0.19695170 0.03705772
v 0.03730958 0.20027098 0.02784926
v -0.02012537 0.32146281 0.07632344
v -0.00242004 0.32197121 0.08113205
v -0.00751948 0.32206422 0.08003247
v 0.04545695 0.20848665 0.01746964
v -0.02711282 0.31137607 0.06842846
v -0.02731329 0.30947497 0.06702585
v -0.02692984 0.31316990 0.06833840
v -0.02741318 0.30977511 0.06852609
v -0.02741290 0.31057557 0.06902701
v 0.05450743 0.22152340 0.00726958
v -0.02661341 0.31247589 0.06742875
v 0.05924769 0.23410566 0.00030357
v -0.02671284 0.31227627 0.06722891
v 0.01864563 0.18853128 0.03831787
v -0.02512829 0.32046536 0.07383092
v 0.01580466 0.18964681 0.04462519
v 0.01326256 0.18990110 0.05042353
v -0.02681269 0.31207645 0.06762867
v -0.02751337 0.30897468 0.06522551
v 0.01078269 0.18958919 0.05498578
v -0.02831335 0.30697501 0.06072711
v 0.00698267 0.18910295 0.05420447
v 0.00210279 0.32198066 0.08173036
v -0.01882542 0.33285514 0.07836248
v -0.04801144 0.33097005 0.05651848
v 0.00629740 0.18738037 0.04524545
v -0.05071147 0.32537180 0.05391987
v 0.00795626 0.18446264 0.04060052
v -0.04412242 0.28938714 0.06112128
v -0.04663616 0.29047850 0.05863041
v -0.01612678 0.32645845 0.07964313
v 0.00949233 0.18057507 0.03742003
v 0.04028052 0.22777671 0.06644055
v 0.04348122 0.22678933 0.06204522
v 0.04548506 0.23657738 0.06303333
v 0.04938543 0.23947634 0.05823445
v -0.02441890 0.35305783 0.06923953
v -0.02901091 0.39827311 0.01729890
v -0.02252442 0.34564945 0.07258186
v -0.03642143 0.33736560 0.06652167
v 0.04738029 0.22759467 0.05644948
v -0.02930281 0.39427224 0.02700913
v 0.04188374 0.23547456 0.06713554
v 0.05258091 0.23098846 0.04955811
v 0.05388690 0.24397705 0.05274726
v 0.05338630 0.25587413 0.05793439
v 0.05749101 0.24917191 0.04814575
v -0.04371068 0.33556968 0.06061731
v 0.05708458 0.23647580 0.04305791
v -0.05141112 0.29577887 0.05183182
v -0.00433830 0.33904734 0.07881662
v -0.05313072 0.30116859 0.04944209
v 0.05708908 0.26027188 0.05374036
v -0.01223904 0.33904621 0.07810772
v -0.02502304 0.40516776 -0.04724915
v 0.06019409 0.26436719 0.04964394
v 0.06019221 0.25396857 0.04414293
v 0.05998638 0.24267305 0.03854996
v 0.04166188 0.21483454 0.05718965
v -0.01102138 0.31786507 0.07742397
v 0.06228787 0.24887015 0.03364263
v -0.03490837 0.29008064 0.06653836
v -0.03780846 0.28968051 0.06513768
v 0.06259082 0.26846758 0.04544036
v -0.02872646 0.40496895 -0.03575064
v -0.05032302 0.29338416 0.05381833
v -0.02801692 0.37116453 0.05731054
v -0.00722624 0.31106797 0.07523201
v -0.00872844 0.31406870 0.07553587
v -0.02872078 0.37816498 0.05021634
v 0.06249386 0.25906715 0.03953930
v 0.06498782 0.27406991 0.03994052
v 0.06499094 0.26496503 0.03203896
v -0.02920671 0.38427025 0.04290370
v 0.06459027 0.25676543 0.02544108
v 0.06678868 0.25846577 0.01145098
v -0.02912143 0.40127194 0.00598736
v -0.01853030 0.29307356 0.06949098
v 0.06196929 0.24858075 -0.01426832
v 0.02229365 0.25388196 0.08144690
v 0.01759475 0.25588194 0.08394716
v -0.05271204 0.31907317 0.05172182
v -0.05381022 0.31257644 0.05022014
v -0.02932750 0.40477139 -0.02155975
v -0.02783084 0.29087150 0.06875706
v -0.05383391 0.30676621 0.04944069
v -0.01353123 0.40716684 -0.05555956
v 0.01299419 0.25668070 0.08724435
v -0.04883353 0.29156914 0.05614545
v 0.00938779 0.25698164 0.08973012
v 0.00568670 0.25668019 0.09122680
v -0.02912920 0.33845338 0.07146499
v -0.03150837 0.29028013 0.06763810
v -0.00652493 0.30787387 0.07444350
v -0.01401395 0.29528311 0.06979763
v -0.01081886 0.29817396 0.07073589
v -0.02930422 0.38957140 0.03540701
v -0.00853428 0.30097184 0.07184841
v -0.00672839 0.30447298 0.07354493
v -0.02311851 0.29166538 0.06942976
v -0.02651614 0.36206165 0.06442191
v -0.02912193 0.40347087 -0.00710988
v -0.04102179 0.28948614 0.06332362
v 0.00188410 0.40836933 -0.05859286
v 0.00200896 0.33888125 0.07892832
v -0.00743240 0.30267206 0.07294696
v -0.01352296 0.32196370 0.07852729
v -0.02083497 0.33884537 0.07569589
v 0.00209205 0.22488095 0.08684769
v -0.02301957 0.24317425 0.07911237
v -0.02432068 0.24107446 0.07760347
v -0.02392183 0.23497421 0.07570349
v -0.01612757 0.24836960 0.08435398
v -0.02022575 0.24567297 0.08134782
v -0.01521511 0.22758476 0.08182154
v -0.02482413 0.23907346 0.07650507
v -0.00990428 0.22598341 0.08483222
v -0.02472270 0.23697399 0.07580394
v -0.00441415 0.22508273 0.08642730
v 0.00229228 0.25187644 0.09093458
v -0.00640960 0.25207362 0.08964310
v -0.00211517 0.25225914 0.09118607
v -0.01110752 0.25077736 0.08713506
v -0.02231777 0.23267527 0.07650767
v -0.01961251 0.23008259 0.07855048
v 0.00638344 0.26747435 0.10242222
v 0.00538461 0.26587388 0.10002365
v 0.01739292 0.30347908 0.06654733
v 0.01018820 0.26477519 0.09012876
v 0.00838339 0.28688300 0.09432363
v 0.01609172 0.30358133 0.06724738
v 0.01218928 0.26497522 0.08873156
v 0.00807634 0.29385185 0.08922551
v 0.00998808 0.30258140 0.07663148
v 0.00818898 0.29047698 0.09183595
v 0.01698953 0.26767427 0.08902963
v 0.01558993 0.26507470 0.08783064
v 0.00858405 0.27347463 0.10452363
v 0.00928292 0.27627686 0.10322073
v 0.00938403 0.27027369 0.10292139
v 0.00688292 0.26867440 0.10342143
v 0.01889287 0.30337891 0.06684767
v 0.02919353 0.30487522 0.06054392
v 0.00788300 0.27147457 0.10452154
v 0.00518209 0.26947495 0.10522161
v 0.02199347 0.30437621 0.06444526
v 0.01829333 0.30347806 0.06674685
v 0.01338519 0.27187622 0.09792396
v 0.00868656 0.30158210 0.08082896
v 0.01578700 0.27027723 0.09342980
v 0.01969320 0.30357757 0.06664636
v 0.02029320 0.30387655 0.06644505
v 0.00898268 0.28318307 0.09742223
v 0.02439308 0.30467585 0.06454367
v 0.00518561 0.26427549 0.09522627
v 0.01178522 0.27117473 0.10032342
v 0.01048473 0.27067357 0.10182147
v 0.00568600 0.26377526 0.09312623
v 0.01388844 0.30328229 0.06973674
v 0.00837931 0.29936573 0.08448938
v 0.00827803 0.29676440 0.08718870
v 0.00508541 0.26507381 0.09752417
v 0.00948318 0.27957842 0.10082037
v 0.00798680 0.26437551 0.09162721
v 0.00728273 0.26987433 0.10402108
v 0.03129067 0.31827912 0.07173738
v 0.03128874 0.31567886 0.07003675
v 0.02429649 0.32157797 0.07633156
v 0.00659477 0.32198092 0.08112874
v 0.01158754 0.32207778 0.08012958
v 0.03138912 0.31167820 0.06853826
v 0.03148926 0.30967838 0.06723862
v 0.03118926 0.31347814 0.06833813
v 0.03158912 0.31007814 0.06873810
v 0.03158894 0.31087816 0.06913812
v 0.03088941 0.31277844 0.06743880
v 0.03098963 0.31257838 0.06733872
v 0.02929341 0.32077765 0.07383344
v 0.03108951 0.31227848 0.06773888
v 0.03168949 0.30917850 0.06543895
v 0.03258976 0.30717811 0.06093817
v 0.02289936 0.33298168 0.07821971
v 0.05220072 0.33127114 0.05653596
v 0.05489700 0.32567492 0.05402922
v 0.04839181 0.28977993 0.06113984
v 0.05089221 0.29087603 0.05875054
v 0.02019539 0.32657856 0.07962523
v 0.02827457 0.35328093 0.06904749
v 0.03257637 0.39818025 0.01725222
v 0.02649270 0.34588185 0.07247399
v 0.04060042 0.33766884 0.06673728
v 0.03287968 0.39437979 0.02685639
v 0.04768571 0.33598083 0.06057636
v 0.05568711 0.29618001 0.05193907
v 0.00828411 0.33907825 0.07872087
v 0.05728929 0.30167833 0.04943627
v 0.01619292 0.33917624 0.07792234
v 0.02890141 0.40506306 -0.04709745
v 0.01518927 0.31787732 0.07743370
v 0.03919017 0.29038534 0.06664532
v 0.04219026 0.28998479 0.06524619
v 0.03250109 0.40486622 -0.03559320
v 0.05448414 0.29367962 0.05393672
v 0.03180889 0.37127712 0.05721026
v 0.01148955 0.31107789 0.07533425
v 0.01298972 0.31407797 0.07563439
v 0.03240773 0.37827638 0.05010978
v 0.03280303 0.38447645 0.04290587
v 0.03267136 0.40137637 0.00608840
v 0.02289474 0.29328257 0.06954874
v 0.05699714 0.31947502 0.05183021
v 0.05800354 0.31317210 0.05041501
v 0.03309756 0.40486783 -0.02139722
v 0.03218955 0.29118234 0.06884202
v 0.05799536 0.30717230 0.04953966
v 0.01738962 0.40706399 -0.05540330
v 0.05308968 0.29197684 0.05634757
v 0.03318867 0.33868209 0.07157393
v 0.03589040 0.29058477 0.06774228
v 0.01089037 0.30797893 0.07463490
v 0.01829322 0.29548362 0.06995049
v 0.01519062 0.29838187 0.07074209
v 0.03298261 0.38977820 0.03526447
v 0.01278793 0.30118221 0.07203475
v 0.01108993 0.30467978 0.07373518
v 0.02739713 0.29187730 0.06955417
v 0.03038252 0.36227670 0.06446578
v 0.03277241 0.40367430 -0.00701014
v 0.04529069 0.28978112 0.06344044
v 0.01178876 0.30288139 0.07303484
v 0.01769285 0.32197747 0.07863081
v 0.02481027 0.33907965 0.07561944
v 0.02749138 0.24337757 0.07924677
v 0.02879272 0.24127838 0.07774756
v 0.02818276 0.23517759 0.07574115
v 0.02059506 0.24857493 0.08433223
v 0.02469414 0.24587511 0.08143585
v 0.01928144 0.22767463 0.08203651
v 0.02928296 0.23927715 0.07664236
v 0.01407765 0.22597355 0.08495465
v 0.02908275 0.23717734 0.07594197
v 0.00848235 0.22508281 0.08643533
v 0.01099302 0.25217789 0.08963807
v 0.00669327 0.25237793 0.09113809
v 0.01569433 0.25087902 0.08724090
v 0.02658178 0.23277469 0.07664134
v 0.02398999 0.23027726 0.07865803
v 0.03279183 0.30527517 0.05564165
v -0.02853002 0.30507377 0.05531390
v 0.03118599 0.30546427 0.06850730
v 0.02968599 0.30546427 0.06800730
v 0.02818599 0.30546427 0.06720730
v 0.02698599 0.30546427 0.06620730
v 0.03128599 0.30586427 0.06850730
v 0.02968599 0.30616429 0.06800730
v 0.02828599 0.30636427 0.06720730
v 0.02708599 0.30656427 0.06620730
v 0.03128599 0.30616429 0.06850730
v 0.02988598 0.30676427 0.06800730
v 0.02858599 0.30726427 0.06720730
v 0.02748599 0.30766428 0.06620730
v 0.03148599 0.30636427 0.06840730
v 0.03018599 0.30726427 0.06790730
v 0.02898599 0.30806428 0.06710730
v 0.02798599 0.30866429 0.06610730
v 0.03168599 0.30666429 0.06840730
v 0.03058599 0.30776429 0.06790730
v 0.02958599 0.30876428 0.06710730
v 0.02868599 0.30956429 0.06610730
v 0.03188599 0.30686429 0.06840730
v 0.03108599 0.30816427 0.06790730
v 0.03028599 0.30936429 0.06710730
v 0.02958599 0.31036428 0.06610730
v 0.03218599 0.30706429 0.06840730
v 0.03158599 0.30846429 0.06790730
v 0.03108599 0.30976430 0.06710730
v 0.03058599 0.31086427 0.06610730
v 0.03248599 0.30706429 0.06840730
v 0.03218599 0.30866429 0.06790730
v 0.03198599 0.31006429 0.06710730
v 0.03168599 0.31116429 0.06610730
v 0.03278599 0.30716428 0.06840730
v 0.03278599 0.30866429 0.06790730
v 0.03288599 0.31016427 0.06710730
v 0.03288599 0.31136429 0.06610730
v 0.03318598 0.30706429 0.06840730
v 0.03348599 0.30866429 0.06790730
v 0.03378599 0.31006429 0.06710730
v 0.03398599 0.31116429 0.06610730
v 0.03348599 0.30696428 0.06840730
v 0.03408599 0.30846429 0.06790730
v 0.03458599 0.30976430 0.06710730
v 0.03508599 0.31086427 0.06610730
v 0.03368599 0.30686429 0.06840730
v 0.03458599 0.30816427 0.06790730
v 0.03538599 0.30936429 0.06710730
v 0.03608599 0.31036428 0.06610730
v 0.03398599 0.30666429 0.06840730
v 0.03508599 0.30776429 0.06800730
v 0.03608599 0.30876428 0.06720730
v 0.03698599 0.30956429 0.06610730
v 0.03418599 0.30636427 0.06850730
v 0.03548599 0.30726427 0.06800730
v 0.03668599 0.30806428 0.06720730
v 0.03768599 0.30866429 0.06620730
v 0.03428599 0.30616429 0.06850730
v 0.03578599 0.30666429 0.06800730
v 0.03708599 0.30726427 0.06720730
v 0.03828599 0.30766428 0.06620730
v 0.03438599 0.30586427 0.06850730
v 0.03598599 0.30606428 0.06800730
v 0.03738599 0.30636427 0.06720730
v 0.03858599 0.30656427 0.06620730
v 0.03448599 0.30546427 0.06850730
v 0.03598599 0.30546427 0.06800730
v 0.03748599 0.30546427 0.06730730
v 0.03868599 0.30546427 0.06630730
v 0.03438599 0.30516428 0.06850730
v 0.03598599 0.30486429 0.06800730
v 0.03738599 0.30456427 0.06730730
v 0.03858599 0.30426428 0.06630730
v 0.03428599 0.30486429 0.06850730
v 0.03578599 0.30426428 0.06800730
v 0.03708599 0.30366427 0.06730730
v 0.03828599 0.30316427 0.06630730
v 0.03418599 0.30456427 0.06850730
v 0.03548599 0.30366427 0.06810730
v 0.03668599 0.30286428 0.06730730
v 0.03768599 0.30216429 0.06630730
v 0.03398599 0.30436429 0.06850730
v 0.03508599 0.30316427 0.06810730
v 0.03608599 0.30216429 0.06730730
v 0.03698599 0.30126429 0.06640730
v 0.03368599 0.30416429 0.06850730
v 0.03458599 0.30276427 0.06810730
v 0.03538599 0.30156428 0.06730730
v 0.03608599 0.30056429 0.06640730
v 0.03348599 0.30396429 0.06850730
v 0.03408599 0.30256429 0.06810730
v 0.03458599 0.30116427 0.06740730
v 0.03508599 0.29996428 0.06640730
v 0.03318598 0.30386427 0.06850730
v 0.03348599 0.30236429 0.06810730
v 0.03378599 0.30086428 0.06740730
v 0.03398599 0.29966429 0.06640730
v 0.03278599 0.30386427 0.06850730
v 0.03278599 0.30226427 0.06810730
v 0.03278599 0.30076429 0.06740730
v 0.03288599 0.29956427 0.06640730
v 0.03248599 0.30386427 0.06850730
v 0.03218599 0.30236429 0.06810730
v 0.03188599 0.30086428 0.06730730
v 0.03168599 0.29966429 0.06640730
v 0.03218599 0.30396429 0.06850730
v 0.03158599 0.30256429 0.06810730
v 0.03108599 0.30116427 0.06730730
v 0.03058599 0.29996428 0.06640730
v 0.03188599 0.30416429 0.06850730
v 0.03108599 0.30286428 0.06810730
v 0.03028599 0.30156428 0.06730730
v 0.02958599 0.30056429 0.06630730
v 0.03168599 0.30436429 0.06850730
v 0.03058599 0.30326429 0.06800730
v 0.02958599 0.30216429 0.06730730
v 0.02868599 0.30126429 0.06630730
v 0.03148599 0.30456427 0.06850730
v 0.03018599 0.30366427 0.06800730
v 0.02898599 0.30286428 0.06730730
v 0.02798599 0.30216429 0.06630730
v 0.03278599 0.30546427 0.06860730
v 0.03128599 0.30486429 0.06850730
v 0.02988598 0.30426428 0.06800730
v 0.02858599 0.30366427 0.06730730
v 0.02748599 0.30316427 0.06630730
v 0.03128599 0.30516428 0.06850730
v 0.02968599 0.30486429 0.06800730
v 0.02828599 0.30456427 0.06720730
v 0.02708599 0.30426428 0.06620730
v 0.02578599 0.30546427 0.06530730
v 0.02398599 0.30536428 0.06390730
v 0.02248599 0.30536428 0.06200730
v 0.02128599 0.30526429 0.05980730
v 0.02058599 0.30516428 0.05750730
v 0.02038599 0.30516428 0.05500730
v 0.02068599 0.30506429 0.05260731
v 0.02138599 0.30496427 0.05030730
v 0.02258599 0.30496427 0.04810730
v 0.02408599 0.30486429 0.04620731
v 0.02598599 0.30486429 0.04470731
v 0.02818599 0.30476427 0.04350731
v 0.03058599 0.30476427 0.04280730
v 0.02598599 0.30676427 0.06530730
v 0.02418599 0.30716428 0.06380730
v 0.02268599 0.30736428 0.06190730
v 0.02158599 0.30756429 0.05980730
v 0.02088599 0.30766428 0.05740730
v 0.02068599 0.30756429 0.05500730
v 0.02088599 0.30746427 0.05250730
v 0.02158599 0.30726427 0.05020730
v 0.02278599 0.30696428 0.04800730
v 0.02428599 0.30666429 0.04620731
v 0.02618599 0.30616429 0.04460730
v 0.02828599 0.30576429 0.04350731
v 0.03058599 0.30526429 0.04280730
v 0.02638599 0.30816427 0.06530730
v 0.02468599 0.30876428 0.06380730
v 0.02328598 0.30936429 0.06190730
v 0.02218598 0.30976430 0.05970730
v 0.02158599 0.30996427 0.05730730
v 0.02138599 0.30996427 0.05490730
v 0.02158599 0.30976430 0.05250730
v 0.02228598 0.30946428 0.05010731
v 0.02338598 0.30896428 0.04800730
v 0.02478599 0.30826429 0.04610731
v 0.02658598 0.30746427 0.04460730
v 0.02858599 0.30666429 0.04350731
v 0.03068599 0.30576429 0.04280730
v 0.02698599 0.30936429 0.06520730
v 0.02548598 0.31036428 0.06380730
v 0.02418599 0.31116429 0.06180730
v 0.02328598 0.31176427 0.05970730
v 0.02268599 0.31206429 0.05730730
v 0.02248599 0.31216428 0.05490730
v 0.02268599 0.31196427 0.05240730
v 0.02338598 0.31146428 0.05010731
v 0.02428599 0.31076428 0.04790731
v 0.02558598 0.30986428 0.04610731
v 0.02718599 0.30876428 0.04460730
v 0.02898599 0.30746427 0.04350731
v 0.03098598 0.30616429 0.04280730
v 0.02788599 0.31046429 0.06520730
v 0.02658598 0.31166428 0.06370730
v 0.02548598 0.31276429 0.06180730
v 0.02468599 0.31346428 0.05960730
v 0.02418599 0.31396428 0.05730730
v 0.02408599 0.31406429 0.05480730
v 0.02428599 0.31376427 0.05240730
v 0.02478599 0.31326428 0.05000731
v 0.02558598 0.31236428 0.04790731
v 0.02668598 0.31116429 0.04610731
v 0.02808599 0.30976430 0.04450730
v 0.02958599 0.30816427 0.04340731
v 0.03128599 0.30646428 0.04280730
v 0.02898599 0.31126428 0.06520730
v 0.02798599 0.31276429 0.06370730
v 0.02708599 0.31406429 0.06180730
v 0.02648599 0.31496429 0.05960730
v 0.02608599 0.31546429 0.05720730
v 0.02598599 0.31556427 0.05480730
v 0.02608599 0.31536427 0.05230731
v 0.02648599 0.31466427 0.05000731
v 0.02718599 0.31366429 0.04790731
v 0.02808599 0.31226429 0.04600731
v 0.02908599 0.31066430 0.04450730
v 0.03028599 0.30876428 0.04340731
v 0.03158599 0.30686429 0.04280730
v 0.03018599 0.31196427 0.06520730
v 0.02948599 0.31356427 0.06370730
v 0.02888599 0.31496429 0.06180730
v 0.02848599 0.31606427 0.05960730
v 0.02818599 0.31666428 0.05720730
v 0.02808599 0.31676430 0.05480730
v 0.02818599 0.31646428 0.05230731
v 0.02848599 0.31576428 0.05000731
v 0.02898599 0.31456429 0.04790731
v 0.02958599 0.31306428 0.04600731
v 0.03028599 0.31126428 0.04450730
v 0.03118599 0.30926427 0.04340731
v 0.03208598 0.30706429 0.04280730
v 0.03148599 0.31236428 0.06520730
v 0.03118599 0.31406429 0.06370730
v 0.03088599 0.31556427 0.06180730
v 0.03058599 0.31666428 0.05960730
v 0.03048599 0.31736428 0.05720730
v 0.03048599 0.31746429 0.05470730
v 0.03048599 0.31716427 0.05230731
v 0.03068599 0.31636429 0.05000731
v 0.03088599 0.31516427 0.04790731
v 0.03128599 0.31356427 0.04600731
v 0.03158599 0.31166428 0.04450730
v 0.03208598 0.30956429 0.04340731
v 0.03248599 0.30716428 0.04280730
v 0.03288599 0.31246427 0.06520730
v 0.03288599 0.31426427 0.06370730
v 0.03288599 0.31576428 0.06180730
v 0.03288599 0.31686428 0.05960730
v 0.03288599 0.31756428 0.05720730
v 0.03288599 0.31776428 0.05480730
v 0.03288599 0.31736428 0.05230731
v 0.03298599 0.31666428 0.05000731
v 0.03298599 0.31536427 0.04790731
v 0.03298599 0.31376427 0.04600731
v 0.03298599 0.31186429 0.04450730
v 0.03298599 0.30966428 0.04340731
v 0.03298599 0.30726427 0.04280730
v 0.03418599 0.31236428 0.06520730
v 0.03458599 0.31406429 0.06370730
v 0.03488599 0.31556427 0.06180730
v 0.03518599 0.31666428 0.05960730
v 0.03528599 0.31726429 0.05720730
v 0.03538599 0.31746429 0.05480730
v 0.03528599 0.31716427 0.05230731
v 0.03518599 0.31636429 0.05000731
v 0.03498599 0.31516427 0.04790731
v 0.03468599 0.31356427 0.04600731
v 0.03428599 0.31166428 0.04450730
v 0.03388599 0.30956429 0.04340731
v 0.03348599 0.30716428 0.04280730
v 0.03558599 0.31196427 0.06520730
v 0.03628599 0.31356427 0.06370730
v 0.03688599 0.31496429 0.06180730
v 0.03728599 0.31596428 0.05960730
v 0.03758599 0.31656429 0.05730730
v 0.03768599 0.31676430 0.05480730
v 0.03758599 0.31646428 0.05240730
v 0.03738599 0.31576428 0.05000731
v 0.03688599 0.31456429 0.04790731
v 0.03638599 0.31306428 0.04610731
v 0.03558599 0.31126428 0.04450730
v 0.03478599 0.30926427 0.04340731
v 0.03388599 0.30706429 0.04280730
v 0.03678599 0.31126428 0.06520730
v 0.03778599 0.31276429 0.06380730
v 0.03868599 0.31406429 0.06180730
v 0.03928599 0.31496429 0.05970730
v 0.03968599 0.31546429 0.05730730
v 0.03988599 0.31556427 0.05480730
v 0.03968599 0.31536427 0.05240730
v 0.03938599 0.31466427 0.05010731
v 0.03868599 0.31366429 0.04790731
v 0.03788599 0.31226429 0.04610731
v 0.03678599 0.31066430 0.04460730
v 0.03558599 0.30876428 0.04350731
v 0.03428599 0.30686429 0.04280730
v 0.03778599 0.31036428 0.06530730
v 0.03908599 0.31166428 0.06380730
v 0.04018599 0.31276429 0.06190730
v 0.04108599 0.31346428 0.05970730
v 0.04158599 0.31396428 0.05730730
v 0.04178599 0.31406429 0.05490730
v 0.04158599 0.31376427 0.05250730
v 0.04108599 0.31316429 0.05010731
v 0.04028599 0.31236428 0.04800730
v 0.03918599 0.31116429 0.04610731
v 0.03788599 0.30976430 0.04460730
v 0.03638599 0.30816427 0.04350731
v 0.03468599 0.30646428 0.04280730
v 0.03868599 0.30936429 0.06530730
v 0.04018599 0.31026429 0.06380730
v 0.04148599 0.31116429 0.06190730
v 0.04248599 0.31166428 0.05980730
v 0.04308599 0.31206429 0.05740730
v 0.04328599 0.31206429 0.05500730
v 0.04308599 0.31186429 0.05250730
v 0.04258599 0.31146428 0.05020730
v 0.04158599 0.31076428 0.04800730
v 0.04028599 0.30976430 0.04620731
v 0.03878599 0.30866429 0.04460730
v 0.03698599 0.30746427 0.04350731
v 0.03498599 0.30616429 0.04280730
v 0.03928599 0.30806428 0.06530730
v 0.04098599 0.30876428 0.06390730
v 0.04248599 0.30936429 0.06200730
v 0.04358599 0.30966428 0.05980730
v 0.04418599 0.30986428 0.05750730
v 0.04448599 0.30996427 0.05500730
v 0.04428599 0.30976430 0.05260731
v 0.04358599 0.30946428 0.05020730
v 0.04258599 0.30896428 0.04810730
v 0.04108599 0.30826429 0.04620731
v 0.03938599 0.30746427 0.04470731
v 0.03738599 0.30666429 0.04350731
v 0.03518599 0.30566427 0.04280730
v 0.03968599 0.30676427 0.06540730
v 0.04148599 0.30706429 0.06390730
v 0.04308599 0.30736428 0.06200730
v 0.04418599 0.30746427 0.05990730
v 0.04488599 0.30756429 0.05750730
v 0.04518599 0.30756429 0.05510730
v 0.04498599 0.30746427 0.05270731
v 0.04428599 0.30726427 0.05030730
v 0.04318599 0.30696428 0.04810730
v 0.04158599 0.30656427 0.04630730
v 0.03978599 0.30616429 0.04470731
v 0.03768599 0.30576429 0.04350731
v 0.03538599 0.30526429 0.04280730
v 0.03988599 0.30536428 0.06540730
v 0.04168599 0.30536428 0.06400730
v 0.04328599 0.30526429 0.06210730
v 0.04438599 0.30526429 0.05990730
v 0.04518599 0.30516428 0.05760730
v 0.04538599 0.30506429 0.05520730
v 0.04518599 0.30506429 0.05270731
v 0.04448599 0.30496427 0.05040731
v 0.04338599 0.30486429 0.04820731
v 0.04178599 0.30486429 0.04630730
v 0.03988599 0.30486429 0.04470731
v 0.03778599 0.30476427 0.04360730
v 0.03538599 0.30476427 0.04280730
v 0.03968599 0.30406427 0.06550730
v 0.04148599 0.30366427 0.06400730
v 0.04308599 0.30326429 0.06220730
v 0.04418599 0.30296427 0.06000730
v 0.04488599 0.30276427 0.05770730
v 0.04518599 0.30266428 0.05520730
v 0.04498599 0.30266428 0.05280731
v 0.04428599 0.30266428 0.05040731
v 0.04318599 0.30286428 0.04830731
v 0.04158599 0.30316427 0.04630730
v 0.03978599 0.30346429 0.04480731
v 0.03768599 0.30386427 0.04360730
v 0.03538599 0.30426428 0.04290731
v 0.03928599 0.30266428 0.06550730
v 0.04098599 0.30196428 0.06410730
v 0.04248599 0.30126429 0.06220730
v 0.04358599 0.30076429 0.06010730
v 0.04418599 0.30046427 0.05770730
v 0.04448599 0.30026427 0.05530730
v 0.04428599 0.30026427 0.05280731
v 0.04358599 0.30056429 0.05050731
v 0.04258599 0.30086428 0.04830731
v 0.04108599 0.30146429 0.04640730
v 0.03938599 0.30216429 0.04480731
v 0.03738599 0.30296427 0.04360730
v 0.03518599 0.30386427 0.04290731
v 0.03868599 0.30146429 0.06550730
v 0.04018599 0.30036429 0.06410730
v 0.04148599 0.29946429 0.06220730
v 0.04248599 0.29876429 0.06010730
v 0.04308599 0.29826429 0.05780730
v 0.04328599 0.29806429 0.05530730
v 0.04308599 0.29816428 0.05290730
v 0.04248599 0.29846427 0.05050731
v 0.04158599 0.29906428 0.04830731
v 0.04028599 0.29986429 0.04640730
v 0.03878599 0.30096430 0.04480731
v 0.03698599 0.30206427 0.04360730
v 0.03498599 0.30336428 0.04290731
v 0.03778599 0.30036429 0.06550730
v 0.03908599 0.29906428 0.06410730
v 0.04018599 0.29786429 0.06230730
v 0.04108599 0.29706427 0.06010730
v 0.04158599 0.29646429 0.05780730
v 0.04178599 0.29616427 0.05540730
v 0.04158599 0.29626429 0.05290730
v 0.04108599 0.29676428 0.05060731
v 0.04028599 0.29746428 0.04840731
v 0.03918599 0.29856429 0.04650731
v 0.03788599 0.29986429 0.04490730
v 0.03638599 0.30136427 0.04370730
v 0.03468599 0.30306429 0.04290731
v 0.03678599 0.29956427 0.06560730
v 0.03778599 0.29796427 0.06420730
v 0.03868599 0.29656428 0.06230730
v 0.03928599 0.29556429 0.06020730
v 0.03968599 0.29486427 0.05780730
v 0.03988599 0.29466429 0.05540730
v 0.03968599 0.29476428 0.05300730
v 0.03938599 0.29526427 0.05060731
v 0.03868599 0.29616427 0.04840731
v 0.03788599 0.29746428 0.04650731
v 0.03678599 0.29896429 0.04490730
v 0.03558599 0.30076429 0.04370730
v 0.03428599 0.30276427 0.04290731
v 0.03298599 0.30476427 0.04260731
v 0.03548599 0.29886428 0.06560730
v 0.03628599 0.29716429 0.06420730
v 0.03688599 0.29566428 0.06230730
v 0.03728599 0.29446429 0.06020730
v 0.03758599 0.29376429 0.05790730
v 0.03768599 0.29346427 0.05540730
v 0.03758599 0.29366428 0.05300730
v 0.03738599 0.29426429 0.05060731
v 0.03688599 0.29526427 0.04840731
v 0.03628599 0.29666427 0.04650731
v 0.03558599 0.29836428 0.04490730
v 0.03478599 0.30036429 0.04370730
v 0.03388599 0.30246428 0.04290731
v 0.03418599 0.29846427 0.06560730
v 0.03458599 0.29666427 0.06420730
v 0.03488599 0.29506427 0.06230730
v 0.03508599 0.29386428 0.06020730
v 0.03528599 0.29306430 0.05790730
v 0.03538599 0.29276428 0.05540730
v 0.03528599 0.29296428 0.05300730
v 0.03518599 0.29356429 0.05060731
v 0.03498599 0.29466429 0.04840731
v 0.03468599 0.29616427 0.04650731
v 0.03428599 0.29796427 0.04490730
v 0.03388599 0.30006430 0.04370730
v 0.03348599 0.30236429 0.04290731
v 0.03288599 0.29836428 0.06560730
v 0.03288599 0.29646429 0.06420730
v 0.03288599 0.29486427 0.06230730
v 0.03288599 0.29356429 0.06020730
v 0.03288599 0.29286429 0.05790730
v 0.03288599 0.29256427 0.05540730
v 0.03288599 0.29266429 0.05300730
v 0.03288599 0.29336429 0.05060731
v 0.03298599 0.29446429 0.04840731
v 0.03298599 0.29596427 0.04650731
v 0.03298599 0.29786429 0.04490730
v 0.03298599 0.29996428 0.04370730
v 0.03298599 0.30236429 0.04290731
v 0.03148599 0.29846427 0.06560730
v 0.03108599 0.29666427 0.06420730
v 0.03078599 0.29506427 0.06230730
v 0.03058599 0.29386428 0.06020730
v 0.03048599 0.29306430 0.05780730
v 0.03048599 0.29276428 0.05540730
v 0.03048599 0.29296428 0.05300730
v 0.03068599 0.29356429 0.05060731
v 0.03088599 0.29466429 0.04840731
v 0.03118599 0.29616427 0.04650731
v 0.03158599 0.29796427 0.04490730
v 0.03208598 0.30006430 0.04370730
v 0.03248599 0.30236429 0.04290731
v 0.03018599 0.29886428 0.06550730
v 0.02948599 0.29716429 0.06410730
v 0.02888599 0.29566428 0.06230730
v 0.02848599 0.29446429 0.06010730
v 0.02818599 0.29376429 0.05780730
v 0.02808599 0.29346427 0.05540730
v 0.02818599 0.29366428 0.05290730
v 0.02848599 0.29426429 0.05060731
v 0.02898599 0.29526427 0.04840731
v 0.02958599 0.29666427 0.04650731
v 0.03028599 0.29836428 0.04490730
v 0.03118599 0.30036429 0.04370730
v 0.03208598 0.30246428 0.04290731
v 0.02898599 0.29956427 0.06550730
v 0.02798599 0.29796427 0.06410730
v 0.02708599 0.29656428 0.06220730
v 0.02648599 0.29556429 0.06010730
v 0.02608599 0.29496428 0.05780730
v 0.02598599 0.29466429 0.05530730
v 0.02608599 0.29476428 0.05290730
v 0.02648599 0.29526427 0.05050731
v 0.02718599 0.29626429 0.04840731
v 0.02808599 0.29746428 0.04640730
v 0.02908599 0.29896429 0.04480731
v 0.03028599 0.30076429 0.04360730
v 0.03158599 0.30276427 0.04290731
v 0.02788599 0.30046427 0.06550730
v 0.02658598 0.29906428 0.06410730
v 0.02548598 0.29796427 0.06220730
v 0.02468599 0.29706427 0.06010730
v 0.02418599 0.29646429 0.05770730
v 0.02408599 0.29626429 0.05530730
v 0.02428599 0.29636428 0.05280731
v 0.02478599 0.29676428 0.05050731
v 0.02558598 0.29756427 0.04830731
v 0.02668598 0.29856429 0.04640730
v 0.02808599 0.29986429 0.04480731
v 0.02958599 0.30136427 0.04360730
v 0.03128599 0.30306429 0.04290731
v 0.02698599 0.30146429 0.06550730
v 0.02548598 0.30046427 0.06400730
v 0.02418599 0.29946429 0.06220730
v 0.02328598 0.29876429 0.06000730
v 0.02268599 0.29836428 0.05770730
v 0.02248599 0.29816428 0.05520730
v 0.02268599 0.29816428 0.05280731
v 0.02328598 0.29856429 0.05040731
v 0.02428599 0.29906428 0.04830731
v 0.02558598 0.29996428 0.04630730
v 0.02718599 0.30096430 0.04480731
v 0.02898599 0.30216429 0.04360730
v 0.03098598 0.30336428 0.04290731
v 0.02638599 0.30266428 0.06540730
v 0.02468599 0.30196428 0.06400730
v 0.02328598 0.30136427 0.06210730
v 0.02218598 0.30076429 0.05990730
v 0.02158599 0.30046427 0.05760730
v 0.02138599 0.30026427 0.05520730
v 0.02158599 0.30036429 0.05270731
v 0.02228598 0.30056429 0.05040731
v 0.02338598 0.30096430 0.04820731
v 0.02478599 0.30146429 0.04630730
v 0.02658598 0.30216429 0.04470731
v 0.02858599 0.30296427 0.04360730
v 0.03068599 0.30386427 0.04280730
v 0.02598599 0.30406427 0.06540730
v 0.02418599 0.30366427 0.06390730
v 0.02268599 0.30326429 0.06200730
v 0.02158599 0.30296427 0.05990730
v 0.02088599 0.30276427 0.05750730
v 0.02068599 0.30266428 0.05510730
v 0.02088599 0.30266428 0.05270731
v 0.02158599 0.30276427 0.05030730
v 0.02278599 0.30286428 0.04820731
v 0.02428599 0.30316427 0.04630730
v 0.02618599 0.30346429 0.04470731
v 0.02828599 0.30386427 0.04350731
v 0.03058599 0.30426428 0.04280730
v -0.02981401 0.30536428 0.06860730
v -0.03141401 0.30536428 0.06820730
v -0.03291401 0.30536428 0.06740730
v -0.03411401 0.30536428 0.06640730
v -0.02981401 0.30576429 0.06860730
v -0.03131401 0.30596429 0.06810730
v -0.03281401 0.30626428 0.06740730
v -0.03401401 0.30646428 0.06640730
v -0.02971401 0.30606428 0.06860730
v -0.03111401 0.30656427 0.06810730
v -0.03251401 0.30716428 0.06730730
v -0.03361401 0.30756429 0.06630730
v -0.02951401 0.30626428 0.06860730
v -0.03081401 0.30716428 0.06810730
v -0.03211401 0.30796430 0.06730730
v -0.03311401 0.30856428 0.06630730
v -0.02931401 0.30656427 0.06850730
v -0.03041401 0.30766428 0.06800730
v -0.03151401 0.30866429 0.06730730
v -0.03241401 0.30946428 0.06620730
v -0.02911401 0.30676427 0.06850730
v -0.03001401 0.30806428 0.06800730
v -0.03081401 0.30926427 0.06720730
v -0.03151401 0.31016427 0.06620730
v -0.02881401 0.30686429 0.06850730
v -0.02941401 0.30836427 0.06800730
v -0.03001401 0.30966428 0.06720730
v -0.03051401 0.31076428 0.06620730
v -0.02851401 0.30696428 0.06850730
v -0.02881401 0.30856428 0.06800730
v -0.02911401 0.30986428 0.06720730
v -0.02941401 0.31106427 0.06610730
v -0.02821402 0.30706429 0.06850730
v -0.02821402 0.30856428 0.06800730
v -0.02821402 0.30996427 0.06710730
v -0.02821402 0.31116429 0.06610730
v -0.02781401 0.30696428 0.06850730
v -0.02761401 0.30846429 0.06800730
v -0.02731401 0.30986428 0.06710730
v -0.02711402 0.31106427 0.06610730
v -0.02751401 0.30686429 0.06850730
v -0.02701401 0.30836427 0.06800730
v -0.02641401 0.30966428 0.06710730
v -0.02601402 0.31066430 0.06610730
v -0.02731401 0.30676427 0.06850730
v -0.02641401 0.30806428 0.06800730
v -0.02561401 0.30916429 0.06710730
v -0.02501401 0.31016427 0.06610730
v -0.02701401 0.30656427 0.06850730
v -0.02591401 0.30766428 0.06800730
v -0.02491402 0.30866429 0.06710730
v -0.02411401 0.30946428 0.06610730
v -0.02681401 0.30626428 0.06850730
v -0.02551401 0.30716428 0.06800730
v -0.02431401 0.30796430 0.06720730
v -0.02331401 0.30856428 0.06610730
v -0.02671401 0.30606428 0.06850730
v -0.02521401 0.30656427 0.06800730
v -0.02391401 0.30706429 0.06720730
v -0.02281401 0.30756429 0.06610730
v -0.02661401 0.30566427 0.06850730
v -0.02501401 0.30596429 0.06800730
v -0.02361401 0.30626428 0.06720730
v -0.02251401 0.30646428 0.06620730
v -0.02651401 0.30536428 0.06850730
v -0.02501401 0.30536428 0.06800730
v -0.02361401 0.30536428 0.06720730
v -0.02241401 0.30526429 0.06620730
v -0.02661401 0.30506429 0.06860730
v -0.02501401 0.30476427 0.06810730
v -0.02361401 0.30446428 0.06730730
v -0.02251401 0.30416429 0.06630730
v -0.02671401 0.30476427 0.06860730
v -0.02521401 0.30416429 0.06810730
v -0.02391401 0.30356428 0.06730730
v -0.02281401 0.30306429 0.06630730
v -0.02681401 0.30446428 0.06860730
v -0.02551401 0.30356428 0.06810730
v -0.02431401 0.30276427 0.06740730
v -0.02341401 0.30206427 0.06640730
v -0.02701401 0.30426428 0.06860730
v -0.02591401 0.30306429 0.06810730
v -0.02491402 0.30206427 0.06740730
v -0.02411401 0.30116427 0.06640730
v -0.02731401 0.30406427 0.06860730
v -0.02641401 0.30276427 0.06820730
v -0.02561401 0.30146429 0.06740730
v -0.02501401 0.30046427 0.06650730
v -0.02751401 0.30386427 0.06860730
v -0.02701401 0.30246428 0.06820730
v -0.02641401 0.30106428 0.06750730
v -0.02601402 0.29986429 0.06650730
v -0.02791401 0.30376428 0.06860730
v -0.02761401 0.30226427 0.06820730
v -0.02731401 0.30076429 0.06750730
v -0.02711402 0.29956427 0.06650730
v -0.02821402 0.30376428 0.06860730
v -0.02821402 0.30216429 0.06820730
v -0.02821402 0.30066428 0.06750730
v -0.02821402 0.29946429 0.06660730
v -0.02851401 0.30376428 0.06860730
v -0.02881401 0.30226427 0.06820730
v -0.02911401 0.30076429 0.06750730
v -0.02941401 0.29956427 0.06660730
v -0.02881401 0.30386427 0.06860730
v -0.02941401 0.30246428 0.06820730
v -0.03001401 0.30106428 0.06750730
v -0.03051401 0.29996428 0.06660730
v -0.02911401 0.30406427 0.06860730
v -0.03001401 0.30276427 0.06820730
v -0.03081401 0.30146429 0.06750730
v -0.03151401 0.30046427 0.06660730
v -0.02931401 0.30426428 0.06860730
v -0.03051401 0.30316427 0.06820730
v -0.03151401 0.30206427 0.06750730
v -0.03241401 0.30116427 0.06660730
v -0.02951401 0.30446428 0.06860730
v -0.03081401 0.30356428 0.06820730
v -0.03211401 0.30276427 0.06750730
v -0.03311401 0.30206427 0.06650730
v -0.02821402 0.30536428 0.06870730
v -0.02971401 0.30476427 0.06860730
v -0.03111401 0.30416429 0.06820730
v -0.03251401 0.30356428 0.06750730
v -0.03371401 0.30306429 0.06650730
v -0.02981401 0.30506429 0.06860730
v -0.03131401 0.30476427 0.06820730
v -0.03281401 0.30446428 0.06740730
v -0.03401401 0.30416429 0.06650730
v -0.03531401 0.30526429 0.06560730
v -0.03721401 0.30526429 0.06420730
v -0.03881401 0.30516428 0.06230730
v -0.04001401 0.30506429 0.06020730
v -0.04081401 0.30506429 0.05780730
v -0.04111401 0.30496427 0.05540730
v -0.04091401 0.30486429 0.05300730
v -0.04031401 0.30476427 0.05060731
v -0.03921401 0.30466428 0.04840731
v -0.03771401 0.30456427 0.04650731
v -0.03581401 0.30446428 0.04490730
v -0.03371401 0.30446428 0.04370730
v -0.03131401 0.30446428 0.04290731
v -0.03521401 0.30666429 0.06560730
v -0.03701401 0.30696428 0.06410730
v -0.03861401 0.30726427 0.06220730
v -0.03981401 0.30736428 0.06010730
v -0.04051401 0.30736428 0.05780730
v -0.04081401 0.30736428 0.05530730
v -0.04071401 0.30726427 0.05290730
v -0.04001401 0.30696428 0.05050731
v -0.03901401 0.30666429 0.04830731
v -0.03751401 0.30626428 0.04640730
v -0.03571401 0.30586427 0.04480731
v -0.03361401 0.30536428 0.04370730
v -0.03131401 0.30486429 0.04290731
v -0.03481401 0.30796430 0.06550730
v -0.03651401 0.30866429 0.06400730
v -0.03801401 0.30916429 0.06220730
v -0.03911401 0.30956429 0.06000730
v -0.03981401 0.30976430 0.05760730
v -0.04011401 0.30966428 0.05520730
v -0.04001401 0.30956429 0.05280731
v -0.03941401 0.30916429 0.05040731
v -0.03841401 0.30866429 0.04820731
v -0.03701401 0.30796430 0.04630730
v -0.03531401 0.30716428 0.04480731
v -0.03331401 0.30626428 0.04360730
v -0.03111401 0.30536428 0.04290731
v -0.03411401 0.30916429 0.06540730
v -0.03571401 0.31016427 0.06400730
v -0.03701401 0.31096429 0.06210730
v -0.03801401 0.31156430 0.05990730
v -0.03871401 0.31186429 0.05750730
v -0.03901401 0.31186429 0.05510730
v -0.03881401 0.31166428 0.05270731
v -0.03831401 0.31116429 0.05030730
v -0.03741401 0.31046429 0.04820731
v -0.03621401 0.30946428 0.04630730
v -0.03461401 0.30836427 0.04470731
v -0.03281401 0.30706429 0.04360730
v -0.03091401 0.30576429 0.04290731
v -0.03321401 0.31026429 0.06540730
v -0.03461401 0.31146428 0.06390730
v -0.03571401 0.31256428 0.06200730
v -0.03661401 0.31326428 0.05980730
v -0.03721401 0.31366429 0.05740730
v -0.03741401 0.31376427 0.05500730
v -0.03731401 0.31346428 0.05260731
v -0.03691401 0.31286427 0.05020730
v -0.03611401 0.31196427 0.04810730
v -0.03501401 0.31086427 0.04620731
v -0.03371401 0.30946428 0.04470731
v -0.03221401 0.30786428 0.04350731
v -0.03061401 0.30616429 0.04290731
v -0.03221401 0.31116429 0.06530730
v -0.03321401 0.31256428 0.06380730
v -0.03411401 0.31386429 0.06190730
v -0.03481401 0.31466427 0.05970730
v -0.03531401 0.31516427 0.05730730
v -0.03551401 0.31536427 0.05490730
v -0.03541401 0.31506428 0.05250730
v -0.03511401 0.31436428 0.05010731
v -0.03451401 0.31326428 0.04800730
v -0.03371401 0.31196427 0.04610731
v -0.03271401 0.31026429 0.04460730
v -0.03151401 0.30846429 0.04350731
v -0.03021401 0.30646428 0.04280730
v -0.03091401 0.31176427 0.06530730
v -0.03171401 0.31346428 0.06380730
v -0.03231401 0.31476429 0.06180730
v -0.03281401 0.31576428 0.05960730
v -0.03321401 0.31636429 0.05730730
v -0.03331401 0.31646428 0.05480730
v -0.03331401 0.31616428 0.05240730
v -0.03311401 0.31536427 0.05010731
v -0.03271401 0.31426427 0.04790731
v -0.03221401 0.31276429 0.04610731
v -0.03151401 0.31096429 0.04460730
v -0.03071401 0.30886430 0.04350731
v -0.02981401 0.30666429 0.04280730
v -0.02961401 0.31216428 0.06520730
v -0.03001401 0.31386429 0.06370730
v -0.03041401 0.31536427 0.06180730
v -0.03061401 0.31646428 0.05960730
v -0.03081401 0.31706429 0.05720730
v -0.03101401 0.31716427 0.05470730
v -0.03101401 0.31686428 0.05230731
v -0.03091401 0.31606427 0.05000731
v -0.03071401 0.31486428 0.04790731
v -0.03051401 0.31326428 0.04600731
v -0.03021401 0.31126428 0.04450730
v -0.02981401 0.30916429 0.04340731
v -0.02941401 0.30676427 0.04280730
v -0.02821402 0.31226429 0.06520730
v -0.02831401 0.31406429 0.06370730
v -0.02831401 0.31556427 0.06170730
v -0.02841401 0.31666428 0.05950730
v -0.02841401 0.31726429 0.05710730
v -0.02851401 0.31736428 0.05470730
v -0.02861401 0.31706429 0.05230731
v -0.02861401 0.31626427 0.04990730
v -0.02871401 0.31506428 0.04780731
v -0.02881401 0.31336427 0.04600731
v -0.02881401 0.31146428 0.04450730
v -0.02881401 0.30926427 0.04340731
v -0.02891401 0.30686429 0.04280730
v -0.02691401 0.31216428 0.06520730
v -0.02651401 0.31386429 0.06370730
v -0.02631401 0.31536427 0.06170730
v -0.02611401 0.31636429 0.05950730
v -0.02601402 0.31706429 0.05710730
v -0.02611401 0.31716427 0.05470730
v -0.02621401 0.31686428 0.05220731
v -0.02641401 0.31606427 0.04990730
v -0.02671401 0.31486428 0.04780731
v -0.02701401 0.31326428 0.04600731
v -0.02741401 0.31126428 0.04450730
v -0.02791401 0.30916429 0.04340731
v -0.02841401 0.30676427 0.04280730
v -0.02551401 0.31176427 0.06520730
v -0.02491402 0.31336427 0.06360730
v -0.02431401 0.31476429 0.06170730
v -0.02391401 0.31576428 0.05950730
v -0.02371401 0.31626427 0.05710730
v -0.02371401 0.31646428 0.05460730
v -0.02391401 0.31616428 0.05220731
v -0.02421401 0.31536427 0.04990730
v -0.02471401 0.31426427 0.04780731
v -0.02541401 0.31266427 0.04590730
v -0.02611401 0.31086427 0.04450730
v -0.02701401 0.30886430 0.04340731
v -0.02791401 0.30666429 0.04280730
v -0.02431401 0.31106427 0.06520730
v -0.02331401 0.31256428 0.06360730
v -0.02251401 0.31376427 0.06170730
v -0.02191401 0.31466427 0.05950730
v -0.02161402 0.31516427 0.05710730
v -0.02151401 0.31526428 0.05460730
v -0.02171401 0.31496429 0.05220731
v -0.02221401 0.31426427 0.04990730
v -0.02291401 0.31326428 0.04780731
v -0.02381402 0.31186429 0.04590730
v -0.02491402 0.31026429 0.04450730
v -0.02621401 0.30846429 0.04340731
v -0.02751401 0.30646428 0.04280730
v -0.02331401 0.31026429 0.06520730
v -0.02201401 0.31146428 0.06370730
v -0.02091401 0.31246427 0.06170730
v -0.02021401 0.31326428 0.05950730
v -0.01971401 0.31366429 0.05710730
v -0.01961401 0.31366429 0.05470730
v -0.01991401 0.31346428 0.05220731
v -0.02051402 0.31286427 0.04990730
v -0.02131401 0.31196427 0.04780731
v -0.02251401 0.31076428 0.04600731
v -0.02391401 0.30936429 0.04450730
v -0.02551401 0.30786428 0.04340731
v -0.02711402 0.30616429 0.04280730
v -0.02241401 0.30916429 0.06520730
v -0.02091401 0.31016427 0.06370730
v -0.01971401 0.31086427 0.06170730
v -0.01871401 0.31146428 0.05950730
v -0.01821401 0.31176427 0.05720730
v -0.01811401 0.31176427 0.05470730
v -0.01841401 0.31156430 0.05230731
v -0.01901401 0.31106427 0.05000731
v -0.02001401 0.31036428 0.04780731
v -0.02141401 0.30946428 0.04600731
v -0.02301401 0.30836427 0.04450730
v -0.02491402 0.30706429 0.04340731
v -0.02681401 0.30576429 0.04280730
v -0.02171401 0.30796430 0.06520730
v -0.02011401 0.30856428 0.06370730
v -0.01871401 0.30906427 0.06180730
v -0.01771401 0.30946428 0.05960730
v -0.01711401 0.30966428 0.05720730
v -0.01691401 0.30966428 0.05480730
v -0.01721402 0.30946428 0.05230731
v -0.01791401 0.30906427 0.05000731
v -0.01911401 0.30856428 0.04790731
v -0.02061401 0.30786428 0.04600731
v -0.02241401 0.30716428 0.04450730
v -0.02441401 0.30626428 0.04350731
v -0.02661401 0.30536428 0.04280730
v -0.02131401 0.30666429 0.06530730
v -0.01961401 0.30696428 0.06380730
v -0.01811401 0.30716428 0.06190730
v -0.01701401 0.30726427 0.05970730
v -0.01641401 0.30736428 0.05730730
v -0.01621401 0.30726427 0.05480730
v -0.01651401 0.30716428 0.05240730
v -0.01731401 0.30696428 0.05010731
v -0.01851401 0.30656427 0.04800730
v -0.02011401 0.30626428 0.04610731
v -0.02201401 0.30586427 0.04460730
v -0.02411401 0.30536428 0.04350731
v -0.02651401 0.30486429 0.04280730
v -0.02121401 0.30526429 0.06530730
v -0.01941402 0.30516428 0.06390730
v -0.01791401 0.30516428 0.06190730
v -0.01681401 0.30506429 0.05970730
v -0.01621401 0.30496427 0.05740730
v -0.01601401 0.30486429 0.05490730
v -0.01631401 0.30476427 0.05250730
v -0.01711401 0.30466428 0.05020730
v -0.01831402 0.30456427 0.04800730
v -0.01991401 0.30446428 0.04620731
v -0.02191401 0.30446428 0.04460730
v -0.02411401 0.30446428 0.04350731
v -0.02641401 0.30436429 0.04290731
v -0.02131401 0.30386427 0.06540730
v -0.01961401 0.30346429 0.06390730
v -0.01811401 0.30306429 0.06200730
v -0.01701401 0.30276427 0.05980730
v -0.01641401 0.30256429 0.05750730
v -0.01621401 0.30236429 0.05500730
v -0.01651401 0.30236429 0.05260731
v -0.01731401 0.30236429 0.05030730
v -0.01851401 0.30256429 0.04810730
v -0.02011401 0.30276427 0.04620731
v -0.02201401 0.30306429 0.04470731
v -0.02421401 0.30346429 0.04360730
v -0.02651401 0.30396429 0.04290731
v -0.02181401 0.30256429 0.06550730
v -0.02011401 0.30176428 0.06400730
v -0.01871401 0.30116427 0.06210730
v -0.01771401 0.30056429 0.05990730
v -0.01711401 0.30026427 0.05760730
v -0.01701401 0.30006430 0.05510730
v -0.01721402 0.30006430 0.05270731
v -0.01801401 0.30026427 0.05040731
v -0.01911401 0.30056429 0.04820731
v -0.02061401 0.30116427 0.04630730
v -0.02241401 0.30176428 0.04480731
v -0.02441401 0.30256429 0.04360730
v -0.02661401 0.30346429 0.04290731
v -0.02241401 0.30136427 0.06550730
v -0.02091401 0.30026427 0.06410730
v -0.01971401 0.29936427 0.06220730
v -0.01881401 0.29856429 0.06000730
v -0.01831402 0.29816428 0.05770730
v -0.01811401 0.29786429 0.05520730
v -0.01841401 0.29796427 0.05280731
v -0.01901401 0.29826429 0.05050731
v -0.02011401 0.29876429 0.04830731
v -0.02141401 0.29956427 0.04640730
v -0.02301401 0.30056429 0.04480731
v -0.02491402 0.30176428 0.04360730
v -0.02681401 0.30306429 0.04290731
v -0.02331401 0.30026427 0.06560730
v -0.02201401 0.29896429 0.06420730
v -0.02101401 0.29776427 0.06230730
v -0.02021401 0.29686427 0.06010730
v -0.01981401 0.29626429 0.05780730
v -0.01971401 0.29596427 0.05540730
v -0.01991401 0.29606429 0.05290730
v -0.02051402 0.29646429 0.05060731
v -0.02141401 0.29726428 0.04840731
v -0.02251401 0.29826429 0.04650731
v -0.02391401 0.29956427 0.04490730
v -0.02551401 0.30106428 0.04370730
v -0.02721401 0.30266428 0.04290731
v -0.02441401 0.29946429 0.06560730
v -0.02341401 0.29786429 0.06420730
v -0.02261401 0.29646429 0.06240730
v -0.02201401 0.29546428 0.06020730
v -0.02171401 0.29476428 0.05790730
v -0.02161402 0.29446429 0.05540730
v -0.02181401 0.29456428 0.05300730
v -0.02231401 0.29506427 0.05060731
v -0.02301401 0.29596427 0.04840731
v -0.02391401 0.29716429 0.04650731
v -0.02501401 0.29866427 0.04490730
v -0.02621401 0.30046427 0.04370730
v -0.02751401 0.30236429 0.04300731
v -0.02891401 0.30436429 0.04270730
v -0.02561401 0.29876429 0.06570730
v -0.02491402 0.29706427 0.06430730
v -0.02441401 0.29556429 0.06240730
v -0.02401401 0.29436427 0.06030730
v -0.02381402 0.29356429 0.05800730
v -0.02381402 0.29326427 0.05550730
v -0.02391401 0.29346427 0.05310731
v -0.02431401 0.29396427 0.05070730
v -0.02481401 0.29496428 0.04850730
v -0.02541401 0.29636428 0.04660731
v -0.02621401 0.29806429 0.04500730
v -0.02701401 0.29996428 0.04370730
v -0.02791401 0.30216429 0.04300731
v -0.02691401 0.29836428 0.06570730
v -0.02661401 0.29656428 0.06430730
v -0.02631401 0.29496428 0.06250730
v -0.02621401 0.29366428 0.06040730
v -0.02611401 0.29296428 0.05800730
v -0.02611401 0.29256427 0.05560730
v -0.02621401 0.29276428 0.05320731
v -0.02641401 0.29336429 0.05080730
v -0.02671401 0.29436427 0.04860730
v -0.02711402 0.29586428 0.04660731
v -0.02751401 0.29766428 0.04500730
v -0.02791401 0.29976428 0.04380731
v -0.02841401 0.30196428 0.04300731
v -0.02831401 0.29826429 0.06570730
v -0.02831401 0.29636428 0.06440730
v -0.02841401 0.29476428 0.06250730
v -0.02841401 0.29346427 0.06040730
v -0.02851401 0.29266429 0.05810730
v -0.02861401 0.29236427 0.05570730
v -0.02861401 0.29246429 0.05320731
v -0.02871401 0.29316428 0.05080730
v -0.02881401 0.29416427 0.04860730
v -0.02881401 0.29566428 0.04670730
v -0.02881401 0.29756427 0.04500730
v -0.02891401 0.29966429 0.04380731
v -0.02891401 0.30196428 0.04300731
v -0.02961401 0.29836428 0.06580730
v -0.03011401 0.29656428 0.06440730
v -0.03041401 0.29496428 0.06260730
v -0.03071401 0.29376429 0.06040730
v -0.03091401 0.29296428 0.05810730
v -0.03101401 0.29256427 0.05570730
v -0.03101401 0.29276428 0.05320731
v -0.03101401 0.29336429 0.05090731
v -0.03081401 0.29436427 0.04870731
v -0.03051401 0.29586428 0.04670730
v -0.03021401 0.29766428 0.04510731
v -0.02981401 0.29976428 0.04380731
v -0.02941401 0.30206427 0.04300731
v -0.03101401 0.29876429 0.06580730
v -0.03171401 0.29706427 0.06440730
v -0.03241401 0.29556429 0.06260730
v -0.03291401 0.29436427 0.06050730
v -0.03321401 0.29366428 0.05810730
v -0.03341401 0.29336429 0.05570730
v -0.03341401 0.29346427 0.05330730
v -0.03311401 0.29406428 0.05090731
v -0.03281401 0.29496428 0.04870731
v -0.03221401 0.29636428 0.04670730
v -0.03151401 0.29806429 0.04510731
v -0.03071401 0.30006430 0.04380731
v -0.02981401 0.30216429 0.04300731
v -0.03221401 0.29946429 0.06580730
v -0.03321401 0.29786429 0.06440730
v -0.03421401 0.29646429 0.06260730
v -0.03491401 0.29546428 0.06050730
v -0.03531401 0.29476428 0.05810730
v -0.03551401 0.29446429 0.05570730
v -0.03551401 0.29456428 0.05330730
v -0.03511401 0.29506427 0.05090731
v -0.03461401 0.29596427 0.04870731
v -0.03371401 0.29716429 0.04670730
v -0.03271401 0.29866427 0.04510731
v -0.03151401 0.30046427 0.04380731
v -0.03021401 0.30236429 0.04300731
v -0.03331401 0.30036429 0.06580730
v -0.03461401 0.29896429 0.06440730
v -0.03581401 0.29776427 0.06260730
v -0.03661401 0.29686427 0.06040730
v -0.03721401 0.29636428 0.05810730
v -0.03741401 0.29606429 0.05570730
v -0.03731401 0.29616427 0.05320731
v -0.03691401 0.29656428 0.05090731
v -0.03611401 0.29726428 0.04860730
v -0.03511401 0.29826429 0.04670730
v -0.03381401 0.29956427 0.04510731
v -0.03231401 0.30106428 0.04380731
v -0.03061401 0.30266428 0.04300731
v -0.03411401 0.30136427 0.06570730
v -0.03571401 0.30036429 0.06440730
v -0.03701401 0.29936427 0.06250730
v -0.03811401 0.29866427 0.06040730
v -0.03871401 0.29816428 0.05810730
v -0.03901401 0.29796427 0.05560730
v -0.03891401 0.29796427 0.05320731
v -0.03831401 0.29826429 0.05080730
v -0.03741401 0.29886428 0.04860730
v -0.03621401 0.29966429 0.04670730
v -0.03461401 0.30066428 0.04500730
v -0.03291401 0.30176428 0.04380731
v -0.03091401 0.30306429 0.04300731
v -0.03481401 0.30256429 0.06570730
v -0.03651401 0.30186430 0.06430730
v -0.03801401 0.30116427 0.06250730
v -0.03911401 0.30066428 0.06030730
v -0.03991401 0.30026427 0.05800730
v -0.04021401 0.30016428 0.05560730
v -0.04001401 0.30016428 0.05310731
v -0.03941401 0.30026427 0.05080730
v -0.03841401 0.30066428 0.04860730
v -0.03701401 0.30116427 0.04660731
v -0.03531401 0.30186430 0.04500730
v -0.03331401 0.30266428 0.04380731
v -0.03111401 0.30346429 0.04300731
v -0.03521401 0.30396429 0.06570730
v -0.03701401 0.30356428 0.06430730
v -0.03861401 0.30316427 0.06240730
v -0.03981401 0.30286428 0.06030730
v -0.04061401 0.30266428 0.05790730
v -0.04091401 0.30246428 0.05550730
v -0.04071401 0.30246428 0.05310731
v -0.04011401 0.30246428 0.05070730
v -0.03901401 0.30266428 0.04850730
v -0.03751401 0.30286428 0.04660731
v -0.03571401 0.30316427 0.04500730
v -0.03361401 0.30356428 0.04370730
v -0.03131401 0.30396429 0.04300731
f 4 2 1
f 8 6 5
f 13 15 14
f 17 19 18
f 32 30 29
f 36 34 33
f 37 39 38
f 21 23 20
f 25 27 24
f 41 43 42
f 48 46 45
f 52 50 49
f 53 55 54
f 60 58 57
f 29 62 61
f 66 64 63
f 67 6 68
f 72 70 69
f 76 74 73
f 77 79 78
f 81 83 82
f 59 86 85
f 88 90 89
f 96 94 93
f 100 98 97
f 101 103 102
f 106 34 87
f 108 115 107
f 117 36 118
f 124 126 125
f 131 129 128
f 132 134 133
f 142 140 139
f 148 60 147
f 144 127 124
f 149 151 150
f 156 154 153
f 159 158 157
f 116 164 105
f 171 169 168
f 174 173 172
f 179 181 180
f 186 188 187
f 194 196 195
f 199 139 198
f 206 208 207
f 213 211 210
f 202 214 201
f 96 216 54
f 92 43 44
f 97 246 100
f 250 229 228
f 252 58 253
f 258 256 255
f 260 229 259
f 110 112 113
f 114 263 109
f 265 267 266
f 56 270 269
f 274 249 250
f 185 63 64
f 280 278 276
f 285 283 157
f 288 211 212
f 141 92 46
f 289 175 176
f 148 105 106
f 312 170 171
f 238 42 43
f 318 160 317
f 310 308 307
f 241 325 324
f 160 240 317
f 47 307 308
f 108 315 164
f 345 86 119
f 348 350 349
f 356 358 357
f 355 353 352
f 363 32 362
f 149 150 176
f 364 253 365
f 366 368 367
f 183 371 63
f 163 161 160
f 209 101 208
f 378 165 166
f 379 381 380
f 383 3 4
f 284 386 385
f 387 389 388
f 391 229 249
f 73 397 396
f 405 407 406
f 203 411 410
f 414 413 412
f 1 357 4
f 277 131 275
f 254 57 58
f 358 415 351
f 417 386 408
f 401 192 420
f 419 127 143
f 421 182 422
f 103 302 409
f 428 368 174
f 380 359 356
f 62 266 323
f 140 431 430
f 357 351 348
f 356 379 380
f 415 403 434
f 437 436 435
f 438 440 439
f 188 450 449
f 452 454 453
f 265 181 421
f 224 64 225
f 237 213 427
f 275 128 458
f 281 460 459
f 50 79 461
f 73 282 281
f 468 466 465
f 390 352 359
f 482 484 483
f 489 487 486
f 493 495 494
f 472 470 469
f 502 500 499
f 220 222 223
f 512 143 66
f 518 511 80
f 513 230 286
f 205 31 244
f 189 451 188
f 163 532 8
f 533 225 251
f 446 447 412
f 335 540 334
f 544 546 545
f 329 291 292
f 199 262 238
f 385 416 550
f 532 191 247
f 363 118 243
f 236 237 250
f 578 580 579
f 573 571 570
f 561 562 272
f 241 259 240
f 590 592 591
f 545 595 594
f 503 155 504
f 606 624 623
f 478 480 479
f 646 648 647
f 590 689 684
f 564 651 650
f 728 184 727
f 714 716 715
f 692 575 693
f 541 581 578
f 346 248 400
f 161 230 160
f 128 94 95
f 698 704 703
f 574 576 575
f 290 401 328
f 630 725 726
f 733 735 734
f 755 496 493
f 759 481 760
f 757 762 761
f 764 466 467
f 768 9260 9261
f 759 488 489
f 492 475 771
f 474 769 473
f 773 465 772
f 771 486 483
f 484 775 491
f 774 489 486
f 495 764 756
f 495 761 494
f 137 784 136
f 325 797 547
f 165 51 52
f 369 29 370
f 730 568 569
f 90 301 89
f 243 516 242
f 800 806 805
f 817 808 816
f 816 823 822
f 306 447 807
f 815 809 808
f 829 828 825
f 726 501 502
f 274 424 423
f 879 881 880
f 884 879 885
f 219 217 211
f 906 904 897
f 455 205 542
f 898 830 829
f 903 880 881
f 906 897 898
f 377 519 165
f 923 948 946
f 946 951 950
f 8963 739 8961
f 900 886 880
f 225 65 144
f 182 442 422
f 809 947 824
f 954 962 961
f 927 965 966
f 885 880 886
f 925 966 967
f 343 341 340
f 965 971 968
f 968 970 969
f 972 969 973
f 963 981 978
f 336 338 339
f 992 827 828
f 810 996 959
f 1007 1002 1008
f 1012 827 1009
f 1011 1007 1008
f 294 292 291
f 907 920 919
f 1017 1019 1018
f 1020 1022 1021
f 1035 1020 1044
f 1061 1047 1046
f 1063 1046 1062
f 1044 1021 1045
f 1102 1097 1109
f 1116 1118 1117
f 1016 1014 1013
f 881 904 903
f 816 1127 817
f 1094 949 1097
f 514 167 515
f 146 81 82
f 1133 1130 1129
f 1102 1126 822
f 822 1116 816
f 1145 1148 1136
f 1076 1151 1069
f 1148 1086 1087
f 1109 1114 1136
f 1154 1156 1155
f 1153 967 1156
f 8815 463 9166
f 1144 1152 1151
f 1156 1163 1162
f 1164 1169 1165
f 1145 1176 1147
f 1114 1154 1171
f 1183 1164 1177
f 1184 1177 1185
f 1069 1062 1064
f 1023 1194 1022
f 1162 1170 1169
f 1195 1185 1191
f 1183 1176 1155
f 1201 1152 1196
f 1061 1201 1202
f 9277 843 9288
f 1203 1195 1034
f 1202 1184 1195
f 1218 1203 1217
f 1060 1202 1203
f 1225 1217 1219
f 671 694 670
f 1219 1024 1035
f 1217 1034 1024
f 1226 1015 1227
f 1243 1234 1233
f 1231 1229 1228
f 847 1233 843
f 843 1244 878
f 1233 1245 1244
f 1923 233 216
f 2100 499 500
f 9366 2135 9352
f 61 323 505
f 210 217 457
f 1299 1309 1300
f 9315 1231 9314
f 1066 1321 1322
f 1322 1228 1229
f 1060 1321 1047
f 1325 1323 1310
f 1244 1332 1330
f 1290 1242 1288
f 1337 1339 1338
f 1330 1340 1339
f 1341 1245 1294
f 1342 1332 1341
f 1343 1341 1344
f 1344 1294 1293
f 9309 1345 1346
f 1347 1342 1343
f 9308 1295 1345
f 1349 1348 1347
f 9313 1347 9305
f 9305 1343 9309
f 906 829 1353
f 905 1353 1354
f 865 1355 1357
f 1355 829 825
f 1357 825 826
f 1356 1353 1355
f 9286 1338 9285
f 866 1356 865
f 1358 1354 1356
f 9280 1337 9286
f 838 1012 841
f 1363 1338 1339
f 1368 1339 1340
f 1348 1340 1342
f 1371 9276 9281
f 524 526 523
f 528 530 527
f 1372 1369 1371
f 535 537 538
f 1367 1348 1350
f 1370 1359 1369
f 1369 9285 9276
f 1373 903 904
f 555 557 558
f 1374 910 1373
f 1373 905 1375
f 1374 1375 1376
f 1375 1354 1370
f 1378 908 1377
f 376 651 1387
f 1388 973 969
f 586 588 585
f 1390 1388 1391
f 1391 969 970
f 597 599 596
f 600 602 603
f 1392 970 979
f 608 610 607
f 612 523 611
f 614 616 613
f 617 25 24
f 620 622 619
f 1397 1391 1392
f 1398 1392 1399
f 1400 920 1378
f 1402 1165 1169
f 636 638 635
f 930 1402 929
f 641 643 644
f 929 1169 1170
f 1404 1403 1402
f 1411 1365 1406
f 1412 1415 1414
f 652 654 655
f 609 657 658
f 659 661 662
f 558 586 585
f 665 667 664
f 1413 1406 1412
f 1418 9262 9265
f 1417 1371 1416
f 1416 9281 9262
f 1419 1416 1418
f 1386 1374 1420
f 677 679 676
f 1385 1420 1421
f 1420 1376 1422
f 685 687 688
f 1421 1422 1423
f 528 691 658
f 1422 1372 1417
f 1018 747 1425
f 699 701 702
f 1424 579 1017
f 9115 1767 9112
f 700 711 712
f 1093 9206 1571
f 717 530 719
f 721 723 720
f 704 8987 8998
f 19 1426 1430
f 1429 1427 1426
f 1658 8986 8988
f 1439 1434 1438
f 1437 1435 1434
f 1426 1433 1432
f 1442 1432 1440
f 742 744 745
f 1432 1441 1440
f 751 753 750
f 1438 1403 1405
f 1446 1444 1443
f 1447 1446 1443
f 9312 1443 9300
f 1415 1445 1446
f 1414 1446 1448
f 2173 469 470
f 777 779 686
f 780 782 783
f 1676 1806 1675
f 9311 1349 9313
f 789 791 788
f 745 793 742
f 652 795 653
f 1455 1457 1456
f 1454 1350 1452
f 610 802 801
f 9283 698 703
f 1352 1045 1351
f 1015 1459 1460
f 811 813 814
f 2118 9269 2117
f 819 821 818
f 1466 1194 1190
f 1467 1465 1466
f 1182 1468 1467
f 832 833 831
f 835 837 834
f 1467 1190 1182
f 1469 1444 1445
f 840 712 690
f 1453 1469 1454
f 599 845 846
f 1226 9301 9307
f 851 853 850
f 855 856 854
f 858 860 857
f 861 863 864
f 1014 9307 9310
f 867 868 869
f 870 872 873
f 874 876 877
f 1310 1471 1309
f 1476 1427 1475
f 1461 1475 1460
f 887 889 890
f 788 892 891
f 894 896 893
f 1460 1227 1015
f 901 524 612
f 1465 1477 1464
f 1865 8944 1864
f 911 913 914
f 916 918 915
f 1850 8951 1851
f 921 895 894
f 1479 1436 1478
f 926 667 601
f 1481 563 1480
f 269 84 1482
f 931 933 916
f 934 614 869
f 936 688 937
f 938 662 939
f 1484 122 123
f 941 835 834
f 320 509 510
f 1849 8949 1850
f 84 1484 83
f 1487 1488 539
f 1757 8946 8953
f 365 1491 364
f 461 80 511
f 117 362 1496
f 1494 541 1495
f 926 957 958
f 1477 1433 1476
f 1709 1585 1700
f 119 1496 345
f 271 504 156
f 511 189 186
f 345 1492 365
f 255 344 254
f 57 299 132
f 1501 268 1500
f 267 1499 145
f 974 976 977
f 1678 1693 1676
f 9298 1807 9292
f 557 663 558
f 983 984 985
f 1443 9301 9300
f 421 268 265
f 989 991 988
f 1490 418 1504
f 279 309 310
f 997 676 679
f 998 999 875
f 1504 38 1505
f 1506 1507 1486
f 360 1508 1506
f 1506 207 360
f 939 1006 938
f 270 1483 269
f 66 546 512
f 1010 793 935
f 367 437 1509
f 244 363 243
f 1670 8978 1669
f 209 1510 226
f 235 1512 1511
f 1511 234 235
f 388 426 425
f 427 250 237
f 161 521 231
f 100 45 44
f 1025 608 1027
f 1029 1031 1028
f 939 1033 1032
f 41 594 99
f 1036 783 1037
f 702 1038 1039
f 1040 1042 1043
f 362 369 1493
f 187 477 186
f 70 539 198
f 1511 1521 234
f 1049 603 1048
f 613 869 614
f 860 1051 857
f 1005 1053 1006
f 753 1056 1054
f 1057 1059 1055
f 293 1522 292
f 288 1521 1522
f 292 1523 329
f 331 1508 1524
f 306 453 305
f 100 41 99
f 462 78 79
f 330 1524 462
f 635 1068 636
f 1485 1526 1528
f 206 1528 1510
f 1070 1072 831
f 942 1073 1074
f 916 1075 917
f 440 1530 439
f 157 1514 285
f 1529 5 1530
f 371 546 63
f 790 663 791
f 1077 857 1078
f 1403 1435 1165
f 1080 1082 1079
f 531 1529 440
f 21 1084 1085
f 272 1531 561
f 137 396 397
f 690 802 691
f 335 9011 581
f 1090 1029 1091
f 1092 794 1042
f 1533 137 138
f 661 1095 1096
f 69 445 72
f 1099 1101 1098
f 38 1536 1505
f 1104 1106 1103
f 852 1108 853
f 1377 909 1386
f 291 411 294
f 316 516 33
f 539 1533 534
f 1505 316 313
f 1110 1112 1113
f 1539 460 264
f 522 1537 1539
f 834 1120 1119
f 1122 1124 1121
f 612 1041 901
f 935 615 614
f 276 130 131
f 1686 8966 1685
f 193 1541 273
f 231 1540 287
f 556 982 557
f 365 85 345
f 190 318 1541
f 1810 9018 8972
f 9376 8956 9243
f 1132 985 1131
f 208 102 132
f 1134 662 661
f 1491 80 77
f 429 1542 147
f 1137 915 918
f 172 428 174
f 1139 1141 1142
f 549 54 55
f 1517 1518 296
f 976 1146 938
f 834 984 941
f 1543 286 115
f 1544 239 513
f 133 1544 1542
f 506 257 258
f 420 328 401
f 1158 1160 1157
f 587 1103 588
f 1513 1514 151
f 607 1027 608
f 304 1545 303
f 364 77 506
f 69 198 139
f 1006 976 938
f 700 1112 701
f 9329 8969 9239
f 1166 657 656
f 1167 858 1077
f 1300 8968 1299
f 1172 1174 1175
f 218 200 217
f 1179 1181 1178
f 372 97 98
f 89 227 88
f 1186 1188 1189
f 172 1517 1549
f 1482 81 1498
f 1090 1193 1030
f 394 353 1551
f 526 1198 1197
f 811 858 812
f 1199 1026 1025
f 606 697 696
f 1204 1206 743
f 1207 523 526
f 1209 867 613
f 914 685 936
f 1478 1441 1477
f 1029 1161 1091
f 1211 1213 1214
f 9310 1451 9311
f 844 1216 845
f 423 273 274
f 1220 1222 1083
f 22 1224 23
f 882 897 881
f 1519 173 387
f 1189 1232 1178
f 349 550 416
f 1071 1236 1072
f 1237 1239 745
f 1221 1189 1240
f 1510 1512 333
f 939 1241 1005
f 1556 5 67
f 1553 394 1551
f 404 67 347
f 1247 1249 1246
f 142 238 92
f 1251 635 1250
f 850 1253 851
f 1254 1077 1255
f 57 133 429
f 443 552 551
f 1187 1175 1188
f 1256 831 833
f 432 382 383
f 741 747 746
f 434 351 415
f 349 383 348
f 251 1481 1480
f 395 352 353
f 1518 1550 1551
f 1558 378 340
f 109 314 315
f 285 1513 407
f 395 393 392
f 202 410 1558
f 417 405 432
f 1246 1258 1247
f 3 297 2
f 1259 1261 1262
f 403 347 284
f 955 953 952
f 462 51 330
f 1096 687 1263
f 429 60 57
f 896 1265 932
f 1267 1268 1266
f 423 327 420
f 37 180 40
f 20 1187 1186
f 1256 1071 1070
f 155 156 504
f 1188 1269 1232
f 1236 1271 1262
f 1272 535 621
f 565 463 464
f 1273 745 1239
f 876 1255 1274
f 316 164 315
f 437 503 1509
f 194 1495 197
f 1275 864 863
f 624 631 630
f 1277 1137 1278
f 569 567 566
f 1481 125 366
f 324 547 326
f 1279 1107 1280
f 1525 329 1523
f 1281 1137 918
f 171 1553 1552
f 1488 396 1533
f 1557 1562 1559
f 1282 1206 1205
f 1053 1278 1281
f 778 607 1283
f 713 9010 9013
f 251 144 124
f 4 348 383
f 709 707 706
f 728 45 246
f 261 1563 544
f 789 1287 790
f 74 263 282
f 403 385 434
f 1178 1240 1189
f 1223 1289 1224
f 158 150 151
f 1220 1186 1221
f 296 354 433
f 784 1538 1566
f 1181 1291 1222
f 1269 1257 1246
f 1566 438 399
f 136 1566 1564
f 1563 169 1565
f 107 109 108
f 1297 1298 1296
f 1464 1476 1461
f 1520 507 508
f 1301 1303 1304
f 1306 1308 1305
f 175 1532 272
f 1532 200 201
f 1311 1312 1313
f 872 1315 1316
f 1317 1318 1319
f 9288 878 9280
f 1305 864 1276
f 1040 863 1320
f 1564 399 169
f 592 1575 591
f 591 1088 689
f 1581 1583 1582
f 1196 1147 1176
f 710 583 713
f 285 408 386
f 953 961 963
f 1594 1589 1593
f 1585 1587 1586
f 1592 1590 1589
f 9337 944 9351
f 1600 1598 1597
f 1604 1602 1601
f 1399 979 980
f 1589 1596 1595
f 1610 1608 1607
f 298 361 360
f 551 276 277
f 1627 9266 9271
f 859 818 860
f 1078 1328 1329
f 1555 1530 1556
f 572 680 681
f 772 776 774
f 977 918 917
f 404 392 393
f 1054 750 753
f 1644 1643 1642
f 932 1082 933
f 1067 1334 1068
f 1540 264 114
f 597 643 1336
f 471 762 470
f 1642 9283 9294
f 1644 9294 9295
f 923 950 927
f 96 548 95
f 520 522 521
f 445 443 442
f 849 848 842
f 480 755 493
f 1646 481 1639
f 311 1567 170
f 464 8941 8939
f 8941 1361 8939
f 234 236 235
f 190 192 191
f 153 152 149
f 231 286 230
f 1552 1551 1550
f 760 1648 488
f 9284 1649 9282
f 828 826 825
f 52 166 165
f 1663 1661 1660
f 287 115 286
f 668 670 669
f 634 640 639
f 553 559 554
f 118 33 516
f 492 491 490
f 8996 1651 8997
f 582 584 583
f 384 392 415
f 1381 1383 1380
f 1562 435 436
f 952 951 947
f 8973 583 584
f 1660 1667 1666
f 1394 1396 1393
f 1660 1664 1663
f 1671 1669 1668
f 1624 1673 1672
f 1407 1409 1410
f 1677 1675 1674
f 1613 1677 1625
f 1679 1676 1677
f 1626 9263 9266
f 534 198 539
f 176 150 159
f 803 734 800
f 400 191 192
f 65 143 144
f 8970 1656 8984
f 402 157 283
f 629 627 626
f 461 49 50
f 758 495 756
f 796 786 785
f 406 1513 1560
f 342 166 167
f 1694 1658 1695
f 1692 1694 1696
f 9001 1652 8996
f 9373 1703 9375
f 326 302 90
f 9368 1702 1706
f 9371 1698 1701
f 1699 9379 9370
f 1557 1560 1561
f 1127 1117 1128
f 400 289 346
f 1706 1707 1708
f 1707 1599 1600
f 1709 1708 1588
f 1714 1711 1713
f 9371 1709 1700
f 1704 1577 1703
f 1716 1713 1715
f 1559 1549 297
f 1722 1720 1719
f 1335 596 1489
f 410 377 378
f 973 1163 972
f 168 399 398
f 1571 1089 1093
f 1572 682 1571
f 749 647 754
f 1730 1723 1729
f 1594 1729 1592
f 1729 1591 1592
f 1731 1730 1583
f 1384 1377 1379
f 1732 1712 1714
f 1724 1731 1732
f 1712 1731 1580
f 1722 1732 1733
f 1721 1733 1734
f 1734 1716 1717
f 1735 1736 1697
f 1733 1714 1716
f 1663 1741 1668
f 1742 1740 1743
f 1738 1737 1735
f 1665 1666 1740
f 1665 1744 1664
f 1725 1746 1745
f 1591 1745 1590
f 1590 1747 1596
f 1745 1748 1747
f 1659 8982 8986
f 5650 8989 5617
f 1185 1182 1190
f 1664 1749 1741
f 1741 1739 1738
f 1746 1743 1748
f 1726 1742 1746
f 1153 924 925
f 1115 1153 1154
f 1654 9019 1655
f 1896 8993 1686
f 1720 1744 1726
f 1721 1749 1720
f 1750 1701 1698
f 1697 1750 1696
f 1151 1063 1062
f 1751 1670 1671
f 1695 1752 1751
f 961 986 981
f 1770 1768 1767
f 1766 1593 1765
f 1731 1579 1580
f 1579 1774 1578
f 9380 1771 9381
f 1764 9380 9369
f 1777 1775 1774
f 9214 1699 1700
f 1004 1128 1003
f 1774 1771 1772
f 987 1399 980
f 1578 1772 1764
f 1783 1781 1778
f 1597 1770 1767
f 639 9347 9336
f 9380 1769 1770
f 1793 1789 1788
f 9381 1798 1769
f 8952 9225 1806
f 1802 9376 9374
f 1788 1794 1793
f 1793 1795 1776
f 9225 1675 1806
f 1584 1783 1789
f 1771 9372 9381
f 1801 1798 1800
f 1768 1798 1799
f 1775 1797 1771
f 508 515 1520
f 1796 1802 1797
f 1800 9372 9374
f 1794 1804 1795
f 8976 1752 8991
f 485 1807 775
f 9261 1640 768
f 9289 1810 1653
f 485 1640 1808
f 1690 9222 9224
f 487 1648 1811
f 9291 1816 9274
f 9290 1648 9282
f 9291 1811 9290
f 1812 487 1811
f 1641 767 768
f 465 755 776
f 767 9275 9260
f 9274 9278 9299
f 1809 1815 767
f 9289 1651 9292
f 675 8985 8940
f 1814 1822 1821
f 1821 9273 9272
f 1824 1649 1825
f 1827 1850 1805
f 1668 1662 1663
f 1779 1848 1828
f 1790 1805 1794
f 1833 1853 1852
f 8965 693 575
f 1614 1616 1617
f 1852 8942 8945
f 1620 1622 1623
f 1855 1574 1861
f 1847 8945 8957
f 1766 1855 1782
f 1629 1631 1628
f 1633 1634 1632
f 1635 1637 1638
f 1848 1852 1847
f 1855 1863 1862
f 1803 1867 1802
f 1862 1831 1832
f 1782 1862 1781
f 9374 1865 1800
f 1873 1870 1869
f 1874 799 804
f 2045 9349 2044
f 1219 1295 1225
f 1615 1396 1395
f 9336 1877 1876
f 645 9238 9003
f 1345 1035 1346
f 634 9336 9332
f 15 1327 14
f 9362 1878 1893
f 1894 605 1893
f 8950 627 693
f 9004 645 9003
f 340 454 1558
f 1897 195 1898
f 1889 1877 1890
f 1901 129 1900
f 196 754 232
f 1705 9373 9368
f 340 166 343
f 1570 563 561
f 1904 194 1897
f 1781 1832 1780
f 1905 55 1906
f 1000 995 996
f 986 920 987
f 1191 1190 1194
f 2094 2075 2093
f 1920 1919 1915
f 453 1912 1911
f 1915 1918 1916
f 9334 2106 9353
f 1655 8975 1868
f 1916 1926 1925
f 704 9005 703
f 278 1925 1900
f 9009 1818 1820
f 1097 1115 1114
f 1927 727 1923
f 9030 9106 9210
f 1920 307 1929
f 1929 48 728
f 503 1497 1509
f 1902 787 796
f 1816 9272 9278
f 1925 1923 1924
f 1535 1568 1534
f 254 258 255
f 1509 366 367
f 119 35 36
f 219 293 294
f 141 47 431
f 542 244 245
f 1940 430 431
f 1779 1827 1790
f 1701 9367 9371
f 1661 8959 1667
f 270 754 647
f 197 749 196
f 1727 1212 1211
f 53 232 754
f 1465 1479 1478
f 1284 9306 1293
f 1951 412 413
f 168 1554 1553
f 1486 206 207
f 506 78 361
f 994 1007 993
f 951 963 964
f 1013 9313 1351
f 9278 1820 1818
f 1498 1954 1482
f 299 543 132
f 1754 1756 1753
f 1681 1683 1682
f 1696 1695 1697
f 13 738 737
f 473 475 474
f 482 768 1640
f 204 30 205
f 1761 820 819
f 611 1125 612
f 1501 1908 1909
f 1074 711 699
f 1960 82 83
f 120 1960 123
f 35 87 34
f 1773 1025 1031
f 1965 1569 1535
f 494 471 479
f 1966 1969 1968
f 446 1971 1967
f 174 125 126
f 1580 1578 1577
f 1785 1787 1784
f 1972 304 305
f 1254 875 999
f 1973 342 514
f 321 1973 509
f 1910 275 1907
f 509 514 508
f 1486 1527 1485
f 1974 804 1975
f 1977 1974 1978
f 1980 1966 1981
f 379 2 295
f 1718 1710 1701
f 884 992 883
f 1680 1678 1679
f 902 525 524
f 344 256 299
f 135 137 136
f 236 228 333
f 448 1967 1966
f 589 604 584
f 910 908 907
f 1981 1968 1987
f 1982 1987 1979
f 1988 1987 1989
f 1990 1989 1991
f 1991 1993 1992
f 322 320 319
f 992 830 883
f 1144 1086 1143
f 1995 1978 1994
f 1133 1118 1126
f 1997 1994 1996
f 870 1335 1489
f 805 1982 1998
f 727 2000 1999
f 1996 1988 1990
f 1994 1979 1988
f 1829 792 1273
f 1830 941 983
f 798 800 799
f 729 731 730
f 2011 2023 2022
f 1834 846 1159
f 402 284 347
f 2022 2024 2025
f 1838 989 988
f 810 952 809
f 1823 1840 644
f 1430 1432 1431
f 1215 1841 1079
f 149 176 177
f 1316 873 872
f 2112 1384 2106
f 1842 1844 1845
f 1159 845 1160
f 837 1846 1120
f 1971 2030 2027
f 517 370 189
f 858 833 812
f 1471 2027 1888
f 8995 626 627
f 2174 770 490
f 935 1854 1010
f 1613 1611 1618
f 1231 1225 1295
f 1856 891 892
f 1300 748 741
f 1150 1858 1859
f 1643 696 1642
f 1215 1264 1216
f 1320 902 901
f 1956 1944 1960
f 2031 669 1474
f 2034 1310 1299
f 1879 1656 1657
f 40 242 39
f 1992 2039 1456
f 888 957 889
f 1882 1996 1990
f 1078 1255 1077
f 1871 1192 1090
f 294 218 219
f 1323 2026 1471
f 123 83 1484
f 1324 2041 1323
f 384 359 352
f 1324 2038 2036
f 1883 1885 1829
f 287 114 107
f 1096 1134 661
f 915 931 916
f 806 1981 1982
f 8977 584 604
f 1425 2042 1018
f 1018 1948 1017
f 9006 740 8963
f 1948 649 646
f 1881 1990 1991
f 1900 130 278
f 992 994 993
f 923 925 924
f 9330 2047 9328
f 1643 625 606
f 2050 2051 2049
f 2045 1404 2047
f 9328 945 9337
f 1139 1079 1841
f 1037 892 982
f 2055 2057 2056
f 1198 718 717
f 1619 1612 1611
f 2058 1606 2059
f 2059 1607 2058
f 2058 1624 1605
f 71 179 37
f 405 1557 382
f 976 1006 977
f 322 1972 1911
f 2061 2063 2062
f 2066 2067 1825
f 2052 2064 2051
f 1609 2066 1647
f 1515 152 1516
f 1009 993 1007
f 1644 9267 2118
f 279 1916 278
f 1285 9314 1284
f 1647 1825 1649
f 2056 2067 2065
f 319 1953 1952
f 667 1913 1914
f 2070 625 2048
f 2052 2055 2063
f 2038 1655 1458
f 1606 2073 2072
f 1235 1270 1236
f 2072 2075 2074
f 2059 2072 2062
f 2074 2077 2076
f 1601 2078 2073
f 2049 1643 1645
f 1000 1001 994
f 1089 684 689
f 1931 1306 1930
f 1462 1021 1022
f 1932 1934 1935
f 875 1846 998
f 1936 1937 1938
f 44 46 92
f 1534 1956 120
f 1541 317 391
f 2081 2084 2083
f 146 1959 300
f 1360 1942 1361
f 985 1032 1033
f 1995 1892 2043
f 2079 2082 2081
f 2095 2076 2077
f 2081 2078 2079
f 2055 2054 2053
f 501 2095 500
f 2097 2099 2098
f 2098 2094 2083
f 2140 9345 9318
f 2141 9346 9345
f 2051 2048 2049
f 592 2101 1576
f 2071 2076 2096
f 2102 2098 2101
f 593 2102 592
f 1019 746 747
f 1950 12 1327
f 725 2096 501
f 1385 2104 1379
f 1379 2106 1384
f 2107 2100 2097
f 9360 502 9348
f 9348 499 9353
f 940 2109 944
f 928 1170 973
f 9320 684 9351
f 1962 1964 1961
f 9330 573 9349
f 2039 1968 1969
f 1389 2110 2109
f 1398 2113 1397
f 9209 9205 9195
f 9363 2107 2103
f 949 924 1115
f 260 324 326
f 1390 2113 2110
f 2070 2064 2071
f 9319 2103 593
f 2105 1421 2114
f 2114 1423 2115
f 9344 2115 9355
f 9360 2114 9344
f 554 1902 553
f 972 967 966
f 1765 1573 1574
f 1984 1986 1983
f 2053 2069 2057
f 9017 724 714
f 1625 1674 1673
f 9333 2119 2122
f 9355 2123 9356
f 56 1906 55
f 626 9331 629
f 2001 2003 2004
f 9364 2127 9359
f 2006 2008 2009
f 2127 1412 2128
f 2014 2016 2017
f 2018 2020 2021
f 1495 1947 197
f 1379 1386 1385
f 9266 1680 1618
f 2029 1884 2028
f 9354 2120 9339
f 629 9366 9324
f 682 943 1089
f 724 2121 716
f 1757 9273 9297
f 765 9296 9261
f 9303 715 9304
f 706 9322 9324
f 981 987 980
f 1457 1656 1880
f 2017 2032 2033
f 1458 1868 1457
f 1776 1792 1793
f 1959 1946 1958
f 9115 9177 9113
f 9365 2122 9302
f 1093 689 1088
f 966 968 972
f 9304 9333 9365
f 2172 2170 2171
f 670 2137 669
f 9213 1903 233
f 1429 28 1449
f 964 978 971
f 9293 1413 2127
f 1473 669 2137
f 9286 1359 1358
f 2138 1870 2137
f 1872 2137 1870
f 715 9340 9333
f 1881 1992 1880
f 9295 739 740
f 1837 8957 8958
f 253 59 85
f 1808 9292 1807
f 1647 9270 1609
f 9317 671 668
f 2112 9335 2111
f 1405 2044 1438
f 9281 1364 1366
f 273 391 249
f 576 8964 8999
f 9327 668 2031
f 1430 2140 2139
f 2136 9312 28
f 1430 18 19
f 9345 570 695
f 1442 2046 2141
f 1431 2141 2140
f 9321 9302 2136
f 9260 1817 766
f 9318 695 671
f 2142 798 2138
f 571 2142 694
f 9271 1618 1611
f 2143 2025 2142
f 694 2138 670
f 681 2144 572
f 2144 2022 2143
f 328 457 290
f 1572 2011 2144
f 630 9355 624
f 2085 2087 2088
f 2090 2092 2089
f 572 2143 571
f 1875 2153 2149
f 1873 2149 2154
f 2103 2097 2102
f 2157 2155 2156
f 2128 1414 2120
f 9326 589 582
f 9324 628 629
f 2149 2158 2159
f 2159 9357 9342
f 698 9354 705
f 9275 9279 1817
f 2158 9326 9357
f 1438 2046 1439
f 2035 2160 2161
f 2161 9341 9338
f 9323 605 589
f 9325 18 9327
f 370 61 451
f 649 413 648
f 2153 2156 2158
f 1428 1449 1450
f 1490 73 1488
f 9342 710 633
f 2155 9343 9323
f 1456 1880 1992
f 2125 2087 2124
f 2160 9342 9341
f 300 505 323
f 1064 1046 1065
f 2043 1891 2155
f 2129 2004 2003
f 2131 2133 2134
f 9300 1450 1449
f 1998 804 805
f 9331 9316 9366
f 474 490 770
f 1164 1182 1177
f 707 9361 9322
f 708 2162 707
f 2162 9338 9361
f 548 1905 458
f 1145 1114 1171
f 705 1650 704
f 2043 1977 1995
f 737 554 559
f 1034 1191 1023
f 458 1907 275
f 195 232 233
f 2040 1969 1970
f 2145 2147 2148
f 2054 2049 1645
f 9284 1639 9270
f 9 11 10
f 252 506 258
f 472 479 471
f 1865 9243 8947
f 900 910 907
f 1941 2151 1942
f 1921 1927 1919
f 2163 1898 2116
f 271 153 178
f 1904 12 9
f 282 264 460
f 1872 2154 2035
f 1326 1897 2163
f 628 693 627
f 1724 1719 1723
f 1549 436 172
f 1582 1730 1729
f 1921 1929 1928
f 9007 10 11
f 2152 1950 1949
f 475 774 771
f 769 2171 473
f 2171 476 473
f 476 772 475
f 1791 464 1760
f 2166 2168 2169
f 595 372 98
f 483 1641 482
f 762 2173 470
f 771 484 492
f 486 1809 483
f 297 1517 296
f 763 2174 762
f 776 759 489
f 184 2176 2000
f 412 303 414
f 2005 185 224
f 9263 1682 9298
f 2164 756 764
f 1472 2161 2162
f 950 964 965
f 2177 2179 2180
f 227 1510 333
f 764 467 2164
f 2182 2184 2181
f 2186 2018 2185
f 1985 2181 1986
f 214 729 1531
f 1545 1546 1569
f 865 842 866
f 849 1357 1362
f 452 1558 454
f 559 3188 737
f 16 737 3188
f 560 498 374
f 3193 3195 3194
f 3200 3198 3199
f 3211 3213 3212
f 3215 3217 3216
f 2187 2002 2001
f 3233 3235 3234
f 3223 3222 3224
f 3229 3231 3230
f 3245 3247 3246
f 2169 2189 2190
f 2192 2085 2191
f 2193 2195 2196
f 2198 2200 2197
f 1998 1979 1975
f 9116 9120 9123
f 3253 3255 3254
f 2116 1903 1902
f 1859 2009 1150
f 9356 2126 9358
f 1135 1087 1130
f 2201 2015 2014
f 1149 110 1858
f 3261 3263 3262
f 3269 3271 3270
f 3265 3267 3266
f 3229 3284 3283
f 3289 3291 3290
f 3299 3301 3300
f 3307 3264 3308
f 3293 3295 3294
f 3297 3224 3298
f 3319 3291 3320
f 3322 3318 3315
f 3314 3312 3311
f 3285 3287 3286
f 3332 3218 3215
f 3329 3330 3328
f 3324 3227 3298
f 3298 3326 3324
f 2203 2205 2206
f 579 1895 1019
f 1755 2208 1756
f 3337 3339 3338
f 9343 1893 605
f 1211 2150 1727
f 868 2210 2209
f 3347 3349 3348
f 944 930 940
f 2130 2202 2201
f 233 1898 195
f 665 750 666
f 1167 999 618
f 2211 2213 2214
f 2215 2217 2218
f 9319 590 9320
f 2220 220 2219
f 823 948 1094
f 3375 3377 3376
f 3393 3391 3390
f 3353 3357 3356
f 3363 3365 3364
f 3402 3404 3403
f 266 455 265
f 9334 2107 9335
f 2221 8963 8961
f 2223 2225 2226
f 2207 2124 2208
f 3293 3336 3286
f 673 9321 9316
f 817 996 815
f 2227 2146 2145
f 1947 646 749
f 9352 17 9325
f 2229 1638 1381
f 1679 1618 1680
f 1637 2232 2230
f 2233 1617 1616
f 2231 2236 2237
f 3406 3408 3407
f 1381 2238 1382
f 9038 2242 9039
f 3414 3341 3415
f 1630 2233 1631
f 1681 472 469
f 1408 2243 2244
f 3423 3425 3424
f 3433 3263 3307
f 3434 3430 3435
f 3440 3442 3441
f 3444 3446 3445
f 3436 3450 3439
f 3442 3456 3455
f 1637 2238 1638
f 3445 3437 3438
f 3448 3440 3449
f 1409 1634 2245
f 1380 2247 2246
f 1628 2245 1621
f 3463 3465 3464
f 3308 3462 3307
f 2249 1622 1633
f 1632 1408 2244
f 2248 1631 2250
f 3478 3480 3479
f 3509 3511 3510
f 2235 1637 1636
f 3505 3507 3506
f 3457 3199 3198
f 631 2071 725
f 515 52 49
f 782 2251 1251
f 2253 2255 2252
f 397 459 784
f 1456 2040 1455
f 2040 2036 1455
f 3434 3518 3517
f 1401 2111 1398
f 2041 1970 2026
f 3367 3338 3368
f 1535 414 1965
f 1586 2080 2079
f 2256 1132 1886
f 3528 3530 3529
f 3519 3520 3517
f 3537 3506 3538
f 3543 3545 3544
f 1700 9370 9371
f 3486 3550 3549
f 3455 3497 3563
f 3558 3559 3323
f 3456 3500 3497
f 3572 3252 3249
f 3308 3285 3569
f 3316 3574 3573
f 3575 3479 3533
f 3576 3578 3577
f 3580 3582 3581
f 3584 3586 3585
f 3505 3588 3503
f 3589 3591 3590
f 3600 3602 3601
f 3542 3595 3594
f 3604 3592 3589
f 3611 3613 3612
f 3622 3624 3623
f 3618 3620 3619
f 3626 3628 3627
f 3644 3646 3645
f 3634 3636 3635
f 3638 3641 3640
f 9267 1686 9269
f 1263 1886 1096
f 3613 3654 3614
f 598 844 599
f 2257 2259 2260
f 2258 2262 2259
f 2259 2263 2216
f 2260 2216 2215
f 1967 1970 1969
f 2212 1963 2213
f 922 2218 2217
f 1312 1101 2264
f 1307 1286 789
f 1548 1546 1972
f 2266 2268 2265
f 2265 2270 2269
f 2272 2269 2271
f 2273 2265 2272
f 2275 2277 2274
f 2278 2277 2279
f 2284 9069 9091
f 2287 2286 2281
f 2288 2283 2287
f 2290 9091 9072
f 2291 2293 2294
f 2295 2294 2279
f 2296 2291 2295
f 2297 2292 2291
f 2294 2299 2300
f 2279 2300 2278
f 2298 2302 2292
f 2292 2303 2293
f 2293 2304 2299
f 2304 2306 2299
f 2306 2300 2299
f 2308 2310 2307
f 2302 2310 2303
f 2301 2307 2302
f 2312 2307 2311
f 2313 2315 2316
f 2318 2320 2317
f 9200 2322 2323
f 2324 2273 2326
f 2313 2326 2327
f 2328 2313 2316
f 2329 2324 2328
f 2331 2333 2330
f 2330 2267 2266
f 2325 2266 2273
f 2329 2330 2325
f 2333 2335 2267
f 2336 2333 2332
f 2338 2332 2337
f 2331 2337 2332
f 2329 2339 2331
f 2328 2340 2329
f 2316 2341 2328
f 2342 2315 2343
f 2344 2346 2347
f 2341 2347 2340
f 2342 2344 2341
f 2348 2345 2344
f 2350 2352 2353
f 2339 2353 2337
f 2340 2350 2339
f 2347 2351 2350
f 2337 2354 2338
f 2353 2355 2354
f 2356 2276 2357
f 2356 2358 2359
f 2356 2296 2295
f 2279 2356 2295
f 2360 2270 2268
f 2267 2360 2268
f 2362 2364 2365
f 2362 2361 2358
f 2366 2358 2357
f 2366 2363 2362
f 2357 2368 2366
f 2366 2369 2367
f 2276 2370 2368
f 2368 2282 2369
f 2372 2374 2371
f 2375 2377 2007
f 2378 2380 2381
f 2382 2381 2383
f 2384 2378 2382
f 2385 2379 2378
f 2388 2390 2387
f 2387 2392 2391
f 2393 2387 2391
f 2394 2388 2387
f 2186 2402 2400
f 2403 2327 2326
f 2272 2326 2273
f 2271 2403 2272
f 2405 2404 2403
f 2404 2408 2327
f 2409 2411 2412
f 2409 2271 2269
f 2413 2269 2270
f 2413 2410 2409
f 2417 2416 2418
f 2417 2406 2405
f 2412 2405 2271
f 2411 2417 2412
f 2406 2407 2404
f 9013 632 713
f 2420 2397 2421
f 2420 2423 2422
f 2424 2422 2419
f 2424 2398 2420
f 2425 2392 2426
f 2421 2426 2423
f 2397 2425 2421
f 2396 2391 2425
f 2427 2315 2314
f 2427 2408 2428
f 2430 2428 2429
f 2343 2427 2430
f 2432 2430 2431
f 2431 2429 2433
f 2435 2433 2434
f 2436 2431 2435
f 2428 2407 2437
f 2422 2407 2419
f 2438 2422 2423
f 2429 2437 2438
f 2440 2433 2439
f 2441 2433 2429
f 2442 2439 2441
f 2443 2440 2439
f 2445 2444 2443
f 2447 2443 2442
f 2383 2445 2447
f 2381 2446 2445
f 2448 2423 2426
f 2449 2426 2392
f 2441 2449 2442
f 2441 2438 2448
f 2449 2390 2450
f 2450 2389 2451
f 2447 2451 2383
f 2442 2450 2447
f 2451 2453 2452
f 2452 2455 2454
f 2382 2454 2384
f 2383 2452 2382
f 2456 2373 2372
f 2459 2461 2458
f 2463 2465 2462
f 2462 2285 2284
f 2466 2284 2290
f 2467 2462 2466
f 2461 9155 9153
f 2468 2470 2471
f 2472 2471 2473
f 2474 9153 9140
f 2475 2477 2478
f 2458 2453 2479
f 2479 2389 2388
f 2395 2479 2388
f 2480 2458 2479
f 2481 2483 2478
f 2484 2485 221
f 2471 2464 2463
f 2473 2463 2467
f 2487 2466 2486
f 2486 2290 2488
f 2490 2488 2489
f 2491 2486 2490
f 2492 2467 2487
f 2493 2487 2491
f 2494 2492 2493
f 2495 2473 2492
f 9142 2474 9140
f 9143 2496 9142
f 2498 2493 2499
f 2500 2499 2501
f 9152 2498 2500
f 9139 2494 2498
f 2306 2278 2300
f 2305 2504 2306
f 2504 2507 2506
f 2506 2288 2508
f 2274 2508 2275
f 2278 2506 2274
f 9085 2489 2488
f 9072 2488 2290
f 2507 2289 2288
f 2505 2509 2507
f 2508 2287 2511
f 2511 2281 2280
f 2370 2280 2282
f 2275 2511 2370
f 2512 2489 2513
f 2514 2513 2515
f 2517 2514 2516
f 2517 2490 2512
f 2499 2491 2517
f 2499 2516 2501
f 2510 2519 2518
f 2518 2521 2520
f 9068 2520 9073
f 9084 2518 9068
f 2522 2303 2310
f 2523 2310 2309
f 2305 2522 2524
f 2524 2523 2525
f 2519 2525 2521
f 2505 2524 2519
f 2308 2527 2526
f 2526 2529 2528
f 2531 2528 2530
f 2309 2526 2531
f 1214 2151 1211
f 2419 2418 2424
f 2533 2349 2317
f 2534 2317 2320
f 2535 2533 2534
f 2536 2345 2533
f 2537 2346 2536
f 2538 2536 2535
f 2539 2537 2538
f 2540 2351 2537
f 2312 2541 2527
f 2527 2542 2529
f 2543 2434 2544
f 2545 2544 2546
f 2319 2543 2545
f 2318 2435 2543
f 2514 2548 2547
f 2547 2550 2549
f 2552 2549 2551
f 2552 2514 2547
f 2520 2554 2553
f 2553 2556 2555
f 9042 2555 9045
f 9073 2553 9042
f 2523 2531 2557
f 2557 2530 2558
f 2525 2557 2559
f 2559 2558 2560
f 2554 2560 2556
f 2521 2559 2554
f 2561 2007 2006
f 2376 2225 2377
f 2564 2566 2563
f 2563 338 2567
f 2569 2567 2568
f 2570 2563 2569
f 2572 2574 2571
f 2571 2576 2575
f 2544 2575 2546
f 2544 2572 2571
f 2578 2569 2577
f 2579 2569 2568
f 2574 2579 2576
f 2573 2577 2574
f 2581 2583 2580
f 2584 2583 2585
f 9149 2580 2584
f 9128 2580 9127
f 2582 2552 2583
f 2583 2551 2585
f 2500 2589 2588
f 2590 2589 2591
f 9145 2588 2590
f 9147 2500 2588
f 2501 2591 2589
f 2592 2594 2595
f 2386 2503 2502
f 2596 2386 2374
f 2596 2373 2597
f 2599 2597 2598
f 2599 2379 2596
f 2600 2380 2599
f 2600 2598 2601
f 2603 2601 2602
f 2603 2446 2600
f 2604 2602 2605
f 2440 2605 2434
f 2444 2604 2440
f 2606 2581 2607
f 2606 2590 2591
f 2591 2582 2606
f 9128 2456 9141
f 9141 2372 9145
f 2478 2608 2481
f 2609 2611 2199
f 2564 2613 2612
f 2612 2598 2597
f 2457 2597 2373
f 2565 2612 2457
f 2614 2570 2578
f 2615 2578 2573
f 2602 2614 2615
f 2601 2613 2614
f 2572 2605 2616
f 2616 2602 2615
f 2573 2616 2615
f 1459 1045 1021
f 1265 1079 1082
f 1612 1609 1611
f 2067 2069 2068
f 1135 1136 1148
f 1938 2618 2617
f 95 458 128
f 2058 1608 1612
f 1454 1445 1367
f 655 1048 2619
f 722 2621 723
f 3665 3634 3666
f 1131 1033 1134
f 562 366 1497
f 1723 1725 1591
f 1786 1122 1787
f 267 323 266
f 1325 1654 2038
f 1468 1435 1479
f 658 529 528
f 8 247 7
f 382 1559 3
f 3631 3680 3630
f 788 1307 789
f 940 929 928
f 911 2623 912
f 2621 655 654
f 2624 2625 2626
f 998 27 26
f 635 2626 2625
f 2627 644 1840
f 2628 1840 2629
f 1200 2627 2628
f 1199 641 2627
f 1520 49 477
f 1452 1349 1451
f 2630 1859 1858
f 644 1335 1823
f 3683 3699 3698
f 1197 717 2632
f 2632 719 1166
f 2628 1166 1200
f 2629 2632 2628
f 1762 1050 821
f 1823 873 1839
f 2634 794 652
f 1028 1027 1161
f 1042 2635 1043
f 93 1901 1924
f 2036 1458 1455
f 1527 1525 1526
f 877 1274 1277
f 134 797 1544
f 1328 931 1329
f 607 1091 1161
f 1043 2637 2636
f 2636 2639 2638
f 1275 2638 1276
f 1275 1043 2636
f 1272 2626 2640
f 2640 638 637
f 1110 2640 637
f 536 2640 2641
f 1472 1474 1473
f 2042 1951 649
f 3668 3633 3669
f 1058 1105 1059
f 2642 2643 2644
f 1192 2644 1193
f 912 2642 1192
f 9350 8970 9238
f 1049 2620 2621
f 616 1885 613
f 1331 666 750
f 990 1198 525
f 1911 321 322
f 1298 1205 2645
f 76 1504 75
f 1502 421 422
f 610 658 691
f 1146 659 938
f 2646 914 936
f 1280 1238 1279
f 975 2647 2648
f 2647 975 974
f 1453 1452 1451
f 1514 158 151
f 835 1843 1842
f 1271 1173 1289
f 2649 813 2650
f 1893 1826 1894
f 1050 1937 1051
f 2651 814 813
f 1006 1281 977
f 2653 2654 2655
f 1001 1003 1002
f 585 679 558
f 2624 621 620
f 555 2028 556
f 1207 1197 2629
f 1626 478 472
f 3729 3731 3730
f 3746 3748 3747
f 3770 3750 3753
f 426 419 1567
f 1030 1773 1031
f 9350 634 9332
f 534 138 262
f 1125 1042 1041
f 333 88 227
f 569 561 730
f 3691 3693 3692
f 1489 871 870
f 1857 620 891
f 1673 9222 9215
f 622 864 1308
f 2647 974 2657
f 619 891 620
f 261 545 262
f 393 1556 404
f 2658 2647 2657
f 1075 2657 917
f 1081 2658 1075
f 1080 2659 2658
f 2644 1141 2660
f 2660 1140 1336
f 642 1336 643
f 1193 2660 642
f 679 555 558
f 3762 3764 3763
f 1503 1500 1502
f 1318 1101 1100
f 2661 1139 1142
f 2661 2663 2662
f 2662 2659 2661
f 2662 2622 2664
f 2664 911 2646
f 2648 2646 1146
f 2648 2662 2664
f 3586 3779 3777
f 2083 2093 2081
f 1442 1437 1439
f 3732 3733 3731
f 519 330 51
f 1885 1209 613
f 799 805 804
f 1946 1952 1953
f 1302 1253 1252
f 3741 3757 3756
f 3660 3662 3661
f 566 224 533
f 1389 928 1388
f 683 681 680
f 836 1842 2665
f 2665 1845 1303
f 2666 1303 1302
f 24 2665 2666
f 831 2650 832
f 1845 1304 1303
f 2010 2012 2011
f 1051 2667 2668
f 1522 1511 1523
f 531 441 522
f 782 1251 1250
f 1250 2625 2669
f 2669 1857 1856
f 783 1856 1037
f 782 2669 783
f 720 2671 721
f 1055 1930 1056
f 1333 1251 2251
f 619 1308 1307
f 652 2619 2634
f 521 1539 1540
f 1838 537 2672
f 2672 536 2641
f 1113 2641 1110
f 1113 1838 2672
f 1016 1351 1045
f 9349 570 9346
f 226 104 101
f 9008 9279 1818
f 1036 1884 1883
f 2674 1304 2673
f 2673 1844 2675
f 1334 2675 1039
f 1333 2673 1334
f 2676 1039 2675
f 1843 2675 1844
f 942 2676 1843
f 1074 702 2676
f 811 859 858
f 752 1055 753
f 1200 656 1026
f 1120 874 2677
f 2677 877 1052
f 1241 1052 1005
f 1119 2677 1241
f 1560 151 1515
f 1208 611 523
f 215 736 214
f 1460 1462 1461
f 3717 3719 3718
f 1208 1839 873
f 854 1282 1297
f 3682 3696 3681
f 72 182 179
f 544 1565 512
f 217 456 457
f 3673 3781 3780
f 2047 930 945
f 1204 1937 2633
f 913 686 685
f 3705 3707 3706
f 840 1113 1112
f 1531 730 561
f 2678 1283 801
f 601 1914 602
f 1537 459 460
f 1819 8953 8971
f 991 862 538
f 2679 1073 1830
f 3776 3581 3582
f 2680 983 2256
f 779 2256 1263
f 778 2680 779
f 2678 1830 2680
f 180 245 40
f 1886 1131 1134
f 3766 3767 3749
f 1138 1274 1255
f 3777 3585 3586
f 1841 1140 1139
f 75 314 74
f 193 420 192
f 2681 1099 1098
f 3658 3587 3659
f 170 1565 169
f 349 417 432
f 1121 2684 2683
f 547 409 302
f 123 121 120
f 2643 1142 1141
f 1542 513 1543
f 899 907 919
f 1210 676 867
f 791 982 892
f 24 837 836
f 893 932 931
f 1860 863 862
f 535 862 861
f 3640 3683 3638
f 832 813 812
f 2650 813 832
f 1569 1547 1568
f 181 542 180
f 660 937 688
f 2013 568 2012
f 3781 3644 3782
f 887 2631 2630
f 1524 361 78
f 520 162 1529
f 2653 854 2685
f 1238 2655 2686
f 718 527 530
f 1492 518 1491
f 792 615 793
f 599 1835 596
f 290 456 175
f 312 1552 425
f 1248 1179 1249
f 153 177 178
f 1240 1222 1221
f 1257 1235 1071
f 1291 1083 1222
f 1052 1277 1053
f 743 2618 1204
f 444 430 443
f 23 1172 1187
f 2687 1180 1179
f 102 409 134
f 1283 610 801
f 373 650 651
f 1180 1084 1291
f 855 2655 1237
f 1173 1917 1174
f 2689 853 2688
f 2688 1108 1279
f 2686 1279 1238
f 2687 2688 2686
f 2691 1252 2690
f 2690 850 2689
f 1248 2689 2687
f 1248 2691 2690
f 2692 24 2666
f 2691 2666 1302
f 1247 2692 2691
f 1258 617 2692
f 394 1555 393
f 2693 1259 1223
f 1072 1262 1261
f 1257 1168 1258
f 398 1555 1554
f 871 1314 872
f 1178 1249 1179
f 1224 1173 1172
f 1010 2618 742
f 1175 1292 1269
f 2654 2686 2655
f 2694 1216 1264
f 71 1487 70
f 701 1111 1038
f 1072 2649 2650
f 1085 22 21
f 895 1264 896
f 1601 1605 1604
f 1259 1271 1289
f 21 1220 1083
f 988 538 537
f 3533 3535 3532
f 598 1336 1140
f 820 1762 821
f 1050 818 821
f 1298 1761 2652
f 1168 618 617
f 3629 3670 3628
f 858 1256 833
f 39 516 1536
f 2652 819 814
f 313 315 314
f 2026 1971 2027
f 2656 596 1835
f 814 818 811
f 2696 813 2649
f 1260 2649 1261
f 2693 2696 1260
f 2697 2651 2696
f 381 390 380
f 9270 1611 1609
f 1475 1428 1227
f 1292 1917 1235
f 1551 354 1518
f 1526 1523 1511
f 1593 1595 1573
f 1232 1246 1249
f 2695 1223 22
f 2698 1296 2697
f 2698 2693 2695
f 2685 2695 1085
f 2685 1297 2698
f 562 271 272
f 2652 1296 1298
f 1365 1364 1363
f 1958 1953 1957
f 585 2210 997
f 1561 1515 435
f 975 1146 976
f 347 68 346
f 1038 636 1068
f 2700 780 2699
f 2699 1036 1883
f 2701 1883 1829
f 851 2699 2701
f 2674 2251 2702
f 2702 781 2700
f 1253 2700 851
f 1301 2702 1253
f 1519 388 1550
f 1273 1280 2703
f 2703 1107 852
f 2701 852 851
f 1829 2703 2701
f 91 326 90
f 1784 2656 1785
f 2683 2705 2704
f 604 8943 8977
f 1669 8992 1662
f 2062 2060 2059
f 621 861 622
f 2023 732 2024
f 686 1263 687
f 857 2668 1328
f 883 882 879
f 3648 3650 3649
f 637 1111 1110
f 2668 893 1328
f 3692 3711 3691
f 2667 894 2668
f 1039 1068 1334
f 313 1504 1505
f 1911 305 453
f 1936 1964 2212
f 2707 2401 2183
f 2708 2183 2182
f 738 2116 554
f 3785 3709 3786
f 2349 2432 2436
f 2711 2020 2019
f 2400 2019 2186
f 2714 2716 2713
f 2717 2719 2720
f 2721 2723 2724
f 2726 2728 2725
f 2725 2730 2729
f 2731 2729 2709
f 2732 2725 2731
f 2734 2736 2733
f 2738 2740 2737
f 2737 2741 2742
f 2744 2746 2743
f 2745 2748 2747
f 2749 2747 2751
f 2753 2751 2752
f 2250 2246 2248
f 3417 3419 3418
f 2754 1614 2755
f 9050 2755 9061
f 9060 2747 9061
f 1617 2755 1614
f 2242 1620 2757
f 3429 3431 3430
f 2191 2760 2759
f 2761 2760 2762
f 9100 2761 9101
f 9075 2759 9100
f 3209 3354 3355
f 1395 2236 2235
f 1395 1636 1615
f 3741 3790 3740
f 1616 2229 2233
f 3410 3412 3411
f 1617 2763 2756
f 2756 9080 9060
f 2765 2234 1630
f 2766 9080 9074
f 3202 3458 3459
f 1516 435 1515
f 2768 8996 8997
f 1495 578 1424
f 2135 28 17
f 8970 2773 2774
f 1690 9378 9377
f 2778 2780 2777
f 2777 2781 2782
f 2784 2777 2783
f 8999 575 576
f 1494 9 540
f 8973 2015 9010
f 451 505 450
f 2786 2788 2785
f 2779 2785 2780
f 2789 2741 2740
f 2790 2752 2789
f 2792 2794 2791
f 2793 2796 2794
f 2796 2750 2749
f 2794 2749 2753
f 2798 1396 2754
f 9043 2754 9050
f 2798 2800 1393
f 9043 2799 2798
f 2797 2795 2801
f 2791 2753 2790
f 216 232 54
f 9256 2807 9255
f 9257 2804 9255
f 2769 9001 8996
f 183 184 97
f 2811 2775 2776
f 2804 2776 2805
f 2809 2811 2804
f 2812 2813 2814
f 9257 2816 9247
f 9248 2815 9247
f 9250 2820 2821
f 9245 2819 9250
f 2824 2735 2819
f 2823 2824 2819
f 2825 2826 2724
f 9245 2827 9244
f 9248 2826 9244
f 2713 2829 2828
f 2828 2831 2830
f 2822 2828 2830
f 2821 2713 2828
f 2832 2822 2830
f 2833 2830 2831
f 2834 2832 2833
f 2835 2827 2832
f 2837 2839 2836
f 2836 2841 2840
f 2842 2840 2727
f 2843 2836 2842
f 2840 2845 2844
f 2718 2845 2719
f 2730 2844 2718
f 2727 2844 2728
f 2846 2719 2845
f 2846 2841 2847
f 2829 2847 2831
f 2829 2716 2846
f 2847 2839 2848
f 2848 2838 2849
f 2833 2849 2834
f 2831 2848 2833
f 2850 2851 2852
f 2853 2852 2854
f 2783 2782 2855
f 2785 2853 2856
f 2780 2856 2781
f 2857 2855 2782
f 2859 2782 2781
f 2861 2842 2860
f 2860 2727 2726
f 2862 2726 2732
f 2863 2860 2862
f 2861 2858 2857
f 2843 2857 2859
f 2856 2854 2864
f 2781 2864 2859
f 2837 2859 2864
f 2838 2864 2854
f 2852 2834 2849
f 2854 2849 2838
f 2865 2818 2835
f 2851 2835 2834
f 2813 2815 2865
f 2814 2865 2851
f 2866 2814 2850
f 2788 2850 2853
f 2866 2787 2867
f 2812 2867 2775
f 1892 1890 1891
f 2720 2846 2870
f 298 256 257
f 2872 2713 2820
f 9246 2735 2734
f 2729 2874 2873
f 2846 2715 2870
f 2876 2878 2875
f 2733 2878 2734
f 9258 2879 2880
f 9258 2872 9246
f 2882 2884 2881
f 2881 2715 2714
f 2880 2714 2872
f 2879 2881 2880
f 2885 2887 2888
f 2888 2890 2885
f 2885 2892 2891
f 2893 2885 2891
f 1942 2532 2894
f 2895 2720 2870
f 2884 2870 2715
f 2883 2895 2884
f 2896 2892 2895
f 2889 2717 2890
f 2890 2720 2892
f 2897 2891 2896
f 2898 2896 2883
f 2899 2883 2882
f 2900 2882 2879
f 9249 2879 9259
f 2876 2901 2877
f 2901 2904 2903
f 1785 1835 1834
f 2905 2899 2900
f 2907 2897 2898
f 9249 2903 9251
f 632 577 633
f 8976 2867 2787
f 434 550 350
f 2768 9092 9095
f 2910 1623 2249
f 2241 2758 2242
f 9092 2913 9104
f 1623 2757 1620
f 9039 2757 9104
f 2229 1380 2250
f 2765 1629 2914
f 2915 1629 2912
f 9094 2914 2915
f 9093 2765 2914
f 2919 9094 9065
f 2918 2912 2241
f 9066 2241 9038
f 9070 9065 9122
f 8985 2180 8940
f 8965 2188 8950
f 3694 3627 3693
f 9157 714 9303
f 2925 2917 2924
f 2924 2916 2919
f 9062 2919 9070
f 9063 2924 9062
f 2926 2766 2925
f 9110 2925 9063
f 1715 1705 1710
f 785 498 796
f 1387 565 1791
f 374 1899 560
f 9017 2206 9000
f 2929 2886 2893
f 2932 2934 2931
f 1905 1908 1907
f 2930 2936 2937
f 2938 2930 2929
f 1493 517 518
f 1603 1586 1602
f 2939 2929 2908
f 2940 2908 2907
f 9117 1600 9113
f 2886 2937 2887
f 2906 2898 2899
f 2908 2893 2897
f 2942 2933 2941
f 2941 2937 2936
f 8945 2936 8957
f 8942 2941 8945
f 2943 2710 2873
f 2943 2874 2889
f 2945 2889 2888
f 2946 2943 2945
f 2932 2888 2887
f 2931 2945 2932
f 727 1929 728
f 2903 2947 2948
f 545 42 262
f 1480 533 251
f 2907 2949 2940
f 2906 2950 2949
f 1558 215 202
f 9251 2948 9253
f 2054 1644 2118
f 9157 2203 9017
f 1828 1849 1827
f 2953 2955 2952
f 2952 2957 2956
f 2956 2258 2952
f 2953 2258 2257
f 2454 2474 2496
f 9199 2959 9218
f 9199 2131 9189
f 2961 2963 2958
f 2958 2964 2959
f 222 2485 2965
f 2477 2966 2608
f 2631 2006 1859
f 2384 2496 2497
f 2967 2959 2964
f 2968 2970 2969
f 9211 2971 9236
f 9236 2960 9218
f 2972 2033 2032
f 2007 2973 2008
f 9004 2134 2133
f 1836 1832 1831
f 8950 2090 8995
f 955 959 956
f 672 674 673
f 633 713 632
f 2024 733 803
f 2025 803 798
f 425 1550 388
f 2975 888 887
f 1319 1157 2694
f 1212 2977 1213
f 889 2228 2227
f 1978 1975 1979
f 1138 1329 915
f 751 2979 2978
f 1619 1625 1624
f 2252 1728 1727
f 1157 845 1216
f 2706 1938 2617
f 2980 2254 2981
f 2982 887 2630
f 802 711 2679
f 678 2029 2028
f 527 690 528
f 1839 2629 1840
f 2983 602 1914
f 2983 1913 1331
f 2985 1331 1054
f 2986 2983 2985
f 2987 2635 2634
f 2985 2639 2986
f 2990 1318 2989
f 2991 2993 2994
f 2995 2994 2996
f 1106 2991 2995
f 1058 2992 2991
f 1415 1365 1367
f 1317 2217 2997
f 1932 2255 2980
f 926 2999 664
f 3001 2992 3000
f 3000 1057 2978
f 2999 2978 2979
f 2998 3000 2999
f 3002 2209 3003
f 3002 2996 2994
f 2993 3002 2994
f 3001 2998 3002
f 1103 2995 3004
f 3004 2996 3003
f 2209 3004 3003
f 588 3004 2210
f 295 433 381
f 2638 2988 3005
f 3005 1056 1930
f 1305 1930 1306
f 1276 3005 1305
f 1987 1993 1989
f 2633 1761 2645
f 1423 1417 1419
f 9005 739 703
f 2671 2704 2705
f 1473 2035 1472
f 922 2694 895
f 1401 1378 1384
f 556 1884 1037
f 842 9277 9288
f 1854 2617 1010
f 933 1081 1075
f 1440 1436 1437
f 529 719 530
f 1031 1027 1028
f 777 912 1871
f 2645 1204 2633
f 441 1538 1537
f 3771 3773 3772
f 790 587 586
f 2065 1610 1607
f 1860 990 902
f 60 87 59
f 1424 1948 1947
f 332 1507 331
f 261 138 135
f 187 449 507
f 1719 1726 1725
f 1931 1059 3006
f 3006 1105 1104
f 1287 1104 587
f 1286 3006 1287
f 3007 3009 3010
f 3009 653 795
f 618 26 25
f 2029 1210 1209
f 957 600 2228
f 1049 2228 600
f 2631 3011 2561
f 890 2227 3011
f 3011 2145 3012
f 2561 3012 2375
f 1026 609 608
f 2706 1961 1964
f 3013 2485 3014
f 2148 1267 3015
f 3015 1266 1311
f 2997 1101 1317
f 642 1773 1193
f 186 461 511
f 1041 1320 901
f 1121 3017 1122
f 2984 2987 3018
f 3018 2634 2619
f 1048 3018 2619
f 603 2984 3018
f 2679 801 802
f 2062 2074 2061
f 2061 2076 2064
f 414 1545 1965
f 3016 2683 3019
f 3019 2704 2670
f 3020 2670 720
f 3007 3019 3020
f 1871 1091 777
f 3021 1122 3017
f 3022 3017 3010
f 1314 3022 1315
f 1784 3021 1314
f 1316 1763 611
f 3023 3010 3009
f 3023 795 1092
f 1763 1092 1125
f 1315 3023 1763
f 3016 3010 3017
f 752 2978 1057
f 2986 2637 2987
f 3024 653 3008
f 3020 3008 3007
f 720 3024 3020
f 723 654 3024
f 2681 1268 3025
f 2671 1268 721
f 2705 3025 2671
f 1313 3027 1311
f 3026 3029 3027
f 3027 3030 3031
f 1311 3031 3015
f 2012 731 2023
f 917 974 977
f 3742 3744 3743
f 743 856 744
f 1888 2030 1425
f 2682 2684 3032
f 3032 1124 2989
f 1100 2989 1318
f 1099 3032 1100
f 1123 2989 1124
f 3033 1159 1158
f 2990 1158 1319
f 1123 3033 2990
f 1786 1834 3033
f 1054 2988 2985
f 2979 664 2999
f 2623 2663 2643
f 1095 688 687
f 3034 2261 2956
f 3036 2956 2957
f 3037 3034 3036
f 3038 3035 3034
f 3040 3026 1313
f 2263 3041 3040
f 3042 3043 3041
f 3041 3028 3026
f 3044 3043 3039
f 3046 3045 3044
f 3047 3049 3045
f 3043 3049 3028
f 3038 3051 3050
f 3050 3053 3052
f 3052 3044 3050
f 3039 3050 3044
f 3054 3039 3042
f 3042 2262 3054
f 2261 3054 2262
f 2216 2997 2217
f 2212 2667 1936
f 3056 2209 3055
f 934 1961 1854
f 2013 9209 567
f 3058 3060 3061
f 3059 3063 3060
f 3060 2213 1963
f 3061 1963 1962
f 3063 2214 2213
f 3062 3064 3063
f 3065 2260 3064
f 3064 2215 2214
f 3066 3031 3030
f 2608 3067 3066
f 2966 3068 3067
f 3031 3068 3015
f 2455 2461 2474
f 2476 2226 2477
f 8995 2089 8969
f 8970 9221 9238
f 433 355 381
f 2115 1419 2123
f 8953 2922 8971
f 9221 2131 2134
f 3069 2167 2166
f 2971 2928 2960
f 2961 2773 2962
f 3070 2478 2483
f 2610 3071 2954
f 2502 2374 2386
f 3072 2595 3073
f 2964 3052 2967
f 3048 3074 3049
f 2593 3075 3074
f 3075 3029 3074
f 3074 3028 3049
f 3072 3075 2592
f 3076 2482 2481
f 2481 3066 3076
f 3076 3030 3075
f 2967 3053 2970
f 2482 3073 2483
f 479 493 494
f 706 9325 709
f 9005 2221 8961
f 2013 9206 9207
f 8977 2016 8973
f 9006 2222 2974
f 1171 1155 1176
f 3782 3689 3783
f 2586 2565 2587
f 2982 113 2484
f 2562 3077 3068
f 2376 3012 3077
f 3012 2148 3077
f 3077 3015 3068
f 2963 3046 2964
f 3051 2970 3053
f 1683 491 775
f 9302 1447 9312
f 1986 9186 9220
f 3079 2546 2575
f 3081 2575 2576
f 1983 9220 9217
f 3082 2319 2545
f 3080 2545 2546
f 9186 3082 3080
f 9184 2323 3082
f 1309 1888 748
f 3073 2772 2771
f 2760 3084 2762
f 2760 2088 3083
f 3085 3086 3087
f 3089 3090 3088
f 3089 3084 3085
f 3092 3090 3091
f 3093 2744 2743
f 2751 2748 3093
f 3093 2752 2751
f 2742 3093 3094
f 3094 2743 3095
f 3096 3098 3087
f 3099 3087 3086
f 3097 3095 3098
f 3100 2746 3101
f 3101 3102 3100
f 2764 2927 3101
f 2745 3101 2746
f 3102 3091 3100
f 3100 3095 2743
f 2869 9044 9086
f 3102 3104 3092
f 9110 2869 9086
f 2927 3103 3102
f 3098 3091 3090
f 3087 3090 3085
f 2088 3105 3083
f 3083 3086 3084
f 2483 2771 3070
f 2401 2185 2321
f 3099 3105 3106
f 2125 3106 3105
f 3108 2742 3107
f 3107 3094 3097
f 3110 3107 3109
f 3109 3097 3096
f 3111 3096 3099
f 3112 3109 3111
f 3113 2737 3108
f 3115 2722 3114
f 3117 3114 3116
f 3119 3116 3118
f 3118 3120 3121
f 3116 3113 3120
f 3122 3111 3123
f 3122 1755 1754
f 3124 3126 3127
f 3125 3121 3126
f 3128 3118 3125
f 3129 3125 3124
f 2020 3128 3129
f 9305 1346 1352
f 1065 1047 1066
f 1814 9282 1649
f 2021 3129 3130
f 3111 3106 3123
f 3123 2207 1755
f 2377 2224 2973
f 3014 113 112
f 1756 9234 9219
f 3131 2530 2528
f 3133 2528 2529
f 1753 9219 9227
f 3134 3127 3135
f 2327 2314 2313
f 2436 2317 2349
f 2018 9163 9164
f 2534 3137 2535
f 2320 3136 2534
f 2185 9164 9223
f 3138 2542 2539
f 3134 9196 9197
f 9237 3134 9197
f 3140 2539 2538
f 2535 3140 2538
f 9163 3130 9237
f 2558 3132 3141
f 9234 3141 3132
f 2560 3141 3142
f 9212 3142 3141
f 958 2976 2981
f 1933 2980 3143
f 3714 3729 3713
f 2399 2418 2416
f 2348 2343 2432
f 2322 2319 2323
f 2718 2874 2730
f 2709 2873 2710
f 2894 1361 1942
f 3788 3720 3717
f 346 176 347
f 1876 1882 1881
f 2802 9059 9044
f 3104 3088 3092
f 2974 9101 9055
f 3089 2761 2762
f 3088 3145 3089
f 2803 9055 9059
f 9322 692 628
f 2123 1418 2126
f 1365 1368 1367
f 3346 3344 3343
f 1581 1782 1783
f 9013 2129 8964
f 8999 2002 8965
f 3146 2551 3147
f 9203 3147 9202
f 9194 3146 9203
f 3149 2585 3146
f 3196 3197 3195
f 9056 2191 9075
f 3142 2556 2560
f 9229 3150 3142
f 9098 2550 9045
f 3150 2555 2556
f 9230 3151 3150
f 9240 3152 9098
f 3153 2551 2549
f 3152 2549 2550
f 9233 3153 3152
f 9228 3147 3153
f 3148 2206 2205
f 2183 2321 2184
f 2132 2928 2133
f 3299 3321 3319
f 9136 2204 2203
f 9171 2197 9173
f 2594 2773 2951
f 2595 2951 2772
f 1870 799 1869
f 3257 3259 3258
f 9165 2178 9158
f 9158 9188 9242
f 336 9226 9174
f 339 3154 336
f 9241 3149 9194
f 9135 2584 3149
f 2963 3048 3047
f 9174 337 336
f 339 2566 2586
f 3156 2168 2167
f 2610 2167 2611
f 2954 3156 2610
f 3157 2953 2257
f 9159 2169 9161
f 2567 3159 2568
f 337 2567 338
f 9182 2166 9159
f 9216 1983 9217
f 2579 3081 2576
f 2568 3160 2579
f 9161 2190 9216
f 3065 3162 3161
f 3161 1984 2189
f 3157 2189 2168
f 2257 3161 3157
f 734 1922 806
f 3059 2708 3163
f 3163 2182 1985
f 3162 1985 1984
f 3062 3163 3162
f 3203 3205 3204
f 3806 3808 3807
f 2122 1448 1447
f 9269 1685 9264
f 139 444 69
f 1570 566 533
f 2957 3165 3036
f 2955 3164 2957
f 1912 341 1973
f 3130 3124 3134
f 1548 319 1547
f 1949 1327 1887
f 2969 3078 3167
f 3167 3169 3168
f 9176 2017 9172
f 9172 2033 9211
f 3168 3165 3170
f 3170 3164 3171
f 9231 3171 9208
f 9176 3170 9231
f 3171 3166 3172
f 3172 3071 3173
f 9204 3173 9201
f 9208 3172 9204
f 3169 3036 3165
f 2593 2962 2594
f 3173 2609 3174
f 3174 2199 2198
f 9235 2198 9171
f 9201 3174 9235
f 2190 1984 1983
f 2196 2767 3148
f 3326 3328 3327
f 2119 1414 1448
f 1464 1466 1465
f 2199 3069 2200
f 2457 2587 2565
f 2226 2562 2966
f 481 1627 1639
f 333 235 236
f 3078 3037 3169
f 3040 2997 2263
f 3351 3262 3263
f 2219 1933 2220
f 2385 2497 2503
f 221 3175 2484
f 2220 3143 3175
f 3175 2976 2975
f 2484 2975 2982
f 2954 3166 2955
f 2630 110 2982
f 1547 1952 1955
f 2091 2188 2187
f 9185 2178 2177
f 1918 1927 1926
f 9007 111 8955
f 3398 3400 3399
f 955 960 954
f 2037 112 9007
f 3143 2981 2976
f 2218 2214 2215
f 672 9239 8985
f 2152 3014 2037
f 1147 1143 1145
f 2248 1409 2245
f 1615 1635 1616
f 1410 2246 2247
f 3486 3487 3310
f 3468 3502 3501
f 3451 3452 3450
f 3177 1383 1382
f 2238 3176 1382
f 3176 2230 3178
f 1410 3179 1407
f 3179 2243 1407
f 1633 2800 2249
f 3816 3817 3814
f 1621 2758 2912
f 3642 3662 3675
f 3422 3260 3257
f 1622 2245 1634
f 2236 3181 3182
f 3793 3795 3794
f 3493 3495 3494
f 2237 3182 3183
f 3513 3515 3514
f 2250 2233 2229
f 3654 3667 3802
f 2912 1628 1621
f 3819 3821 3820
f 3432 3823 3431
f 135 1564 1563
f 1567 512 1565
f 1085 2653 2685
f 3184 868 3056
f 869 3057 934
f 3389 3387 3386
f 1266 1098 1312
f 1267 722 721
f 937 2646 936
f 2146 722 2147
f 2211 921 2667
f 1957 507 449
f 1313 2264 3040
f 1496 1493 1492
f 2681 2705 2682
f 2887 2933 2932
f 1687 1659 1694
f 145 1498 81
f 1317 1319 2694
f 3831 3830 3834
f 37 418 71
f 1935 3185 2977
f 104 301 103
f 2101 2083 2084
f 543 360 207
f 1934 3186 3185
f 234 212 237
f 9297 1822 1824
f 3825 3827 3826
f 1976 1874 1974
f 223 2219 220
f 9107 9057 9064
f 468 773 2165
f 3673 3659 3672
f 1935 1728 1932
f 3490 3840 3549
f 3362 3848 3847
f 3862 3864 3863
f 3465 3484 3868
f 3893 3525 3874
f 3352 3430 3431
f 3869 3871 3870
f 3529 3567 3564
f 3420 3922 3921
f 3304 3236 3303
f 3929 3931 3930
f 3324 3327 3561
f 3219 3939 3331
f 3220 3937 3219
f 3450 3376 3439
f 3942 3833 3941
f 3215 3454 3945
f 3946 3215 3945
f 3422 3948 3421
f 3950 3198 3196
f 3205 3957 3920
f 3261 3961 3288
f 3852 3964 3963
f 3214 3946 3958
f 3965 3214 3192
f 3797 3799 3798
f 3988 3990 3989
f 3777 3806 3822
f 3855 3447 3444
f 3737 3800 3736
f 3949 3952 3948
f 3651 3783 4000
f 4001 3787 3812
f 4019 4021 4020
f 4027 4029 4028
f 3258 4030 4027
f 4033 4035 4034
f 3424 4047 4046
f 3242 4058 4057
f 3970 3547 3971
f 3829 4057 3825
f 3333 3947 4060
f 4063 4065 4064
f 4073 4075 4074
f 3568 3443 3448
f 3981 3335 4050
f 3540 3862 3539
f 4078 4031 4032
f 3565 4088 3993
f 3442 4089 4082
f 4092 4094 4093
f 4093 4097 4096
f 3619 3623 3624
f 3660 3821 3807
f 3809 3649 3808
f 3610 3655 3613
f 3656 3623 3657
f 3621 3804 3620
f 3503 3481 3504
f 3436 3438 3437
f 3356 3427 3353
f 3628 3669 3633
f 3734 4002 3733
f 3276 3370 3369
f 3763 4107 3762
f 4006 3754 3755
f 3747 3752 3746
f 3863 4110 3992
f 3994 4003 3501
f 3653 3664 3652
f 3296 4115 3295
f 4117 4119 4118
f 3249 3251 3250
f 4127 4129 4128
f 3478 3903 3867
f 3410 3921 3922
f 3977 4038 3976
f 3216 3453 3454
f 3967 3548 3966
f 4140 4032 4039
f 3509 4149 3916
f 4151 3659 3587
f 4153 3656 3671
f 4153 3646 3672
f 4156 3645 4155
f 4139 4078 4140
f 3743 4163 4162
f 3861 3987 4166
f 3468 4067 3467
f 3306 3980 3835
f 4172 4010 4024
f 4169 3836 3835
f 4187 4189 4188
f 4213 4215 4214
f 4220 4222 4221
f 4225 4211 4204
f 4230 4232 4231
f 4240 4242 4241
f 3606 3608 3607
f 4250 4252 4251
f 4258 4260 4259
f 4077 4079 4078
f 4276 4278 4277
f 4308 4263 4309
f 4017 3872 3869
f 3196 3951 3950
f 4316 4270 4271
f 3870 4307 3869
f 4324 4326 4325
f 4333 4247 4244
f 4338 4340 4339
f 4348 4350 4349
f 4283 4289 4286
f 4356 4358 4357
f 4359 4020 4358
f 4362 4196 4197
f 4320 4279 4276
f 4370 4296 4371
f 4377 4303 4249
f 4231 4201 4178
f 4203 4331 4381
f 4037 4039 4038
f 4371 4386 4370
f 4387 4347 4314
f 3309 3294 3310
f 4099 3724 3818
f 4355 3257 4313
f 3630 3693 3627
f 4277 4302 4390
f 4350 4319 4349
f 4353 4351 4348
f 3637 3639 3638
f 4394 3827 3320
f 3311 4399 4398
f 3755 4005 4006
f 4363 4259 4260
f 3454 3919 3920
f 3446 3459 3458
f 4298 4404 4406
f 3749 3769 3766
f 3791 3756 3792
f 3643 3684 3640
f 3845 3399 3400
f 4313 3258 4312
f 4411 4408 4412
f 3843 4423 3842
f 4214 4329 4328
f 4431 4433 4432
f 3918 3798 3799
f 3927 3388 3389
f 4453 3874 3873
f 4138 4457 4456
f 3346 4459 3345
f 4100 4108 4107
f 3974 3976 3975
f 3665 3652 3664
f 3773 3993 3992
f 3945 3920 3957
f 4144 4462 4461
f 4464 4466 4465
f 3268 4479 3267
f 4484 4136 4485
f 3348 4487 3347
f 3313 3912 3913
f 3803 3617 3802
f 4086 3510 4087
f 4034 3305 4033
f 3403 4171 4489
f 4481 4492 4491
f 4177 4179 4178
f 4398 3923 3311
f 4451 4494 4450
f 4501 4076 4502
f 4509 4506 4503
f 3304 4462 4517
f 4485 3312 4484
f 3419 3349 4064
f 4356 4385 4305
f 4026 4358 4020
f 4354 4357 4358
f 3599 4091 4090
f 4341 4254 4274
f 4251 4524 4335
f 3482 3484 3483
f 3843 3544 4085
f 4295 4274 4294
f 4381 4206 4203
f 4204 4531 4225
f 4533 4535 4534
f 4542 4544 4543
f 4546 4548 4547
f 4573 4547 4548
f 4575 4577 4576
f 4221 4580 4220
f 4587 4589 4588
f 4328 4589 4214
f 4187 4563 4332
f 4595 4593 4591
f 4597 4604 4596
f 4609 4611 4610
f 4620 4622 4621
f 4612 4614 4613
f 4636 4600 4637
f 4649 4650 4648
f 4652 4654 4653
f 4662 4664 4663
f 4666 4668 4667
f 4637 4685 4684
f 4627 4700 4626
f 4684 4636 4637
f 4663 4661 4662
f 4699 4697 4696
f 4647 4703 4702
f 4709 4603 4710
f 4724 4726 4725
f 4742 4744 4743
f 3311 3924 3314
f 4698 4758 4679
f 4749 4609 4610
f 4342 4344 4343
f 4797 4799 4798
f 4490 3974 4143
f 4019 4306 3870
f 4512 4514 4513
f 3991 4508 4507
f 4692 4694 4693
f 4680 4818 4810
f 4821 4824 4823
f 4367 4243 4240
f 4833 4831 4830
f 4837 4757 4754
f 4332 4562 4561
f 4683 4819 4682
f 4845 4850 4849
f 4751 4752 4669
f 4854 4695 4692
f 4858 4718 4857
f 4822 4859 4824
f 4674 4647 4675
f 4771 4773 4772
f 4726 4537 4540
f 4714 4719 4715
f 4633 4688 4687
f 4616 4618 4617
f 4686 4842 4841
f 4869 4708 4629
f 3502 3528 3529
f 4777 4737 4745
f 4734 4779 4873
f 4883 4663 4664
f 4375 4274 4275
f 4290 4335 4524
f 4799 4826 4825
f 4816 4812 4810
f 4778 4732 4659
f 4158 4160 4159
f 4195 4197 4196
f 3860 4166 4167
f 3758 3763 3764
f 3694 4157 4156
f 4249 4391 4377
f 3467 3469 3468
f 4209 4211 4210
f 4142 4144 4143
f 3615 3617 3616
f 3479 3536 3535
f 4883 4672 4886
f 4802 4642 4643
f 3698 3638 3683
f 4105 3726 3730
f 4848 4896 4895
f 4878 4744 4837
f 4610 4748 4749
f 4036 4489 4035
f 4355 4314 4347
f 4171 4049 4048
f 3875 3216 3217
f 4868 4863 4864
f 4623 4691 4622
f 3629 4155 4154
f 4654 4898 4683
f 4012 4014 4013
f 4902 4866 4867
f 4768 4908 4906
f 4370 4385 4384
f 4888 4914 4913
f 3546 3917 3916
f 4932 4931 4919
f 3625 4151 4150
f 3804 3670 3657
f 3816 4103 4101
f 4911 4887 4912
f 4928 4927 4929
f 4925 4927 4921
f 3655 3666 3654
f 4932 4910 4911
f 4937 4912 4913
f 4939 4942 4941
f 4228 4530 4381
f 4946 4942 4947
f 4938 4923 4937
f 4942 4937 4947
f 4951 4930 4928
f 4955 4928 4954
f 4748 4615 4749
f 4914 4847 4956
f 4824 4584 4856
f 4940 4941 4943
f 4916 4960 4917
f 4909 4891 4862
f 4971 4968 4949
f 4966 4948 4944
f 4962 4953 4965
f 4940 4924 4939
f 4831 4917 4895
f 4935 4925 4924
f 4275 4261 4258
f 4679 4791 4678
f 4016 4373 4376
f 4668 4766 4795
f 4539 4727 4845
f 4929 4936 4933
f 4607 4882 4881
f 4775 4801 4802
f 4801 4742 4774
f 4732 4611 4733
f 4985 4983 4982
f 4534 4562 4533
f 4847 4645 4848
f 4788 4619 4616
f 4787 4678 4791
f 4657 4605 4597
f 4994 4878 4837
f 5006 5008 5007
f 5001 4973 4988
f 4814 4619 4785
f 5014 4974 5012
f 5003 4972 4973
f 5019 5007 5018
f 5024 5017 5025
f 5036 5035 5032
f 4990 4975 4972
f 5045 5034 5044
f 5048 5034 5035
f 5025 5014 5026
f 5046 5043 5031
f 5051 5055 5054
f 5044 5060 5059
f 5011 5021 5020
f 5013 5068 5012
f 5028 5072 5029
f 5077 5064 5065
f 5065 5079 5077
f 5083 5080 5060
f 5063 5080 5065
f 5054 5071 5078
f 4602 4711 4851
f 5058 5083 5053
f 4982 4792 4793
f 5041 5045 5061
f 3909 3278 3250
f 3471 3473 3472
f 5002 4994 4995
f 5060 5067 5059
f 4892 4862 4891
f 4891 4884 4892
f 4996 5003 5001
f 4997 5005 5000
f 4813 4614 4829
f 4618 4827 4613
f 5089 5093 5092
f 3303 3305 3304
f 5100 5102 5101
f 5107 5109 5108
f 5110 5092 5114
f 4610 4734 4874
f 5112 5100 5084
f 5088 5090 5089
f 5119 5117 5116
f 5092 5096 5089
f 3826 3829 3825
f 5108 5102 5126
f 5100 5087 5084
f 5118 5133 5138
f 3783 3690 3784
f 4444 4446 4445
f 5151 5150 5152
f 4790 4617 4813
f 4332 4190 4187
f 3266 4451 4448
f 3211 3332 3946
f 4741 4760 4652
f 4775 4777 4776
f 4764 4691 4766
f 4489 4048 4490
f 4466 4511 4497
f 4518 3930 4514
f 4786 4791 4807
f 4980 4984 4977
f 5144 5150 5143
f 5159 5148 5158
f 5121 5120 5114
f 5169 5162 5165
f 5016 4979 5017
f 5123 5179 5122
f 5181 5140 5183
f 5175 5184 5141
f 4575 4586 4534
f 4984 4976 4977
f 4596 4598 4597
f 5182 5183 5186
f 4785 4787 4786
f 5137 5122 5179
f 5167 5180 5181
f 4835 4898 4897
f 4687 4726 4633
f 4176 4170 4398
f 4760 4655 4652
f 4681 4649 4646
f 5121 5132 5131
f 5171 5178 5170
f 5174 5191 5176
f 5169 5194 5164
f 4909 5095 4907
f 5105 5112 5113
f 4767 5126 4803
f 5201 5205 5204
f 5219 5217 5216
f 5229 5200 5209
f 5234 5236 5235
f 4069 4071 4070
f 4724 4717 4713
f 5108 4768 5107
f 5103 5126 5102
f 5227 5211 5226
f 5015 4884 4885
f 4997 4892 4884
f 5197 5215 5214
f 5241 5247 5246
f 5013 5019 5018
f 5205 5232 5204
f 4969 4971 4970
f 5239 5249 5248
f 4808 5225 4809
f 5216 5199 5196
f 5253 5242 5254
f 5235 5255 5256
f 5135 5157 5134
f 5264 5267 5266
f 5245 5215 5242
f 5260 5269 5267
f 5264 5274 5265
f 5154 5173 5142
f 5287 5278 5288
f 5256 5300 5257
f 5173 5176 5175
f 4631 4629 4628
f 4781 4783 4782
f 5309 5311 5310
f 5155 5144 5145
f 4826 4827 4825
f 5291 5308 5293
f 5310 5281 5286
f 5311 5308 5288
f 4036 4176 4175
f 4641 4704 4702
f 5220 4804 5223
f 4770 5207 4905
f 5188 5175 5176
f 5180 5129 5140
f 4626 5314 5313
f 4731 5315 5317
f 5222 5210 5221
f 4728 5316 5315
f 5230 5216 5196
f 5297 5240 5241
f 5204 5208 5201
f 5318 4864 5319
f 5273 5287 5289
f 5221 5219 5230
f 4700 5321 5314
f 5313 5328 5329
f 5157 5154 5142
f 5275 5263 5265
f 5324 5318 5325
f 5323 5331 5328
f 5343 5345 5344
f 5306 5286 5282
f 5278 5311 5288
f 4882 5320 5316
f 5109 5114 5120
f 5123 5130 5129
f 5299 5284 5298
f 5240 5199 5241
f 5229 5197 5214
f 5305 5292 5293
f 5233 5225 5243
f 5192 5194 5193
f 5104 4670 4746
f 5146 5160 5145
f 5337 5347 5338
f 5347 5341 5332
f 5353 5335 5352
f 5349 5354 5352
f 5355 5357 5354
f 5358 5360 5359
f 5355 5348 5360
f 5342 5365 5364
f 5345 5362 5344
f 5332 5367 5331
f 5372 5315 5316
f 5370 5366 5369
f 5361 5354 5357
f 5364 5368 5367
f 5369 5362 5370
f 5316 5330 5372
f 5373 5371 5372
f 5341 5364 5332
f 5374 5359 5373
f 5329 5375 5330
f 5377 5379 5378
f 5377 5331 5367
f 5380 5367 5368
f 5363 5370 5362
f 5357 5374 5381
f 5381 5361 5357
f 4814 4825 4827
f 4825 4816 4799
f 4806 4747 4805
f 5119 5131 5118
f 4696 4893 5387
f 4696 5390 4699
f 5213 5388 5387
f 5393 5388 5394
f 5380 5384 5379
f 5213 4893 5212
f 4813 4908 4790
f 5390 4693 4694
f 5294 5287 5295
f 5184 5186 5183
f 5285 5253 5254
f 4769 4790 4908
f 5327 5359 5360
f 4598 4690 4656
f 4608 4733 4611
f 4627 4609 4839
f 4596 4851 4711
f 4900 4706 4707
f 4668 5395 4667
f 4863 4639 4601
f 5392 4666 4667
f 4872 4651 4807
f 4807 4758 4872
f 5348 5325 5326
f 5176 5190 5188
f 5046 5022 5023
f 4853 4869 4870
f 5346 5363 5362
f 4709 4620 4599
f 4672 4904 4886
f 4680 4651 4649
f 4841 4688 4686
f 4823 4818 4821
f 4729 4602 4851
f 4881 4851 4604
f 5360 5326 5327
f 4852 4707 4869
f 4890 4669 4666
f 5392 5389 5393
f 5189 5186 5187
f 4881 4605 4607
f 5343 5369 5366
f 4607 4625 4882
f 5056 5052 5057
f 4850 4798 4894
f 3260 5398 3259
f 4855 4899 4871
f 5339 5366 5342
f 4789 4808 4677
f 5400 3948 3952
f 3872 4046 3871
f 4018 3424 3872
f 4025 4172 4024
f 4011 4024 4010
f 4065 3900 3901
f 3413 4013 3412
f 5056 5069 5070
f 5055 5070 5071
f 4062 5399 4061
f 5269 5294 5268
f 4685 4903 4846
f 5254 5240 5296
f 4606 4658 4733
f 4729 4882 4728
f 4030 4043 4029
f 4664 4753 4883
f 3575 3904 3903
f 3413 3922 3426
f 4949 4955 4934
f 4947 4913 4914
f 4849 4894 4856
f 4143 3975 4142
f 4912 4932 4911
f 3774 3995 3994
f 3956 3342 4168
f 4871 4758 4759
f 4270 4272 4271
f 4039 5400 4140
f 3555 5402 3554
f 5403 3906 3907
f 3908 3823 3907
f 4124 5408 5407
f 3901 4046 4047
f 4120 5410 5409
f 4124 4125 4123
f 5420 5404 5421
f 5424 5425 3557
f 3400 5428 3845
f 5432 5435 3226
f 4941 4945 4944
f 4935 4949 4934
f 3895 3897 3896
f 5426 4121 5418
f 5430 3906 5420
f 4045 5398 4062
f 5395 5392 4667
f 4846 4701 4840
f 4880 4710 4879
f 4624 4608 4609
f 4656 4662 4661
f 5305 5309 5304
f 5220 5222 5221
f 4230 4327 4324
f 5030 5028 5027
f 5213 5211 5210
f 5440 3269 5441
f 4396 3980 5444
f 5447 3244 3241
f 3328 5451 5396
f 4208 4248 4207
f 4599 4621 4598
f 4528 4391 4208
f 4529 4199 4207
f 4526 4339 4528
f 4256 5452 4532
f 4532 4241 4242
f 3834 5446 3831
f 5443 5444 4050
f 4530 4334 4206
f 4754 4904 4837
f 4229 4381 4331
f 4205 4383 4531
f 4892 4987 4861
f 4039 3976 4038
f 4738 4796 4741
f 4833 4897 4832
f 4232 4200 4201
f 4194 4241 4193
f 4889 4750 4748
f 4194 4365 4368
f 4531 4195 4238
f 5043 5062 5031
f 4182 4561 4180
f 5446 3241 3831
f 5237 5248 5236
f 4206 4382 4205
f 5210 5218 5219
f 3426 3417 3425
f 4216 4192 4215
f 4219 4184 4185
f 4180 4380 4179
f 4327 4591 4326
f 4223 4231 4222
f 4215 4360 4329
f 4186 4218 4185
f 4190 4209 4189
f 4223 4595 4327
f 4326 4328 4329
f 4366 4568 4186
f 4570 4549 4569
f 4579 4548 4570
f 4563 4533 4562
f 4583 4220 4580
f 4586 4561 4562
f 4239 4363 4243
f 4572 4567 4564
f 4536 4585 4535
f 4538 4566 4541
f 4536 5453 4538
f 3573 3983 3316
f 5427 3552 3556
f 4553 4588 4552
f 4593 4555 4592
f 4368 4183 4227
f 4361 4235 4236
f 4233 4527 4232
f 4233 4324 4237
f 4212 4330 4331
f 4237 4325 4236
f 4193 5452 4361
f 4983 4885 4792
f 5002 4986 4993
f 5074 5076 5075
f 4698 5391 4759
f 5391 5390 4694
f 4871 4650 4872
f 4546 4543 4544
f 4553 4901 4574
f 4552 4555 4556
f 5223 4805 5394
f 5386 5383 5363
f 5317 5371 5327
f 3240 4429 3377
f 5384 5381 5379
f 3938 3218 3937
f 3942 5455 5454
f 5361 5386 5356
f 4542 4541 4545
f 3910 5420 3428
f 3939 4060 3940
f 3851 5351 5454
f 3838 3556 3837
f 4547 4857 4546
f 5442 4050 3335
f 3385 5428 5429
f 4257 4235 4256
f 5312 4893 4809
f 4212 4204 4211
f 3854 5461 4392
f 4226 4210 4211
f 4202 4178 4201
f 3316 3897 3315
f 5464 4432 4433
f 5465 3883 4432
f 4472 4449 4450
f 4501 4450 4494
f 4074 4080 4077
f 5473 5401 4173
f 4173 5475 5473
f 3432 3520 5413
f 3462 5504 3461
f 4075 4494 4080
f 5482 3387 3392
f 5468 5470 5469
f 3427 5422 3523
f 4498 4487 3386
f 5403 5414 4128
f 3382 5522 3873
f 3492 5511 3491
f 3429 3517 3520
f 3873 5524 4453
f 5480 3350 3347
f 3477 5505 3462
f 4507 5544 4475
f 4396 5551 4051
f 3374 5553 3373
f 3373 5554 3390
f 5479 4063 3350
f 3390 5555 3393
f 5531 5566 5565
f 3368 5567 3367
f 5556 5560 5559
f 3393 5557 5556
f 4433 5463 5464
f 5464 5458 5456
f 4435 4439 3380
f 4055 3277 3274
f 3273 3911 3370
f 3395 3358 3394
f 5486 4071 5484
f 5526 4453 5524
f 5525 5569 5566
f 5568 3527 5567
f 3527 3847 3366
f 3365 3849 5462
f 5462 3850 5459
f 4435 5571 4430
f 3378 3943 3944
f 5573 5577 5574
f 4438 3943 3379
f 5477 5579 5476
f 5582 5580 5579
f 5583 5581 5584
f 5586 5588 5587
f 4074 5586 4073
f 5583 5474 5473
f 4507 5590 3991
f 5573 4522 4520
f 3989 5596 3988
f 5594 3407 5593
f 4436 5572 5571
f 5591 3991 5590
f 4507 4476 5589
f 3990 5587 5588
f 5578 3406 5577
f 5595 5584 5581
f 5484 3358 5486
f 4441 5467 3882
f 5472 4077 4139
f 5522 5570 5524
f 5486 3353 3524
f 5481 3386 3387
f 3475 5492 3518
f 5476 3899 5477
f 5540 5606 5603
f 5542 5603 5607
f 5608 5542 5607
f 5608 5545 5544
f 5607 5609 5545
f 5599 5548 5612
f 5598 5543 5608
f 5595 5593 5596
f 5588 3989 3990
f 5626 3266 5627
f 5627 4448 5628
f 5469 4469 5468
f 4515 5625 4491
f 4503 4474 4509
f 4481 5627 4480
f 4500 5469 5470
f 3414 5466 5465
f 5594 5581 5582
f 3376 4430 5571
f 3444 3941 3855
f 5572 3444 3445
f 4273 4287 4272
f 4345 4357 4344
f 4386 4305 4385
f 4517 4463 5625
f 4352 4319 4379
f 4352 4251 4336
f 4268 4390 4388
f 4264 4320 4323
f 4346 4282 4283
f 4337 4343 4344
f 4289 4245 4288
f 4303 4287 4288
f 4343 4291 4342
f 4284 4244 4289
f 4375 4291 4294
f 4379 4271 4272
f 4337 4348 4336
f 4524 4295 4290
f 4364 4197 4279
f 4285 4390 4302
f 5206 5208 5207
f 4297 4371 4296
f 4346 4286 4273
f 4285 4333 4284
f 3571 4395 5460
f 5341 5339 5342
f 5346 5334 5335
f 5269 5273 5289
f 4510 5609 5610
f 4509 5545 5609
f 4445 5611 5546
f 5566 5568 3368
f 5349 5338 5348
f 5489 3401 3398
f 5565 3368 3338
f 5496 5417 5630
f 5523 3383 5634
f 5325 5347 5324
f 5523 5599 5522
f 5429 3401 5633
f 3887 5631 5630
f 5634 5600 5523
f 5276 5279 5277
f 5298 5257 5300
f 5087 5085 5084
f 3361 5612 5548
f 5041 5066 5040
f 5487 3383 3384
f 5101 5130 5100
f 5299 5300 5303
f 5333 5335 5334
f 5302 5304 5303
f 5234 5216 5217
f 5301 5255 5258
f 4868 5322 4867
f 5281 5277 5279
f 5323 5322 5324
f 5298 5296 5297
f 4885 4750 4792
f 5231 5196 5197
f 4625 5313 5320
f 5111 5085 5098
f 5600 5549 5548
f 5531 5563 5527
f 5165 5182 5189
f 5283 5285 5284
f 4269 4277 4268
f 5610 5603 5606
f 5127 5091 5128
f 4907 5125 4906
f 5277 5272 5262
f 5596 5592 5598
f 5212 5226 5211
f 5273 5262 5272
f 5302 5258 5292
f 5635 5645 5640
f 4250 4379 4378
f 4485 3405 3402
f 4354 4023 4351
f 4265 4304 4386
f 4388 4282 4387
f 4345 4384 4385
f 4362 4297 4259
f 4836 4612 4828
f 4360 4236 4325
f 4369 4237 4234
f 5647 3986 3573
f 5650 3192 3189
f 5337 5336 5333
f 4467 4477 4466
f 4253 4340 4252
f 4429 5457 4428
f 3997 3915 3540
f 5535 3839 3982
f 5538 4460 4456
f 3439 5571 3438
f 5570 5526 5524
f 3438 5572 3445
f 4440 3879 3876
f 3440 4407 3449
f 3886 5695 5694
f 5534 5396 5451
f 5685 3471 5684
f 4278 4301 4302
f 5628 4449 5469
f 3579 3538 3578
f 4480 5628 4500
f 4402 5517 5518
f 4279 4198 4278
f 3603 3532 3602
f 3580 4088 4090
f 4095 3531 4094
f 5248 5251 5250
f 3778 3999 3776
f 4617 4613 4614
f 4375 4372 4519
f 3411 4136 3410
f 5094 5111 5097
f 3602 3535 3605
f 4023 4350 4351
f 4349 4336 4348
f 3605 3536 3592
f 4469 4471 4470
f 4094 3593 4097
f 4248 4245 4246
f 3519 5518 5517
f 5254 5284 5285
f 4852 4795 4766
f 4265 5629 4264
f 5632 5503 5631
f 3604 3612 3601
f 5549 5502 3360
f 3653 3607 3661
f 4780 4873 4779
f 4988 4979 4976
f 4491 5626 4481
f 4837 4995 4994
f 4615 4765 4749
f 5468 4470 4504
f 3514 3467 3513
f 5491 4409 5679
f 4093 3619 4092
f 4364 5629 4297
f 3488 5509 3487
f 5606 5611 5610
f 4210 4189 4209
f 4600 4602 4601
f 5242 5198 5240
f 5073 5075 5072
f 5651 3940 4060
f 3996 3775 3998
f 5200 5202 5201
f 5525 5527 5526
f 3364 4434 3363
f 3775 3542 3581
f 3941 5485 3855
f 3731 4105 3730
f 4997 4999 4998
f 4508 5608 5544
f 4101 3818 3816
f 3728 4103 3727
f 4591 4592 4328
f 4539 4538 4537
f 4550 4552 4551
f 4541 4567 4545
f 4389 4570 4568
f 4582 4580 4576
f 4976 4978 4977
f 4705 4707 4706
f 4797 4843 4844
f 3713 3730 3726
f 4675 4702 4704
f 4977 4981 4980
f 4810 4817 4816
f 4786 4812 4785
f 4715 4628 4714
f 4978 5021 4981
f 5010 5006 4991
f 3722 4162 4161
f 4558 4560 4559
f 4568 4569 4218
f 4584 4535 4585
f 4641 4715 4716
f 5026 5012 5068
f 4776 4745 4742
f 4714 4712 4713
f 4982 5001 4985
f 4576 4560 4582
f 4564 4566 4565
f 5069 5018 5029
f 5057 5048 5047
f 4810 4811 4680
f 3710 3786 3709
f 4991 4999 5010
f 5011 5010 5004
f 5008 5022 5027
f 5066 5063 5040
f 5047 5024 5025
f 5050 5051 5053
f 5023 5016 5024
f 5045 5059 5061
f 5047 5026 5057
f 3711 3724 3721
f 5048 5037 5047
f 5042 5063 5062
f 5058 5051 5054
f 5036 5046 5037
f 3715 3700 3714
f 5235 5257 5246
f 3732 3704 3702
f 5030 5062 5064
f 5020 5023 5022
f 5263 5261 5260
f 5049 5044 5034
f 5236 5250 5255
f 5031 5027 5022
f 5043 5039 5042
f 5320 5329 5330
f 5049 5052 5051
f 5326 5317 5327
f 3264 3288 3285
f 5264 5263 5260
f 4998 4992 4987
f 5009 5020 5008
f 5036 5039 5038
f 5032 5034 5033
f 4355 3949 3422
f 4269 4374 4323
f 4253 4378 4303
f 4525 4252 4340
f 3960 4111 3866
f 4372 4258 4296
f 5681 5673 5675
f 4378 4272 4287
f 4270 4346 4273
f 3244 5644 5643
f 4899 4648 4650
f 3734 3702 3810
f 4138 3343 4137
f 4192 4361 4360
f 3813 3812 3810
f 3817 3696 3814
f 5668 5682 5674
f 5690 5687 5684
f 5499 5700 5517
f 3999 3820 3577
f 3745 4102 4106
f 5684 3472 5690
f 5702 3860 5703
f 5712 5693 5670
f 3249 4393 3572
f 5695 5715 5694
f 5694 5716 5696
f 5719 5601 5602
f 4918 4950 4952
f 4774 4743 4773
f 3844 5605 3735
f 5505 4411 5504
f 3583 3585 3582
f 3710 4157 4160
f 5513 4417 5508
f 5704 4146 5709
f 4141 4062 4049
f 5669 5688 4410
f 3898 5653 5450
f 5718 3972 5719
f 5684 5686 5685
f 3917 5717 3512
f 3463 5662 5660
f 5492 5680 5491
f 4931 4950 4919
f 5665 3441 5663
f 3788 3740 3790
f 3501 3529 3994
f 3569 3477 3308
f 5516 5727 5515
f 3564 3566 3565
f 3892 5406 3889
f 3962 5407 3961
f 4126 4123 4125
f 4116 3287 5411
f 3892 5630 5417
f 3824 5413 5414
f 4408 5680 4412
f 3969 3978 5402
f 4408 3449 4407
f 4414 3449 4413
f 3962 3262 4125
f 4425 5616 4321
f 4418 5727 4419
f 5716 5575 5696
f 5719 5717 5718
f 5698 5692 5697
f 3880 4166 3987
f 5652 5520 5619
f 5621 4167 4166
f 5679 4410 5688
f 3210 3355 5618
f 5622 5451 5657
f 5416 5497 5624
f 5729 5731 5730
f 5733 3761 3758
f 5735 5737 5736
f 5750 5751 5734
f 5744 5740 5741
f 5744 3753 5746
f 5753 5730 5731
f 5757 5736 5737
f 5731 5765 5753
f 5774 5776 5775
f 5790 5792 5791
f 5796 5787 5797
f 5817 5819 5818
f 5828 5830 5829
f 3725 3751 3747
f 4874 4873 4875
f 4700 4903 4902
f 4740 4876 4739
f 3199 3201 3200
f 4100 4099 4101
f 3749 4108 3748
f 3695 3712 3692
f 3378 3380 3379
f 5504 4412 5507
f 4405 5518 5699
f 5838 5835 5836
f 4705 4712 4708
f 5832 5828 5833
f 5697 5678 5698
f 3791 4005 3790
f 5848 5794 5850
f 3714 3701 3704
f 3995 4042 3890
f 3329 3224 3222
f 4005 3705 4004
f 4551 4763 4550
f 5855 5808 5856
f 5851 5792 5852
f 5803 5858 5847
f 5844 5840 5845
f 5762 5743 5740
f 5808 5806 5807
f 4012 3426 3423
f 5558 3467 4067
f 4550 4720 4901
f 4950 4953 4952
f 3885 5694 5696
f 5705 4081 4082
f 5508 4415 5505
f 3745 3760 3744
f 5507 5680 5506
f 3592 3588 3591
f 3895 5658 5653
f 5613 5501 5549
f 3834 4393 4055
f 5527 4455 5526
f 5775 5809 5774
f 5766 5813 5810
f 5858 5812 5859
f 5855 5811 5858
f 5863 5819 5862
f 5826 5863 5829
f 5862 5833 5828
f 5870 5837 5845
f 5782 5831 5832
f 5868 5836 5873
f 5778 5843 5844
f 5866 5845 5840
f 5785 5867 5784
f 5790 5789 5793
f 5796 5794 5795
f 5821 5819 5820
f 5657 5620 5622
f 5793 5852 5792
f 5855 5801 5798
f 5853 5786 5796
f 5804 5802 5803
f 5827 5864 5822
f 5767 5821 5813
f 5854 5776 5777
f 5860 5818 5861
f 5782 5825 5785
f 5781 5844 5834
f 5810 5815 5816
f 5867 5830 5784
f 5809 5798 5799
f 5828 5863 5862
f 5865 5838 5868
f 5801 5802 5800
f 4086 3795 4149
f 5779 5842 5843
f 5827 5829 5830
f 5839 5869 5835
f 5814 5855 5856
f 5711 3859 5702
f 4958 4917 4960
f 5861 5821 5768
f 5863 5812 5820
f 5865 5823 5824
f 5873 5837 5871
f 5872 5842 5780
f 4089 3563 5704
f 3812 3785 3811
f 5770 5787 5788
f 5789 5847 5846
f 5793 5846 5849
f 4145 4146 3498
f 5848 5790 5791
f 3953 4009 3952
f 5748 5874 5747
f 4624 4626 4625
f 4665 4752 4664
f 4775 4779 4778
f 4746 4671 4747
f 4637 4601 4639
f 4828 4613 4827
f 4704 4762 4675
f 4843 4727 4687
f 4543 4725 4542
f 4731 4863 4730
f 4723 4558 4722
f 4842 4840 4838
f 4717 4857 4718
f 4865 4867 4866
f 5841 5866 5840
f 4725 4540 4542
f 4798 4816 4817
f 4632 4634 4633
f 4720 4715 4719
f 4642 4644 4643
f 3754 5874 5876
f 4860 4644 4847
f 4674 4722 4721
f 4808 4676 4677
f 4721 4822 4821
f 5876 5877 5746
f 4836 4840 4839
f 4658 4660 4659
f 4826 4800 4838
f 4877 4743 4744
f 4948 4971 4943
f 4875 4876 4889
f 4954 4934 4955
f 5773 5788 5790
f 5825 5833 5824
f 5834 5836 5835
f 5834 5845 5837
f 3359 3361 3360
f 5732 3756 3757
f 3394 3396 3395
f 3766 5741 5742
f 5774 5799 5777
f 5805 5857 5802
f 5813 5820 5812
f 3969 3964 3968
f 5667 5674 5666
f 5729 3792 3756
f 3770 5741 3769
f 4741 4739 4738
f 4689 4660 4661
f 5772 5787 5771
f 5735 3758 3764
f 5850 5773 5848
f 5617 3965 5650
f 5799 5854 5777
f 5875 5764 5879
f 5840 5842 5841
f 5861 5769 5860
f 5807 5853 5851
f 5869 5834 5835
f 3765 5739 5738
f 5882 5761 5759
f 5881 5887 5889
f 5895 5898 5897
f 5907 5906 5908
f 5909 5908 5910
f 4234 4526 4369
f 3912 3389 3914
f 5934 8730 8729
f 8730 5930 5931
f 4920 4922 4921
f 8845 8853 8851
f 4141 3404 4174
f 3733 3706 3731
f 8849 8848 8850
f 4234 4236 4235
f 8863 5919 8862
f 3733 4004 3705
f 5908 8859 8867
f 8865 8871 8870
f 8859 8863 8864
f 5927 5925 5928
f 5911 5904 5912
f 8878 8866 8879
f 5635 5637 5636
f 5745 5746 5877
f 3552 3554 3553
f 8857 8890 8875
f 5924 8860 5923
f 3553 3556 3552
f 5919 8861 8862
f 8869 8870 8891
f 8873 8878 8876
f 8856 8875 8874
f 8862 5889 5887
f 8846 8844 8843
f 8864 8866 8865
f 8729 8883 8884
f 8848 8887 8886
f 8878 5888 8893
f 8896 8855 8897
f 8853 8896 5885
f 8841 5882 5883
f 3489 3491 3490
f 8867 8864 8868
f 5910 8867 8898
f 5914 8898 8899
f 5916 8899 8900
f 5889 8860 5890
f 8876 8893 8894
f 5918 8900 8901
f 4424 5726 4423
f 8904 8900 8899
f 8909 8904 8905
f 8908 8903 8904
f 8869 8905 8868
f 3632 3667 3635
f 3687 3689 3688
f 3636 3681 3631
f 3664 3639 3665
f 4304 4306 4305
f 8909 8891 8910
f 3681 3695 3680
f 3758 3760 3759
f 3684 3700 3683
f 3721 3723 3722
f 3941 3943 3942
f 3738 3740 3739
f 3687 3709 3690
f 3238 3938 3220
f 4249 4288 4245
f 4499 3344 4464
f 4240 4368 4367
f 3453 3951 3919
f 4401 3547 3967
f 3950 3451 3436
f 3702 3701 3703
f 3725 3727 3726
f 3194 3208 3193
f 4034 4461 4462
f 3914 3913 3912
f 3483 3533 3482
f 3191 3957 3206
f 4292 3970 4293
f 3909 3428 3356
f 3959 3866 3867
f 4017 4309 4016
f 4316 4008 3953
f 4448 4450 4449
f 4414 4417 4416
f 3435 3351 3433
f 4413 4415 4414
f 3899 3901 3900
f 3780 3648 3809
f 3474 3886 3885
f 3958 3192 3214
f 3221 3935 4427
f 3905 3907 3906
f 3913 4486 3313
f 4420 4421 4085
f 3881 3883 3882
f 4004 3790 4005
f 4271 4318 4316
f 4259 4296 4258
f 3501 4066 3468
f 5897 5900 5899
f 5901 5904 5903
f 8854 8856 8855
f 3789 3786 3720
f 3651 3781 3782
f 5924 5901 5925
f 8870 8873 8872
f 8876 8874 8873
f 5912 5918 5911
f 3805 3799 3737
f 3369 3395 3396
f 3923 3925 3924
f 3916 3512 3509
f 3641 3801 3642
f 4276 4323 4320
f 4181 4331 4330
f 4428 3377 4429
f 3495 4321 4322
f 4436 3380 3381
f 4430 4437 4435
f 3945 3958 3946
f 4065 4047 3418
f 4495 3408 4496
f 8913 8915 8914
f 8911 8917 8916
f 8889 8923 8890
f 8919 8931 8921
f 8884 8918 8885
f 8922 8931 8925
f 5852 5909 5851
f 5866 5915 5917
f 8926 8914 8915
f 8914 8883 8913
f 8886 8921 8888
f 5846 5894 5891
f 5873 5900 5868
f 8893 5764 5754
f 8894 5754 5753
f 5890 5927 8936
f 5885 5755 5758
f 5871 5902 5873
f 5763 5883 5762
f 5880 8936 5763
f 4175 4398 4399
f 4274 4255 4275
f 8883 5931 8882
f 8868 8898 8867
f 3289 3247 3292
f 3858 5485 5921
f 8850 8886 8888
f 4116 5409 4115
f 3889 4127 5415
f 3678 8938 8937
f 8857 8888 8889
f 3979 3294 3295
f 4126 3431 3823
f 3651 3679 3650
f 3460 5921 3354
f 4084 3310 3487
f 8905 8899 8898
f 3561 5397 5656
f 3213 5528 5519
f 4191 4193 4192
f 5449 5532 5533
f 4142 4031 4479
f 4060 5652 5651
f 4480 4482 4481
f 5519 3212 3213
f 5657 3330 3940
f 4473 4475 4474
f 3514 5668 5667
f 5663 5669 5665
f 8881 5926 8880
f 5734 5749 5750
f 4788 4677 4678
f 3997 3538 3506
f 3551 3310 3294
f 3577 3998 3999
f 4893 4676 4809
f 4753 4671 4672
f 8729 8885 8843
f 3813 9021 8937
f 8938 3813 8937
f 8882 5929 8881
f 4098 3820 3821
f 3399 5416 3398
f 5494 5503 4403
f 5880 5878 5881
f 4986 4861 4987
f 4999 5004 5010
f 4985 4988 4976
f 5816 5766 5810
f 4372 4384 4519
f 5688 5692 5679
f 8903 8901 8900
f 8879 5887 5888
f 8902 8880 8901
f 5919 5895 5920
f 4519 4342 4291
f 8847 8854 8853
f 5925 5903 5926
f 4021 4523 4025
f 5678 5676 4406
f 4424 4085 4421
f 5701 3577 3820
f 5928 5926 5929
f 5000 4980 5004
f 9022 3545 4113
f 9024 5409 5410
f 4008 4010 4009
f 3931 4516 4513
f 3822 3807 3821
f 8851 8844 8845
f 5728 5509 5721
f 9025 4115 5409
f 5209 5201 5208
f 4820 4653 4682
f 3988 5598 4508
f 3370 3357 3395
f 5639 5641 5640
f 5592 4477 5543
f 3378 5572 3381
f 5625 3265 5626
f 5594 5577 3406
f 3302 5645 3301
f 3274 3278 3273
f 5207 5233 5243
f 5071 5072 5075
f 4815 4785 4812
f 4796 4643 4760
f 3243 5643 5648
f 5301 5303 5300
f 5431 5655 5654
f 5251 5244 5252
f 3353 3523 3524
f 4174 3405 3411
f 3546 4113 3545
f 4002 3788 4004
f 4196 4238 4195
f 3232 5647 3231
f 4373 4266 4310
f 4867 5321 4902
f 5648 4058 3243
f 4455 3893 4453
f 5593 4511 5592
f 5275 5252 5253
f 5252 5274 5251
f 4092 3624 3597
f 3723 3743 3722
f 4780 4802 4796
f 4059 3560 5425
f 4317 4347 4270
f 5188 5192 5187
f 5570 5612 5569
f 3385 5633 3384
f 3526 5569 5612
f 3576 3608 3590
f 3581 3594 3580
f 5239 5238 5232
f 5081 5083 5082
f 4369 4528 4527
f 4325 4329 4360
f 3569 3286 3336
f 9022 4112 5709
f 3661 3801 3653
f 5074 5030 5064
f 5064 5063 5065
f 3563 3498 4146
f 3961 4119 5411
f 4854 4870 4735
f 5018 5028 5029
f 5007 5027 5028
f 5040 5039 5041
f 3240 3875 3239
f 5070 5029 5072
f 3504 3866 4111
f 3537 3591 3588
f 5033 5039 5032
f 4710 4635 4879
f 5017 4989 5014
f 5024 5046 5023
f 4991 5019 4990
f 4587 4574 4573
f 4996 4793 4878
f 5066 5059 5067
f 5221 5231 5220
f 5068 5057 5026
f 3675 3643 3642
f 3663 3675 3662
f 4722 4559 4822
f 3579 3590 3591
f 3686 3677 3678
f 4422 3499 4419
f 5142 5138 5133
f 5078 5075 5076
f 3609 3590 3608
f 3288 5411 3287
f 5424 5410 3246
f 5152 5156 5172
f 3960 5709 4112
f 4946 4957 4958
f 3867 5705 3959
f 9026 4113 5710
f 5192 5189 5187
f 5161 5194 5171
f 3637 3682 3636
f 4392 3847 3848
f 3796 4149 3795
f 4104 3727 4103
f 3594 3993 4088
f 3796 4134 5710
f 3687 4156 4157
f 3760 4164 4165
f 4464 3345 4467
f 3485 3868 3484
f 3846 5423 4130
f 3409 4496 3408
f 3767 3765 3762
f 3711 4159 4160
f 3797 4087 3510
f 4072 5562 5560
f 4502 5590 5589
f 5408 9027 4118
f 5683 5714 5682
f 5702 4110 5711
f 5623 4148 4167
f 5428 3525 3522
f 3668 3802 3667
f 4000 8938 3679
f 4221 4179 4380
f 4267 4388 4315
f 3721 4161 4159
f 3903 5706 5705
f 3583 4090 4091
f 3894 3524 3525
f 4635 4636 4634
f 4173 4009 4010
f 4890 5393 5394
f 5290 5293 5292
f 5339 5337 5333
f 5458 4438 4439
f 3251 5430 3910
f 3252 5419 3251
f 3428 5421 3427
f 3571 5418 3252
f 4583 4554 4593
f 4239 4224 4238
f 3322 5450 5449
f 5309 5306 5304
f 4109 3748 4108
f 5707 3794 3795
f 5139 5183 5140
f 5271 5290 5259
f 5280 5282 5279
f 5110 5125 5115
f 5319 4731 5317
f 5334 5339 5333
f 5423 3523 5422
f 5376 5378 5375
f 4721 4646 4674
f 3719 4159 4161
f 4853 4692 4795
f 5373 5330 5375
f 4428 5456 4437
f 5376 5328 5331
f 3337 4434 4431
f 4692 5395 4795
f 5475 4523 5476
f 5478 4068 4522
f 5421 4129 5422
f 5374 5375 5378
f 5283 5306 5282
f 5246 5234 5235
f 5154 5150 5153
f 4458 5561 4457
f 5163 5158 5168
f 5381 5378 5379
f 3397 5484 5483
f 4457 5563 5537
f 5147 5150 5149
f 4474 5544 5545
f 5325 5319 5326
f 5223 5388 5222
f 5517 3521 3519
f 4499 3347 4487
f 5404 4128 4129
f 3476 5506 3475
f 4084 5515 4083
f 3900 5477 3899
f 5536 5547 5546
f 5491 5493 5492
f 5474 4139 5401
f 4063 4522 4068
f 4459 5541 5540
f 5548 3360 3361
f 5444 5550 4396
f 3888 5415 5412
f 5546 3339 4445
f 5536 5538 5537
f 3570 5508 3477
f 4471 5589 4476
f 4280 3359 5933
f 5499 4403 5503
f 5189 5169 5165
f 5543 4478 5542
f 4051 5552 3374
f 3461 5507 3476
f 4629 4870 4869
f 5106 4909 4862
f 5286 5279 5282
f 5462 3364 3365
f 3491 5514 3840
f 5224 5231 5229
f 4478 5540 5542
f 4099 3742 3723
f 4803 4805 4804
f 4130 5422 4129
f 4470 4476 4473
f 4924 4921 4922
f 4920 4927 4926
f 4993 4987 4992
f 4887 4913 4912
f 3894 4070 4071
f 5472 5585 5586
f 3508 4134 3507
f 3603 4096 4097
f 3772 3992 4110
f 5712 5671 5672
f 3739 4162 4163
f 5683 3515 5715
f 5480 4495 5479
f 5698 5493 5498
f 3578 3996 3998
f 3645 4154 4155
f 5660 3466 3463
f 4135 5710 4134
f 5587 4073 5586
f 5687 5693 5686
f 3584 4091 4150
f 5585 5584 5588
f 4128 5415 4127
f 4257 4338 4526
f 4222 4178 4179
f 4366 4191 4216
f 5098 5091 5088
f 5761 5737 5760
f 5760 5738 5739
f 8852 5934 8844
f 8874 8855 8856
f 8895 8855 8877
f 5884 8842 8852
f 4557 4582 4560
f 8890 8917 8892
f 8918 8930 8920
f 8924 8915 8916
f 4182 4330 4190
f 3864 5711 4110
f 3574 3230 3231
f 3342 3415 3341
f 3488 3549 3840
f 4317 3953 3949
f 3672 4152 4153
f 5708 3865 5707
f 9021 3685 3686
f 3621 3616 3617
f 5728 4419 5727
f 4311 4028 4310
f 4131 3543 3841
f 4426 3842 4423
f 4518 4168 4427
f 5457 5464 5456
f 5425 3558 3837
f 5458 4437 5456
f 3416 5465 5457
f 5638 5437 5637
f 3985 5636 5637
f 5646 5636 5647
f 9023 3554 5402
f 5722 5514 5726
f 3256 3934 3255
f 4164 5734 5751
f 8885 8920 8887
f 3282 3929 3281
f 3292 3320 3291
f 3232 3300 3301
f 3303 3271 3334
f 3562 5432 3325
f 3392 3388 3391
f 3854 5350 3851
f 5463 5459 5458
f 5935 3885 5576
f 3879 3954 3878
f 3928 3391 3388
f 4137 4458 4138
f 5454 3850 3851
f 3548 3549 3550
f 4443 5470 4442
f 4452 4506 4447
f 4468 3415 3879
f 4443 3876 4483
f 3234 4515 4516
f 5434 3896 5433
f 5448 5441 5644
f 5447 5443 5442
f 4442 5471 5467
f 5550 3275 5551
f 5578 4520 3409
f 3464 5666 3463
f 4701 4839 4840
f 3259 4041 4030
f 4015 3423 4018
f 3558 3982 3839
f 4856 4823 4824
f 4741 4653 4740
f 3759 4106 3763
f 3560 3290 3559
f 9024 3557 3553
f 5438 3280 5439
f 3321 3290 3291
f 5557 4072 5560
f 5553 3396 5554
f 4045 4174 4044
f 4539 4849 4585
f 3536 3503 3588
f 5478 5574 5477
f 3800 3510 3511
f 4755 4886 4754
f 5561 5527 5563
f 5752 5732 5751
f 5752 5756 5765
f 3518 5493 5521
f 3767 4107 4108
f 3534 4097 3593
f 4395 3826 3827
f 3926 3371 3925
f 4446 5610 5611
f 4050 3980 3981
f 8887 8843 8885
f 5649 5640 5645
f 4643 4761 4760
f 3709 3784 3690
f 4778 4660 4777
f 5649 4054 5648
f 5646 3301 5645
f 3250 3910 3909
f 5884 5757 5761
f 5655 5936 5937
f 4224 4226 4225
f 4043 3412 4013
f 4286 4288 4287
f 4267 4310 4266
f 4493 4080 4494
f 3325 3226 3227
f 3925 3372 3928
f 4312 4314 4313
f 3996 3540 3541
f 8908 8912 8907
f 4023 4025 4024
f 3995 3891 3994
f 5482 5559 4137
f 4486 3921 4484
f 4300 4302 4301
f 5438 5644 5441
f 3233 3282 3270
f 3225 3227 3226
f 5446 5445 5443
f 5554 3397 5555
f 4834 4830 4772
f 4064 3350 4063
f 3596 3598 3597
f 5639 5648 5643
f 5434 5654 5658
f 4895 4830 4831
f 3674 3676 3675
f 3551 3978 3550
f 3835 3305 3306
f 3813 3702 3703
f 3691 4160 4157
f 4109 4101 4103
f 4565 4188 4564
f 3490 3547 3489
f 3672 3647 3673
f 8906 8912 8913
f 3810 3811 3734
f 4051 4397 4396
f 3566 4090 4088
f 5580 5476 5579
f 4456 5537 5538
f 5539 5546 5611
f 8844 8729 8843
f 8872 8874 8875
f 4383 4198 4195
f 4931 4927 4930
f 5529 5397 5396
f 5314 5323 5328
f 5347 5323 5324
f 4711 4599 4596
f 5387 5389 4696
f 5259 5292 5258
f 5195 4803 5126
f 5195 4746 4806
f 4639 4866 4685
f 4821 4681 4721
f 3421 5399 3260
f 4730 4601 4602
f 4807 4811 4786
f 4040 3421 3948
f 4844 4800 4797
f 3936 3929 3930
f 4894 4817 4823
f 5365 5383 5368
f 4657 4661 4658
f 5224 4770 4804
f 5368 5382 5380
f 5336 5352 5335
f 5353 5386 5363
f 4070 4454 4069
f 5396 3327 3328
f 5225 5312 4809
f 5384 5386 5385
f 5391 4695 4759
f 4735 4870 4630
f 4407 4409 4408
f 4623 4880 4706
f 5356 5352 5354
f 4578 4859 4577
f 3239 3217 3938
f 3937 3333 3939
f 4578 4534 4535
f 5467 4505 4452
f 4836 4826 4838
f 4422 5721 4421
f 3392 5556 5482
f 5564 5565 5547
f 3807 3663 3660
f 5922 4392 4281
f 3680 3692 3693
f 3630 3632 3631
f 4416 5725 4418
f 4033 3836 4176
f 3238 4168 3342
f 3466 3483 3484
f 3678 3650 3679
f 3677 3649 3650
f 3340 4431 3884
f 3562 5656 5655
f 5658 5938 5939
f 3642 3640 3641
f 3306 3334 3981
f 3256 3280 3281
f 8910 8892 8917
f 5868 5898 5859
f 8924 8922 8925
f 8935 8925 8931
f 8882 8913 8883
f 8925 8926 8924
f 8840 8936 5927
f 5852 5905 5907
f 5136 5124 5137
f 4243 4260 4242
f 5238 5228 5232
f 5642 5643 5644
f 3924 3928 3927
f 5412 5700 3888
f 3750 3751 3707
f 3746 3770 3769
f 3859 3861 3860
f 3972 3493 3494
f 5923 8861 5920
f 4945 4958 4959
f 3296 3286 3287
f 3824 3907 3823
f 3671 4154 4153
f 4137 5481 5482
f 3614 3802 3617
f 3283 3559 3290
f 4936 4934 4933
f 5511 5726 5514
f 4170 3926 3923
f 3572 3830 3826
f 3459 3858 3460
f 3496 4425 3495
f 3457 3436 3437
f 3984 3986 3985
f 3914 3386 4487
f 5512 5723 5511
f 4500 4483 4480
f 4501 4471 4472
f 4503 4505 4504
f 4143 4461 4490
f 3331 3222 3219
f 4016 4018 4017
f 3998 3776 3999
f 4114 5710 4113
f 4405 4406 4404
f 5602 5720 5719
f 4767 4804 4770
f 4929 4954 4928
f 4410 5665 5669
f 3888 5632 3887
f 4048 3977 3974
f 3947 3212 5652
f 5676 3472 3473
f 5782 5784 5783
f 4315 4311 4267
f 5699 5521 5493
f 5864 5825 5822
f 5826 5822 5823
f 5775 5805 5806
f 3236 3270 3271
f 5823 5859 5826
f 4957 4895 4917
f 8868 8865 8869
f 4281 3848 4280
f 4940 4971 4949
f 4013 4029 4043
f 3685 3701 3684
f 4339 4377 4391
f 8891 8872 8892
f 3753 3755 3754
f 4427 3220 3221
f 3809 3779 3780
f 3568 4418 3500
f 3880 3918 3805
f 3543 3842 3841
f 4646 4648 4647
f 4656 4597 4598
f 4781 4820 4784
f 4972 4974 4973
f 5101 5109 5120
f 5095 5115 5125
f 5090 5132 5093
f 5131 5134 5133
f 5134 5127 5135
f 5117 5140 5129
f 3539 3863 3595
f 4006 3792 4007
f 5128 5099 5124
f 5097 5089 5096
f 5274 5271 5259
f 4571 4569 4549
f 4225 4238 4224
f 5156 5170 5172
f 4538 4540 4537
f 4622 4665 4662
f 4981 5004 4980
f 5012 4975 5013
f 5148 5149 5157
f 5157 5133 5134
f 5161 5145 5160
f 4261 4242 4260
f 5294 5291 5268
f 4255 4532 4261
f 5274 5250 5251
f 4246 4207 4248
f 3314 3927 3912
f 4670 4672 4671
f 4995 4673 4986
f 4638 4603 4600
f 4341 4525 4340
f 5163 5165 5162
f 4834 4784 4819
f 4784 4682 4819
f 4844 4687 4688
f 5280 5275 5285
f 4217 4564 4188
f 4554 4556 4555
f 4551 4556 4594
f 4549 4544 4571
f 5141 5173 5175
f 4653 4683 4682
f 4973 4989 4988
f 4984 5015 4983
f 5177 5170 5178
f 5166 5181 5182
f 5141 5139 5138
f 5178 5151 5177
f 5244 5203 5245
f 5252 5245 5253
f 4479 4079 4493
f 4402 4404 4403
f 3500 4419 3499
f 5856 5909 5913
f 4488 3348 3349
f 8851 5885 5886
f 3607 5701 4098
f 3508 3503 3504
f 5847 5896 5894
f 4374 4309 4263
f 3380 4438 3379
f 9025 3553 3554
f 5718 4131 3973
f 3300 3283 3321
f 5551 3276 5552
f 5552 3369 5553
f 5555 5483 5557
f 5859 5896 5858
f 4133 3794 3915
f 3606 3652 3610
f 4900 4766 4691
f 4616 4789 4788
f 3738 4164 3757
f 4774 4642 4801
f 4399 3402 4175
f 5853 5795 5851
f 3936 4427 3935
f 3418 4064 4065
f 5510 3840 5514
f 3270 3279 3269
f 3274 4056 4055
f 4359 4305 4306
f 4135 3504 4111
f 3610 3609 3606
f 3837 3557 5425
f 5940 4401 5941
f 5853 5803 5847
f 5725 5515 5727
f 3246 4117 3245
f 5713 5672 5681
f 4918 4916 4915
f 4148 3771 5703
f 5106 5113 5111
f 4147 5709 4146
f 5152 5177 5151
f 9026 4111 4112
f 5104 5103 5112
f 3531 3485 3593
f 3713 3715 3714
f 3699 3815 3697
f 4467 4459 4478
f 4703 4736 4640
f 5405 3846 5406
f 3555 3963 3964
f 4120 5411 4119
f 4217 4185 4218
f 3279 5441 3269
f 4944 4959 4966
f 4353 4344 4357
f 3815 3716 4104
f 3374 4052 4051
f 4491 4516 4515
f 5865 5833 5866
f 5819 5856 5862
f 5807 5856 5808
f 3933 3281 3929
f 3208 3920 3919
f 8907 8902 8903
f 5288 5295 5287
f 3728 3747 3748
f 3309 4083 3336
f 5119 5101 5120
f 3811 3789 4002
f 3595 3992 3993
f 4106 4100 4107
f 5696 5576 3885
f 3708 3750 3707
f 3744 4165 4163
f 5905 5892 5906
f 3403 4175 3402
f 4133 3506 3507
f 4147 3544 3545
f 3561 3325 3324
f 3237 3239 3238
f 4877 4793 4794
f 3241 3243 3242
f 3597 3625 3596
f 3279 3281 3280
f 3371 3373 3372
f 3599 3567 3598
f 3975 4032 4031
f 3277 3250 3278
f 3774 3565 3773
f 3658 3780 3779
f 4961 4963 4960
f 3600 3616 4096
f 4228 4202 4199
f 4011 4318 4350
f 4307 4262 4308
f 4838 4841 4842
f 4782 4773 4743
f 4914 4946 4947
f 4839 4765 4836
f 4771 4645 4642
f 4962 4964 4963
f 4966 4963 4964
f 3601 3615 3600
f 5878 5879 5881
f 5890 5881 5889
f 3720 4158 3719
f 4755 4689 4663
f 3740 3718 3739
f 5695 5686 5714
f 5740 5742 5741
f 5733 5736 5749
f 5755 5750 5749
f 5745 5762 5740
f 5798 5800 5799
f 4706 4879 4705
f 5651 5619 5620
f 5850 5797 5772
f 5804 5806 5805
f 4087 5707 4086
f 5915 5914 5916
f 5703 4167 4148
f 5893 5896 5895
f 5892 5919 8858
f 5706 5664 4081
f 5786 5788 5787
f 3973 3841 3493
f 4831 4915 4916
f 5906 8858 8859
f 4965 4969 4964
f 4684 4846 4842
f 3589 3611 3604
f 3596 4150 4091
f 5877 5763 5745
f 4121 4123 4122
f 3469 3868 3502
f 3204 3208 3207
f 3716 3726 3727
f 5460 5426 3571
f 3465 3470 3464
f 5738 3764 3765
f 4887 4655 4888
f 4203 4205 4204
f 3959 4082 4089
f 5758 5886 5885
f 5781 5872 5780
f 4675 4723 4674
f 3757 5751 5732
f 3334 3272 3335
f 8880 5903 5911
f 5615 3473 5614
f 5759 5760 5743
f 8845 8848 8847
f 5778 5780 5779
f 8857 8849 8850
f 4132 3798 3859
f 5839 5841 5842
f 560 3187 559
f 5747 4007 3792
f 5928 8840 5927
f 5766 5768 5767
f 4848 4956 4847
f 4953 4967 4965
f 4832 4910 4915
f 5879 5888 5887
f 3598 3530 4095
f 5747 5730 5748
f 5754 5748 5730
f 5810 5812 5811
f 5758 5749 5736
f 4315 4387 4314
f 5917 5916 5918
f 5913 5910 5914
f 5930 8841 8840
f 4951 4968 4953
f 3209 3201 3202
f 4059 3246 3247
f 8731 8842 8841
f 3776 3585 3778
f 5770 5772 5771
f 5891 5893 5892
f 9028 5641 5439
f 5814 5816 5815
f 5662 5673 5661
f 3522 3524 3523
f 5630 5942 5496
f 5791 5795 5794
f 5746 3754 5876
f 5928 5931 5930
f 5743 5739 5742
f 5876 5875 5878
f 3678 9021 3686
f 4200 4207 4199
f 4114 3916 4149
f 3601 3605 3604
f 3818 3712 3817
f 3315 3317 3316
f 5899 5902 5901
f 8840 5883 8936
f 5562 5559 5560
f 4416 3448 4414
f 3189 3191 3190
f 4751 4747 4671
f 4181 4180 4177
f 3832 5454 5351
f 3362 3526 3361
f 5678 5699 5698
f 3497 3499 3498
f 448 807 447
f 647 122 270
f 5690 5677 5697
f 4183 4185 4184
f 1833 1780 1832
f 5920 5897 5923
f 510 508 507
f 4401 5944 5941
f 5656 5530 5936
f 3970 5940 4293
f 5653 5939 5946
f 5450 5946 5532
f 3384 5945 5487
f 4403 4299 5494
f 5944 3968 5949
f 3963 5951 3852
f 5614 3474 5935
f 5427 3857 5951
f 3210 1887 3201
f 1887 3200 3201
f 15 3197 3200
f 16 3195 3197
f 3195 3187 3194
f 3194 1899 3207
f 3207 375 3204
f 387 126 127
f 3189 1760 5650
f 9029 757 758
f 763 2172 2175
f 9035 9032 9033
f 9033 9031 9030
f 9046 9048 9047
f 8751 9054 8752
f 9078 9077 9079
f 9083 9051 9053
f 9088 9047 9048
f 9099 9040 9097
f 9102 9036 9099
f 9105 9032 9103
f 9105 9106 9031
f 1801 9108 9107
f 9103 9034 9102
f 9096 9047 9089
f 1767 9111 9112
f 1597 9113 1600
f 1708 9117 9116
f 9123 9119 9118
f 9118 9125 9124
f 1588 9116 1587
f 2080 9118 2082
f 2082 9124 2084
f 9126 9087 9083
f 9129 9088 9087
f 5512 5943 5947
f 5634 5488 5948
f 5724 5947 5616
f 9134 9097 9133
f 9144 9102 9138
f 9133 9096 9132
f 786 9144 785
f 9146 9103 9144
f 785 9138 497
f 497 9134 650
f 650 9133 564
f 9148 9133 9132
f 8756 9057 8753
f 9154 9130 9129
f 9151 9131 9130
f 9097 9090 9096
f 1799 9111 1768
f 5949 3964 3853
f 9160 8809 8811
f 8813 9160 8811
f 9166 564 9148
f 9067 9054 9052
f 9162 9148 9150
f 9087 9048 9051
f 9081 9079 9082
f 9049 9051 9048
f 9082 9167 9081
f 9079 9049 9046
f 9169 9175 9170
f 9167 9112 9081
f 9168 9177 9167
f 9120 9113 9177
f 9120 9169 9119
f 9119 9170 9125
f 9179 9125 9170
f 9180 9124 9125
f 9178 9170 9175
f 1576 2084 9124
f 9179 9183 9181
f 3203 1387 3190
f 3190 1791 3189
f 5618 1949 3210
f 317 259 391
f 2000 9105 9146
f 9053 9052 9054
f 9041 9036 9037
f 9029 756 2170
f 9037 9034 9035
f 9130 9089 9088
f 3204 376 3203
f 1801 9109 1799
f 9181 9180 9179
f 1575 9190 1088
f 9187 1576 9180
f 1776 1796 1775
f 1293 1290 1284
f 1326 1327 12
f 1294 1234 1290
f 878 1330 1337
f 5633 5490 5945
f 5933 3360 5502
f 5613 5948 5500
f 5604 3844 5720
f 3972 5950 5601
f 3494 4322 5950
f 4406 5615 4298
f 3492 4292 5943
f 5631 5495 5942
f 497 374 498
f 122 413 121
f 5624 3398 5416
f 9151 9156 9160
f 9058 8752 9054
f 9160 9150 9151
f 8815 9162 8813
f 9156 8794 8809
f 439 399 438
f 1512 1526 1511
f 1668 1738 1671
f 839 1362 838
f 1362 826 1012
f 3425 3418 4047
f 4905 5243 4808
f 4621 4662 4690
f 5582 5574 5577
f 4754 4756 4755
f 3902 4021 4022
f 9295 1896 9267
f 2053 2118 2117
f 9340 2120 2119
f 696 9268 9283
f 4922 4939 4924
f 4365 4186 4183
f 5105 4862 4670
f 5228 5226 5225
f 4781 4877 4794
f 5218 5238 5217
f 4990 4992 4991
f 4335 4336 4251
f 4993 4972 5002
f 4794 4792 4750
f 5886 8852 8851
f 5405 5417 5416
f 4669 4764 4668
f 4676 4698 4679
f 1826 639 640
f 9192 9181 9183
f 5232 5233 5204
f 5418 4122 5419
f 956 886 960
f 5720 3512 5717
f 4728 4730 4729
f 8879 8863 8862
f 1980 1922 807
f 4969 4966 4964
f 33 105 164
f 9028 3254 5437
f 3837 3839 3838
f 4382 4301 4383
f 3908 4122 4123
f 4290 4294 4291
f 4400 4055 4056
f 3219 3221 3220
f 8894 8877 8876
f 4640 4735 4630
f 4389 4216 4213
f 3267 4493 4451
f 3268 4463 4144
f 5097 5098 5088
f 5094 5096 5095
f 5654 5937 5938
f 4089 3960 3959
f 5159 5162 5160
f 5202 5249 5205
f 5412 5414 5413
f 5715 3516 5716
f 5723 4423 5726
f 4263 4323 4374
f 3994 3564 3774
f 1343 9308 9309
f 3470 5667 3464
f 5659 5671 5706
f 3319 4053 3299
f 9359 2128 9354
f 1766 1582 1594
f 14 2163 738
f 595 99 594
f 5703 3772 5702
f 5206 5229 5209
f 3437 3458 3457
f 5516 3487 5509
f 5122 5087 5123
f 3223 3934 3935
f 3979 5402 3978
f 3828 3320 3827
f 5663 4081 5664
f 4035 4490 4461
f 4426 5724 4425
f 3881 4447 4444
f 5407 4118 4119
f 5691 5689 5687
f 5661 5672 5671
f 5911 8901 8880
f 3902 3871 4046
f 5541 5539 5606
f 4069 5561 5562
f 3248 3292 3247
f 1346 1044 1352
f 748 1425 747
f 3297 3255 3934
f 5445 4056 5550
f 5783 5830 5831
f 4310 4376 4373
f 5857 5800 5802
f 3882 4452 3881
f 3193 3919 3951
f 3190 3206 3203
f 4266 4268 4267
f 4488 3420 4486
f 3331 3940 3330
f 4282 4284 4283
f 4606 4607 4605
f 4628 4708 4712
f 4659 4733 4658
f 4615 4829 4614
f 4718 4713 4717
f 5722 4421 5721
f 3307 3461 3433
f 4686 4634 4636
f 3966 3550 3978
f 4738 4875 4873
f 3416 3237 3341
f 4527 4208 4200
f 5093 5114 5092
f 5124 5086 5122
f 5117 5138 5139
f 4631 4640 4630
f 5166 5168 5167
f 5185 5187 5186
f 5194 5191 5171
f 3245 4118 9027
f 5214 5203 5200
f 3230 3318 3284
f 5237 5217 5238
f 5250 5258 5255
f 5113 5084 5085
f 5270 5269 5268
f 4906 5107 4768
f 5271 5267 5270
f 5276 5262 5263
f 5153 5174 5173
f 5290 5268 5291
f 5306 5303 5304
f 5147 5146 5143
f 4585 4856 4584
f 3226 5436 3225
f 4473 4504 4470
f 5765 8897 8895
f 4529 4247 4530
f 8923 8916 8917
f 5713 5682 5714
f 3315 3898 3322
f 5564 5537 5563
f 4468 4441 5466
f 3738 4163 4165
f 4577 4559 4560
f 5567 3366 3363
f 3587 4150 4151
f 5471 4504 4505
f 5860 5816 5817
f 3516 5558 5932
f 5436 5637 5437
f 5050 5083 5060
f 5547 3338 3339
f 9023 3295 4115
f 5708 4132 5711
f 4104 3814 3815
f 3718 4161 4162
f 5498 5679 5692
f 3884 4432 3883
f 3955 3877 3878
f 4049 4061 3977
f 8892 8875 8890
f 4572 4218 4569
f 4440 4442 4441
f 4497 3407 3408
f 4632 4633 4724
f 8906 8881 8902
f 5664 5670 5663
f 3751 3706 3707
f 3511 3736 3800
f 5129 5116 5117
f 5086 5098 5085
f 5135 5128 5136
f 5143 5145 5144
f 5168 5136 5137
f 5297 5246 5257
f 5164 5160 5162
f 5155 5171 5170
f 5137 5167 5168
f 5293 5307 5305
f 5513 4083 5515
f 4053 3825 4057
f 3228 3298 3227
f 3631 3635 3636
f 5689 5670 5693
f 5759 5883 5882
f 3793 3507 4134
f 4906 4891 4907
f 4719 4901 4720
f 3597 4095 4092
f 3352 4125 3262
f 9064 9058 9067
f 9076 9067 9077
f 9083 8794 9126
f 9131 9096 9089
f 9138 9099 9134
f 9154 9126 9156
f 9077 9052 9049
f 9053 8766 9083
f 9191 9187 9181
f 9082 9046 9193
f 9193 9168 9082
f 1284 1288 1285
f 9150 9132 9131
f 3841 3496 3493
f 3570 3336 4083
f 4027 4312 3258
f 4889 4781 4794
f 4041 4044 4043
f 4885 4813 4829
f 5419 3905 5430
f 4367 4227 4224
f 1778 1780 1779
f 1792 1584 1789
f 4308 3869 4307
f 4594 4762 4551
f 4767 4769 4768
f 5461 3366 3847
f 4763 4716 4720
f 4919 4915 4910
f 4300 4334 4333
f 5196 5198 5197
f 5158 5135 5136
f 5431 5433 5432
f 4545 4571 4544
f 4557 4594 4556
f 695 571 694
f 4156 3626 3694
f 4861 4670 4862
f 5681 5674 5682
f 5473 5580 5583
f 3622 4152 4151
f 5647 3574 3231
f 3674 3808 3649
f 4420 3498 3499
f 5675 5666 5674
f 3253 5439 3280
f 5870 5917 5912
f 8887 8919 8886
f 5862 5913 5915
f 3534 3485 3482
f 3313 4484 3312
f 9090 9046 9047
f 4871 4695 4855
f 3778 3822 3819
f 4889 4874 4875
f 4000 3784 4001
f 4897 4911 4910
f 3856 3838 3839
f 4772 4896 4771
f 4015 4376 4014
f 3433 3476 3435
f 4053 3302 3299
f 3367 3363 4434
f 3242 3831 3241
f 3441 4082 4081
f 4735 4855 4854
f 4756 4737 4689
f 3382 3384 3383
f 3698 3697 3682
f 4676 4678 4677
f 4948 4941 4944
f 4890 4805 4747
f 4757 4745 4737
f 4581 4380 4586
f 5716 5932 5597
f 4923 4926 4932
f 5077 5081 5076
f 5078 5058 5054
f 4009 5400 3952
f 5081 5078 5076
f 3930 4513 4514
f 4014 4028 4029
f 4025 4020 4021
f 3618 4096 3616
f 4581 4576 4580
f 4219 4188 4189
f 5440 3335 3272
f 5449 3323 3322
f 4229 4177 4202
f 4590 4214 4589
f 4227 4184 4226
f 4574 4858 4547
f 4565 5453 4563
f 4592 4588 4589
f 4590 4573 4579
f 3517 5521 3519
f 3845 3522 5423
f 4444 3884 3881
f 3982 5533 5535
f 4465 4497 4495
f 4520 4521 4496
f 4076 5591 5590
f 3635 3666 3634
f 3343 4498 5481
f 4022 3870 3871
f 3661 4098 3660
f 5691 5697 5692
f 3768 5742 5739
f 4514 3956 4518
f 3697 3814 3696
f 4394 5460 4395
f 4054 4057 4058
f 3284 3323 3559
f 4052 4169 4397
f 4447 4510 4446
f 4456 3346 4138
f 4483 3877 4482
f 4482 4512 4492
f 4492 4513 4516
f 5642 5439 5641
f 5448 5442 5440
f 5466 3882 3883
f 3340 4445 3339
f 8908 8910 8911
f 4397 3835 3980
f 5413 3521 5412
f 3234 3932 3233
f 5753 8895 8894
f 8896 5756 5755
f 8921 8889 8888
f 8915 8911 8916
f 3933 3935 3934
f 3620 3657 3623
f 3966 3968 3967
f 4905 4769 4770
f 3225 5437 3254
f 5433 3984 5435
f 5714 5693 5713
f 5435 3985 5436
f 3954 3955 3878
f 4713 4632 4724
f 4879 4632 4705
f 3983 3896 3897
f 9027 3248 3245
f 5871 5912 5904
f 5849 5891 5905
f 4702 4640 4641
f 4213 4579 4389
f 3644 3688 3689
f 9193 9040 9041
f 8920 8935 8919
f 5406 4130 4127
f 4140 5401 4139
f 5659 3904 5660
f 4772 4783 4834
f 4244 4246 4245
f 4061 4037 4038
f 3669 3803 3668
f 3459 3209 3202
f 4072 5484 4071
f 4835 4834 4819
f 5660 5661 5659
f 4262 4264 4263
f 3633 3627 3628
f 3685 3676 3686
f 4517 3235 3304
f 4145 4085 3544
f 5455 5459 3850
f 5638 5640 5641
f 3228 3254 3255
f 4044 3411 3412
f 3614 3612 3613
f 3273 3275 3274
f 4952 4961 4918
f 4959 4960 4963
f 4888 4761 4860
f 4254 4256 4255
f 4199 4201 4200
f 4499 4465 5480
f 5479 4496 4521
f 5952 5954 5955
f 5956 5958 5959
f 5959 5960 5961
f 5962 5964 5965
f 5966 5968 5969
f 5967 5971 5968
f 5963 5961 5960
f 5972 5964 5973
f 5974 5976 5977
f 5978 5980 5981
f 5982 5984 5985
f 5986 5985 5984
f 5988 5990 5991
f 5992 5994 5995
f 5996 5998 5999
f 6000 6002 6003
f 6004 6006 6007
f 6008 6010 6011
f 6012 6014 6015
f 6016 6018 6019
f 6020 6022 6023
f 6024 6026 6027
f 6028 6030 6031
f 6032 6034 6035
f 6036 6038 6039
f 6040 6013 6012
f 6042 6044 6045
f 5992 6047 5993
f 6048 6050 6051
f 6052 6054 6055
f 6056 6058 6059
f 6060 5987 5986
f 6062 6064 6065
f 6066 6068 6069
f 6070 6027 6026
f 6072 6057 6056
f 6075 6077 6074
f 6078 6080 6081
f 6082 6054 6084
f 6085 6081 6086
f 6087 5990 6088
f 6061 6089 5987
f 6089 6091 6092
f 6092 6093 6094
f 6095 5981 6096
f 6062 6084 6063
f 6097 6035 6034
f 6056 6099 6072
f 6100 6102 6103
f 6001 6104 6105
f 6107 6109 6106
f 6110 6112 6113
f 6114 6025 6115
f 6116 6118 6119
f 6120 6122 6123
f 6124 6126 6127
f 6128 6101 6100
f 6039 6131 6036
f 6132 6134 6135
f 6136 6138 6003
f 6139 6141 6142
f 6143 6145 6146
f 6148 6150 6147
f 6152 6154 6151
f 6155 6157 6158
f 6159 6161 6162
f 6163 6165 6166
f 6167 6169 6170
f 6171 6173 6174
f 6175 6104 6177
f 6178 6180 6181
f 6023 6183 6020
f 6184 6186 6187
f 6117 6188 6189
f 6190 6192 6193
f 6194 6026 6114
f 6195 6191 6190
f 6197 6199 6200
f 6201 6203 6204
f 6205 6207 6208
f 6209 6201 6204
f 6197 6211 6212
f 6212 6213 6214
f 5979 6214 6213
f 6203 6217 6204
f 6206 6198 6207
f 6218 5962 6219
f 5965 6219 5962
f 5972 3354 6221
f 6070 6222 6223
f 6224 6226 6227
f 6228 6230 6231
f 6232 6234 6235
f 6196 6236 6237
f 6071 6223 6238
f 6239 6241 6242
f 6243 6245 6246
f 6247 6248 6249
f 6250 6252 6253
f 6254 6256 6257
f 6258 6260 6261
f 6229 6263 6230
f 6264 6242 6241
f 6266 6268 6269
f 6270 6272 6273
f 6274 6276 6277
f 6195 6279 6236
f 6280 6281 6282
f 6283 6285 6286
f 6123 6287 6288
f 6289 6291 6292
f 6293 6243 6295
f 6240 6297 6241
f 6298 6267 6266
f 6300 6302 6303
f 6304 6306 6307
f 6251 6308 6309
f 6247 6311 6312
f 6313 6315 6316
f 6314 6317 6318
f 6319 6320 6321
f 6322 6088 6323
f 6216 6258 6217
f 6325 6327 6328
f 6217 6261 6329
f 6330 6238 6331
f 6071 6048 6027
f 6015 6333 6012
f 6079 6335 6080
f 6336 6240 6239
f 6294 6296 6240
f 6337 6339 6340
f 6341 6343 6344
f 6345 6347 6348
f 6266 6349 6298
f 6350 6352 6353
f 6295 6246 6354
f 6303 6356 6300
f 6357 6359 6360
f 6361 6363 6364
f 6365 6353 6366
f 6367 6369 6370
f 6371 6370 6372
f 6372 6374 6371
f 6375 6373 6376
f 6376 6378 6375
f 6379 6381 6382
f 6383 6385 6386
f 6387 6389 6390
f 6391 6393 6394
f 6395 6397 6398
f 6398 6400 6395
f 6399 6402 6400
f 6403 6401 6404
f 6405 6407 6408
f 6409 6411 6412
f 6367 6413 6414
f 6374 6415 6416
f 6417 6384 6383
f 6419 6348 6347
f 6421 6423 6424
f 6425 6400 6402
f 6426 6395 6400
f 6393 6428 6429
f 6429 6394 6393
f 6390 6431 6432
f 6433 6408 6407
f 6435 6437 6438
f 6439 6411 6438
f 6392 6441 6442
f 6397 6442 6443
f 6401 6444 6445
f 6446 6437 6404
f 6448 6450 6451
f 6452 6454 6455
f 6442 6456 6457
f 6443 6457 6458
f 6444 6460 6461
f 6445 6461 6462
f 6463 6462 6465
f 6446 6462 6464
f 6466 6468 6469
f 6448 6470 6471
f 6453 6472 6473
f 6474 6476 6477
f 6478 6480 6481
f 6482 6484 6485
f 6486 6488 6489
f 6490 6492 6493
f 6493 6494 6495
f 6496 6498 6499
f 6500 6502 6503
f 6504 6506 6507
f 6508 6509 6510
f 6511 6513 6508
f 6499 6515 6496
f 6516 6518 6519
f 6520 6522 6523
f 6524 6525 6526
f 6507 6527 6504
f 6504 6528 6510
f 6528 6508 6510
f 6529 6531 6532
f 6342 6534 6343
f 6535 6346 6536
f 6347 6537 6419
f 6434 6539 6408
f 6539 6405 6408
f 6541 6451 6450
f 6543 6470 6545
f 6546 6481 6547
f 6499 6548 6549
f 6549 6514 6499
f 6551 6553 6554
f 6555 6557 6558
f 6403 6423 6559
f 6426 6413 6416
f 6415 6428 6427
f 6430 6561 6562
f 6434 6420 6419
f 6563 6565 6566
f 6404 6445 6446
f 6459 6399 6398
f 6455 6388 6387
f 6405 6449 6406
f 6540 6450 6405
f 6567 6568 6569
f 6570 6463 6567
f 6475 6490 6465
f 6458 6571 6572
f 6573 6574 6575
f 6576 6578 6579
f 6193 6580 6581
f 6582 6584 6585
f 6583 6586 6587
f 6588 6587 6586
f 6590 6068 6591
f 6592 6594 6319
f 6251 6595 6252
f 6304 6597 6598
f 6272 6599 6273
f 3737 6558 6557
f 6600 6160 6601
f 6123 6603 6120
f 6604 6606 6607
f 6608 6208 6609
f 5972 6220 5965
f 6610 6612 6556
f 6613 6615 6616
f 6242 6618 6239
f 6226 6245 6227
f 6620 6622 6623
f 6624 6146 6625
f 6626 6211 6136
f 6627 6629 6630
f 6631 6633 6634
f 6235 6636 6232
f 6637 6639 6640
f 6641 6286 6642
f 6643 6645 6646
f 6647 6649 6650
f 6244 6294 6336
f 6336 6652 6244
f 6194 6237 6222
f 6196 6114 6191
f 6115 6191 6114
f 6653 6655 6656
f 6657 6189 6658
f 6117 6659 6118
f 6130 6156 6131
f 6133 6151 6134
f 6661 6662 6660
f 6663 6616 6552
f 6664 6273 6665
f 6418 6432 6431
f 6290 6328 6291
f 6666 6556 6612
f 6557 3805 3737
f 5971 6668 5968
f 6181 6670 6178
f 6671 6673 6674
f 6676 6672 6675
f 6675 6149 6676
f 6067 5999 5998
f 6677 6679 6680
f 6681 6683 6684
f 6087 6090 6089
f 5983 6685 6686
f 5982 6687 6685
f 6094 6688 6687
f 6211 6137 6136
f 6689 6691 6692
f 6690 3833 3832
f 6001 6686 6002
f 5978 6215 5979
f 6694 5978 6095
f 5974 6095 6695
f 6183 6696 6697
f 6698 5961 6218
f 5959 6699 5956
f 6697 6700 6701
f 6702 6703 6704
f 5968 6705 5969
f 6706 5955 5954
f 6707 6617 6708
f 6024 6709 6710
f 6402 6559 6425
f 3852 6712 3853
f 3856 6593 3857
f 5977 6694 5974
f 6713 5977 5976
f 6714 6716 6717
f 6718 6308 6250
f 6720 6254 6721
f 6722 6724 6725
f 6312 6726 6727
f 6069 6728 6729
f 6319 6730 6086
f 6731 6644 6732
f 6732 6734 6731
f 6046 6320 6047
f 3880 6666 6735
f 6736 6738 6739
f 6531 6741 6326
f 6300 6614 6613
f 6742 6325 6290
f 6743 3891 3890
f 6744 6301 6745
f 6746 6534 6533
f 6536 6579 6535
f 6535 6563 6537
f 6566 6537 6563
f 6538 6409 6539
f 6412 6539 6409
f 6412 6541 6540
f 6748 6542 6541
f 6749 6545 6542
f 6568 6547 6543
f 6751 6548 6546
f 6753 6550 6549
f 6755 6757 6758
f 6759 6761 6762
f 6763 6765 6762
f 6764 6623 6765
f 6766 6768 6769
f 6770 6772 6773
f 6774 6776 6777
f 6021 6777 6022
f 6723 6779 6724
f 6780 6782 6783
f 6784 6786 6787
f 6788 6790 6791
f 6185 6793 6186
f 6794 6725 6795
f 6729 6098 6097
f 6135 6798 6132
f 6799 6065 6800
f 6037 6802 6038
f 6005 6588 6586
f 6005 6804 6006
f 6052 6010 6805
f 6586 6803 6005
f 6092 5987 6089
f 6094 5985 6092
f 6096 6695 6095
f 6082 6799 6585
f 6657 6041 6659
f 6013 6658 6014
f 6795 6807 6808
f 6809 6811 6812
f 6813 6815 6816
f 6817 6819 6820
f 6821 6823 6824
f 6329 6204 6217
f 6202 6826 6203
f 6072 6827 6828
f 6598 6305 6304
f 6301 6613 6663
f 6830 6271 6270
f 6822 6778 6823
f 6326 6832 6327
f 6203 6833 6216
f 6027 6051 6024
f 6360 6835 6357
f 6836 6838 6839
f 6837 6841 6838
f 6362 6366 6363
f 6380 6384 6381
f 6421 6578 6842
f 6566 6410 6409
f 6394 6388 6391
f 6414 6368 6367
f 6371 6416 6413
f 6561 6378 6382
f 6382 6562 6561
f 6381 6418 6562
f 6389 6430 6431
f 6391 6454 6441
f 6441 6453 6456
f 6456 6473 6574
f 6495 6750 6568
f 6843 6485 6484
f 6844 6843 6846
f 6573 6847 6848
f 6849 6487 6486
f 6513 6752 6469
f 6517 6850 6503
f 6521 6851 6850
f 6844 6852 6853
f 6505 6510 6509
f 6753 6512 6754
f 6516 6521 6517
f 6614 6854 6615
f 6742 4003 3891
f 6708 6855 6856
f 6307 6857 6858
f 6307 6665 6304
f 6414 6425 6559
f 6416 6427 6426
f 6562 6431 6430
f 6419 6538 6434
f 6358 6839 6359
f 6059 6859 6860
f 6861 6863 6864
f 6865 6867 6868
f 6115 6869 6870
f 6871 6873 6874
f 6721 6596 6875
f 6876 6556 6555
f 6877 6552 6551
f 6551 6268 6877
f 6879 6265 6269
f 6239 6651 6336
f 6230 6619 6226
f 6171 6669 6880
f 6106 6882 6881
f 6883 6822 6821
f 6759 6187 6174
f 6725 6785 6807
f 6885 6808 6791
f 6886 6888 6031
f 6701 6756 6755
f 6884 6779 6822
f 6715 6309 6308
f 6889 6890 6891
f 6743 4042 6892
f 6270 6893 6830
f 6386 6895 6383
f 6895 6420 6896
f 6897 6417 6896
f 6897 6407 6898
f 6390 6899 6387
f 6900 6406 6449
f 6455 6901 6452
f 6902 6904 6471
f 6482 6905 6483
f 6501 6907 6502
f 6496 6908 6909
f 6532 6326 6325
f 6532 6743 6529
f 6612 6735 6666
f 6611 6910 6612
f 6626 5979 6213
f 6704 6105 6702
f 6913 6591 6914
f 6915 6795 6885
f 6229 4067 4066
f 6263 6289 6619
f 6745 6663 6877
f 6916 6757 6917
f 6885 6165 6915
f 6920 6783 6919
f 6921 6923 6924
f 6925 6924 6926
f 6927 6929 6930
f 6931 6933 6934
f 6935 6937 6938
f 6939 6941 6942
f 6943 6945 6946
f 6947 6949 6950
f 6944 6951 6952
f 6953 6955 6956
f 6957 6959 6960
f 6961 6929 6963
f 6964 6966 6967
f 6968 6970 6971
f 6969 6955 6970
f 6972 6946 6973
f 6974 6976 6977
f 6978 6980 6981
f 6940 6982 6983
f 6984 6986 6987
f 6988 6990 6991
f 6992 6989 6993
f 6994 6996 6997
f 6998 7000 7001
f 7002 7004 7005
f 7006 7008 7009
f 7010 7012 7013
f 7014 7016 7017
f 7018 6999 6998
f 7020 7022 7023
f 7024 7026 7027
f 7028 7030 7031
f 7032 7034 7035
f 7003 7036 7037
f 7038 7040 7027
f 6993 7030 7041
f 7042 7044 7045
f 7046 7007 7006
f 7011 7048 7049
f 7050 7052 7053
f 7054 7014 7055
f 7015 7056 7057
f 6621 7045 7044
f 7049 6775 6774
f 7051 6021 6020
f 7055 6701 7054
f 7054 6755 7056
f 6764 7047 7046
f 7020 7059 7013
f 7060 7062 7063
f 6958 7065 6959
f 6925 7067 6973
f 7068 6934 6926
f 7069 6991 7070
f 7071 7072 7073
f 7074 7076 7077
f 7078 7080 7081
f 7014 7082 7083
f 7084 7086 7087
f 7025 7031 7026
f 7085 7072 7088
f 7089 7087 7090
f 7055 7083 7091
f 7090 6770 6773
f 7092 7094 7095
f 7091 6697 7055
f 6770 7086 6758
f 7095 6767 6766
f 7096 6980 7097
f 7098 6940 7099
f 7058 7023 7100
f 7101 6930 7102
f 6974 7063 6967
f 7103 6971 7104
f 7105 6981 6977
f 7106 7036 7108
f 7109 7010 7110
f 7111 7018 7034
f 7098 7037 7100
f 7048 7112 6775
f 7113 7041 6997
f 6994 7115 7088
f 6965 6923 6966
f 6975 6945 6976
f 7061 7065 7062
f 6954 6933 6963
f 6763 7109 7047
f 7046 6620 6764
f 6947 7067 6956
f 6758 7056 6755
f 7118 7039 7038
f 7038 7070 7118
f 7106 7121 7122
f 7123 7053 7052
f 7123 7083 7082
f 7045 7006 7042
f 7107 7122 7009
f 7091 7052 7051
f 7091 6020 6183
f 6936 7097 6937
f 7125 6960 7102
f 6774 7050 7049
f 7119 6942 7039
f 7019 7005 6999
f 7011 7124 7012
f 7021 7040 7022
f 7114 7016 7115
f 7053 7049 7050
f 7086 7057 7056
f 6993 7127 6992
f 7075 7113 7076
f 4281 6603 7128
f 6012 7129 6040
f 7130 6584 7131
f 6797 7133 6798
f 6074 7135 6075
f 6789 6173 6790
f 6760 6776 6761
f 7136 6801 6589
f 6914 6674 6913
f 7007 7059 7008
f 7099 7003 7098
f 6984 7104 6938
f 7110 7047 7109
f 6333 6587 7129
f 5956 6667 5971
f 5957 5971 5970
f 7137 6308 6719
f 4292 6718 6250
f 6693 6668 6215
f 6215 6667 6214
f 6214 6699 6212
f 6698 6212 6699
f 6219 6198 6218
f 6207 6220 6208
f 6220 6609 6208
f 6262 4066 4003
f 7138 7140 7141
f 4298 7140 4299
f 7143 7145 7146
f 7147 7144 7149
f 7149 7151 7147
f 7150 7153 7151
f 6329 7154 7152
f 6261 7155 7154
f 7156 7157 7158
f 6598 7159 7160
f 6257 7161 7162
f 6256 4321 7161
f 6693 6706 6705
f 5954 6705 6706
f 5953 5969 5954
f 7163 5983 6912
f 7164 6138 7166
f 7167 7169 7170
f 6141 7172 6142
f 7166 7173 7164
f 6141 7174 7175
f 7176 7178 7179
f 7180 7182 7183
f 7184 7186 7187
f 6631 7183 7188
f 6218 6197 6698
f 6625 7189 6624
f 6814 7190 7191
f 6882 7193 7194
f 7195 6109 6108
f 6888 7198 7199
f 7200 7202 7203
f 7176 6630 7204
f 6029 7187 6030
f 7205 7207 7208
f 7209 7211 7212
f 7203 7213 7214
f 6886 6778 6723
f 6031 7215 6886
f 7216 7218 7219
f 7220 6880 6669
f 6076 7220 7222
f 6074 6672 6671
f 6147 6662 7223
f 7223 6111 6110
f 6810 6113 6112
f 6920 6914 6591
f 6077 6675 6672
f 6660 6076 6661
f 7222 6669 6181
f 7224 6181 6180
f 6660 6150 6675
f 7225 6794 6915
f 6783 7225 6164
f 6781 6068 6067
f 7217 7228 7218
f 6031 7199 6028
f 6887 6723 6722
f 6164 6915 6165
f 6780 6591 6068
f 7134 6671 6914
f 7229 6824 6823
f 7187 7230 7229
f 7226 6722 6794
f 7231 6169 7233
f 7201 7233 7202
f 6107 7235 7200
f 7215 6823 6778
f 6030 7229 7215
f 7236 7219 7179
f 7237 6820 6819
f 7237 7207 7238
f 7239 7241 7242
f 6739 7244 6736
f 7245 7242 7246
f 7233 6168 7247
f 7247 7202 7233
f 7195 7203 7214
f 7248 7250 6703
f 7227 7252 7228
f 7253 5998 7251
f 6067 7198 6781
f 6781 7197 6782
f 5984 6683 5986
f 7254 6678 6684
f 6679 7252 5997
f 6887 7197 6888
f 6782 7226 7225
f 7135 6163 7221
f 7221 6075 7135
f 6661 7222 7224
f 7224 6111 6661
f 6180 6112 7224
f 6179 6810 6180
f 6811 6793 6649
f 6650 6622 6769
f 6766 7044 7095
f 7095 7043 7092
f 7092 7121 7081
f 7078 7255 7033
f 7256 7257 7258
f 6768 7259 6647
f 6773 7094 7090
f 7090 7093 7089
f 7089 7080 7073
f 7071 7032 7260
f 7077 6998 7074
f 6995 7260 6996
f 7077 7261 7035
f 7035 7018 7077
f 7108 7111 7255
f 6978 7262 7001
f 7105 7264 7262
f 7263 6952 7264
f 6990 6951 7265
f 6972 7266 7265
f 7117 6950 7266
f 6948 7267 6949
f 6969 6982 7267
f 7103 6987 6983
f 7005 6986 7268
f 6999 7268 7000
f 7269 7271 7272
f 7274 7275 7273
f 7274 7276 7277
f 7278 7280 7281
f 7282 7284 7285
f 7286 7288 7289
f 7290 7292 7293
f 7294 7296 7293
f 7068 7298 7299
f 7300 7302 7303
f 7304 7305 7306
f 7307 7305 7308
f 7309 7283 7310
f 7311 7313 7314
f 7125 7306 7315
f 7285 7280 7282
f 7277 7303 7302
f 6965 7316 7317
f 7318 7316 7319
f 7320 7271 7314
f 7312 7296 7313
f 7270 7298 7322
f 7311 7322 7317
f 6961 7300 7308
f 7323 7325 7326
f 7327 7328 7329
f 7064 7325 7328
f 7287 7292 7288
f 6931 7299 7301
f 7331 7329 7319
f 7332 7334 7335
f 7336 7338 7339
f 7340 7333 7332
f 7342 7343 7344
f 7345 7347 7344
f 7348 7350 7351
f 7352 7354 7355
f 7356 7358 7359
f 7360 7362 7363
f 7365 7367 7364
f 7368 7370 7371
f 7372 7336 7374
f 7373 7337 7336
f 7367 7376 7377
f 7378 7380 7381
f 7382 7384 7385
f 7386 7385 7384
f 7388 7390 7391
f 7392 7333 7393
f 7394 7396 7397
f 7398 7400 7401
f 7402 7404 7405
f 7406 7408 7409
f 7410 7383 7382
f 7412 7414 7415
f 7385 7417 7382
f 7389 7419 7390
f 7373 7421 7375
f 7420 7372 7422
f 7369 7424 7370
f 7399 7397 7425
f 7393 7341 7342
f 7398 7357 7426
f 7358 7401 7427
f 7428 7430 7431
f 7433 7435 7432
f 7363 7436 7437
f 7383 7439 7384
f 7411 7438 7383
f 7441 7443 7444
f 7445 7339 7447
f 7374 7339 7446
f 7444 7364 7448
f 7448 7450 7449
f 7364 7451 7450
f 7451 7377 7452
f 7449 7454 7453
f 7455 7450 7451
f 7456 7451 7452
f 7410 7458 7459
f 7460 7462 7369
f 7423 7462 7463
f 7464 7466 7467
f 7468 7347 7470
f 7376 7471 7472
f 7425 7396 7473
f 7475 7477 7474
f 7478 7480 7481
f 7482 7407 7406
f 7484 7351 7486
f 7487 7488 7489
f 7490 7492 7493
f 7412 7434 7433
f 7494 7434 7415
f 7496 7391 7497
f 7440 7498 7499
f 7401 7488 7500
f 7485 7345 7501
f 7500 7427 7401
f 7395 7469 7468
f 7503 7505 7506
f 7507 7509 7510
f 7511 7513 7514
f 7511 7515 7516
f 7517 7519 7520
f 7521 7523 7355
f 7352 7525 7526
f 7415 7527 7494
f 7528 7530 7486
f 7404 7502 7500
f 7477 7496 7532
f 7512 7481 7513
f 7405 7500 7488
f 7533 7535 7536
f 7378 7510 7537
f 7532 7379 7538
f 7539 7541 7542
f 7524 7355 7523
f 7351 7501 7348
f 7414 7523 7527
f 7522 7527 7523
f 7544 7412 7545
f 7546 7547 7548
f 7526 7353 7352
f 7550 7355 7354
f 7521 7551 7548
f 7552 7548 7551
f 7546 7553 7554
f 7522 7548 7547
f 7418 7520 7555
f 7416 7554 7417
f 7457 7558 7458
f 7557 7560 7558
f 7535 7561 7562
f 7562 7563 7564
f 7564 7349 7348
f 7351 7565 7486
f 7567 7569 7566
f 7570 7520 7519
f 7419 7555 7571
f 7572 7348 7501
f 7389 7556 7418
f 7573 7493 7480
f 7552 7534 7553
f 7562 7536 7535
f 7572 7576 7574
f 7422 7578 7420
f 7423 7580 7424
f 7579 7463 7581
f 7578 7576 7582
f 7583 7381 7380
f 7586 7581 7585
f 7533 7579 7586
f 7447 7338 7587
f 7588 7531 7589
f 7590 7431 7591
f 7321 7592 7585
f 7275 7463 7273
f 7461 7276 7462
f 7279 7461 7453
f 7453 7593 7279
f 7594 7454 7455
f 7330 7498 7459
f 7459 7294 7330
f 7558 7595 7295
f 7560 7320 7595
f 7275 7585 7581
f 7462 7273 7463
f 7596 7380 7497
f 7597 7406 7409
f 7467 7599 7600
f 7601 7603 7604
f 7605 7444 7443
f 7365 7606 7366
f 7607 7494 7608
f 7513 7473 7396
f 7396 7514 7513
f 7514 7468 7515
f 7470 7515 7468
f 7610 7609 7470
f 7612 7476 7475
f 7613 7529 7614
f 7442 7615 7616
f 7343 7617 7618
f 7574 7577 7536
f 7619 7399 7491
f 7518 7509 7519
f 7491 7425 7492
f 7549 7621 7565
f 7491 7622 7619
f 7377 7440 7452
f 7379 7497 7380
f 7453 7460 7449
f 7411 7459 7498
f 7623 7391 7390
f 7625 7610 7484
f 7487 7483 7626
f 7619 7408 7489
f 7627 7620 7549
f 7538 7378 7537
f 7389 7477 7476
f 7629 7412 7433
f 7489 7407 7487
f 7628 7598 7597
f 7413 7524 7414
f 7592 7559 7630
f 7584 7632 7381
f 7569 7633 7571
f 7570 7566 7569
f 7631 7566 7632
f 7508 7519 7509
f 7614 7480 7613
f 7346 7470 7347
f 7572 7562 7564
f 7571 7634 7419
f 7346 7484 7610
f 7607 7431 7495
f 7585 7630 7586
f 7624 7497 7391
f 7635 7384 7439
f 7636 7502 7588
f 7323 7310 7289
f 7420 7582 7421
f 7637 7455 7456
f 7287 7499 7498
f 7458 7295 7294
f 7439 7472 7635
f 7599 7604 7600
f 7359 7427 7636
f 7436 7639 7437
f 7490 7640 7622
f 7481 7493 7473
f 7641 7505 7525
f 7642 7627 7644
f 7492 7473 7493
f 7517 7625 7530
f 7625 7486 7530
f 7634 7390 7419
f 7474 7532 7516
f 7448 7441 7444
f 7368 7449 7460
f 7615 7368 7371
f 7638 7602 7639
f 7575 7501 7345
f 7571 7570 7569
f 7400 7489 7488
f 7508 7632 7566
f 7503 7540 7539
f 6957 7315 7326
f 7376 7438 7377
f 7507 7381 7632
f 7499 7452 7440
f 7286 7456 7499
f 7504 7644 7505
f 7368 7460 7369
f 7645 7627 7643
f 7647 7633 7646
f 7647 7623 7634
f 7649 7623 7648
f 7650 7624 7649
f 7646 7568 7651
f 7651 7567 7652
f 7653 7567 7631
f 7651 7655 7646
f 7656 7658 7659
f 7660 7657 7661
f 7663 7656 7662
f 7664 7663 7666
f 7667 7663 7662
f 7667 7668 7655
f 7663 7661 7657
f 7670 7672 7669
f 7661 7671 7660
f 7659 7662 7656
f 7648 7668 7659
f 7648 7673 7649
f 7659 7674 7673
f 7658 7675 7674
f 7668 7646 7655
f 7660 7676 7675
f 7675 7678 7674
f 7677 7676 7679
f 7677 7681 7678
f 7682 7678 7681
f 7677 7684 7680
f 7673 7678 7683
f 7683 7649 7673
f 7685 7671 7670
f 7667 7686 7666
f 7666 7687 7664
f 7654 7686 7655
f 7689 7686 7688
f 7664 7691 7690
f 7650 7583 7596
f 7693 7631 7584
f 7584 7692 7693
f 7693 7682 7694
f 7694 7681 7695
f 7694 7653 7693
f 7650 7682 7692
f 7696 7652 7653
f 7654 7652 7697
f 7688 7697 7698
f 7699 7697 7696
f 7700 7698 7699
f 7695 7696 7694
f 7699 7702 7700
f 7689 7698 7701
f 7689 7703 7704
f 7705 7707 7703
f 7701 7705 7703
f 7704 7707 7685
f 7685 7691 7704
f 7687 7704 7691
f 7680 7695 7681
f 7684 7702 7680
f 7702 7705 7700
f 7684 7707 7706
f 7676 7707 7679
f 7665 7672 7661
f 7670 7690 7691
f 7665 7690 7669
f 7611 7474 7609
f 7510 7479 7478
f 7511 7537 7512
f 7516 7538 7511
f 7517 7613 7518
f 7537 7478 7512
f 7611 7612 7475
f 7613 7479 7518
f 7556 7517 7520
f 7516 7609 7474
f 7708 7710 7711
f 7712 7714 7715
f 7713 7717 7714
f 7719 7721 7718
f 7722 7597 7409
f 7724 7715 7725
f 7726 7728 7729
f 7731 7573 7730
f 7730 7614 7732
f 7733 7735 7736
f 7721 7724 7737
f 7731 7409 7640
f 7708 7729 7738
f 7737 7709 7739
f 7716 7736 7740
f 7742 7744 7745
f 7740 7735 7746
f 7717 7740 7747
f 7716 7720 7741
f 7748 7711 7710
f 7750 7710 7725
f 7720 7751 7741
f 7734 7728 7735
f 7709 7725 7710
f 7752 7715 7714
f 7739 7708 7738
f 7720 7712 7721
f 7749 7755 7711
f 7745 7756 7747
f 7746 7742 7745
f 7743 7755 7754
f 7727 7735 7728
f 7747 7757 7717
f 7753 7725 7715
f 7751 7620 7733
f 7757 7714 7717
f 7718 7737 7732
f 7747 7746 7745
f 7727 7755 7742
f 7726 7711 7755
f 7759 7756 7758
f 7759 7752 7757
f 7760 7753 7752
f 7761 7750 7753
f 7758 7744 7763
f 7763 7743 7764
f 7754 7764 7743
f 7763 7767 7758
f 7768 7770 7771
f 7772 7771 7773
f 7775 7772 7774
f 7776 7775 7778
f 7779 7775 7774
f 7775 7769 7768
f 7770 7781 7780
f 7782 7772 7773
f 7760 7782 7773
f 7760 7783 7761
f 7773 7784 7783
f 7770 7784 7771
f 7779 7782 7767
f 7782 7758 7767
f 7785 7780 7786
f 7785 7788 7784
f 7787 7786 7789
f 7787 7791 7788
f 7792 7788 7791
f 7787 7794 7790
f 7793 7784 7788
f 7762 7783 7793
f 7796 7780 7795
f 7795 7781 7797
f 7779 7798 7778
f 7799 7778 7798
f 7766 7798 7767
f 7800 7799 7798
f 7802 7799 7803
f 7795 7802 7803
f 7762 7748 7750
f 7805 7754 7749
f 7749 7804 7805
f 7805 7792 7806
f 7806 7791 7807
f 7806 7765 7805
f 7793 7804 7762
f 7808 7764 7765
f 7766 7764 7809
f 7766 7810 7800
f 7811 7809 7808
f 7812 7810 7811
f 7807 7808 7806
f 7811 7814 7812
f 7813 7800 7810
f 7801 7815 7816
f 7817 7819 7815
f 7813 7817 7815
f 7816 7819 7796
f 7796 7803 7816
f 7799 7816 7803
f 7790 7807 7791
f 7794 7814 7790
f 7814 7817 7812
f 7794 7819 7818
f 7786 7819 7789
f 7777 7781 7769
f 7777 7802 7797
f 7528 7718 7529
f 7729 7723 7722
f 7738 7730 7739
f 7732 7739 7730
f 7733 7628 7734
f 7722 7738 7729
f 7621 7719 7528
f 7628 7723 7734
f 7733 7741 7751
f 7732 7529 7718
f 7486 7621 7528
f 7549 7350 7353
f 7353 7349 7354
f 7354 7563 7550
f 7821 7823 7820
f 7824 7826 7827
f 7825 7829 7826
f 7830 7832 7833
f 7834 7827 7835
f 7836 7838 7839
f 7840 7406 7841
f 7841 7598 7842
f 7843 7845 7846
f 7833 7834 7847
f 7848 7836 7839
f 7847 7821 7849
f 7828 7846 7850
f 7853 7855 7852
f 7850 7845 7856
f 7829 7850 7857
f 7828 7832 7851
f 7858 7823 7822
f 7860 7822 7835
f 7831 7851 7832
f 7844 7838 7845
f 7834 7822 7821
f 7863 7827 7826
f 7849 7820 7848
f 7825 7833 7832
f 7859 7866 7823
f 7855 7867 7857
f 7837 7855 7856
f 7865 7852 7866
f 7837 7845 7838
f 7857 7868 7829
f 7864 7835 7827
f 7843 7642 7504
f 7868 7826 7829
f 7830 7847 7842
f 7857 7856 7855
f 7837 7866 7852
f 7836 7823 7866
f 7870 7867 7869
f 7870 7863 7868
f 7871 7864 7863
f 7872 7860 7864
f 7869 7854 7874
f 7874 7853 7875
f 7876 7853 7865
f 7874 7878 7869
f 7879 7881 7882
f 7883 7882 7884
f 7886 7883 7885
f 7887 7886 7889
f 7890 7886 7885
f 7886 7880 7879
f 7891 7880 7892
f 7884 7885 7883
f 7871 7893 7884
f 7871 7894 7872
f 7884 7895 7894
f 7882 7896 7895
f 7890 7893 7878
f 7893 7869 7878
f 7881 7897 7896
f 7898 7895 7896
f 7900 7896 7897
f 7901 7899 7898
f 7904 7902 7903
f 7898 7905 7901
f 7894 7899 7904
f 7904 7872 7894
f 7907 7891 7906
f 7906 7892 7908
f 7890 7909 7889
f 7910 7889 7909
f 7877 7909 7878
f 7912 7909 7911
f 7887 7914 7913
f 7906 7913 7914
f 7873 7858 7860
f 7916 7865 7859
f 7859 7915 7916
f 7916 7903 7917
f 7917 7902 7918
f 7917 7876 7916
f 7873 7903 7915
f 7919 7875 7876
f 7877 7875 7920
f 7911 7920 7921
f 7922 7920 7919
f 7923 7921 7922
f 7918 7919 7917
f 7922 7925 7923
f 7924 7911 7921
f 7912 7926 7927
f 7928 7930 7926
f 7924 7928 7926
f 7927 7930 7907
f 7907 7914 7927
f 7910 7927 7914
f 7901 7918 7902
f 7905 7925 7901
f 7925 7928 7923
f 7905 7930 7929
f 7897 7930 7900
f 7888 7892 7880
f 7888 7913 7908
f 7645 7831 7830
f 7839 7862 7931
f 7841 7848 7840
f 7842 7849 7841
f 7504 7844 7843
f 7839 7840 7848
f 7643 7861 7831
f 7503 7862 7844
f 7846 7861 7843
f 7842 7645 7830
f 7932 7934 7935
f 7936 7938 7939
f 7937 7941 7938
f 7942 7944 7945
f 7947 7949 7946
f 7950 7939 7951
f 7953 7955 7952
f 7956 7958 7959
f 7956 7540 7960
f 7962 7964 7961
f 7936 7965 7945
f 7946 7958 7957
f 7966 7952 7955
f 7965 7933 7967
f 7968 7969 7964
f 7970 7972 7973
f 7974 7964 7963
f 7941 7968 7975
f 7940 7944 7969
f 7976 7935 7934
f 7978 7934 7951
f 7943 7969 7944
f 7947 7963 7962
f 7933 7951 7934
f 7980 7939 7938
f 7967 7932 7966
f 7937 7945 7944
f 7977 7983 7935
f 7973 7984 7975
f 7953 7973 7974
f 7982 7970 7983
f 7974 7954 7953
f 7975 7985 7941
f 7981 7951 7939
f 7961 7544 7545
f 7985 7938 7941
f 7942 7965 7960
f 7975 7974 7973
f 7952 7970 7953
f 7952 7935 7983
f 7987 7984 7986
f 7987 7980 7985
f 7988 7981 7980
f 7989 7978 7981
f 7986 7972 7991
f 7991 7971 7992
f 7993 7971 7982
f 7986 7994 7995
f 7997 7999 7996
f 8000 7999 8001
f 8003 8000 8002
f 8005 8006 8004
f 8007 8003 8002
f 7996 8005 7997
f 7998 8009 8008
f 8010 8000 8001
f 7988 8010 8001
f 7988 8011 7989
f 8011 7999 8012
f 7998 8012 7999
f 8007 8010 7995
f 8010 7986 7995
f 8013 8008 8014
f 8015 8012 8013
f 8017 8013 8014
f 8018 8016 8015
f 8021 8019 8020
f 8015 8022 8018
f 8011 8016 8021
f 8021 7989 8011
f 8023 8014 8008
f 8023 8009 8025
f 8007 8026 8006
f 8026 8004 8006
f 8028 7995 7994
f 8029 8026 8028
f 8030 8027 8031
f 8023 8030 8031
f 7990 7976 7978
f 8033 7982 7977
f 7976 8033 7977
f 8034 8032 8020
f 8035 8020 8019
f 8034 7993 8033
f 7990 8020 8032
f 8036 7992 7993
f 7991 8037 7994
f 7994 8038 8028
f 8039 8037 8036
f 8040 8038 8039
f 8035 8036 8034
f 8039 8042 8040
f 8041 8028 8038
f 8029 8043 8044
f 8045 8047 8043
f 8041 8045 8043
f 8044 8047 8024
f 8024 8031 8044
f 8027 8044 8031
f 8042 8019 8018
f 8022 8042 8018
f 8042 8045 8040
f 8017 8046 8022
f 8014 8047 8017
f 8005 8009 7997
f 8005 8030 8025
f 7506 7943 7942
f 7954 7946 7955
f 7967 7957 7956
f 7960 7967 7956
f 7948 7962 8048
f 7955 7957 7966
f 7641 7979 7943
f 7969 7961 7964
f 7960 7506 7942
f 7362 8050 7436
f 8052 7464 8051
f 8051 7467 8053
f 8054 7600 7604
f 8056 7618 8052
f 7436 8057 7638
f 8049 7361 8056
f 8057 7603 7638
f 8055 7467 7600
f 8058 7604 7603
f 8059 8058 8057
f 8060 8054 8058
f 8061 8055 8054
f 8062 8053 8055
f 8059 8050 8064
f 8064 8049 8065
f 8056 8065 8049
f 8059 8067 8068
f 8069 8071 8072
f 8073 8072 8074
f 8075 8073 8076
f 8077 8075 8076
f 8075 8070 8069
f 8079 8081 8070
f 8082 8070 8081
f 8083 8073 8074
f 8061 8083 8074
f 8061 8084 8062
f 8074 8085 8084
f 8072 8086 8085
f 8077 8083 8068
f 8083 8059 8068
f 8071 8087 8086
f 8088 8085 8086
f 8090 8086 8087
f 8091 8089 8088
f 8094 8092 8093
f 8088 8095 8091
f 8084 8089 8094
f 8094 8062 8084
f 8097 8082 8096
f 8096 8081 8080
f 8077 8098 8078
f 8099 8078 8098
f 8101 8068 8067
f 8102 8098 8101
f 8100 8104 8103
f 8096 8103 8104
f 8075 8100 8079
f 8079 8103 8080
f 8105 8053 8063
f 8066 8052 8106
f 8051 8106 8052
f 8107 8105 8093
f 8108 8093 8092
f 8107 8066 8106
f 8063 8093 8105
f 8109 8065 8066
f 8064 8110 8067
f 8067 8111 8101
f 8112 8110 8109
f 8113 8111 8112
f 8108 8109 8107
f 8112 8115 8113
f 8114 8101 8111
f 8102 8116 8117
f 8118 8120 8116
f 8114 8118 8116
f 8117 8120 8097
f 8097 8104 8117
f 8099 8117 8104
f 8091 8108 8092
f 8095 8115 8091
f 8115 8118 8113
f 8095 8120 8119
f 8087 8120 8090
f 7550 7561 7551
f 7552 7561 7535
f 7931 7539 7542
f 7640 7408 7622
f 7549 7644 7627
f 7525 7544 7641
f 7931 7482 7840
f 7483 7542 7541
f 7626 7405 7487
f 7629 7432 8121
f 7629 7949 7948
f 8122 7949 8121
f 8123 8121 7432
f 8124 7432 7435
f 7434 8125 7435
f 8125 8124 7435
f 8124 7429 8126
f 8123 8126 8127
f 8122 8127 8128
f 7541 7959 8128
f 7404 8129 7531
f 8125 7431 7430
f 7526 7505 7644
f 7626 7541 8128
f 7959 8122 8128
f 7961 8048 7962
f 7629 8048 7545
f 8127 7626 8128
f 7402 8126 7403
f 8129 8126 7429
f 7428 8129 7429
f 7589 7428 7590
f 7471 7366 7606
f 7334 7426 7357
f 7335 7357 7356
f 7616 7446 7445
f 7392 7398 7426
f 7393 7397 7392
f 7342 7394 7393
f 7344 7469 7342
f 7343 7361 7360
f 7360 7344 7343
f 7363 7345 7360
f 7437 7575 7363
f 7582 7437 7639
f 7421 7639 7602
f 7375 7602 7601
f 7599 7375 7601
f 7465 7618 7617
f 7332 7587 7340
f 7447 7335 7445
f 7445 7356 7616
f 7359 7616 7356
f 7636 7442 7359
f 7588 7443 7636
f 7589 7605 7588
f 7590 7606 7589
f 7471 7591 7472
f 7446 7371 7374
f 7371 7372 7374
f 7422 7370 7424
f 7577 7424 7580
f 7536 7580 7533
f 7591 7635 7472
f 7607 7386 7635
f 7543 7494 7527
f 7547 7543 7522
f 7608 7387 7386
f 7387 7416 7385
f 7457 7382 7417
f 7557 7417 7554
f 7559 7554 7553
f 7630 7553 7534
f 7534 7586 7630
f 7466 7337 7599
f 7465 7338 7466
f 7617 7587 7465
f 7341 7617 7343
f 8130 6090 8131
f 6023 8132 8133
f 6182 8133 6784
f 6623 6792 6185
f 6787 6182 6784
f 8134 6696 6787
f 6917 6756 8135
f 6762 7112 6763
f 6762 6184 6759
f 6765 6185 6184
f 6650 6768 6647
f 6772 6916 7259
f 6777 6789 6788
f 6022 6788 8132
f 6756 8134 8135
f 6758 6771 6770
f 6761 6775 7112
f 6769 6621 6766
f 6772 6767 6773
f 6174 6760 6759
f 6187 6178 6670
f 6811 6648 6812
f 6786 6724 6779
f 6791 6918 6885
f 6186 6179 6178
f 6808 8133 8132
f 6884 8135 8134
f 6174 6670 6171
f 6807 6784 8133
f 6791 8132 6788
f 6786 8134 6787
f 6790 6172 6918
f 6649 6792 6650
f 6316 8136 6717
f 8137 6654 8138
f 8139 6601 6160
f 6656 6580 6870
f 6868 8142 6865
f 6316 6711 6313
f 6864 8144 6861
f 6864 8145 6860
f 6868 6869 6710
f 6656 6866 6653
f 8146 8148 8149
f 8139 8151 6640
f 8152 6866 6865
f 8154 8138 6654
f 6874 8156 8157
f 8158 8159 6805
f 8160 6865 8142
f 8161 6313 6711
f 6161 8162 8163
f 8164 6654 6653
f 8153 6653 6866
f 8165 8167 8168
f 8166 8169 8167
f 5989 8170 8169
f 5988 8171 8170
f 8172 6043 6042
f 8174 6032 6035
f 8174 6098 8176
f 8176 6796 8177
f 8177 8178 8179
f 7132 6728 7133
f 6589 8180 7136
f 8180 6004 8181
f 8181 6007 8182
f 6334 6731 6734
f 6079 6645 6731
f 6078 6646 6645
f 6085 8184 6646
f 6091 8185 6093
f 6086 8183 6085
f 6950 7118 7070
f 6952 6992 7127
f 6983 6968 7103
f 6987 7004 7099
f 7001 6979 6978
f 7001 7074 6998
f 7262 7075 7074
f 7264 7127 7075
f 7265 6943 6972
f 7265 6991 6990
f 7266 7070 6991
f 6949 7119 7118
f 7267 6939 7119
f 6983 7099 6940
f 7268 6985 8186
f 7000 8186 6979
f 6938 6985 6984
f 6946 6922 6921
f 6956 6948 6947
f 6971 6928 6927
f 6970 6954 6928
f 6973 6921 6925
f 6977 7263 7105
f 6981 7061 7060
f 6973 7117 6972
f 7097 6979 8186
f 7104 6927 7101
f 6977 7060 6974
f 6976 6944 7263
f 6956 7066 6953
f 6937 8186 6985
f 6938 7101 6935
f 6924 7116 7297
f 6926 7297 7068
f 6930 6962 7304
f 6934 6953 7066
f 6960 6936 6935
f 6963 6928 6954
f 6967 6975 6974
f 7063 7327 7331
f 6959 7096 6936
f 6926 7066 6925
f 7102 7304 7125
f 6967 7331 6964
f 6966 6922 6975
f 7062 7064 7327
f 6963 6932 6961
f 7102 6935 7101
f 7299 7269 8187
f 7301 6932 6931
f 7306 7285 7284
f 7308 6962 6961
f 7315 7284 7309
f 7317 7312 7311
f 7319 6964 7331
f 7322 7297 7116
f 7317 7116 6965
f 7308 7303 7307
f 7326 6958 6957
f 7329 7291 7290
f 7328 7324 7291
f 7301 8187 7302
f 7319 7290 7318
f 7326 7309 7323
f 7272 7321 7275
f 7272 8187 7269
f 7274 7302 8187
f 7281 7307 7303
f 7283 7593 7594
f 7289 7324 7323
f 7293 7330 7294
f 7293 7318 7290
f 7310 7594 7637
f 7314 7595 7320
f 7282 7279 7593
f 7278 7277 7276
f 7314 7270 7311
f 7313 7295 7595
f 7288 7291 7324
f 7289 7637 7286
f 6003 6626 6136
f 6003 7165 6000
f 6690 8189 6691
f 6686 5981 5980
f 6685 6096 5981
f 6687 6806 6096
f 6002 5980 6626
f 6606 5351 5350
f 7164 8190 8191
f 8192 7174 8193
f 6015 8153 8152
f 6189 8155 8154
f 8157 6284 6283
f 6332 8152 8160
f 6593 6317 8161
f 6658 8154 8164
f 6014 8164 8153
f 6332 7131 6333
f 6805 6321 6052
f 6146 8162 6625
f 6607 8195 6604
f 8196 6125 8197
f 8198 7168 8199
f 8199 6633 8200
f 7177 8201 7178
f 8202 8204 8205
f 7208 7185 7205
f 7237 7186 7208
f 6819 7230 7237
f 6818 6824 6819
f 8206 6821 6818
f 8207 8135 8208
f 6917 8209 6916
f 8209 7259 6916
f 8210 6647 7259
f 6812 8212 7258
f 6809 7258 7257
f 6809 8213 6113
f 6113 8214 6110
f 7235 6110 8214
f 7223 7234 6147
f 6147 8215 6148
f 6148 8216 6153
f 8218 6158 8217
f 8219 6116 6119
f 6284 6116 6285
f 6188 8156 8155
f 8155 6873 8138
f 8138 6872 8137
f 8137 8148 6581
f 6193 6281 6190
f 6190 6278 6195
f 8220 8222 8223
f 8224 7139 7138
f 6223 8226 8227
f 6237 8228 8229
f 6238 8227 8230
f 6249 8231 8232
f 6253 8233 8234
f 6236 8221 8228
f 6331 8230 8235
f 6252 8236 8233
f 6222 8229 8226
f 6828 8237 8238
f 6280 8240 8241
f 8208 6883 8206
f 6648 8211 8212
f 6143 8242 8243
f 6624 8244 8242
f 8245 8247 8248
f 8249 8251 8252
f 7195 8254 7196
f 7214 8253 7195
f 8256 7214 7213
f 7243 8257 7244
f 7210 8257 7211
f 8259 6102 8260
f 8261 6121 8262
f 8178 8263 8179
f 7132 8264 8263
f 6797 8265 8264
f 6135 8266 8265
f 6134 8267 8266
f 6151 8268 8267
f 6154 8270 8268
f 8269 8272 8270
f 7194 8273 8274
f 7193 8275 8273
f 8249 8260 8276
f 8248 8278 8245
f 6129 8279 8280
f 7169 8197 6125
f 8198 8192 8197
f 7171 7175 7173
f 6589 7129 6587
f 6801 6040 7129
f 6037 6041 6040
f 6036 6659 6041
f 6131 6118 6659
f 6156 6119 6118
f 8218 6119 6155
f 8219 6815 6642
f 7191 6641 6814
f 8246 7189 7191
f 8245 8281 8282
f 8280 6288 6287
f 6125 7170 7169
f 6288 6602 6123
f 6126 6604 8195
f 8196 6605 6604
f 7174 6691 8189
f 6691 6139 6692
f 7171 8283 7172
f 7172 8284 6142
f 6139 8284 6692
f 8285 8287 8288
f 8211 8289 8286
f 8290 8292 8289
f 8293 8291 8290
f 8293 8208 8295
f 8296 8298 8295
f 6818 8296 8206
f 8285 7258 8212
f 7243 7212 7211
f 7243 8300 8299
f 8301 6739 6738
f 8302 7213 7247
f 8303 7247 6168
f 8304 6168 6167
f 6738 8297 8301
f 8288 6167 6170
f 8304 8291 8305
f 8305 8294 6737
f 6737 8306 8305
f 6736 8307 8306
f 8243 8308 8309
f 8242 8282 8308
f 8247 7191 7190
f 7196 8251 7192
f 8253 8311 8254
f 8255 8310 8253
f 8313 8255 8256
f 7244 8313 8307
f 8313 8258 8312
f 8312 8314 8310
f 8315 8310 8314
f 8311 8316 8252
f 8282 8317 8308
f 8308 8261 8309
f 8309 8262 8318
f 8248 8275 8276
f 8282 8246 8245
f 8307 8256 8302
f 8306 8302 8303
f 8305 8303 8304
f 8298 6737 8294
f 8287 8304 6167
f 7253 7199 7198
f 8319 6028 7199
f 8320 6029 6028
f 8321 7184 6029
f 8322 7185 7184
f 8203 7205 7185
f 8202 7206 7205
f 7239 7210 7209
f 7251 8319 7253
f 7227 8320 8319
f 7217 8321 8320
f 7216 8322 8321
f 7236 8203 8322
f 6175 8200 7204
f 7165 8191 6177
f 6137 7166 6138
f 6200 8283 6137
f 6199 8284 8283
f 8284 6205 6692
f 6205 6689 6692
f 6689 5485 3833
f 7009 8323 7107
f 7013 7021 7020
f 7017 7029 7028
f 7013 7110 7010
f 7073 7084 7089
f 7081 7093 7092
f 7082 7028 7025
f 7088 6995 6994
f 7088 7057 7085
f 7122 7043 7042
f 7124 7024 7126
f 7082 7024 7123
f 7009 7042 7006
f 7012 7126 7021
f 7115 7015 7057
f 7008 7058 8323
f 7081 7120 7078
f 7073 7079 7071
f 6997 7076 7113
f 7023 6942 6941
f 7027 7069 7038
f 7031 6989 6988
f 7079 7033 7032
f 7037 7107 8323
f 7027 7126 7024
f 7041 7029 7114
f 7026 6988 7069
f 7100 6941 7098
f 7108 7002 7019
f 7100 8323 7058
f 6997 7114 6994
f 7022 7039 6942
f 7111 7033 7255
f 7035 7260 7032
f 7261 6996 7260
f 7108 7120 7106
f 7245 8258 7210
f 7246 8314 7245
f 7181 8316 7182
f 8277 6129 8278
f 8278 8280 8281
f 6287 8281 8280
f 6122 8317 6287
f 5487 6144 5488
f 5489 6162 5490
f 6637 8325 8326
f 8326 8225 8224
f 5494 8225 5495
f 6160 8150 8139
f 5496 8151 5497
f 8163 6162 6161
f 6146 8327 8163
f 8243 6144 6143
f 8328 8309 8318
f 8318 5501 5500
f 8262 5502 5501
f 8329 8331 8332
f 8333 8335 8336
f 8338 6007 8337
f 8329 8339 8340
f 8341 6734 8330
f 6006 8337 6007
f 8342 6804 6800
f 6065 8339 8343
f 5995 8341 8340
f 6918 6166 6165
f 7221 6166 6880
f 6172 6880 6166
f 8344 5955 6713
f 5519 5975 5520
f 6806 8346 6695
f 6646 8347 6643
f 8165 8349 6323
f 6322 8131 6090
f 8345 6688 8351
f 6695 5975 5974
f 5976 5528 6713
f 5529 8131 5530
f 6643 8352 8168
f 8183 5532 8184
f 5534 8130 5529
f 6730 5533 8183
f 8351 6093 8185
f 5535 6594 3856
f 8353 6652 6651
f 8354 8355 8356
f 8357 6825 6202
f 8359 6202 6201
f 6224 8356 8360
f 6275 8362 6276
f 6201 7143 8359
f 7146 8359 7143
f 8357 8363 8364
f 8355 8366 8367
f 8361 8368 8362
f 8356 8367 8369
f 8370 8372 7142
f 8220 7145 8374
f 6275 6228 6231
f 5558 6228 6274
f 8375 8367 8366
f 8362 8376 8377
f 8378 8380 8381
f 8363 8382 8383
f 8384 8381 8385
f 8382 8386 8385
f 8383 8364 8363
f 6226 6231 6230
f 6231 8361 6275
f 6636 8389 8379
f 6635 8388 6636
f 8390 5576 5575
f 8379 6232 6636
f 8378 6233 6232
f 8384 8371 6233
f 8372 8393 7141
f 7138 8239 8224
f 8224 8394 8326
f 8146 8394 6282
f 6638 8326 8394
f 6340 6299 6298
f 6747 6577 6576
f 6344 6346 6345
f 6342 6355 6303
f 6353 6349 6297
f 6337 6369 8395
f 6360 6328 6327
f 6358 6386 6385
f 6364 6293 6295
f 6362 6376 6373
f 6366 6297 6296
f 6350 6372 6370
f 6533 6303 6302
f 6534 6346 6343
f 6744 6533 6302
f 6536 6747 6576
f 6357 6894 6386
f 6341 6832 6355
f 6839 6292 6291
f 6837 6380 6379
f 6838 6354 6292
f 6361 6377 6376
f 6363 6296 6293
f 6365 6373 6372
f 6359 6291 6328
f 6836 6385 6380
f 6481 6902 6544
f 6484 6501 6500
f 6477 6487 6474
f 6849 6492 6491
f 6494 6467 6466
f 6547 6544 6543
f 6750 6546 6547
f 6494 6751 6750
f 6843 6500 6846
f 6845 6575 6843
f 6489 6847 6853
f 6474 6491 6490
f 6483 6906 6501
f 6493 6465 6490
f 6471 6544 6902
f 6472 6485 6473
f 6476 6461 6460
f 6470 6542 6545
f 6570 6569 6749
f 6495 6463 6493
f 6475 6462 6461
f 6572 6477 6476
f 6574 6457 6456
f 6569 6543 6545
f 6575 6473 6485
f 6471 6901 6448
f 6469 6508 6513
f 6498 6479 6478
f 6503 6518 6517
f 6489 6505 6486
f 6467 6509 6468
f 6546 6498 6478
f 6549 6752 6753
f 6752 6466 6469
f 6503 6846 6500
f 6850 6844 6846
f 6507 6852 6525
f 6486 6509 6849
f 6502 6909 6518
f 6858 6664 6307
f 8396 6611 6610
f 6833 6324 6216
f 8399 6825 8400
f 6831 8401 8402
f 6707 6826 8399
f 8398 6890 6324
f 6858 8404 6554
f 8405 6610 6876
f 6830 6553 8401
f 8397 6911 6611
f 8400 8358 8365
f 8358 8364 8406
f 8406 8387 8407
f 8389 8380 8379
f 8389 8409 8377
f 8388 8410 8409
f 5575 8410 8390
f 6665 8411 6875
f 8412 6720 6721
f 8413 5601 6720
f 8411 8413 8412
f 6262 6290 6263
f 5602 8414 5604
f 6599 3735 5605
f 7141 7142 8372
f 8393 8241 8240
f 8227 7147 7151
f 8229 8374 7148
f 8230 7151 7153
f 8232 8415 8416
f 8234 8417 8418
f 8221 8374 8228
f 8235 7153 8419
f 8233 8420 8417
f 8226 7148 7147
f 8238 8421 8422
f 7141 8240 7138
f 6581 6655 8137
f 6640 8140 8139
f 6710 8141 6868
f 6717 6712 6316
f 6860 8143 6864
f 6870 6867 6656
f 6717 6726 6714
f 6870 6192 6115
f 6860 6050 6059
f 6710 6025 6024
f 6639 6871 8140
f 6640 8324 6637
f 6581 8147 6193
f 5615 6234 8370
f 7144 8374 7145
f 7144 6210 7149
f 7150 6210 6209
f 7152 6209 6329
f 7152 8419 7153
f 7154 8421 8419
f 7158 8415 8422
f 7160 8420 8416
f 7162 8418 8417
f 7161 5616 8418
f 8370 6233 8371
f 8373 7146 7145
f 8392 8386 8223
f 8391 8372 8371
f 5617 6713 5528
f 5973 3355 5972
f 8345 5619 8346
f 3880 6910 5621
f 8351 5620 8345
f 8346 5520 5975
f 5621 6911 5623
f 5622 8185 5534
f 8150 5497 8151
f 8423 8425 8426
f 8427 6519 8428
f 8429 8431 8432
f 6523 8433 6526
f 8434 8436 8437
f 8438 8434 8439
f 8438 6511 6528
f 8441 8424 8423
f 8427 8430 8429
f 8444 8445 8446
f 8447 8424 8448
f 8449 8444 8450
f 8451 8430 8452
f 8453 8454 8455
f 8456 8437 8453
f 8439 8456 8457
f 8448 8442 8458
f 8452 8443 8449
f 8425 8459 8446
f 8460 8462 8463
f 8464 8466 8467
f 8468 8470 8471
f 8472 8474 8475
f 8476 8478 8479
f 8480 8482 8483
f 8484 8486 8487
f 8485 8489 8486
f 8490 8481 8480
f 8492 8494 8495
f 8495 8496 8497
f 8498 8500 8501
f 8502 8500 8503
f 8504 8506 8507
f 8508 8510 8511
f 8513 8511 8512
f 8507 8514 8515
f 8516 8518 8519
f 8520 8516 8521
f 8522 8524 8525
f 8526 8522 8525
f 8528 8530 8531
f 8532 8529 8533
f 8534 8536 8537
f 8538 8534 8537
f 8464 8481 8465
f 8483 8541 8480
f 8542 8484 8467
f 8487 8540 8483
f 8488 8542 8544
f 8545 8486 8489
f 8481 8466 8465
f 8547 8489 8490
f 8548 8493 8471
f 8549 8502 8492
f 8551 8494 8548
f 8497 8552 8495
f 8469 8499 8470
f 8547 8497 8498
f 8469 8503 8500
f 8501 8550 8545
f 8460 8507 8461
f 8552 8506 8505
f 8554 8510 8463
f 8549 8505 8509
f 8554 8512 8511
f 8513 8550 8508
f 8461 8515 8462
f 8557 8513 8514
f 8558 8519 8479
f 8559 8527 8518
f 8521 8558 8561
f 8553 8517 8520
f 8477 8524 8478
f 8520 8557 8553
f 8476 8525 8477
f 8527 8556 8522
f 8563 8528 8475
f 8564 8531 8565
f 8533 8563 8566
f 8562 8530 8532
f 8473 8536 8474
f 8559 8532 8535
f 8472 8537 8473
f 8560 8539 8564
f 8463 8555 8554
f 8544 8467 8466
f 8470 8548 8471
f 8475 8566 8563
f 8479 8561 8558
f 8484 8483 8482
f 8490 8488 8491
f 8503 8492 8502
f 8498 8496 8499
f 8504 8509 8505
f 8515 8513 8512
f 8519 8527 8526
f 8521 8523 8520
f 8528 8539 8538
f 8533 8535 8532
f 8467 8482 8464
f 8487 8546 8543
f 8544 8491 8488
f 8480 8547 8490
f 8493 8468 8471
f 8495 8549 8492
f 8551 8499 8496
f 8501 8547 8498
f 8460 8510 8504
f 8508 8549 8509
f 8555 8515 8512
f 8506 8557 8514
f 8519 8476 8479
f 8517 8559 8518
f 8561 8524 8521
f 8522 8557 8523
f 8475 8538 8472
f 8567 8531 8530
f 8566 8536 8533
f 8560 8535 8534
f 8442 8568 8569
f 6512 8568 6754
f 8570 8571 8572
f 8426 6514 8423
f 8428 8443 8427
f 6522 8432 6523
f 8437 8433 8454
f 6524 8435 6527
f 6528 8435 8438
f 8423 6550 8441
f 8429 6516 8427
f 6515 8445 6908
f 8441 6754 8568
f 8570 8569 8568
f 8440 6512 6511
f 8569 8458 8442
f 8574 8572 8571
f 8572 8573 8569
f 8453 8577 8456
f 8576 8455 8578
f 8452 8580 8451
f 8573 8582 8458
f 8575 8581 8573
f 8584 8575 8574
f 8571 8457 8574
f 8439 8440 8438
f 8585 8587 8588
f 8587 8590 8588
f 8589 8592 8590
f 8591 8594 8592
f 8593 8596 8594
f 8595 8598 8596
f 8599 8586 8585
f 8601 8600 8599
f 8603 8602 8601
f 8605 8598 8597
f 8607 8604 8603
f 8609 8608 8607
f 8611 8610 8609
f 8606 8612 8611
f 8613 8589 8587
f 8614 8591 8589
f 8615 8593 8591
f 8616 8595 8593
f 8617 8597 8595
f 8619 8617 8616
f 8620 8618 8617
f 8620 8623 8621
f 8624 8626 8627
f 8626 8622 8627
f 8620 8628 8622
f 8622 8629 8627
f 8627 8630 8624
f 8632 8634 8631
f 8636 8633 8635
f 8637 8636 8635
f 8639 8632 8640
f 8633 8641 8635
f 8635 8642 8637
f 8642 8644 8637
f 8645 8637 8644
f 8586 8613 8587
f 8600 8646 8586
f 8616 8648 8619
f 8615 8649 8648
f 8613 8649 8614
f 8651 8613 8646
f 8647 8651 8646
f 8652 8654 8651
f 8602 8647 8600
f 8655 8652 8647
f 8656 8653 8652
f 8653 8659 8654
f 8658 8661 8659
f 8644 8663 8645
f 8664 8662 8665
f 8661 8666 8659
f 8666 8654 8659
f 8667 8651 8654
f 8668 8597 8618
f 8669 8618 8621
f 8670 8621 8623
f 8671 8623 8626
f 8671 8625 8672
f 8625 8673 8672
f 8636 8675 8634
f 8638 8674 8636
f 8645 8676 8638
f 8645 8678 8677
f 8679 8660 8658
f 8657 8658 8653
f 8583 8648 8649
f 8650 8583 8649
f 8667 8581 8650
f 8666 8582 8667
f 8664 8681 8666
f 8682 8665 8683
f 8684 8643 8642
f 8684 8641 8579
f 8639 8579 8641
f 8580 8640 8578
f 8629 8576 8630
f 8604 8655 8602
f 8608 8686 8604
f 8610 8687 8608
f 8612 8688 8610
f 8605 8689 8612
f 8690 8668 8669
f 8691 8689 8690
f 8692 8688 8691
f 8693 8687 8692
f 8656 8686 8693
f 8694 8669 8670
f 8695 8690 8694
f 8696 8691 8695
f 8697 8692 8696
f 8657 8693 8697
f 8697 8679 8657
f 8696 8698 8697
f 8696 8700 8699
f 8694 8700 8695
f 8670 8701 8694
f 8702 8671 8672
f 8701 8703 8700
f 8703 8699 8700
f 8699 8705 8698
f 8698 8680 8679
f 8672 8706 8702
f 8675 8707 8708
f 8674 8709 8707
f 8709 8677 8710
f 8677 8711 8710
f 8712 8710 8711
f 8702 8714 8703
f 8713 8714 8715
f 8707 8716 8717
f 8717 8713 8715
f 8710 8716 8709
f 8708 8717 8715
f 8546 8599 8543
f 8546 8603 8601
f 8550 8603 8545
f 8556 8607 8550
f 8560 8609 8556
f 8564 8611 8560
f 8565 8606 8564
f 8565 8596 8598
f 8567 8594 8596
f 8562 8592 8594
f 8553 8590 8592
f 8590 8541 8588
f 8540 8588 8541
f 8543 8585 8540
f 8684 8450 8685
f 8579 8449 8684
f 8682 8448 8681
f 8447 8683 8459
f 8681 8458 8582
f 8628 8619 8718
f 8584 8619 8648
f 8628 8577 8629
f 8457 8577 8718
f 8574 8718 8584
f 7134 6919 7135
f 6164 6919 6783
f 5485 6609 5921
f 3832 8188 6690
f 5921 6221 3354
f 5922 7128 6607
f 6439 8720 6440
f 8720 6570 6749
f 6570 8721 6464
f 6439 8721 8719
f 6727 6057 6312
f 6312 6073 6247
f 6828 6073 6072
f 6877 6267 6745
f 6745 6299 6744
f 6891 6305 6889
f 6338 6746 6339
f 6438 6410 6435
f 6412 6440 6748
f 6564 6424 6565
f 6842 6577 8395
f 6889 6829 7156
f 6579 6564 6563
f 6435 6565 6424
f 8722 6306 6891
f 8723 6058 6727
f 6269 6878 6879
f 7160 6829 6598
f 8724 8143 8725
f 8238 6248 6828
f 6339 6744 6299
f 8395 6338 6337
f 6879 8404 8726
f 8422 8231 8238
f 8725 6859 8723
f 8416 7157 7160
f 6059 6049 6056
f 6330 6049 6048
f 7156 6259 6889
f 6269 6264 6266
f 6297 6264 6241
f 6340 6351 6337
f 6368 8395 6369
f 6422 6559 6423
f 6436 6404 6437
f 6447 6438 6437
f 6424 6436 6435
f 6331 6099 6330
f 6422 6842 6368
f 8722 6856 8726
f 8141 6862 8142
f 6265 6617 6242
f 6324 6259 6258
f 7158 6260 7156
f 6709 6863 8141
f 8235 6827 6331
f 6298 6352 6340
f 6370 6351 6350
f 6891 8403 8722
f 8419 8237 8235
f 6051 8145 6709
f 8422 7155 7158
f 8721 6446 6464
f 6748 8720 6749
f 8727 6011 8194
f 8158 8144 8724
f 6009 6861 8144
f 6008 6862 6861
f 8142 8727 8160
f 6554 6893 6858
f 6833 6708 8398
f 6708 8403 8398
f 5623 6892 4042
f 8406 8365 8358
f 8407 8366 8406
f 8377 8408 8389
f 8397 6530 6529
f 6651 8400 8353
f 8402 6616 6615
f 6618 8399 6651
f 6554 6878 6551
f 8396 6854 6530
f 8401 6552 6616
f 6892 6529 6743
f 8353 8365 8355
f 8377 6276 8362
f 8409 6277 6276
f 8410 5932 6277
f 8726 6857 8722
f 8726 6855 6879
f 7234 6106 8215
f 8279 6127 6288
f 8354 6227 6652
f 6246 6619 6289
f 8239 6282 8394
f 8162 6286 6625
f 6292 6246 6289
f 6382 6377 6379
f 6392 6396 6393
f 6396 6427 6428
f 6398 6443 6459
f 6459 6458 6460
f 6525 6523 6526
f 6558 6271 6555
f 6429 6560 6561
f 6460 6572 6476
f 6272 3736 3735
f 7128 6602 8195
f 6227 6244 6652
f 7180 6634 6103
f 6642 6285 8219
f 6356 6740 6614
f 6816 8218 8217
f 6820 8301 6817
f 6355 6741 6356
f 6344 6834 6341
f 6364 6840 6361
f 6375 6560 6415
f 6848 6488 6477
f 6853 6506 6489
f 6530 6740 6531
f 8140 6874 6601
f 6555 6831 6876
f 8215 6881 8216
f 6348 6894 6345
f 6383 6896 6417
f 6433 6896 6420
f 6432 6898 6390
f 6406 6898 6407
f 6900 6387 6899
f 6900 6448 6901
f 6472 6903 6482
f 6480 6903 6902
f 6497 6906 6479
f 6908 6518 6909
f 4280 6120 6603
f 6100 7170 6128
f 6632 7188 8201
f 7235 7201 7200
f 7206 7212 7207
f 8213 7232 7231
f 8214 7231 7201
f 6108 7200 7203
f 7238 8300 6820
f 7207 8299 7238
f 8205 7240 8202
f 6170 7232 7256
f 6638 8149 6639
f 6601 8157 6600
f 6600 6283 8162
f 8392 8222 8393
f 6278 8241 6279
f 6816 8274 6813
f 6642 6814 6641
f 6128 6124 8279
f 8195 6127 6126
f 8212 8286 8285
f 8292 8286 8289
f 8290 8210 8209
f 8207 8290 8209
f 8294 8295 8298
f 8206 8295 8208
f 6817 8297 8296
f 8288 7256 8285
f 7209 7240 7239
f 6225 8360 8361
f 8369 8360 8356
f 8375 8368 8369
f 8381 8387 8383
f 8385 8383 8382
f 8385 8391 8384
f 8147 6282 6281
f 6345 6835 6344
f 6327 6834 6360
f 6295 6841 6364
f 6379 6840 6837
f 6853 6845 6844
f 6479 6905 6480
f 6848 6571 6573
f 6452 6904 6472
f 6525 6851 6520
f 6496 6907 6497
f 8402 6876 6831
f 8408 8387 8380
f 6279 8222 8221
f 6872 8149 8148
f 8223 8373 8220
f 6526 8436 6524
f 8446 8426 8425
f 8455 8431 8451
f 8446 8450 8444
f 8454 8432 8431
f 6908 8428 6519
f 8578 8451 8580
f 8632 8625 8624
f 8640 8624 8630
f 8660 8662 8661
f 8662 8643 8665
f 8675 8631 8634
f 8680 8663 8660
f 8683 8643 8685
f 8578 8630 8576
f 8673 8708 8706
f 8678 8705 8711
f 8711 8704 8712
f 8706 8715 8714
f 8703 8712 8704
f 8459 8685 8450
f 8407 8376 8375
f 6615 8405 8402
f 5993 6335 5994
f 6060 6018 5991
f 5993 6081 6080
f 6105 6176 6702
f 6177 6000 7165
f 6309 6310 6251
f 8725 6314 8724
f 8724 6318 8158
f 6321 6053 6052
f 6249 6310 6247
f 6596 6257 6597
f 8188 6605 8189
f 5986 6682 6060
f 6714 6311 6309
f 6047 6086 6081
f 6875 6304 6665
f 6001 6912 5983
f 7162 6597 6257
f 7254 6912 6704
f 6684 7163 7254
f 8723 6315 8725
f 6592 6318 6317
f 8332 8171 8728
f 6607 5350 5922
f 8191 8198 8199
f 8197 8193 8196
f 8159 6319 6321
f 8232 6595 6249
f 8192 7173 7175
f 8189 8193 7174
f 6177 8199 6175
f 6733 8330 6734
f 8340 8330 8329
f 8341 6335 6334
f 8412 6875 8411
f 8414 6273 6599
f 8416 8236 8232
f 6727 8136 8723
f 8417 7159 7162
f 6277 5558 6274
f 5935 6635 6235
f 5991 6061 6060
f 6019 6682 6681
f 5999 6033 5996
f 6045 6677 6680
f 6055 6083 7130
f 5995 6063 5992
f 6084 6053 6046
f 6088 5989 8166
f 6063 6046 5992
f 6066 6034 5999
f 6103 7181 7180
f 6673 6133 6132
f 6149 6153 6152
f 6323 8166 8165
f 6585 6083 6082
f 6630 6702 6176
f 6634 7168 7167
f 6676 6152 6133
f 6703 6628 7248
f 6796 6728 8178
f 6069 6097 6066
f 6132 6674 6673
f 6803 6800 6804
f 6011 6055 7130
f 6799 6582 6585
f 7194 6881 6882
f 7131 6583 6333
f 6798 6913 6674
f 7179 8204 7236
f 7183 7246 7242
f 7188 7242 7241
f 6109 7192 6882
f 7204 6176 6175
f 7219 6628 6627
f 7218 7248 6628
f 7179 6627 7176
f 7250 6704 6703
f 7228 7249 7248
f 6678 7249 6679
f 5997 7251 5998
f 8168 6644 6643
f 8167 6732 6644
f 8169 6733 6732
f 8170 8331 6733
f 8336 8173 8172
f 8182 8175 8174
f 8182 8176 8181
f 8181 8177 8180
f 8180 8179 7136
f 7133 6590 6913
f 7130 8194 6011
f 8200 6632 7177
f 7178 8205 8204
f 8269 6153 8216
f 8254 8252 8251
f 8260 6101 8277
f 8179 6802 7136
f 8263 6038 6802
f 8264 6039 6038
f 8265 6130 6039
f 8266 6157 6130
f 8267 6158 6157
f 8268 8217 6158
f 8270 6816 8217
f 6813 8273 7190
f 8273 8247 7190
f 8276 8277 8248
f 7192 8250 7193
f 8252 8259 8249
f 8276 8250 8249
f 7204 7177 7176
f 7182 8315 7246
f 8343 8334 8333
f 8333 8342 8343
f 8343 6800 6065
f 8340 6064 5995
f 6323 8350 6322
f 8168 8348 8165
f 8349 5936 8350
f 8352 5938 8348
f 6103 7167 6100
f 8271 8216 6881
f 8201 7241 8205
f 8274 8271 7194
f 5991 6017 5988
f 8728 6017 6016
f 5997 6680 6679
f 5996 6045 6680
f 6033 6042 6045
f 6042 8175 8172
f 8172 8338 8336
f 8336 8337 8333
f 6684 6677 6681
f 6681 6044 6019
f 6019 6043 6016
f 6016 8173 8728
f 8728 8335 8332
f 8332 8334 8329
f 8194 8160 8727
f 6805 6009 8158
f 5940 7137 6719
f 8324 5942 8325
f 8325 5495 8225
f 6253 4292 6250
f 7137 5944 6715
f 8348 5937 8349
f 8350 5530 8131
f 5624 6159 5489
f 6718 5940 6719
f 8327 5490 6162
f 8347 5939 8352
f 5933 6121 6120
f 8184 5946 8347
f 7142 5615 8370
f 6145 5945 8327
f 8234 5943 6253
f 8328 5488 6144
f 8318 5948 8328
f 7139 4299 7140
f 8418 5947 8234
f 5604 6599 5605
f 5949 6712 6716
f 5944 6716 6715
f 6720 5950 6255
f 6255 4322 6256
f 5614 6235 6234
f 6711 5951 8161
f 8161 3857 6593
f 5973 2965 3013
f 2965 5963 222
f 222 5960 223
f 223 5958 3186
f 5958 3185 3186
f 5957 2977 3185
f 5970 1213 2977
f 5967 1214 1213
f 2532 5966 5953
f 2894 5953 5952
f 2871 5952 8344
f 5510 5721 5509
f 5822 5824 5823
f 3511 3844 3735
f 3887 3889 3888
f 3876 3878 3877
f 3356 3911 3909
f 3372 3390 3391
f 3849 3851 3850
f 3481 3867 3866
f 3873 3385 3382
f 3875 3450 3452
f 3915 3865 3862
f 3657 3671 3656
f 5618 3013 2152
f 1997 1889 1892
f 1237 744 855
f 1535 120 121
f 1531 201 214
f 1119 1032 984
f 946 824 947
f 163 5 162
f 9041 9175 9193
f 1155 1162 1164
f 427 327 424
f 553 796 498
f 8732 2231 2237
f 8732 2230 2232
f 2237 3180 8732
f 8734 8736 8733
f 8735 8738 8736
f 8737 8740 8738
f 8739 8742 8740
f 8743 8745 8746
f 8746 8747 8748
f 8749 8748 8747
f 8751 8750 8749
f 8754 8756 8753
f 8757 8755 8754
f 8759 8758 8757
f 8761 8760 8759
f 8763 8762 8761
f 8766 8749 8765
f 8765 8747 8767
f 8767 8745 8768
f 8768 8744 8769
f 8744 8771 8769
f 8770 8772 8771
f 8741 8773 8772
f 8739 8774 8773
f 8737 8775 8774
f 8735 8776 8775
f 8776 8777 3184
f 2904 8779 2947
f 8780 2904 2902
f 8781 2902 2876
f 2875 8781 2876
f 8783 2733 2736
f 2825 8786 2824
f 8788 8790 8787
f 8792 8787 8791
f 2724 8785 2825
f 8787 3115 3117
f 8791 3117 3119
f 8794 8765 8793
f 8793 8767 8795
f 8795 8768 8796
f 8796 8769 8797
f 8797 8771 8798
f 8771 8799 8798
f 8772 8800 8799
f 8773 8801 8800
f 8774 8802 8801
f 8775 8803 8802
f 8776 3056 8803
f 8802 2253 2252
f 8801 2252 1727
f 8800 1727 2150
f 8799 2150 1941
f 8804 8799 1941
f 8805 8798 8804
f 8806 8797 8805
f 8807 8796 8806
f 8793 8807 8808
f 8794 8808 8809
f 8810 8809 8808
f 8808 8806 8810
f 8810 8805 8812
f 8813 8810 8812
f 8812 8804 8814
f 8815 8812 8814
f 8814 1941 1360
f 8755 8752 8756
f 8758 8750 8755
f 8760 8748 8758
f 8762 8746 8760
f 8816 8764 8763
f 8818 8820 8817
f 8816 8782 8784
f 8821 8817 8816
f 8789 8783 8786
f 8818 8789 8788
f 8819 8788 8792
f 8822 8819 8823
f 8823 8792 8824
f 8824 8791 2712
f 2712 3119 3128
f 8826 8823 8825
f 8825 8824 8827
f 8827 2712 2711
f 8828 2711 2400
f 8829 8827 8828
f 8830 8825 8829
f 8743 8764 8831
f 8817 8831 8764
f 8770 8743 8831
f 8741 8831 8742
f 8820 8742 8831
f 8740 8822 8826
f 8738 8826 8830
f 8736 8830 8832
f 8833 2400 2402
f 8834 8828 8833
f 8832 8829 8834
f 8835 2402 2707
f 3058 2707 2708
f 3061 8835 3058
f 8836 8833 8835
f 8733 8832 8837
f 8837 8834 8836
f 8777 8733 8838
f 8838 8837 1962
f 8837 3061 1962
f 1961 8838 1962
f 3057 8777 8838
f 8779 8753 8839
f 8778 8754 8779
f 8780 8757 8778
f 8781 8759 8780
f 8782 8761 8781
f 8821 8784 8783
f 8785 8789 8786
f 2723 8790 8785
f 2875 8784 8782
f 2736 8786 8783
f 2947 8839 8944
f 8815 1360 8941
f 1900 1924 1901
f 1736 1718 1750
f 1955 1943 1956
f 1671 1735 1751
f 1696 1698 1692
f 1800 1864 1801
f 2063 2056 2060
f 1737 1717 1736
f 1751 1697 1695
f 943 9351 684
f 9108 8753 9057
f 1577 1764 1703
f 9369 1599 9375
f 1945 82 1944
f 68 7 248
f 147 1543 148
f 1109 1133 1102
f 1503 1907 1908
f 1499 1909 1498
f 452 735 215
f 1824 9287 9297
f 1825 2068 1824
f 1463 1022 1194
f 841 1009 1011
f 1568 1955 1534
f 1926 1927 1923
f 1910 1502 1939
f 1939 422 442
f 309 1940 308
f 1804 1866 1803
f 269 1954 56
f 2065 2060 2056
f 9264 1758 9287
f 280 552 1940
f 1875 1869 1874
f 1739 1734 1737
f 5923 5899 5924
f 1778 1790 1788
f 310 1915 279
f 1909 1906 1954
f 1789 1778 1788
f 978 980 979
f 1584 1731 1583
f 425 311 312
f 148 115 116
f 2044 9346 2046
f 277 1939 551
f 1943 1945 1944
f 1461 1463 1464
f 2253 3056 3055
f 2981 8927 958
f 2209 8927 3055
f 2254 3055 8927
f 2998 958 8927
f 2826 2721 2724
f 8928 2721 2817
f 2816 8928 2817
f 2334 2296 2335
f 2298 2334 2336
f 2301 2336 2338
f 2311 2338 2354
f 2312 2354 2355
f 2359 2361 2360
f 2335 2359 2360
f 2414 2365 2364
f 2413 2361 2365
f 2355 2540 2541
f 2541 2539 2542
f 2722 2739 2738
f 3114 2738 3113
f 3110 3121 3120
f 3108 3120 3113
f 3122 3127 3126
f 3112 3126 3121
f 3127 1753 3135
f 3139 2529 2542
f 9196 3133 3139
f 8928 2740 2739
f 8929 2789 8928
f 228 91 88
f 245 243 242
f 248 247 191
f 2 296 295
f 145 300 267
f 327 210 328
f 329 331 330
f 250 228 236
f 239 240 230
f 373 375 374
f 178 176 175
f 1218 1228 1321
f 9314 1295 9306
f 808 824 823
f 9310 1013 1014
f 9265 1411 1413
f 2154 2159 2160
f 9297 1758 1757
f 306 1922 452
f 2157 1976 1977
f 708 2031 1474
f 1450 1227 1428
f 1672 1605 1624
f 1813 1821 1816
f 1717 1715 1718
f 176 402 347
f 1710 9368 9367
f 1712 1577 1711
f 1705 1711 1704
f 3435 3475 3434
f 971 979 970
f 822 1094 1102
f 2909 2793 2792
f 2810 2795 2793
f 2799 2249 2800
f 9114 2910 2799
f 2769 2801 2795
f 3177 3178 3179
f 3178 3180 3179
f 3181 1393 2800
f 3181 1632 3182
f 3182 2244 3183
f 3183 2243 3180
f 8932 2790 8929
f 2808 8929 2816
f 2239 9016 2240
f 1149 9015 9014
f 1150 9011 9015
f 2202 9010 2015
f 2921 9009 2923
f 9012 2133 2928
f 1777 1759 1792
f 1201 1183 1184
f 9005 2195 2194
f 8997 2770 2768
f 9379 1687 1692
f 1516 154 503
f 8993 2974 2803
f 8994 2779 2778
f 2771 9019 8990
f 3070 8990 9002
f 8991 2775 2867
f 1376 1370 1372
f 2767 9000 2206
f 2195 8987 2767
f 2775 8986 2776
f 8344 8989 2871
f 9256 8983 2806
f 2776 8982 2805
f 2240 8979 2920
f 2920 9121 9071
f 8992 2786 2779
f 1805 1851 1804
f 8978 2787 2786
f 2951 8984 8975
f 2772 8975 9019
f 2973 8974 8980
f 2224 8981 8974
f 1957 320 510
f 306 304 303
f 2770 8972 2913
f 2913 9018 2239
f 2923 8971 2922
f 308 431 47
f 207 132 543
f 1879 1881 1880
f 9185 8969 2089
f 2475 9002 8968
f 2476 8968 8967
f 2223 8967 8981
f 8966 2803 2802
f 2037 11 1950
f 1959 450 505
f 2003 8964 2129
f 9 334 540
f 2009 8962 9011
f 2008 8980 8962
f 9329 673 9331
f 8959 2778 2784
f 2935 8957 2936
f 111 9014 8955
f 3238 3341 3237
f 8954 2935 2938
f 683 9337 943
f 8952 2810 2909
f 736 732 729
f 1795 1803 1796
f 8949 2938 2939
f 8951 2939 2940
f 2950 8948 2949
f 2940 8948 8951
f 9253 8956 2950
f 2868 8946 2869
f 2869 8966 2802
f 1024 1023 1020
f 8944 2948 2947
f 551 442 443
f 2972 9012 2928
f 2032 8943 2972
f 216 1924 1923
f 3532 3482 3533
f 203 201 200
f 3539 3541 3540
f 1828 1847 1837
f 1958 449 450
f 272 178 175
f 2871 8939 1361
f 9071 9008 2921
f 2801 9095 9114
f 2005 9106 2176
f 960 899 962
f 9109 9064 9076
f 9232 9098 3151
f 3151 9045 2555
f 2193 9075 2194
f 9059 3145 3144
f 9055 2761 3145
f 9044 3144 3104
f 2926 9086 3103
f 9086 3104 3103
f 9207 9198 9205
f 566 9210 2005
f 8839 1864 8944
f 1602 2079 2078
f 2868 9063 2922
f 2922 9062 2923
f 2923 9070 2921
f 9122 2918 9066
f 9071 9066 2920
f 2921 9122 9071
f 2920 9038 2240
f 9065 2915 2918
f 2917 9074 9093
f 2916 9093 9094
f 2239 9104 2913
f 2911 9104 2757
f 9095 2911 2910
f 2797 9114 9043
f 2797 9050 2750
f 9074 2763 2765
f 9060 2764 2745
f 2194 9100 2221
f 2221 9101 2222
f 2756 9061 2755
f 2750 9061 2747
f 9121 1817 9279
f 9215 1691 1699
f 2515 9042 2548
f 2548 9045 2550
f 2513 9084 9068
f 2513 9073 2515
f 2509 9072 2289
f 2510 9085 2509
f 2289 9091 2283
f 2283 9069 2286
f 2240 9039 2239
f 9111 9076 9078
f 716 9339 9340
f 727 9213 1923
f 2165 2170 2164
f 9112 9078 9081
f 9195 9030 9209
f 2175 769 770
f 2100 2095 2099
f 9210 9209 9030
f 640 9012 1826
f 1653 8997 1651
f 1895 8974 746
f 746 8981 741
f 1653 8972 9020
f 9214 1604 1672
f 2093 2073 2078
f 959 995 884
f 962 919 986
f 1400 1398 1399
f 1000 1127 1004
f 956 884 885
f 1662 8994 1661
f 2034 8990 1654
f 9378 8983 9254
f 8979 766 1817
f 9016 765 766
f 334 9015 335
f 1868 8984 1656
f 1684 1652 1678
f 1682 775 1807
f 1585 9214 1700
f 9215 1672 1673
f 2173 490 491
f 1658 8991 1752
f 9000 1650 724
f 1571 2010 1572
f 1587 9123 2080
f 2099 2077 2094
f 787 1999 786
f 2000 786 1999
f 3155 9149 9135
f 9165 9135 9241
f 2180 9137 9136
f 8940 9136 9157
f 1684 9292 1651
f 1760 8939 8989
f 2607 9145 2590
f 2581 9141 2607
f 2371 9152 9147
f 2371 9145 2372
f 2587 9127 2586
f 2586 9149 339
f 2497 9139 2503
f 2502 9139 9152
f 2494 9142 2495
f 9142 2472 2495
f 9140 2468 2472
f 9153 2469 2468
f 726 9344 630
f 581 8962 580
f 10 9014 334
f 1837 8954 1849
f 741 8967 1300
f 1299 9002 2034
f 1851 8948 1866
f 8971 1820 1819
f 580 8980 1895
f 1758 8966 8946
f 1693 8952 1806
f 8948 1867 1866
f 1894 9012 8943
f 2126 9265 9293
f 9358 9293 9364
f 2113 9319 2110
f 2179 9241 9137
f 624 9356 623
f 2192 9240 9232
f 2177 9239 9185
f 1364 9285 1338
f 9310 1470 1453
f 3135 9227 9196
f 2069 9287 2068
f 1351 9305 1352
f 2108 9353 499
f 2089 9188 9185
f 9280 1358 866
f 2001 9235 2187
f 2187 9171 2091
f 2130 9204 2004
f 2004 9201 2001
f 2014 9231 2201
f 2201 9208 2130
f 3167 9211 2969
f 3168 9172 3167
f 3159 9216 3160
f 3160 9217 3081
f 9182 3158 337
f 3158 9161 3159
f 2200 9182 9174
f 9137 9194 2204
f 9174 2197 2200
f 9242 2092 9173
f 9226 9173 2197
f 3154 9242 9226
f 3155 9158 3154
f 2091 9173 2092
f 2196 9202 9228
f 2193 9228 9233
f 9056 9233 9240
f 2086 9232 9230
f 2087 9230 9229
f 2204 9203 2205
f 2205 9202 3148
f 9361 574 692
f 2124 9229 9212
f 2208 9212 9234
f 9163 3140 3137
f 9237 3138 3140
f 9197 3139 3138
f 9223 3136 2322
f 9164 3137 3136
f 9227 3131 3133
f 9219 3132 3131
f 1813 9290 1814
f 1293 9308 1344
f 2184 9200 9184
f 2181 9184 9186
f 9217 3079 3081
f 9220 3080 3079
f 709 9327 2031
f 2774 9189 9221
f 9238 2134 9003
f 9261 766 765
f 2968 9218 2959
f 2969 9236 2968
f 2958 9189 2961
f 2132 9218 2960
f 2321 9223 9200
f 9312 1449 28
f 9357 582 710
f 9338 577 574
f 9299 1818 9279
f 705 9339 2121
f 9268 9359 698
f 2111 9363 2113
f 9262 1366 1411
f 1812 9274 1815
f 675 9304 674
f 8940 9303 675
f 2110 9320 2109
f 2104 9353 2106
f 2109 9351 944
f 9294 703 739
f 1680 9298 1684
f 1639 9271 9270
f 623 9358 697
f 2139 9318 9317
f 1808 9296 9289
f 9272 1819 1820
f 9324 9352 706
f 1646 9282 1648
f 9341 633 577
f 2139 9327 18
f 2156 9323 9326
f 674 9365 9321
f 2117 9264 2069
f 1815 9299 9275
f 9307 1444 1470
f 697 9364 9268
f 866 9288 9280
f 9316 2136 2135
f 9037 9178 9041
f 9035 9183 9037
f 9205 9190 9191
f 9192 9033 9195
f 1088 9198 1093
f 9191 9195 9205
f 2791 8933 2792
f 8932 2807 8933
f 2792 8934 2909
f 8933 2806 8934
f 8952 8934 8960
f 8960 2806 8983
f 2948 9243 9253
f 2105 9348 2104
f 8982 9256 2805
f 680 9328 683
f 1891 9362 9343
f 2905 9253 2950
f 2900 9251 2905
f 2901 9259 2877
f 2734 9258 9246
f 2877 9258 2878
f 2820 9246 2872
f 2818 9244 2827
f 2823 9244 2826
f 2822 9250 2821
f 2819 9252 9250
f 2817 9247 2816
f 2809 9247 2815
f 2808 9255 2807
f 2805 9255 2804
f 1702 9375 1599
f 9374 1797 1802
f 9367 1706 1709
f 9370 1692 1698
f 1657 9332 1879
f 1890 9347 9362
f 9224 1674 1675
f 1689 9224 9225
f 9378 8982 1688
f 8960 1689 9225
f 9369 1703 1764
f 1598 9380 1770
f 9332 1876 1879
f 1691 9377 9379
f 9377 1688 1687
f 1117 1118 9382
f 1066 1322 9382
f 1243 847 9382
f 9277 848 9382
f 1128 1117 9382
f 1129 1130 9382
f 841 1011 9382
f 1230 9315 9382
f 1242 1243 9382
f 1322 1229 9382
f 1064 1065 9382
f 1003 1128 9382
f 1229 1230 9382
f 9315 1285 9382
f 1285 1288 9382
f 848 839 9382
f 847 9277 9382
f 1118 1129 9382
f 1065 1066 9382
f 1087 1086 9382
f 1008 1002 9382
f 1011 1008 9382
f 1002 1003 9382
f 1076 1069 9382
f 838 841 9382
f 839 838 9382
f 1288 1242 9382
f 1130 1087 9382
f 1086 1076 9382
f 1069 1064 9382
f 2410 2414 9383
f 2411 2410 9383
f 9069 2285 9383
f 2394 2393 9383
f 2393 2396 9383
f 2281 2286 9383
f 2282 2280 9383
f 2398 2399 9383
f 2465 2464 9383
f 2396 2397 9383
f 2470 2469 9383
f 2399 2416 9383
f 2480 2395 9383
f 2459 2480 9383
f 2369 2282 9383
f 2460 2459 9383
f 2415 2411 9383
f 2416 2415 9383
f 2364 2363 9383
f 2286 9069 9383
f 2464 2470 9383
f 2469 9155 9383
f 2285 2465 9383
f 2414 2364 9383
f 2395 2394 9383
f 2363 2367 9383
f 2397 2398 9383
f 2280 2281 9383
f 9155 2460 9383
f 2367 2369 9383
f 9386 9389 9390
f 9386 9391 9387
f 9384 9389 9385
f 9390 9395 9391
f 9389 9392 9393
f 9389 9394 9390
f 9394 9399 9395
f 9393 9396 9397
f 9394 9397 9398
f 9399 9402 9403
f 9396 9401 9397
f 9397 9402 9398
f 9402 9407 9403
f 9401 9404 9405
f 9402 9405 9406
f 9407 9410 9411
f 9405 9408 9409
f 9405 9410 9406
f 9411 9414 9415
f 9409 9412 9413
f 9410 9413 9414
f 9414 9419 9415
f 9412 9417 9413
f 9413 9418 9414
f 9418 9423 9419
f 9417 9420 9421
f 9418 9421 9422
f 9422 9427 9423
f 9420 9425 9421
f 9421 9426 9422
f 9426 9431 9427
f 9425 9428 9429
f 9426 9429 9430
f 9431 9434 9435
f 9428 9433 9429
f 9429 9434 9430
f 9434 9439 9435
f 9433 9436 9437
f 9434 9437 9438
f 9439 9442 9443
f 9436 9441 9437
f 9437 9442 9438
f 9443 9446 9447
f 9441 9444 9445
f 9442 9445 9446
f 9447 9450 9451
f 9444 9449 9445
f 9445 9450 9446
f 9450 9455 9451
f 9449 9452 9453
f 9450 9453 9454
f 9454 9459 9455
f 9452 9457 9453
f 9453 9458 9454
f 9458 9463 9459
f 9457 9460 9461
f 9458 9461 9462
f 9463 9466 9467
f 9460 9465 9461
f 9461 9466 9462
f 9466 9471 9467
f 9465 9468 9469
f 9466 9469 9470
f 9471 9474 9475
f 9468 9473 9469
f 9469 9474 9470
f 9475 9478 9479
f 9473 9476 9477
f 9474 9477 9478
f 9479 9482 9483
f 9476 9481 9477
f 9477 9482 9478
f 9483 9486 9487
f 9481 9484 9485
f 9482 9485 9486
f 9486 9491 9487
f 9484 9489 9485
f 9485 9490 9486
f 9490 9495 9491
f 9489 9492 9493
f 9490 9493 9494
f 9495 9498 9499
f 9492 9497 9493
f 9493 9498 9494
f 9498 9503 9499
f 9497 9500 9501
f 9498 9501 9502
f 9503 9507 9508
f 9500 9506 9501
f 9501 9507 9502
f 9508 9511 9512
f 9505 9510 9506
f 9507 9510 9511
f 9384 9504 9388
f 9388 9504 9392
f 9392 9504 9396
f 9396 9504 9400
f 9400 9504 9404
f 9404 9504 9408
f 9408 9504 9412
f 9412 9504 9416
f 9416 9504 9420
f 9420 9504 9424
f 9424 9504 9428
f 9428 9504 9432
f 9432 9504 9436
f 9436 9504 9440
f 9440 9504 9444
f 9444 9504 9448
f 9448 9504 9452
f 9452 9504 9456
f 9456 9504 9460
f 9460 9504 9464
f 9464 9504 9468
f 9468 9504 9472
f 9472 9504 9476
f 9476 9504 9480
f 9480 9504 9484
f 9484 9504 9488
f 9488 9504 9492
f 9492 9504 9496
f 9496 9504 9500
f 9500 9504 9505
f 9505 9504 9509
f 9512 9386 9387
f 9510 9384 9385
f 9510 9386 9511
f 9509 9504 9384
f 9521 9533 9534
f 9518 9532 9519
f 9517 9529 9530
f 9515 9527 9528
f 9523 9537 9524
f 9521 9535 9522
f 9519 9533 9520
f 9518 9530 9531
f 9515 9529 9516
f 9513 9527 9514
f 9524 9538 9525
f 9523 9535 9536
f 9528 9542 9529
f 9526 9540 9527
f 9538 9550 9551
f 9535 9549 9536
f 9534 9546 9547
f 9531 9545 9532
f 9530 9542 9543
f 9528 9540 9541
f 9537 9549 9550
f 9534 9548 9535
f 9532 9546 9533
f 9531 9543 9544
f 9541 9555 9542
f 9540 9552 9553
f 9550 9564 9551
f 9548 9562 9549
f 9547 9559 9560
f 9544 9558 9545
f 9542 9556 9543
f 9541 9553 9554
f 9549 9563 9550
f 9547 9561 9548
f 9546 9558 9559
f 9544 9556 9557
f 9555 9567 9568
f 9552 9566 9553
f 9564 9576 9577
f 9562 9574 9575
f 9559 9573 9560
f 9557 9571 9558
f 9555 9569 9556
f 9553 9567 9554
f 9562 9576 9563
f 9561 9573 9574
f 9559 9571 9572
f 9557 9569 9570
f 9567 9581 9568
f 9566 9578 9579
f 9576 9590 9577
f 9575 9587 9588
f 9572 9586 9573
f 9571 9583 9584
f 9569 9581 9582
f 9566 9580 9567
f 9576 9588 9589
f 9574 9586 9587
f 9571 9585 9572
f 9569 9583 9570
f 9581 9593 9594
f 9578 9592 9579
f 9590 9602 9603
f 9588 9600 9601
f 9585 9599 9586
f 9583 9597 9584
f 9582 9594 9595
f 9579 9593 9580
f 9589 9601 9602
f 9587 9599 9600
f 9584 9598 9585
f 9583 9595 9596
f 9594 9606 9607
f 9592 9604 9605
f 9602 9616 9603
f 9601 9613 9614
f 9598 9612 9599
f 9596 9610 9597
f 9594 9608 9595
f 9592 9606 9593
f 9601 9615 9602
f 9600 9612 9613
f 9598 9610 9611
f 9596 9608 9609
f 9607 9619 9620
f 9605 9617 9618
f 9615 9629 9616
f 9613 9627 9614
f 9611 9625 9612
f 9610 9622 9623
f 9607 9621 9608
f 9605 9619 9606
f 9615 9627 9628
f 9613 9625 9626
f 9611 9623 9624
f 9608 9622 9609
f 9619 9633 9620
f 9617 9631 9618
f 9628 9642 9629
f 9627 9639 9640
f 9625 9637 9638
f 9622 9636 9623
f 9621 9633 9634
f 9619 9631 9632
f 9627 9641 9628
f 9625 9639 9626
f 9623 9637 9624
f 9622 9634 9635
f 9632 9646 9633
f 9630 9644 9631
f 9642 9654 9655
f 9639 9653 9640
f 9638 9650 9651
f 9635 9649 9636
f 9634 9646 9647
f 9632 9644 9645
f 9641 9653 9654
f 9638 9652 9639
f 9636 9650 9637
f 9635 9647 9648
f 9645 9659 9646
f 9644 9656 9657
f 9654 9668 9655
f 9652 9666 9653
f 9651 9663 9664
f 9648 9662 9649
f 9646 9660 9647
f 9645 9657 9658
f 9653 9667 9654
f 9651 9665 9652
f 9650 9662 9663
f 9648 9660 9661
f 9659 9671 9672
f 9656 9670 9657
f 9668 9680 9681
f 9665 9679 9666
f 9663 9677 9664
f 9661 9675 9662
f 9659 9673 9660
f 9657 9671 9658
f 9666 9680 9667
f 9665 9677 9678
f 9663 9675 9676
f 9661 9673 9674
f 9671 9685 9672
f 9670 9682 9683
f 9680 9694 9681
f 9678 9692 9679
f 9677 9689 9690
f 9675 9687 9688
f 9673 9685 9686
f 9670 9684 9671
f 9680 9692 9693
f 9678 9690 9691
f 9675 9689 9676
f 9673 9687 9674
f 9685 9697 9698
f 9682 9696 9683
f 9694 9706 9707
f 9692 9704 9705
f 9689 9703 9690
f 9687 9701 9688
f 9686 9698 9699
f 9683 9697 9684
f 9693 9705 9706
f 9691 9703 9704
f 9688 9702 9689
f 9687 9699 9700
f 9698 9710 9711
f 9696 9708 9709
f 9706 9720 9707
f 9705 9717 9718
f 9702 9716 9703
f 9700 9714 9701
f 9698 9712 9699
f 9696 9710 9697
f 9705 9719 9706
f 9704 9716 9717
f 9702 9714 9715
f 9700 9712 9713
f 9711 9723 9724
f 9709 9721 9722
f 9719 9733 9720
f 9717 9731 9718
f 9715 9729 9716
f 9714 9726 9727
f 9711 9725 9712
f 9709 9723 9710
f 9718 9732 9719
f 9717 9729 9730
f 9715 9727 9728
f 9712 9726 9713
f 9723 9737 9724
f 9721 9735 9722
f 9733 9745 9746
f 9731 9743 9744
f 9729 9741 9742
f 9726 9740 9727
f 9725 9737 9738
f 9723 9735 9736
f 9732 9744 9745
f 9729 9743 9730
f 9727 9741 9728
f 9726 9738 9739
f 9736 9750 9737
f 9734 9748 9735
f 9746 9758 9759
f 9743 9757 9744
f 9742 9754 9755
f 9739 9753 9740
f 9738 9750 9751
f 9736 9748 9749
f 9745 9757 9758
f 9742 9756 9743
f 9740 9754 9741
f 9739 9751 9752
f 9749 9763 9750
f 9748 9760 9761
f 9758 9772 9759
f 9756 9770 9757
f 9755 9767 9768
f 9752 9766 9753
f 9750 9764 9751
f 9749 9761 9762
f 9757 9771 9758
f 9756 9768 9769
f 9754 9766 9767
f 9752 9764 9765
f 9762 9776 9763
f 9760 9774 9761
f 9772 9784 9785
f 9770 9782 9783
f 9768 9780 9781
f 9765 9779 9766
f 9763 9777 9764
f 9762 9774 9775
f 9770 9784 9771
f 9768 9782 9769
f 9767 9779 9780
f 9764 9778 9765
f 9775 9789 9776
f 9774 9786 9787
f 9784 9798 9785
f 9782 9796 9783
f 9781 9793 9794
f 9779 9791 9792
f 9777 9789 9790
f 9774 9788 9775
f 9784 9796 9797
f 9782 9794 9795
f 9779 9793 9780
f 9777 9791 9778
f 9789 9802 9803
f 9786 9801 9787
f 9798 9811 9812
f 9796 9809 9810
f 9793 9808 9794
f 9792 9805 9806
f 9790 9803 9804
f 9787 9802 9788
f 9797 9810 9811
f 9795 9808 9809
f 9792 9807 9793
f 9790 9805 9791
f 9803 9815 9816
f 9801 9813 9814
f 9811 9825 9812
f 9810 9822 9823
f 9807 9821 9808
f 9806 9818 9819
f 9803 9817 9804
f 9801 9815 9802
f 9810 9824 9811
f 9809 9821 9822
f 9807 9819 9820
f 9804 9818 9805
f 9816 9828 9829
f 9814 9826 9827
f 9825 9837 9838
f 9822 9836 9823
f 9820 9834 9821
f 9819 9831 9832
f 9816 9830 9817
f 9814 9828 9815
f 9824 9836 9837
f 9822 9834 9835
f 9820 9832 9833
f 9817 9831 9818
f 9828 9842 9829
f 9826 9840 9827
f 9837 9851 9838
f 9836 9848 9849
f 9834 9846 9847
f 9831 9845 9832
f 9830 9842 9843
f 9828 9840 9841
f 9836 9850 9837
f 9834 9848 9835
f 9832 9846 9833
f 9831 9843 9844
f 9841 9855 9842
f 9839 9853 9840
f 9851 9863 9864
f 9848 9862 9849
f 9847 9859 9860
f 9845 9857 9858
f 9843 9855 9856
f 9841 9853 9854
f 9850 9862 9863
f 9847 9861 9848
f 9845 9859 9846
f 9843 9857 9844
f 9854 9868 9855
f 9853 9865 9866
f 9863 9877 9864
f 9861 9875 9862
f 9860 9872 9873
f 9858 9870 9871
f 9855 9869 9856
f 9854 9866 9867
f 9862 9876 9863
f 9860 9874 9861
f 9859 9871 9872
f 9856 9870 9857
f 9868 9880 9881
f 9865 9879 9866
f 9877 9889 9890
f 9875 9887 9888
f 9873 9885 9886
f 9870 9884 9871
f 9868 9882 9869
f 9867 9879 9880
f 9875 9889 9876
f 9873 9887 9874
f 9872 9884 9885
f 9870 9882 9883
f 9880 9894 9881
f 9878 9892 9879
f 9889 9903 9890
f 9887 9901 9888
f 9886 9898 9899
f 9884 9896 9897
f 9882 9894 9895
f 9879 9893 9880
f 9889 9901 9902
f 9887 9899 9900
f 9884 9898 9885
f 9882 9896 9883
f 9894 9906 9907
f 9891 9905 9892
f 9903 9915 9916
f 9901 9913 9914
f 9898 9912 9899
f 9896 9910 9897
f 9895 9907 9908
f 9892 9906 9893
f 9902 9914 9915
f 9899 9913 9900
f 9897 9911 9898
f 9896 9908 9909
f 9907 9919 9920
f 9905 9917 9918
f 9915 9929 9916
f 9914 9926 9927
f 9911 9925 9912
f 9909 9923 9910
f 9907 9921 9908
f 9905 9919 9906
f 9914 9928 9915
f 9913 9925 9926
f 9911 9923 9924
f 9909 9921 9922
f 9799 9525 9538
f 9799 9538 9551
f 9799 9551 9564
f 9799 9564 9577
f 9799 9577 9590
f 9799 9590 9603
f 9799 9603 9616
f 9799 9616 9629
f 9799 9629 9642
f 9799 9642 9655
f 9799 9655 9668
f 9799 9668 9681
f 9799 9681 9694
f 9799 9694 9707
f 9799 9707 9720
f 9799 9720 9733
f 9799 9733 9746
f 9799 9746 9759
f 9799 9759 9772
f 9799 9772 9785
f 9799 9785 9798
f 9799 9798 9812
f 9799 9812 9825
f 9799 9825 9838
f 9799 9838 9851
f 9799 9851 9864
f 9799 9864 9877
f 9799 9877 9890
f 9799 9890 9903
f 9799 9903 9916
f 9799 9916 9929
f 9920 9515 9516
f 9918 9513 9514
f 9929 9524 9525
f 9926 9523 9927
f 9924 9521 9925
f 9923 9518 9519
f 9920 9517 9921
f 9918 9515 9919
f 9799 9929 9525
f 9928 9523 9524
f 9926 9521 9522
f 9924 9519 9520
f 9921 9518 9922
f 9387 9917 9512
f 9917 9508 9512
f 9904 9503 9508
f 9891 9499 9503
f 9499 9865 9495
f 9495 9852 9491
f 9491 9839 9487
f 9839 9483 9487
f 9483 9813 9479
f 9813 9475 9479
f 9800 9471 9475
f 9786 9467 9471
f 9467 9760 9463
f 9463 9747 9459
f 9459 9734 9455
f 9734 9451 9455
f 9451 9708 9447
f 9708 9443 9447
f 9695 9439 9443
f 9682 9435 9439
f 9435 9656 9431
f 9431 9643 9427
f 9427 9630 9423
f 9630 9419 9423
f 9419 9604 9415
f 9604 9411 9415
f 9591 9407 9411
f 9578 9403 9407
f 9403 9552 9399
f 9399 9539 9395
f 9395 9526 9391
f 9526 9387 9391
f 9932 9935 9936
f 9932 9937 9933
f 9931 9934 9935
f 9936 9941 9937
f 9934 9939 9935
f 9935 9940 9936
f 9940 9945 9941
f 9939 9942 9943
f 9940 9943 9944
f 9945 9948 9949
f 9942 9947 9943
f 9943 9948 9944
f 9948 9953 9949
f 9947 9950 9951
f 9948 9951 9952
f 9953 9956 9957
f 9950 9955 9951
f 9951 9956 9952
f 9957 9960 9961
f 9955 9958 9959
f 9956 9959 9960
f 9961 9964 9965
f 9958 9963 9959
f 9959 9964 9960
f 9965 9968 9969
f 9963 9966 9967
f 9964 9967 9968
f 9968 9973 9969
f 9966 9971 9967
f 9967 9972 9968
f 9972 9977 9973
f 9970 9975 9971
f 9972 9975 9976
f 9977 9980 9981
f 9974 9979 9975
f 9975 9980 9976
f 9980 9985 9981
f 9979 9982 9983
f 9980 9983 9984
f 9985 9988 9989
f 9982 9987 9983
f 9983 9988 9984
f 9989 9992 9993
f 9986 9991 9987
f 9988 9991 9992
f 9993 9996 9997
f 9991 9994 9995
f 9991 9996 9992
f 9996 10001 9997
f 9994 9999 9995
f 9996 9999 10000
f 10000 10005 10001
f 9999 10002 10003
f 9999 10004 10000
f 10004 10009 10005
f 10003 10006 10007
f 10004 10007 10008
f 10009 10012 10013
f 10006 10011 10007
f 10007 10012 10008
f 10012 10017 10013
f 10011 10014 10015
f 10012 10015 10016
f 10017 10020 10021
f 10014 10019 10015
f 10015 10020 10016
f 10021 10024 10025
f 10019 10022 10023
f 10020 10023 10024
f 10024 10029 10025
f 10022 10027 10023
f 10023 10028 10024
f 10028 10033 10029
f 10027 10030 10031
f 10028 10031 10032
f 10032 10037 10033
f 10030 10035 10031
f 10031 10036 10032
f 10036 10041 10037
f 10035 10038 10039
f 10036 10039 10040
f 10041 10044 10045
f 10038 10043 10039
f 10039 10044 10040
f 10044 10049 10045
f 10043 10046 10047
f 10044 10047 10048
f 10049 10053 10054
f 10046 10052 10047
f 10047 10053 10048
f 10054 10057 10058
f 10052 10055 10056
f 10053 10056 10057
f 9930 10050 9934
f 9934 10050 9938
f 9938 10050 9942
f 9942 10050 9946
f 9946 10050 9950
f 9950 10050 9954
f 9954 10050 9958
f 9958 10050 9962
f 9962 10050 9966
f 9966 10050 9970
f 9970 10050 9974
f 9974 10050 9978
f 9978 10050 9982
f 9982 10050 9986
f 9986 10050 9990
f 9990 10050 9994
f 9994 10050 9998
f 9998 10050 10002
f 10002 10050 10006
f 10006 10050 10010
f 10010 10050 10014
f 10014 10050 10018
f 10018 10050 10022
f 10022 10050 10026
f 10026 10050 10030
f 10030 10050 10034
f 10034 10050 10038
f 10038 10050 10042
f 10042 10050 10046
f 10046 10050 10051
f 10051 10050 10055
f 10058 9932 9933
f 10055 9931 10056
f 10056 9932 10057
f 10055 10050 9930
f 10067 10079 10080
f 10064 10078 10065
f 10063 10075 10076
f 10061 10073 10074
f 10070 10082 10083
f 10067 10081 10068
f 10065 10079 10066
f 10064 10076 10077
f 10061 10075 10062
f 10059 10073 10060
f 10071 10083 10084
f 10069 10081 10082
f 10074 10088 10075
f 10072 10086 10073
f 10084 10096 10097
f 10081 10095 10082
f 10080 10092 10093
f 10078 10090 10091
f 10076 10088 10089
f 10074 10086 10087
f 10083 10095 10096
f 10080 10094 10081
f 10078 10092 10079
f 10076 10090 10077
f 10087 10101 10088
f 10086 10098 10099
f 10096 10110 10097
f 10094 10108 10095
f 10093 10105 10106
f 10091 10103 10104
f 10088 10102 10089
f 10087 10099 10100
f 10095 10109 10096
f 10094 10106 10107
f 10092 10104 10105
f 10089 10103 10090
f 10100 10114 10101
f 10098 10112 10099
f 10110 10122 10123
f 10108 10120 10121
f 10105 10119 10106
f 10103 10117 10104
f 10101 10115 10102
f 10100 10112 10113
f 10108 10122 10109
f 10106 10120 10107
f 10105 10117 10118
f 10103 10115 10116
f 10113 10127 10114
f 10112 10124 10125
f 10122 10136 10123
f 10120 10134 10121
f 10119 10131 10132
f 10117 10129 10130
f 10115 10127 10128
f 10113 10125 10126
f 10122 10134 10135
f 10119 10133 10120
f 10117 10131 10118
f 10115 10129 10116
f 10127 10139 10140
f 10124 10138 10125
f 10136 10148 10149
f 10134 10146 10147
f 10131 10145 10132
f 10130 10142 10143
f 10128 10140 10141
f 10125 10139 10126
f 10135 10147 10148
f 10133 10145 10146
f 10130 10144 10131
f 10128 10142 10129
f 10140 10152 10153
f 10138 10150 10151
f 10148 10162 10149
f 10147 10159 10160
f 10144 10158 10145
f 10143 10155 10156
f 10140 10154 10141
f 10138 10152 10139
f 10147 10161 10148
f 10146 10158 10159
f 10144 10156 10157
f 10141 10155 10142
f 10153 10165 10166
f 10151 10163 10164
f 10162 10174 10175
f 10159 10173 10160
f 10157 10171 10158
f 10156 10168 10169
f 10153 10167 10154
f 10151 10165 10152
f 10161 10173 10174
f 10159 10171 10172
f 10157 10169 10170
f 10154 10168 10155
f 10165 10179 10166
f 10163 10177 10164
f 10175 10187 10188
f 10173 10185 10186
f 10171 10183 10184
f 10168 10182 10169
f 10167 10179 10180
f 10165 10177 10178
f 10173 10187 10174
f 10171 10185 10172
f 10169 10183 10170
f 10168 10180 10181
f 10178 10192 10179
f 10176 10190 10177
f 10188 10200 10201
f 10185 10199 10186
f 10184 10196 10197
f 10182 10194 10195
f 10180 10192 10193
f 10178 10190 10191
f 10187 10199 10200
f 10184 10198 10185
f 10182 10196 10183
f 10180 10194 10181
f 10191 10205 10192
f 10190 10202 10203
f 10200 10214 10201
f 10198 10212 10199
f 10197 10209 10210
f 10195 10207 10208
f 10192 10206 10193
f 10191 10203 10204
f 10199 10213 10200
f 10197 10211 10198
f 10196 10208 10209
f 10193 10207 10194
f 10205 10217 10218
f 10202 10216 10203
f 10214 10226 10227
f 10211 10225 10212
f 10210 10222 10223
f 10207 10221 10208
f 10205 10219 10206
f 10204 10216 10217
f 10212 10226 10213
f 10210 10224 10211
f 10209 10221 10222
f 10207 10219 10220
f 10217 10231 10218
f 10216 10228 10229
f 10226 10240 10227
f 10224 10238 10225
f 10223 10235 10236
f 10221 10233 10234
f 10219 10231 10232
f 10217 10229 10230
f 10226 10238 10239
f 10223 10237 10224
f 10221 10235 10222
f 10219 10233 10220
f 10231 10243 10244
f 10228 10242 10229
f 10240 10252 10253
f 10238 10250 10251
f 10235 10249 10236
f 10234 10246 10247
f 10232 10244 10245
f 10229 10243 10230
f 10239 10251 10252
f 10237 10249 10250
f 10234 10248 10235
f 10232 10246 10233
f 10244 10256 10257
f 10242 10254 10255
f 10252 10266 10253
f 10251 10263 10264
f 10248 10262 10249
f 10247 10259 10260
f 10244 10258 10245
f 10242 10256 10243
f 10251 10265 10252
f 10250 10262 10263
f 10248 10260 10261
f 10245 10259 10246
f 10257 10269 10270
f 10255 10267 10268
f 10266 10278 10279
f 10263 10277 10264
f 10261 10275 10262
f 10260 10272 10273
f 10257 10271 10258
f 10255 10269 10256
f 10265 10277 10278
f 10263 10275 10276
f 10261 10273 10274
f 10258 10272 10259
f 10269 10283 10270
f 10267 10281 10268
f 10278 10292 10279
f 10277 10289 10290
f 10275 10287 10288
f 10272 10286 10273
f 10271 10283 10284
f 10269 10281 10282
f 10277 10291 10278
f 10275 10289 10276
f 10273 10287 10274
f 10272 10284 10285
f 10282 10296 10283
f 10280 10294 10281
f 10292 10304 10305
f 10289 10303 10290
f 10288 10300 10301
f 10286 10298 10299
f 10284 10296 10297
f 10282 10294 10295
f 10291 10303 10304
f 10288 10302 10289
f 10286 10300 10287
f 10284 10298 10285
f 10295 10309 10296
f 10294 10306 10307
f 10304 10318 10305
f 10302 10316 10303
f 10301 10313 10314
f 10299 10311 10312
f 10296 10310 10297
f 10295 10307 10308
f 10303 10317 10304
f 10301 10315 10302
f 10300 10312 10313
f 10297 10311 10298
f 10309 10321 10322
f 10307 10319 10320
f 10318 10330 10331
f 10316 10328 10329
f 10314 10326 10327
f 10311 10325 10312
f 10309 10323 10310
f 10308 10320 10321
f 10316 10330 10317
f 10314 10328 10315
f 10313 10325 10326
f 10311 10323 10324
f 10321 10335 10322
f 10320 10332 10333
f 10330 10344 10331
f 10329 10341 10342
f 10326 10340 10327
f 10325 10337 10338
f 10323 10335 10336
f 10320 10334 10321
f 10330 10342 10343
f 10328 10340 10341
f 10325 10339 10326
f 10323 10337 10324
f 10335 10348 10349
f 10332 10347 10333
f 10344 10357 10358
f 10342 10355 10356
f 10339 10354 10340
f 10337 10352 10338
f 10336 10349 10350
f 10333 10348 10334
f 10343 10356 10357
f 10341 10354 10355
f 10338 10353 10339
f 10337 10350 10351
f 10349 10361 10362
f 10347 10359 10360
f 10357 10371 10358
f 10356 10368 10369
f 10353 10367 10354
f 10351 10365 10352
f 10349 10363 10350
f 10347 10361 10348
f 10356 10370 10357
f 10355 10367 10368
f 10353 10365 10366
f 10351 10363 10364
f 10362 10374 10375
f 10360 10372 10373
f 10371 10383 10384
f 10368 10382 10369
f 10366 10380 10367
f 10365 10377 10378
f 10362 10376 10363
f 10360 10374 10361
f 10370 10382 10383
f 10368 10380 10381
f 10366 10378 10379
f 10363 10377 10364
f 10374 10388 10375
f 10372 10386 10373
f 10383 10397 10384
f 10382 10394 10395
f 10380 10392 10393
f 10377 10391 10378
f 10376 10388 10389
f 10374 10386 10387
f 10382 10396 10383
f 10380 10394 10381
f 10378 10392 10379
f 10377 10389 10390
f 10387 10401 10388
f 10385 10399 10386
f 10397 10409 10410
f 10394 10408 10395
f 10393 10405 10406
f 10390 10404 10391
f 10389 10401 10402
f 10387 10399 10400
f 10396 10408 10409
f 10393 10407 10394
f 10391 10405 10392
f 10390 10402 10403
f 10400 10414 10401
f 10399 10411 10412
f 10409 10423 10410
f 10407 10421 10408
f 10406 10418 10419
f 10403 10417 10404
f 10401 10415 10402
f 10400 10412 10413
f 10408 10422 10409
f 10406 10420 10407
f 10405 10417 10418
f 10403 10415 10416
f 10414 10426 10427
f 10411 10425 10412
f 10423 10435 10436
f 10420 10434 10421
f 10418 10432 10419
f 10416 10430 10417
f 10414 10428 10415
f 10412 10426 10413
f 10421 10435 10422
f 10419 10433 10420
f 10418 10430 10431
f 10416 10428 10429
f 10427 10439 10440
f 10425 10437 10438
f 10435 10449 10436
f 10433 10447 10434
f 10431 10445 10432
f 10430 10442 10443
f 10428 10440 10441
f 10425 10439 10426
f 10435 10447 10448
f 10433 10445 10446
f 10430 10444 10431
f 10428 10442 10429
f 10440 10452 10453
f 10437 10451 10438
f 10449 10461 10462
f 10447 10459 10460
f 10444 10458 10445
f 10443 10455 10456
f 10441 10453 10454
f 10438 10452 10439
f 10448 10460 10461
f 10446 10458 10459
f 10443 10457 10444
f 10441 10455 10442
f 10453 10465 10466
f 10451 10463 10464
f 10461 10475 10462
f 10460 10472 10473
f 10457 10471 10458
f 10456 10468 10469
f 10453 10467 10454
f 10451 10465 10452
f 10460 10474 10461
f 10459 10471 10472
f 10457 10469 10470
f 10454 10468 10455
f 10345 10071 10084
f 10345 10084 10097
f 10345 10097 10110
f 10345 10110 10123
f 10345 10123 10136
f 10345 10136 10149
f 10345 10149 10162
f 10345 10162 10175
f 10345 10175 10188
f 10345 10188 10201
f 10345 10201 10214
f 10345 10214 10227
f 10345 10227 10240
f 10345 10240 10253
f 10345 10253 10266
f 10345 10266 10279
f 10345 10279 10292
f 10345 10292 10305
f 10345 10305 10318
f 10345 10318 10331
f 10345 10331 10344
f 10345 10344 10358
f 10345 10358 10371
f 10345 10371 10384
f 10345 10384 10397
f 10345 10397 10410
f 10345 10410 10423
f 10345 10423 10436
f 10345 10436 10449
f 10345 10449 10462
f 10345 10462 10475
f 10466 10061 10062
f 10464 10059 10060
f 10474 10071 10475
f 10472 10069 10473
f 10470 10067 10471
f 10469 10064 10065
f 10466 10063 10467
f 10464 10061 10465
f 10345 10475 10071
f 10473 10070 10474
f 10472 10067 10068
f 10470 10065 10066
f 10467 10064 10468
f 9933 10463 10058
f 10463 10054 10058
f 10450 10049 10054
f 10437 10045 10049
f 10045 10411 10041
f 10041 10398 10037
f 10037 10385 10033
f 10385 10029 10033
f 10029 10359 10025
f 10359 10021 10025
f 10346 10017 10021
f 10332 10013 10017
f 10013 10306 10009
f 10009 10293 10005
f 10005 10280 10001
f 10280 9997 10001
f 9997 10254 9993
f 10254 9989 9993
f 10241 9985 9989
f 10228 9981 9985
f 9981 10202 9977
f 9977 10189 9973
f 9973 10176 9969
f 10176 9965 9969
f 9965 10150 9961
f 10150 9957 9961
f 10137 9953 9957
f 10124 9949 9953
f 9949 10098 9945
f 9945 10085 9941
f 9941 10072 9937
f 10072 9933 9937
f 4 3 2
f 8 7 6
f 13 16 15
f 17 28 19
f 32 31 30
f 36 35 34
f 37 40 39
f 21 22 23
f 25 26 27
f 41 44 43
f 48 47 46
f 52 51 50
f 53 56 55
f 60 59 58
f 29 30 62
f 66 65 64
f 67 5 6
f 72 71 70
f 76 75 74
f 77 80 79
f 81 84 83
f 59 87 86
f 88 91 90
f 96 95 94
f 100 99 98
f 101 104 103
f 106 105 34
f 108 116 115
f 117 119 36
f 124 127 126
f 131 130 129
f 132 102 134
f 142 141 140
f 148 106 60
f 144 143 127
f 149 152 151
f 156 155 154
f 159 150 158
f 116 108 164
f 171 170 169
f 174 126 173
f 179 182 181
f 186 189 188
f 194 197 196
f 199 142 139
f 206 209 208
f 213 212 211
f 202 215 214
f 96 93 216
f 92 238 43
f 97 184 246
f 250 249 229
f 252 254 58
f 258 257 256
f 260 91 229
f 110 111 112
f 114 264 263
f 265 268 267
f 56 53 270
f 274 273 249
f 185 183 63
f 280 279 278
f 285 284 283
f 288 219 211
f 141 142 92
f 289 290 175
f 148 116 105
f 312 311 170
f 238 262 42
f 318 163 160
f 310 309 308
f 241 239 325
f 160 230 240
f 47 48 307
f 108 109 315
f 345 85 86
f 348 351 350
f 356 359 358
f 355 354 353
f 363 31 32
f 364 252 253
f 366 125 368
f 183 372 371
f 163 162 161
f 209 226 101
f 378 377 165
f 379 295 381
f 383 382 3
f 284 285 386
f 387 127 389
f 391 259 229
f 73 281 397
f 405 408 407
f 203 218 411
f 414 121 413
f 1 356 357
f 277 276 131
f 254 344 57
f 358 384 415
f 417 416 386
f 401 400 192
f 419 389 127
f 421 181 182
f 103 301 302
f 428 367 368
f 380 390 359
f 62 204 266
f 140 141 431
f 357 358 351
f 356 1 379
f 415 392 403
f 437 428 436
f 438 441 440
f 188 451 450
f 265 455 181
f 224 185 64
f 237 212 213
f 275 131 128
f 281 282 460
f 50 462 79
f 73 74 282
f 468 467 466
f 390 355 352
f 482 485 484
f 489 488 487
f 493 496 495
f 472 471 470
f 502 501 500
f 220 221 222
f 512 419 143
f 518 517 511
f 513 239 230
f 205 30 31
f 189 370 451
f 163 318 532
f 533 224 225
f 446 448 447
f 335 541 540
f 544 512 546
f 329 519 291
f 199 534 262
f 385 386 416
f 532 190 191
f 363 117 118
f 578 581 580
f 573 572 571
f 561 563 562
f 241 260 259
f 590 593 592
f 545 546 595
f 503 154 155
f 606 625 624
f 478 481 480
f 646 649 648
f 590 591 689
f 564 565 651
f 728 246 184
f 714 724 716
f 692 574 575
f 541 335 581
f 346 68 248
f 161 231 230
f 128 129 94
f 698 705 704
f 574 577 576
f 290 289 401
f 630 631 725
f 733 736 735
f 755 466 496
f 759 480 481
f 757 763 762
f 764 496 466
f 768 767 9260
f 759 760 488
f 492 474 475
f 474 770 769
f 773 468 465
f 771 774 486
f 484 485 775
f 774 776 489
f 495 496 764
f 495 757 761
f 137 397 784
f 325 239 797
f 165 519 51
f 369 32 29
f 730 731 568
f 90 302 301
f 243 118 516
f 800 734 806
f 817 815 808
f 816 808 823
f 306 303 447
f 815 810 809
f 829 830 828
f 726 725 501
f 274 427 424
f 879 882 881
f 884 883 879
f 219 218 217
f 906 905 904
f 455 204 205
f 898 882 830
f 903 900 880
f 377 291 519
f 923 949 948
f 946 947 951
f 8963 740 739
f 900 899 886
f 225 64 65
f 182 445 442
f 809 952 947
f 954 960 962
f 927 950 965
f 885 879 880
f 925 927 966
f 343 342 341
f 965 964 971
f 968 971 970
f 972 968 969
f 963 961 981
f 336 337 338
f 992 993 827
f 810 815 996
f 1007 1001 1002
f 1012 826 827
f 1011 1009 1007
f 294 293 292
f 907 908 920
f 1017 579 1019
f 1020 1023 1022
f 1035 1024 1020
f 1061 1060 1047
f 1063 1061 1046
f 1044 1020 1021
f 1102 1094 1097
f 1116 1126 1118
f 1016 1015 1014
f 881 897 904
f 816 1116 1127
f 1094 948 949
f 514 342 167
f 146 145 81
f 1133 1135 1130
f 1102 1133 1126
f 822 1126 1116
f 1145 1143 1148
f 1076 1144 1151
f 1148 1143 1086
f 1109 1097 1114
f 1154 1153 1156
f 1153 925 967
f 8815 8941 463
f 1144 1147 1152
f 1156 967 1163
f 1164 1162 1169
f 1145 1171 1176
f 1114 1115 1154
f 1183 1155 1164
f 1184 1183 1177
f 1069 1151 1062
f 1023 1191 1194
f 1162 1163 1170
f 1195 1184 1185
f 1183 1196 1176
f 1201 1063 1152
f 1061 1063 1201
f 9277 847 843
f 1203 1202 1195
f 1202 1201 1184
f 1218 1060 1203
f 1060 1061 1202
f 1225 1218 1217
f 671 695 694
f 1219 1217 1024
f 1217 1203 1034
f 1226 1014 1015
f 1243 1242 1234
f 1231 1230 1229
f 847 1243 1233
f 843 1233 1244
f 1233 1234 1245
f 1923 9213 233
f 2100 2108 499
f 9366 9316 2135
f 61 62 323
f 210 211 217
f 1299 1310 1309
f 9315 1230 1231
f 1066 1047 1321
f 1322 1321 1228
f 1060 1218 1321
f 1325 1324 1323
f 1244 1245 1332
f 1290 1234 1242
f 1337 1330 1339
f 1330 1332 1340
f 1341 1332 1245
f 1342 1340 1332
f 1343 1342 1341
f 1344 1341 1294
f 9309 9308 1345
f 1347 1348 1342
f 9308 9306 1295
f 1349 1350 1348
f 9313 1349 1347
f 9305 1347 1343
f 906 898 829
f 905 906 1353
f 865 1356 1355
f 1355 1353 829
f 1357 1355 825
f 1356 1354 1353
f 9286 1337 1338
f 866 1358 1356
f 1358 1359 1354
f 9280 878 1337
f 838 1362 1012
f 1363 1364 1338
f 1368 1363 1339
f 1348 1368 1340
f 1371 1369 9276
f 524 525 526
f 528 529 530
f 1372 1370 1369
f 535 536 537
f 1367 1368 1348
f 1370 1354 1359
f 1369 1359 9285
f 1373 910 903
f 555 556 557
f 1374 909 910
f 1373 904 905
f 1374 1373 1375
f 1375 905 1354
f 1378 920 908
f 376 373 651
f 1388 928 973
f 586 587 588
f 1390 1389 1388
f 1391 1388 969
f 597 598 599
f 600 601 602
f 1392 1391 970
f 608 609 610
f 612 524 523
f 614 615 616
f 617 618 25
f 620 621 622
f 1397 1390 1391
f 1398 1397 1392
f 1400 987 920
f 1402 1403 1165
f 636 637 638
f 930 1404 1402
f 641 642 643
f 929 1402 1169
f 1404 1405 1403
f 1411 1366 1365
f 1412 1406 1415
f 652 653 654
f 609 656 657
f 659 660 661
f 558 663 586
f 665 666 667
f 1413 1411 1406
f 1418 1416 9262
f 1417 1372 1371
f 1416 1371 9281
f 1419 1417 1416
f 1386 909 1374
f 677 678 679
f 1385 1386 1420
f 1420 1374 1376
f 685 686 687
f 1421 1420 1422
f 528 690 691
f 1422 1376 1372
f 1018 1019 747
f 699 700 701
f 1424 578 579
f 9115 1597 1767
f 700 699 711
f 1093 9198 9206
f 717 718 530
f 721 722 723
f 704 1650 8987
f 19 1429 1426
f 1429 1428 1427
f 1658 1659 8986
f 1439 1437 1434
f 1437 1436 1435
f 1426 1427 1433
f 1442 1431 1432
f 742 743 744
f 1432 1433 1441
f 751 752 753
f 1438 1434 1403
f 1446 1445 1444
f 1447 1448 1446
f 9312 1447 1443
f 1415 1367 1445
f 1414 1415 1446
f 2173 1683 469
f 777 778 779
f 780 781 782
f 1676 1693 1806
f 9311 1451 1349
f 789 790 791
f 745 792 793
f 652 794 795
f 1455 1458 1457
f 1454 1367 1350
f 610 691 802
f 9283 9268 698
f 1352 1044 1045
f 1015 1016 1459
f 811 812 813
f 2118 9267 9269
f 819 820 821
f 1466 1463 1194
f 1467 1468 1465
f 1182 1165 1468
f 832 812 833
f 835 836 837
f 1467 1466 1190
f 1469 1470 1444
f 840 700 712
f 1453 1470 1469
f 599 844 845
f 1226 1450 9301
f 851 852 853
f 855 744 856
f 858 859 860
f 861 862 863
f 1014 1226 9307
f 867 676 868
f 870 871 872
f 874 875 876
f 1310 1323 1471
f 1476 1433 1427
f 1461 1476 1475
f 887 888 889
f 788 791 892
f 894 895 896
f 1460 1475 1227
f 901 902 524
f 1465 1478 1477
f 1865 8947 8944
f 911 912 913
f 916 917 918
f 1850 8949 8951
f 921 922 895
f 1479 1435 1436
f 926 664 667
f 1481 562 563
f 269 1483 84
f 931 932 933
f 934 935 614
f 936 685 688
f 938 659 662
f 1484 270 122
f 941 942 835
f 320 321 509
f 1849 8954 8949
f 84 1483 1484
f 1487 1490 1488
f 1757 1758 8946
f 365 1492 1491
f 461 79 80
f 117 363 362
f 1494 540 541
f 926 601 957
f 1477 1441 1433
f 1709 1588 1585
f 119 117 1496
f 271 1497 504
f 511 517 189
f 345 1496 1492
f 57 344 299
f 1501 1499 268
f 267 268 1499
f 974 975 976
f 1678 1652 1693
f 9298 1682 1807
f 557 982 663
f 983 941 984
f 1443 1444 9301
f 421 1500 268
f 989 990 991
f 1490 1487 418
f 279 280 309
f 997 868 676
f 998 26 999
f 1504 418 38
f 1506 1508 1507
f 360 361 1508
f 1506 1486 207
f 939 1005 1006
f 270 1484 1483
f 66 63 546
f 1010 742 793
f 367 428 437
f 244 31 363
f 1670 8976 8978
f 209 206 1510
f 388 389 426
f 427 274 250
f 161 520 521
f 100 246 45
f 1025 1026 608
f 1029 1030 1031
f 939 662 1033
f 41 42 594
f 1036 780 783
f 702 701 1038
f 1040 1041 1042
f 362 32 369
f 187 1520 477
f 70 1487 539
f 1049 600 603
f 613 867 869
f 860 1050 1051
f 1005 1052 1053
f 753 1055 1056
f 1057 1058 1059
f 293 288 1522
f 288 212 1521
f 292 1522 1523
f 331 1507 1508
f 306 452 453
f 100 44 41
f 462 1524 78
f 330 331 1524
f 635 1067 1068
f 1485 1527 1526
f 206 1485 1528
f 1070 1071 1072
f 942 941 1073
f 916 933 1075
f 440 1529 1530
f 157 158 1514
f 1529 162 5
f 371 595 546
f 790 586 663
f 1077 858 857
f 1403 1434 1435
f 1080 1081 1082
f 531 520 1529
f 21 1083 1084
f 272 1532 1531
f 690 712 802
f 335 9015 9011
f 1090 1030 1029
f 1092 795 794
f 1533 396 137
f 661 660 1095
f 69 444 445
f 1099 1100 1101
f 38 39 1536
f 1104 1105 1106
f 852 1107 1108
f 1377 908 909
f 291 377 411
f 316 1536 516
f 539 1488 1533
f 1505 1536 316
f 1110 1111 1112
f 1539 1537 460
f 522 441 1537
f 834 837 1120
f 1122 1123 1124
f 612 1125 1041
f 935 793 615
f 276 278 130
f 1686 8993 8966
f 193 190 1541
f 231 521 1540
f 556 1037 982
f 365 253 85
f 190 532 318
f 1810 765 9018
f 9376 1867 8956
f 1132 983 985
f 208 101 102
f 1134 1033 662
f 1491 518 80
f 429 133 1542
f 1137 1138 915
f 172 436 428
f 1139 1140 1141
f 549 96 54
f 1517 1519 1518
f 834 1119 984
f 1543 513 286
f 1544 797 239
f 133 134 1544
f 506 361 257
f 420 327 328
f 1158 1159 1160
f 587 1104 1103
f 607 1161 1027
f 304 1546 1545
f 364 1491 77
f 69 70 198
f 700 840 1112
f 9329 626 8969
f 1166 719 657
f 1167 1168 858
f 1300 8967 8968
f 1172 1173 1174
f 218 203 200
f 1179 1180 1181
f 372 183 97
f 89 104 227
f 1186 1187 1188
f 172 173 1517
f 1482 84 81
f 1090 1192 1193
f 394 395 353
f 526 525 1198
f 1199 1200 1026
f 606 623 697
f 1204 1205 1206
f 1207 1208 523
f 1209 1210 867
f 914 913 685
f 1478 1436 1441
f 1029 1028 1161
f 1211 1212 1213
f 9310 1453 1451
f 844 1215 1216
f 423 193 273
f 1220 1221 1222
f 22 1223 1224
f 882 898 897
f 1519 1517 173
f 1189 1188 1232
f 349 350 550
f 1071 1235 1236
f 1237 1238 1239
f 1221 1186 1189
f 1510 1528 1512
f 939 1032 1241
f 1556 1530 5
f 1553 1554 394
f 404 1556 67
f 1247 1248 1249
f 142 199 238
f 1251 1067 635
f 850 1252 1253
f 1254 1167 1077
f 57 132 133
f 443 430 552
f 1187 1172 1175
f 1256 1070 831
f 432 405 382
f 741 748 747
f 434 350 351
f 349 432 383
f 251 124 1481
f 395 384 352
f 1518 1519 1550
f 1558 410 378
f 109 263 314
f 285 1514 1513
f 395 394 393
f 202 203 410
f 417 408 405
f 1246 1257 1258
f 3 1559 297
f 1259 1260 1261
f 403 404 347
f 955 954 953
f 462 50 51
f 1096 1095 687
f 429 147 60
f 896 1264 1265
f 1267 721 1268
f 423 424 327
f 37 179 180
f 20 23 1187
f 1256 1168 1071
f 1188 1175 1269
f 1236 1270 1271
f 1272 536 535
f 565 564 463
f 1273 792 745
f 876 1254 1255
f 316 33 164
f 437 1516 503
f 194 1494 1495
f 1275 1276 864
f 624 625 631
f 1277 1274 1137
f 569 568 567
f 1481 124 125
f 324 325 547
f 1279 1108 1107
f 1525 332 329
f 1281 1278 1137
f 171 168 1553
f 1488 73 396
f 1557 1561 1562
f 1282 856 1206
f 1053 1277 1278
f 778 777 607
f 713 583 9010
f 251 225 144
f 4 357 348
f 709 708 707
f 728 48 45
f 261 135 1563
f 789 1286 1287
f 74 314 263
f 403 284 385
f 1178 1181 1240
f 1223 1259 1289
f 1220 20 1186
f 296 1518 354
f 784 459 1538
f 1181 1180 1291
f 1269 1292 1257
f 1566 1538 438
f 136 784 1566
f 1563 1564 169
f 107 114 109
f 1297 1282 1298
f 1464 1477 1476
f 1520 187 507
f 1301 1302 1303
f 1306 1307 1308
f 175 456 1532
f 1532 456 200
f 1311 1266 1312
f 872 1314 1315
f 9288 843 878
f 1305 1308 864
f 1040 1275 863
f 1564 1566 399
f 592 1576 1575
f 591 1575 1088
f 1581 1584 1583
f 1196 1152 1147
f 710 582 583
f 285 407 408
f 953 954 961
f 1594 1592 1589
f 1585 1588 1587
f 1592 1591 1590
f 9337 945 944
f 1600 1599 1598
f 1604 1603 1602
f 1399 1392 979
f 1589 1590 1596
f 1610 1609 1608
f 298 257 361
f 551 552 276
f 1627 1626 9266
f 859 811 818
f 1078 857 1328
f 1555 439 1530
f 572 573 680
f 772 465 776
f 977 1281 918
f 404 403 392
f 1054 1331 750
f 1644 1645 1643
f 932 1265 1082
f 1067 1333 1334
f 1540 1539 264
f 597 1335 643
f 471 761 762
f 1642 696 9283
f 1644 1642 9294
f 923 946 950
f 96 549 548
f 520 531 522
f 445 444 443
f 849 839 848
f 480 759 755
f 1646 760 481
f 311 426 1567
f 464 463 8941
f 8941 1360 1361
f 234 237 236
f 190 193 192
f 153 154 152
f 231 287 286
f 1552 1553 1551
f 760 1646 1648
f 9284 1647 1649
f 828 827 826
f 52 167 166
f 1663 1662 1661
f 287 107 115
f 668 671 670
f 634 645 640
f 553 560 559
f 118 36 33
f 492 484 491
f 8996 1652 1651
f 582 589 584
f 384 395 392
f 1381 1382 1383
f 1562 1561 435
f 952 953 951
f 8973 9010 583
f 1660 1661 1667
f 1394 1395 1396
f 1660 1665 1664
f 1671 1670 1669
f 1624 1625 1673
f 1407 1408 1409
f 1677 1676 1675
f 1613 1679 1677
f 1679 1678 1676
f 1626 1681 9263
f 534 199 198
f 803 733 734
f 400 248 191
f 65 66 143
f 8970 1657 1656
f 402 159 157
f 629 628 627
f 461 477 49
f 758 757 495
f 796 787 786
f 406 407 1513
f 342 343 166
f 1694 1659 1658
f 1692 1687 1694
f 9001 1693 1652
f 9373 1704 1703
f 326 547 302
f 9368 9373 1702
f 9371 9370 1698
f 1699 1691 9379
f 1557 406 1560
f 1127 1116 1117
f 400 401 289
f 1706 1702 1707
f 1707 1702 1599
f 1709 1706 1708
f 1714 1712 1711
f 9371 9367 1709
f 1704 1711 1577
f 1716 1714 1713
f 1559 1562 1549
f 1722 1721 1720
f 1335 597 596
f 410 411 377
f 973 1170 1163
f 168 169 399
f 1571 682 1089
f 1572 681 682
f 749 646 647
f 1730 1724 1723
f 1594 1582 1729
f 1729 1723 1591
f 1384 1378 1377
f 1732 1731 1712
f 1724 1730 1731
f 1722 1724 1732
f 1721 1722 1733
f 1734 1733 1716
f 1735 1737 1736
f 1733 1732 1714
f 1663 1664 1741
f 1742 1665 1740
f 1738 1739 1737
f 1665 1660 1666
f 1665 1742 1744
f 1725 1726 1746
f 1591 1725 1745
f 1590 1745 1747
f 1745 1746 1748
f 1659 1688 8982
f 5650 1760 8989
f 1185 1177 1182
f 1664 1744 1749
f 1741 1749 1739
f 1746 1742 1743
f 1726 1744 1742
f 1115 924 1153
f 1654 8990 9019
f 1896 9006 8993
f 1720 1749 1744
f 1721 1739 1749
f 1750 1718 1701
f 1697 1736 1750
f 1151 1152 1063
f 1751 1752 1670
f 1695 1658 1752
f 961 962 986
f 1770 1769 1768
f 1766 1594 1593
f 1731 1759 1579
f 1579 1777 1774
f 9380 1772 1771
f 1764 1772 9380
f 1777 1776 1775
f 9214 9215 1699
f 1004 1127 1128
f 1774 1775 1771
f 987 1400 1399
f 1578 1774 1772
f 1783 1782 1781
f 1597 1598 1770
f 639 1878 9347
f 9380 9381 1769
f 1793 1792 1789
f 9381 9372 1798
f 8952 8960 9225
f 1802 1867 9376
f 1788 1790 1794
f 1793 1794 1795
f 9225 9224 1675
f 1584 1581 1783
f 1771 1797 9372
f 1801 1799 1798
f 1768 1769 1798
f 1775 1796 1797
f 508 514 515
f 1796 1803 1802
f 1800 1798 9372
f 1794 1805 1804
f 8976 1670 1752
f 485 1808 1807
f 9261 9296 1640
f 9289 9296 1810
f 485 482 1640
f 1690 1691 9222
f 487 488 1648
f 9291 1813 1816
f 9290 1811 1648
f 9291 1812 1811
f 1812 1809 487
f 1641 1809 767
f 465 466 755
f 767 1815 9275
f 9274 1816 9278
f 1809 1812 1815
f 9289 1653 1651
f 675 672 8985
f 1814 1649 1822
f 1821 1822 9273
f 1824 1822 1649
f 1827 1849 1850
f 1668 1669 1662
f 1779 1780 1848
f 1790 1827 1805
f 1833 1836 1853
f 8965 8950 693
f 1614 1615 1616
f 1852 1853 8942
f 1620 1621 1622
f 1855 1765 1574
f 1847 1852 8945
f 1766 1765 1855
f 1629 1630 1631
f 1633 1622 1634
f 1635 1636 1637
f 1848 1833 1852
f 1855 1861 1863
f 1803 1866 1867
f 1862 1863 1831
f 1782 1855 1862
f 9374 9376 1865
f 1873 1872 1870
f 1874 1869 799
f 2045 9330 9349
f 1219 1345 1295
f 1615 1614 1396
f 9336 9347 1877
f 645 9350 9238
f 1345 1219 1035
f 634 639 9336
f 15 1887 1327
f 9362 9347 1878
f 1894 604 605
f 8950 8995 627
f 9004 640 645
f 340 341 454
f 1897 194 195
f 1889 1882 1877
f 1901 94 129
f 196 749 754
f 1705 1704 9373
f 340 378 166
f 1570 1480 563
f 1904 1494 194
f 1781 1862 1832
f 1905 549 55
f 1000 994 995
f 986 919 920
f 1191 1185 1190
f 2094 2077 2075
f 1920 1921 1919
f 453 454 1912
f 1915 1919 1918
f 9334 2112 2106
f 1655 9019 8975
f 1916 1918 1926
f 704 8998 9005
f 278 1916 1925
f 9009 9008 1818
f 1097 949 1115
f 1927 1928 727
f 9030 9031 9106
f 1920 310 307
f 1929 307 48
f 503 504 1497
f 1902 1903 787
f 1816 1821 9272
f 1925 1926 1923
f 1535 1569 1568
f 254 252 258
f 1509 1497 366
f 119 86 35
f 219 288 293
f 141 46 47
f 542 205 244
f 1940 552 430
f 1779 1828 1827
f 1701 1710 9367
f 1661 8994 8959
f 270 53 754
f 197 1947 749
f 1727 1728 1212
f 53 54 232
f 1465 1468 1479
f 1284 9314 9306
f 1951 446 412
f 168 398 1554
f 1486 1485 206
f 506 77 78
f 994 1001 1007
f 951 953 963
f 1013 9311 9313
f 9278 9272 1820
f 1498 1909 1954
f 299 298 543
f 1754 1755 1756
f 1681 469 1683
f 1696 1694 1695
f 13 14 738
f 473 476 475
f 482 1641 768
f 204 62 30
f 1761 1762 820
f 611 1763 1125
f 1501 1503 1908
f 1074 1073 711
f 1960 1944 82
f 120 1956 1960
f 35 86 87
f 1773 1199 1025
f 1965 1545 1569
f 494 761 471
f 1966 1967 1969
f 446 1951 1971
f 174 368 125
f 1580 1579 1578
f 1785 1786 1787
f 1972 1546 304
f 1254 876 875
f 1973 341 342
f 321 1912 1973
f 1910 277 275
f 509 1973 514
f 1486 1507 1527
f 1974 1874 804
f 1977 1976 1974
f 1980 448 1966
f 379 1 2
f 1718 1715 1710
f 884 995 992
f 1680 1684 1678
f 902 990 525
f 344 255 256
f 135 138 137
f 448 446 1967
f 589 605 604
f 910 909 908
f 1981 1966 1968
f 1982 1981 1987
f 1988 1979 1987
f 1990 1988 1989
f 1991 1989 1993
f 322 321 320
f 992 828 830
f 1144 1076 1086
f 1995 1977 1978
f 1133 1129 1118
f 1997 1995 1994
f 870 1823 1335
f 805 806 1982
f 727 184 2000
f 1996 1994 1988
f 1994 1978 1979
f 1829 616 792
f 1830 1073 941
f 798 803 800
f 729 732 731
f 2011 2012 2023
f 1834 1835 846
f 402 283 284
f 2022 2023 2024
f 1838 718 989
f 810 955 952
f 1823 1839 1840
f 1430 1426 1432
f 1215 844 1841
f 1316 1208 873
f 2112 1401 1384
f 1842 1843 1844
f 1159 846 845
f 837 27 1846
f 1971 1951 2030
f 517 369 370
f 1471 2026 2027
f 8995 8969 626
f 2174 2175 770
f 935 934 1854
f 1613 1619 1611
f 1231 1228 1225
f 1856 1857 891
f 1300 1309 748
f 1150 1149 1858
f 1643 606 696
f 1215 1265 1264
f 1320 1860 902
f 1956 1943 1944
f 2031 668 669
f 2034 1325 1310
f 1879 1880 1656
f 40 245 242
f 1992 1993 2039
f 888 958 957
f 1882 1889 1996
f 1078 1138 1255
f 1871 912 1192
f 294 411 218
f 1323 2041 2026
f 123 1960 83
f 1324 2036 2041
f 384 358 359
f 1324 1325 2038
f 1883 1884 1885
f 287 1540 114
f 1096 1886 1134
f 915 1329 931
f 806 1980 1981
f 8977 8973 584
f 1425 2030 2042
f 1018 2042 1948
f 9006 1896 740
f 1948 2042 649
f 1881 1882 1990
f 1900 129 130
f 992 995 994
f 923 927 925
f 9330 2045 2047
f 1643 2048 625
f 2050 2052 2051
f 2045 1405 1404
f 9328 2047 945
f 1139 1080 1079
f 1037 1856 892
f 2055 2053 2057
f 1198 989 718
f 1619 2058 1612
f 2058 1605 1606
f 2059 2060 1607
f 2058 1619 1624
f 71 72 179
f 405 406 1557
f 322 1548 1972
f 2061 2052 2063
f 2066 2065 2067
f 2052 2061 2064
f 1609 1610 2066
f 1515 151 152
f 1009 827 993
f 1644 9295 9267
f 279 1915 1916
f 1285 9315 9314
f 1647 2066 1825
f 2056 2057 2067
f 319 320 1953
f 667 666 1913
f 2070 631 625
f 2052 2050 2055
f 2038 1654 1655
f 1606 1601 2073
f 1235 1917 1270
f 2072 2073 2075
f 2059 1606 2072
f 2074 2075 2077
f 1601 1602 2078
f 2049 2048 1643
f 1000 1004 1001
f 1089 943 684
f 1931 1286 1306
f 1462 1459 1021
f 1932 1933 1934
f 875 874 1846
f 1936 1051 1937
f 44 45 46
f 1534 1955 1956
f 1541 318 317
f 2081 2082 2084
f 146 1945 1959
f 1360 1941 1942
f 985 984 1032
f 1995 1997 1892
f 2079 2080 2082
f 2095 2096 2076
f 2081 2093 2078
f 2055 2050 2054
f 501 2096 2095
f 2097 2100 2099
f 2098 2099 2094
f 2140 2141 9345
f 2141 2046 9346
f 2051 2070 2048
f 592 2102 2101
f 2071 2064 2076
f 2102 2097 2098
f 593 2103 2102
f 1019 1895 746
f 1950 11 12
f 725 2071 2096
f 1385 2105 2104
f 1379 2104 2106
f 2107 2108 2100
f 9360 726 502
f 9348 502 499
f 940 1389 2109
f 928 929 1170
f 9320 590 684
f 1962 1963 1964
f 9330 680 573
f 2039 1993 1968
f 1389 1390 2110
f 1398 2111 2113
f 9209 9207 9205
f 9363 9335 2107
f 949 923 924
f 260 241 324
f 1390 1397 2113
f 2070 2051 2064
f 9319 9363 2103
f 2105 1385 1421
f 2114 1421 1423
f 9344 2114 2115
f 9360 2105 2114
f 554 2116 1902
f 972 1163 967
f 1765 1593 1573
f 1984 1985 1986
f 2053 2117 2069
f 9017 9000 724
f 1625 1677 1674
f 9333 9340 2119
f 9355 2115 2123
f 56 1954 1906
f 626 9329 9331
f 2001 2002 2003
f 9364 9293 2127
f 2006 2007 2008
f 2127 1413 1412
f 2014 2015 2016
f 2018 2019 2020
f 1495 1424 1947
f 1379 1377 1386
f 9266 9263 1680
f 2029 1885 1884
f 9354 2128 2120
f 629 9331 9366
f 682 683 943
f 724 1650 2121
f 1757 1819 9273
f 765 1810 9296
f 9303 714 715
f 706 707 9322
f 981 986 987
f 1457 1868 1656
f 2017 2016 2032
f 1458 1655 1868
f 1776 1777 1792
f 1959 1945 1946
f 9115 9167 9177
f 9365 9333 2122
f 1093 1089 689
f 966 965 968
f 9304 715 9333
f 2172 9029 2170
f 670 2138 2137
f 9213 787 1903
f 1429 19 28
f 964 963 978
f 9293 9265 1413
f 1473 1474 669
f 9286 9285 1359
f 2138 798 1870
f 1872 1473 2137
f 715 716 9340
f 1881 1991 1992
f 9295 9294 739
f 1837 1847 8957
f 253 58 59
f 1808 9289 9292
f 1647 9284 9270
f 9317 9318 671
f 2112 9334 9335
f 1405 2045 2044
f 9281 9276 1364
f 273 1541 391
f 576 632 8964
f 9327 9317 668
f 1430 1431 2140
f 2136 9302 9312
f 1430 2139 18
f 9345 9346 570
f 1442 1439 2046
f 1431 1442 2141
f 9321 9365 9302
f 9260 9275 1817
f 9318 9345 695
f 2142 2025 798
f 571 2143 2142
f 9271 9266 1618
f 2143 2022 2025
f 694 2142 2138
f 681 1572 2144
f 2144 2011 2022
f 328 210 457
f 1572 2010 2011
f 630 9344 9355
f 2085 2086 2087
f 2090 2091 2092
f 572 2144 2143
f 1875 1976 2153
f 1873 1875 2149
f 2103 2107 2097
f 2157 2043 2155
f 2128 1412 1414
f 9326 9323 589
f 9324 9322 628
f 2149 2153 2158
f 2159 2158 9357
f 698 9359 9354
f 9275 9299 9279
f 2158 2156 9326
f 1438 2044 2046
f 2035 2154 2160
f 2161 2160 9341
f 9323 9343 605
f 9325 17 18
f 370 29 61
f 649 1951 413
f 2153 2157 2156
f 1428 1429 1449
f 1490 76 73
f 9342 9357 710
f 2155 1891 9343
f 1456 1457 1880
f 2125 2088 2087
f 2160 2159 9342
f 300 1959 505
f 1064 1062 1046
f 2043 1892 1891
f 2129 2130 2004
f 2131 2132 2133
f 9300 9301 1450
f 1998 1975 804
f 9331 673 9316
f 474 492 490
f 1164 1165 1182
f 707 2162 9361
f 708 1472 2162
f 2162 2161 9338
f 548 549 1905
f 1145 1136 1114
f 705 2121 1650
f 2043 2157 1977
f 737 738 554
f 1034 1195 1191
f 458 1905 1907
f 195 196 232
f 2040 2039 1969
f 2145 2146 2147
f 2054 2050 2049
f 9284 1646 1639
f 9 12 11
f 252 364 506
f 472 478 479
f 1865 9376 9243
f 900 903 910
f 1941 2150 2151
f 1921 1928 1927
f 2163 1897 1898
f 271 156 153
f 1904 1326 12
f 282 263 264
f 1872 1873 2154
f 1326 1904 1897
f 628 692 693
f 1724 1722 1719
f 1549 1562 436
f 1582 1583 1730
f 1921 1920 1929
f 9007 8955 10
f 2152 2037 1950
f 475 772 774
f 769 2172 2171
f 2171 2165 476
f 476 773 772
f 1791 565 464
f 2166 2167 2168
f 595 371 372
f 483 1809 1641
f 762 2174 2173
f 771 483 484
f 486 487 1809
f 297 1549 1517
f 763 2175 2174
f 776 755 759
f 184 185 2176
f 412 447 303
f 2005 2176 185
f 9263 1681 1682
f 2164 2170 756
f 1472 2035 2161
f 950 951 964
f 2177 2178 2179
f 227 226 1510
f 2182 2183 2184
f 2186 2019 2018
f 1985 2182 2181
f 214 736 729
f 865 849 842
f 849 865 1357
f 559 3187 3188
f 16 13 737
f 560 553 498
f 3193 3196 3195
f 3200 3197 3198
f 3211 3214 3213
f 3215 3218 3217
f 2187 2188 2002
f 3233 3236 3235
f 3223 3221 3222
f 3229 3232 3231
f 3245 3248 3247
f 2169 2168 2189
f 2192 2086 2085
f 2193 2194 2195
f 2198 2199 2200
f 1998 1982 1979
f 9116 9117 9120
f 3253 3256 3255
f 2116 1898 1903
f 1859 2006 2009
f 9356 2123 2126
f 1135 1148 1087
f 2201 2202 2015
f 1149 111 110
f 3261 3264 3263
f 3269 3272 3271
f 3265 3268 3267
f 3229 3230 3284
f 3289 3292 3291
f 3299 3302 3301
f 3307 3263 3264
f 3293 3296 3295
f 3297 3223 3224
f 3319 3321 3291
f 3322 3323 3318
f 3314 3313 3312
f 3285 3288 3287
f 3332 3333 3218
f 3329 3331 3330
f 3324 3325 3227
f 3298 3224 3326
f 2203 2204 2205
f 579 580 1895
f 1755 2207 2208
f 3337 3340 3339
f 9343 9362 1893
f 1211 2151 2150
f 868 997 2210
f 3347 3350 3349
f 944 945 930
f 2130 2129 2202
f 233 1903 1898
f 665 751 750
f 1167 1254 999
f 2211 2212 2213
f 2215 2216 2217
f 9319 593 590
f 2220 221 220
f 823 824 948
f 3375 3240 3377
f 3393 3392 3391
f 3353 3358 3357
f 3363 3366 3365
f 3402 3405 3404
f 266 204 455
f 9334 2108 2107
f 2221 2222 8963
f 2223 2224 2225
f 2207 2125 2124
f 3293 3309 3336
f 673 674 9321
f 817 1000 996
f 2227 2228 2146
f 1947 1948 646
f 9352 2135 17
f 2229 1635 1638
f 1679 1613 1618
f 1637 2231 2232
f 2233 2234 1617
f 2231 2235 2236
f 3406 3409 3408
f 1381 1638 2238
f 9038 2241 2242
f 3414 3416 3341
f 1630 2234 2233
f 1681 1626 472
f 1408 1407 2243
f 3423 3426 3425
f 3433 3351 3263
f 3434 3429 3430
f 3440 3443 3442
f 3444 3447 3446
f 3436 3451 3450
f 3442 3443 3456
f 1637 2230 2238
f 3445 3446 3437
f 3448 3443 3440
f 1409 1408 1634
f 1380 1383 2247
f 1628 2248 2245
f 3463 3466 3465
f 3308 3477 3462
f 2249 1623 1622
f 1632 1634 1408
f 2248 1628 1631
f 3478 3481 3480
f 3509 3512 3511
f 2235 2231 1637
f 3505 3508 3507
f 3457 3458 3199
f 631 2070 2071
f 515 167 52
f 782 781 2251
f 2253 2254 2255
f 397 281 459
f 1456 2039 2040
f 2040 2041 2036
f 3434 3475 3518
f 1401 2112 2111
f 2041 2040 1970
f 3367 3337 3338
f 1535 121 414
f 1586 1587 2080
f 2256 983 1132
f 3528 3531 3530
f 3519 3521 3520
f 3537 3505 3506
f 3543 3546 3545
f 1700 1699 9370
f 3486 3551 3550
f 3455 3456 3497
f 3558 3560 3559
f 3456 3568 3500
f 3572 3571 3252
f 3308 3264 3285
f 3316 3317 3574
f 3575 3478 3479
f 3576 3579 3578
f 3580 3583 3582
f 3584 3587 3586
f 3505 3537 3588
f 3589 3592 3591
f 3600 3603 3602
f 3542 3539 3595
f 3604 3605 3592
f 3611 3610 3613
f 3622 3625 3624
f 3618 3621 3620
f 3626 3629 3628
f 3644 3647 3646
f 3634 3637 3636
f 3638 3639 3641
f 9267 1896 1686
f 1263 2256 1886
f 3613 3655 3654
f 598 1841 844
f 2257 2258 2259
f 2258 2261 2262
f 2259 2262 2263
f 2260 2259 2216
f 1967 1971 1970
f 2212 1964 1963
f 922 921 2218
f 1312 1098 1101
f 1307 1306 1286
f 1548 1569 1546
f 2266 2267 2268
f 2265 2268 2270
f 2272 2265 2269
f 2273 2266 2265
f 2275 2276 2277
f 2278 2274 2277
f 2284 2285 9069
f 2287 2283 2286
f 2288 2289 2283
f 2290 2284 9091
f 2291 2292 2293
f 2295 2291 2294
f 2296 2297 2291
f 2297 2298 2292
f 2294 2293 2299
f 2279 2294 2300
f 2298 2301 2302
f 2292 2302 2303
f 2293 2303 2304
f 2304 2305 2306
f 2308 2309 2310
f 2302 2307 2310
f 2301 2311 2307
f 2312 2308 2307
f 2313 2314 2315
f 2318 2319 2320
f 9200 9223 2322
f 2324 2325 2273
f 2313 2324 2326
f 2328 2324 2313
f 2329 2325 2324
f 2331 2332 2333
f 2330 2333 2267
f 2325 2330 2266
f 2329 2331 2330
f 2333 2334 2335
f 2336 2334 2333
f 2338 2336 2332
f 2331 2339 2337
f 2329 2340 2339
f 2328 2341 2340
f 2316 2342 2341
f 2342 2316 2315
f 2344 2345 2346
f 2341 2344 2347
f 2342 2348 2344
f 2348 2349 2345
f 2350 2351 2352
f 2339 2350 2353
f 2340 2347 2350
f 2347 2346 2351
f 2337 2353 2354
f 2353 2352 2355
f 2356 2277 2276
f 2356 2357 2358
f 2356 2359 2296
f 2279 2277 2356
f 2360 2361 2270
f 2267 2335 2360
f 2362 2363 2364
f 2362 2365 2361
f 2366 2362 2358
f 2366 2367 2363
f 2357 2276 2368
f 2366 2368 2369
f 2276 2275 2370
f 2368 2370 2282
f 2372 2373 2374
f 2375 2376 2377
f 2378 2379 2380
f 2382 2378 2381
f 2384 2385 2378
f 2385 2386 2379
f 2388 2389 2390
f 2387 2390 2392
f 2393 2394 2387
f 2394 2395 2388
f 2186 2401 2402
f 2403 2404 2327
f 2272 2403 2326
f 2271 2405 2403
f 2405 2406 2404
f 2404 2407 2408
f 2409 2410 2411
f 2409 2412 2271
f 2413 2409 2269
f 2413 2414 2410
f 2417 2415 2416
f 2417 2418 2406
f 2412 2417 2405
f 2411 2415 2417
f 2406 2419 2407
f 9013 8964 632
f 2420 2398 2397
f 2420 2421 2423
f 2424 2420 2422
f 2424 2399 2398
f 2425 2391 2392
f 2421 2425 2426
f 2397 2396 2425
f 2396 2393 2391
f 2427 2314 2408
f 2430 2427 2428
f 2343 2315 2427
f 2432 2343 2430
f 2431 2430 2429
f 2435 2431 2433
f 2436 2432 2431
f 2428 2408 2407
f 2422 2437 2407
f 2438 2437 2422
f 2429 2428 2437
f 2440 2434 2433
f 2441 2439 2433
f 2442 2443 2439
f 2443 2444 2440
f 2445 2446 2444
f 2447 2445 2443
f 2383 2381 2445
f 2381 2380 2446
f 2448 2438 2423
f 2449 2448 2426
f 2441 2448 2449
f 2441 2429 2438
f 2449 2392 2390
f 2450 2390 2389
f 2447 2450 2451
f 2442 2449 2450
f 2451 2389 2453
f 2452 2453 2455
f 2382 2452 2454
f 2383 2451 2452
f 2456 2457 2373
f 2459 2460 2461
f 2463 2464 2465
f 2462 2465 2285
f 2466 2462 2284
f 2467 2463 2462
f 2461 2460 9155
f 2468 2469 2470
f 2472 2468 2471
f 2474 2461 9153
f 2475 2476 2477
f 2458 2455 2453
f 2479 2453 2389
f 2395 2480 2479
f 2480 2459 2458
f 2481 2482 2483
f 2484 113 2485
f 2471 2470 2464
f 2473 2471 2463
f 2487 2467 2466
f 2486 2466 2290
f 2490 2486 2488
f 2491 2487 2486
f 2492 2473 2467
f 2493 2492 2487
f 2494 2495 2492
f 2495 2472 2473
f 9142 2496 2474
f 9143 2497 2496
f 2498 2494 2493
f 2500 2498 2499
f 9152 9139 2498
f 9139 9143 2494
f 2306 2504 2278
f 2305 2505 2504
f 2504 2505 2507
f 2506 2507 2288
f 2274 2506 2508
f 2278 2504 2506
f 9085 9084 2489
f 9072 9085 2488
f 2507 2509 2289
f 2505 2510 2509
f 2508 2288 2287
f 2511 2287 2281
f 2370 2511 2280
f 2275 2508 2511
f 2512 2490 2489
f 2514 2512 2513
f 2517 2512 2514
f 2517 2491 2490
f 2499 2493 2491
f 2499 2517 2516
f 2510 2505 2519
f 2518 2519 2521
f 9068 2518 2520
f 9084 2510 2518
f 2522 2304 2303
f 2523 2522 2310
f 2305 2304 2522
f 2524 2522 2523
f 2519 2524 2525
f 2505 2305 2524
f 2308 2312 2527
f 2526 2527 2529
f 2531 2526 2528
f 2309 2308 2526
f 1214 2532 2151
f 2419 2406 2418
f 2533 2345 2349
f 2534 2533 2317
f 2535 2536 2533
f 2536 2346 2345
f 2537 2351 2346
f 2538 2537 2536
f 2539 2540 2537
f 2540 2352 2351
f 2312 2355 2541
f 2527 2541 2542
f 2543 2435 2434
f 2545 2543 2544
f 2319 2318 2543
f 2318 2436 2435
f 2514 2515 2548
f 2547 2548 2550
f 2552 2547 2549
f 2552 2516 2514
f 2520 2521 2554
f 2553 2554 2556
f 9042 2553 2555
f 9073 2520 2553
f 2523 2309 2531
f 2557 2531 2530
f 2525 2523 2557
f 2559 2557 2558
f 2554 2559 2560
f 2521 2525 2559
f 2561 2375 2007
f 2376 2562 2225
f 2564 2565 2566
f 2563 2566 338
f 2569 2563 2567
f 2570 2564 2563
f 2572 2573 2574
f 2571 2574 2576
f 2544 2571 2575
f 2544 2434 2572
f 2578 2570 2569
f 2579 2577 2569
f 2574 2577 2579
f 2573 2578 2577
f 2581 2582 2583
f 2584 2580 2583
f 9149 9127 2580
f 9128 2581 2580
f 2582 2516 2552
f 2583 2552 2551
f 2500 2501 2589
f 2590 2588 2589
f 9145 9147 2588
f 9147 9152 2500
f 2501 2516 2591
f 2592 2593 2594
f 2386 2385 2503
f 2596 2379 2386
f 2596 2374 2373
f 2599 2596 2597
f 2599 2380 2379
f 2600 2446 2380
f 2600 2599 2598
f 2603 2600 2601
f 2603 2444 2446
f 2604 2603 2602
f 2440 2604 2605
f 2444 2603 2604
f 2606 2582 2581
f 2606 2607 2590
f 2591 2516 2582
f 9128 2587 2456
f 9141 2456 2372
f 2478 2477 2608
f 2609 2610 2611
f 2564 2570 2613
f 2612 2613 2598
f 2457 2612 2597
f 2565 2564 2612
f 2614 2613 2570
f 2615 2614 2578
f 2602 2601 2614
f 2601 2598 2613
f 2572 2434 2605
f 2616 2605 2602
f 2573 2572 2616
f 1459 1016 1045
f 1265 1215 1079
f 1612 1608 1609
f 2067 2057 2069
f 1135 1109 1136
f 1938 1937 2618
f 95 548 458
f 2058 1607 1608
f 1454 1469 1445
f 655 2620 1048
f 722 1049 2621
f 3665 3639 3634
f 1131 985 1033
f 562 1481 366
f 1723 1719 1725
f 1786 1123 1122
f 267 300 323
f 1325 2034 1654
f 1468 1165 1435
f 658 657 529
f 8 532 247
f 382 1557 1559
f 3631 3681 3680
f 788 619 1307
f 940 930 929
f 911 2622 2623
f 2621 2620 655
f 2624 1857 2625
f 998 1846 27
f 635 638 2626
f 2627 641 644
f 2628 2627 1840
f 1200 1199 2627
f 1199 1773 641
f 1520 515 49
f 1452 1350 1349
f 2630 2631 1859
f 644 643 1335
f 3683 3700 3699
f 1197 1198 717
f 2632 717 719
f 2628 2632 1166
f 2629 1197 2632
f 1762 2633 1050
f 1823 870 873
f 2634 2635 794
f 1042 794 2635
f 93 94 1901
f 2036 2038 1458
f 1527 332 1525
f 877 876 1274
f 134 409 797
f 1328 893 931
f 607 777 1091
f 1043 2635 2637
f 2636 2637 2639
f 1275 2636 2638
f 1275 1040 1043
f 1272 2624 2626
f 2640 2626 638
f 1110 2641 2640
f 536 1272 2640
f 1472 708 1474
f 2042 2030 1951
f 3668 3632 3633
f 1058 1106 1105
f 2642 2623 2643
f 1192 2642 2644
f 912 2623 2642
f 9350 1657 8970
f 1049 1048 2620
f 616 1829 1885
f 1331 1913 666
f 990 989 1198
f 1911 1912 321
f 1298 1282 1205
f 76 1490 1504
f 1502 1500 421
f 610 609 658
f 1146 937 659
f 2646 911 914
f 1280 1239 1238
f 1453 1454 1452
f 835 942 1843
f 1271 1270 1173
f 1893 1878 1826
f 1050 2633 1937
f 2651 2652 814
f 1006 1053 1281
f 2653 1084 2654
f 1001 1004 1003
f 585 997 679
f 2624 1272 621
f 555 678 2028
f 1207 526 1197
f 1626 1627 478
f 3729 3732 3731
f 3746 3749 3748
f 3770 3752 3750
f 426 389 419
f 1030 1193 1773
f 9350 645 634
f 534 1533 138
f 1125 1092 1042
f 333 228 88
f 569 1570 561
f 3691 3694 3693
f 1489 2656 871
f 1857 2624 620
f 1673 1674 9222
f 622 861 864
f 619 788 891
f 261 544 545
f 393 1555 1556
f 2658 2659 2647
f 1075 2658 2657
f 1081 1080 2658
f 1080 1139 2659
f 2644 2643 1141
f 2660 1141 1140
f 642 2660 1336
f 1193 2644 2660
f 679 678 555
f 3762 3765 3764
f 1503 1501 1500
f 1318 1317 1101
f 2661 2659 1139
f 2661 1142 2663
f 2662 2647 2659
f 2662 2663 2622
f 2664 2622 911
f 2648 2664 2646
f 2648 2647 2662
f 3586 3658 3779
f 2083 2094 2093
f 1442 1440 1437
f 3732 3734 3733
f 519 329 330
f 1885 2029 1209
f 799 800 805
f 1946 1943 1952
f 1302 1301 1253
f 3741 3738 3757
f 3660 3663 3662
f 566 2005 224
f 1389 940 928
f 683 682 681
f 836 835 1842
f 2665 1842 1845
f 2666 2665 1303
f 24 836 2665
f 831 1072 2650
f 1845 1844 1304
f 2010 2013 2012
f 1051 1936 2667
f 1522 1521 1511
f 531 440 441
f 1250 635 2625
f 2669 2625 1857
f 783 2669 1856
f 782 1250 2669
f 720 2670 2671
f 1055 1931 1930
f 1333 1067 1251
f 619 622 1308
f 652 655 2619
f 521 522 1539
f 1838 988 537
f 2672 537 536
f 1113 2672 2641
f 1113 527 1838
f 1016 1013 1351
f 9349 573 570
f 226 227 104
f 9008 9121 9279
f 1036 1037 1884
f 2674 1301 1304
f 2673 1304 1844
f 1334 2673 2675
f 1333 2674 2673
f 2676 702 1039
f 1843 2676 2675
f 942 1074 2676
f 1074 699 702
f 752 1057 1055
f 1200 1166 656
f 1120 1846 874
f 2677 874 877
f 1241 2677 1052
f 1119 1120 2677
f 1560 1513 151
f 1208 1316 611
f 215 735 736
f 1460 1459 1462
f 3717 3720 3719
f 1208 1207 1839
f 854 856 1282
f 3682 3697 3696
f 72 445 182
f 544 1563 1565
f 217 200 456
f 3673 3647 3781
f 2047 1404 930
f 1204 2618 1937
f 913 777 686
f 3705 3708 3707
f 840 527 1113
f 1531 729 730
f 2678 778 1283
f 601 667 1914
f 1537 1538 459
f 1819 1757 8953
f 991 1860 862
f 2679 711 1073
f 3776 3775 3581
f 2680 1830 983
f 779 2680 2256
f 778 2678 2680
f 2678 2679 1830
f 180 542 245
f 1886 1132 1131
f 3766 3768 3767
f 1138 1137 1274
f 3777 3778 3585
f 1841 598 1140
f 75 313 314
f 193 423 420
f 2681 2682 1099
f 3658 3586 3587
f 170 1567 1565
f 349 416 417
f 1121 1124 2684
f 547 797 409
f 123 122 121
f 2643 2663 1142
f 1542 1544 513
f 899 900 907
f 1210 677 676
f 791 663 982
f 24 27 837
f 893 896 932
f 1860 1320 863
f 535 538 862
f 3640 3684 3683
f 1569 1548 1547
f 181 455 542
f 660 659 937
f 2013 567 568
f 3781 3647 3644
f 887 890 2631
f 1524 1508 361
f 520 161 162
f 2653 855 854
f 1238 1237 2655
f 718 1838 527
f 1492 1493 518
f 792 616 615
f 599 846 1835
f 290 457 456
f 312 171 1552
f 1248 2687 1179
f 153 149 177
f 1240 1181 1222
f 1257 1292 1235
f 1291 1084 1083
f 1052 877 1277
f 743 742 2618
f 444 140 430
f 23 1224 1172
f 2687 2654 1180
f 102 103 409
f 1283 607 610
f 373 497 650
f 1180 2654 1084
f 855 2653 2655
f 1173 1270 1917
f 2689 850 853
f 2688 853 1108
f 2686 2688 1279
f 2687 2689 2688
f 2691 1302 1252
f 2690 1252 850
f 1248 2690 2689
f 1248 1247 2691
f 2692 617 24
f 2691 2692 2666
f 1247 1258 2692
f 1258 1168 617
f 394 1554 1555
f 2693 1260 1259
f 1072 1236 1262
f 1257 1071 1168
f 398 439 1555
f 871 1784 1314
f 1178 1232 1249
f 1224 1289 1173
f 1010 2617 2618
f 1175 1174 1292
f 2654 2687 2686
f 2694 1157 1216
f 71 418 1487
f 701 1112 1111
f 1072 1261 2649
f 1085 2695 22
f 895 2694 1264
f 1601 1606 1605
f 1259 1262 1271
f 21 20 1220
f 988 991 538
f 3533 3479 3535
f 598 597 1336
f 1050 860 818
f 1298 2645 1761
f 1168 1167 618
f 3629 3671 3670
f 858 1168 1256
f 39 242 516
f 2652 1761 819
f 313 316 315
f 2026 1970 1971
f 2656 1489 596
f 814 819 818
f 2696 2651 813
f 1260 2696 2649
f 2693 2697 2696
f 2697 1296 2651
f 381 355 390
f 9270 9271 1611
f 1475 1427 1428
f 1292 1174 1917
f 1551 353 354
f 1526 1525 1523
f 1593 1589 1595
f 1232 1269 1246
f 2695 2693 1223
f 2698 1297 1296
f 2698 2697 2693
f 2685 2698 2695
f 2685 854 1297
f 562 1497 271
f 2652 2651 1296
f 1365 1366 1364
f 1958 1946 1953
f 585 588 2210
f 1561 1560 1515
f 975 2648 1146
f 347 67 68
f 1038 1111 636
f 2700 781 780
f 2699 780 1036
f 2701 2699 1883
f 851 2700 2699
f 2674 1333 2251
f 2702 2251 781
f 1253 2702 2700
f 1301 2674 2702
f 1519 387 388
f 1273 1239 1280
f 2703 1280 1107
f 2701 2703 852
f 1829 1273 2703
f 91 260 326
f 1784 871 2656
f 2683 2684 2705
f 604 1894 8943
f 1669 8978 8992
f 2062 2063 2060
f 621 535 861
f 2023 731 732
f 686 779 1263
f 857 1051 2668
f 883 830 882
f 3648 3651 3650
f 637 636 1111
f 2668 894 893
f 3692 3712 3711
f 2667 921 894
f 1039 1038 1068
f 313 75 1504
f 1911 1972 305
f 1936 2706 1964
f 2707 2402 2401
f 2708 2707 2183
f 738 2163 2116
f 3785 3787 3709
f 2349 2348 2432
f 2711 2712 2020
f 2400 2711 2019
f 2714 2715 2716
f 2717 2718 2719
f 2721 2722 2723
f 2726 2727 2728
f 2725 2728 2730
f 2731 2725 2729
f 2732 2726 2725
f 2734 2735 2736
f 2738 2739 2740
f 2737 2740 2741
f 2744 2745 2746
f 2745 2744 2748
f 2749 2750 2747
f 2753 2749 2751
f 2250 1380 2246
f 3417 3420 3419
f 2754 1396 1614
f 9050 2754 2755
f 9060 2745 2747
f 1617 2756 2755
f 2242 2758 1620
f 3429 3432 3431
f 2191 2085 2760
f 2761 2759 2760
f 9100 2759 2761
f 9075 2191 2759
f 3209 3460 3354
f 1395 1394 2236
f 1395 2235 1636
f 3741 3791 3790
f 1616 1635 2229
f 3410 3413 3412
f 1617 2234 2763
f 2756 2763 9080
f 2765 2763 2234
f 2766 2764 9080
f 3202 3199 3458
f 1516 437 435
f 2768 2769 8996
f 1495 541 578
f 2135 2136 28
f 8970 8984 2773
f 1690 1689 9378
f 2778 2779 2780
f 2777 2780 2781
f 2784 2778 2777
f 8999 8965 575
f 1494 1904 9
f 8973 2016 2015
f 451 61 505
f 2786 2787 2788
f 2779 2786 2785
f 2789 2752 2741
f 2790 2753 2752
f 2792 2793 2794
f 2793 2795 2796
f 2796 2797 2750
f 2794 2796 2749
f 2798 1393 1396
f 9043 2798 2754
f 2798 2799 2800
f 9043 9114 2799
f 2797 2796 2795
f 2791 2794 2753
f 216 233 232
f 9256 2806 2807
f 9257 2809 2804
f 2769 2810 9001
f 183 185 184
f 2811 2812 2775
f 2804 2811 2776
f 2809 2813 2811
f 2812 2811 2813
f 9257 2808 2816
f 9248 2818 2815
f 9250 9252 2820
f 9245 2823 2819
f 2824 2736 2735
f 2823 2825 2824
f 2825 2823 2826
f 9245 2822 2827
f 9248 2817 2826
f 2713 2716 2829
f 2828 2829 2831
f 2822 2821 2828
f 2821 2820 2713
f 2832 2827 2822
f 2833 2832 2830
f 2834 2835 2832
f 2835 2818 2827
f 2837 2838 2839
f 2836 2839 2841
f 2842 2836 2840
f 2843 2837 2836
f 2840 2841 2845
f 2718 2844 2845
f 2730 2728 2844
f 2727 2840 2844
f 2846 2845 2841
f 2829 2846 2847
f 2847 2841 2839
f 2848 2839 2838
f 2833 2848 2849
f 2831 2847 2848
f 2850 2814 2851
f 2853 2850 2852
f 2783 2777 2782
f 2785 2788 2853
f 2780 2785 2856
f 2857 2858 2855
f 2859 2857 2782
f 2861 2843 2842
f 2860 2842 2727
f 2862 2860 2726
f 2863 2861 2860
f 2861 2863 2858
f 2843 2861 2857
f 2856 2853 2854
f 2781 2856 2864
f 2837 2843 2859
f 2838 2837 2864
f 2852 2851 2834
f 2854 2852 2849
f 2865 2815 2818
f 2851 2865 2835
f 2813 2809 2815
f 2814 2813 2865
f 2866 2812 2814
f 2788 2866 2850
f 2866 2788 2787
f 2812 2866 2867
f 1892 1889 1890
f 2720 2719 2846
f 298 299 256
f 2872 2714 2713
f 9246 9252 2735
f 2729 2730 2874
f 2846 2716 2715
f 2876 2877 2878
f 2733 2875 2878
f 9258 9259 2879
f 9258 2880 2872
f 2882 2883 2884
f 2881 2884 2715
f 2880 2881 2714
f 2879 2882 2881
f 2885 2886 2887
f 2888 2889 2890
f 2885 2890 2892
f 2893 2886 2885
f 1942 2151 2532
f 2895 2892 2720
f 2884 2895 2870
f 2883 2896 2895
f 2896 2891 2892
f 2889 2874 2717
f 2890 2717 2720
f 2897 2893 2891
f 2898 2897 2896
f 2899 2898 2883
f 2900 2899 2882
f 9249 2900 2879
f 2876 2902 2901
f 2901 2902 2904
f 1785 2656 1835
f 2905 2906 2899
f 2907 2908 2897
f 9249 2901 2903
f 632 576 577
f 8976 8991 2867
f 434 385 550
f 2768 2770 9092
f 2910 2911 1623
f 2241 2912 2758
f 9092 2770 2913
f 1623 2911 2757
f 9039 2242 2757
f 2229 1381 1380
f 2765 1630 1629
f 2915 2914 1629
f 9094 9093 2914
f 9093 9074 2765
f 2919 2916 9094
f 2918 2915 2912
f 9066 2918 2241
f 9070 2919 9065
f 8985 2177 2180
f 8965 2002 2188
f 3694 3626 3627
f 9157 9017 714
f 2925 2766 2917
f 2924 2917 2916
f 9062 2924 2919
f 9063 2925 2924
f 2926 2927 2766
f 9110 2926 2925
f 1715 1713 1705
f 785 497 498
f 1387 651 565
f 374 375 1899
f 9017 2203 2206
f 2929 2930 2886
f 2932 2933 2934
f 1905 1906 1908
f 2930 2935 2936
f 2938 2935 2930
f 1493 369 517
f 1603 1585 1586
f 2939 2938 2929
f 2940 2939 2908
f 9117 1707 1600
f 2886 2930 2937
f 2906 2907 2898
f 2908 2929 2893
f 2942 2934 2933
f 2941 2933 2937
f 8945 2941 2936
f 8942 2942 2941
f 2943 2944 2710
f 2943 2873 2874
f 2945 2943 2889
f 2946 2944 2943
f 2932 2945 2888
f 2931 2946 2945
f 727 1928 1929
f 2903 2904 2947
f 545 594 42
f 1480 1570 533
f 2907 2906 2949
f 2906 2905 2950
f 1558 452 215
f 9251 2903 2948
f 2054 1645 1644
f 9157 9136 2203
f 1828 1837 1849
f 2953 2954 2955
f 2952 2955 2957
f 2956 2261 2258
f 2953 2952 2258
f 2454 2455 2474
f 9199 2958 2959
f 9199 2132 2131
f 2961 2962 2963
f 2958 2963 2964
f 222 221 2485
f 2477 2226 2966
f 2631 2561 2006
f 2384 2454 2496
f 2967 2968 2959
f 2968 2967 2970
f 9211 2033 2971
f 9236 2971 2960
f 2972 2971 2033
f 2007 2377 2973
f 9004 9003 2134
f 1836 1833 1832
f 8950 2188 2090
f 955 810 959
f 672 675 674
f 633 710 713
f 2024 732 733
f 2025 2024 803
f 425 1552 1550
f 2975 2976 888
f 1319 1158 1157
f 1212 1935 2977
f 889 957 2228
f 1978 1974 1975
f 1138 1078 1329
f 751 665 2979
f 1619 1613 1625
f 2252 2255 1728
f 1157 1160 845
f 2706 1936 1938
f 2980 2255 2254
f 2982 2975 887
f 802 712 711
f 678 677 2029
f 527 840 690
f 1839 1207 2629
f 2983 2984 602
f 2983 1914 1913
f 2985 2983 1331
f 2986 2984 2983
f 2987 2637 2635
f 2985 2988 2639
f 2990 1319 1318
f 2991 2992 2993
f 2995 2991 2994
f 1106 1058 2991
f 1058 1057 2992
f 1415 1406 1365
f 1317 922 2217
f 1932 1728 2255
f 926 2998 2999
f 3001 2993 2992
f 3000 2992 1057
f 2999 3000 2978
f 2998 3001 3000
f 3002 2998 2209
f 3002 3003 2996
f 2993 3001 3002
f 1103 1106 2995
f 3004 2995 2996
f 2209 2210 3004
f 588 1103 3004
f 295 296 433
f 2638 2639 2988
f 3005 2988 1056
f 1305 3005 1930
f 1276 2638 3005
f 1987 1968 1993
f 2633 1762 1761
f 1423 1422 1417
f 9005 8961 739
f 2671 2670 2704
f 1473 1872 2035
f 922 1317 2694
f 1401 1400 1378
f 556 2028 1884
f 842 848 9277
f 1854 2706 2617
f 933 1082 1081
f 1440 1441 1436
f 529 657 719
f 1031 1025 1027
f 777 913 912
f 2645 1205 1204
f 441 438 1538
f 3771 3774 3773
f 790 1287 587
f 2065 2066 1610
f 1860 991 990
f 60 106 87
f 1424 1017 1948
f 332 1527 1507
f 261 262 138
f 187 188 449
f 1719 1720 1726
f 1931 1055 1059
f 3006 1059 1105
f 1287 3006 1104
f 1286 1931 3006
f 3007 3008 3009
f 3009 3008 653
f 618 999 26
f 2029 677 1210
f 957 601 600
f 1049 2146 2228
f 2631 890 3011
f 890 889 2227
f 3011 2227 2145
f 2561 3011 3012
f 1026 656 609
f 2706 1854 1961
f 3013 2965 2485
f 2148 2147 1267
f 3015 1267 1266
f 2997 2264 1101
f 642 641 1773
f 186 477 461
f 1041 1040 1320
f 1121 3016 3017
f 2984 2986 2987
f 3018 2987 2634
f 1048 603 3018
f 603 602 2984
f 2679 2678 801
f 2062 2072 2074
f 2061 2074 2076
f 414 303 1545
f 3016 1121 2683
f 3019 2683 2704
f 3020 3019 2670
f 3007 3016 3019
f 1871 1090 1091
f 3021 1787 1122
f 3022 3021 3017
f 1314 3021 3022
f 1784 1787 3021
f 1316 1315 1763
f 3023 3022 3010
f 3023 3009 795
f 1763 3023 1092
f 1315 3022 3023
f 3016 3007 3010
f 752 751 2978
f 2986 2639 2637
f 3024 654 653
f 3020 3024 3008
f 720 723 3024
f 723 2621 654
f 2681 1098 1268
f 2671 3025 1268
f 2705 2681 3025
f 1313 3026 3027
f 3026 3028 3029
f 3027 3029 3030
f 1311 3027 3031
f 2012 568 731
f 917 2657 974
f 3742 3745 3744
f 743 1206 856
f 1888 2027 2030
f 2682 2705 2684
f 3032 2684 1124
f 1100 3032 2989
f 1099 2682 3032
f 1123 2990 2989
f 3033 1834 1159
f 2990 3033 1158
f 1123 1786 3033
f 1786 1785 1834
f 1054 1056 2988
f 2979 665 664
f 2623 2622 2663
f 1095 660 688
f 3034 3035 2261
f 3036 3034 2956
f 3037 3038 3034
f 3038 3039 3035
f 3040 3041 3026
f 2263 3042 3041
f 3042 3039 3043
f 3041 3043 3028
f 3044 3045 3043
f 3046 3047 3045
f 3047 3048 3049
f 3043 3045 3049
f 3038 3037 3051
f 3050 3051 3053
f 3052 3046 3044
f 3039 3038 3050
f 3054 3035 3039
f 3042 2263 2262
f 2261 3035 3054
f 2216 2263 2997
f 2212 2211 2667
f 3056 868 2209
f 934 3057 1961
f 2013 9207 9209
f 3058 3059 3060
f 3059 3062 3063
f 3060 3063 2213
f 3061 3060 1963
f 3063 3064 2214
f 3062 3065 3064
f 3065 2257 2260
f 3064 2260 2215
f 3066 3067 3031
f 2608 2966 3067
f 2966 2562 3068
f 3031 3067 3068
f 2455 2458 2461
f 2476 2223 2226
f 8995 2090 2089
f 8970 2774 9221
f 433 354 355
f 2115 1423 1419
f 8953 2868 2922
f 9221 9189 2131
f 3069 2611 2167
f 2971 2972 2928
f 2961 2774 2773
f 3070 2475 2478
f 2610 2609 3071
f 2502 2371 2374
f 3072 2592 2595
f 2964 3046 3052
f 3048 2593 3074
f 2593 2592 3075
f 3075 3030 3029
f 3074 3029 3028
f 3072 3076 3075
f 3076 3072 2482
f 2481 2608 3066
f 3076 3066 3030
f 2967 3052 3053
f 2482 3072 3073
f 479 480 493
f 706 9352 9325
f 9005 2194 2221
f 2013 2010 9206
f 8977 2032 2016
f 9006 8963 2222
f 1171 1154 1155
f 3782 3644 3689
f 2586 2566 2565
f 2982 110 113
f 2562 2376 3077
f 2376 2375 3012
f 3012 2145 2148
f 3077 2148 3015
f 2963 3047 3046
f 3051 3078 2970
f 1683 2173 491
f 9302 2122 1447
f 1986 2181 9186
f 3079 3080 2546
f 3081 3079 2575
f 1983 1986 9220
f 3082 2323 2319
f 3080 3082 2545
f 9186 9184 3082
f 9184 9200 2323
f 1309 1471 1888
f 3073 2595 2772
f 2760 3083 3084
f 2760 2085 2088
f 3085 3084 3086
f 3089 3085 3090
f 3089 2762 3084
f 3092 3088 3090
f 3093 2748 2744
f 2751 2747 2748
f 3093 2741 2752
f 2742 2741 3093
f 3094 3093 2743
f 3096 3097 3098
f 3099 3096 3087
f 3097 3094 3095
f 3100 2743 2746
f 3101 2927 3102
f 2764 2766 2927
f 2745 2764 3101
f 3102 3092 3091
f 3100 3091 3095
f 2869 2802 9044
f 3102 3103 3104
f 9110 2868 2869
f 2927 2926 3103
f 3098 3095 3091
f 3087 3098 3090
f 2088 2125 3105
f 3083 3105 3086
f 2483 3073 2771
f 2401 2186 2185
f 3099 3086 3105
f 2125 2207 3106
f 3108 2737 2742
f 3107 2742 3094
f 3110 3108 3107
f 3109 3107 3097
f 3111 3109 3096
f 3112 3110 3109
f 3113 2738 2737
f 3115 2723 2722
f 3117 3115 3114
f 3119 3117 3116
f 3118 3116 3120
f 3116 3114 3113
f 3122 3112 3111
f 3122 3123 1755
f 3124 3125 3126
f 3125 3118 3121
f 3128 3119 3118
f 3129 3128 3125
f 2020 2712 3128
f 9305 9309 1346
f 1065 1046 1047
f 1814 9290 9282
f 2021 2020 3129
f 3111 3099 3106
f 3123 3106 2207
f 2377 2225 2224
f 3014 2485 113
f 1756 2208 9234
f 3131 3132 2530
f 3133 3131 2528
f 1753 1756 9219
f 3134 3124 3127
f 2327 2408 2314
f 2436 2318 2317
f 2018 2021 9163
f 2534 3136 3137
f 2320 2322 3136
f 2185 2018 9164
f 3138 3139 2542
f 3134 3135 9196
f 9237 3130 3134
f 3140 3138 2539
f 2535 3137 3140
f 9163 2021 3130
f 2558 2530 3132
f 9234 9212 3141
f 2560 2558 3141
f 9212 9229 3142
f 958 888 2976
f 1933 1932 2980
f 3714 3704 3729
f 2399 2424 2418
f 2348 2342 2343
f 2322 2320 2319
f 2718 2717 2874
f 2709 2729 2873
f 2894 2871 1361
f 3788 3789 3720
f 346 289 176
f 1876 1877 1882
f 2802 2803 9059
f 3104 3144 3088
f 2974 2222 9101
f 3089 3145 2761
f 3088 3144 3145
f 2803 2974 9055
f 9322 9361 692
f 2123 1419 1418
f 1365 1363 1368
f 3346 3345 3344
f 1581 1766 1782
f 9013 2202 2129
f 8999 2003 2002
f 3146 2585 2551
f 9203 3146 3147
f 9194 3149 3146
f 3149 2584 2585
f 3196 3198 3197
f 9056 2192 2191
f 3142 3150 2556
f 9229 9230 3150
f 9098 3152 2550
f 3150 3151 2555
f 9230 9232 3151
f 9240 9233 3152
f 3153 3147 2551
f 3152 3153 2549
f 9233 9228 3153
f 9228 9202 3147
f 3148 2767 2206
f 2183 2401 2321
f 2132 2960 2928
f 3299 3300 3321
f 9136 9137 2204
f 9171 2198 2197
f 2594 2962 2773
f 2595 2594 2951
f 1870 798 799
f 3257 3260 3259
f 9165 2179 2178
f 9158 2178 9188
f 336 3154 9226
f 339 3155 3154
f 9241 9135 3149
f 9135 9149 2584
f 2963 2962 3048
f 9174 9182 337
f 339 338 2566
f 3156 3157 2168
f 2610 3156 2167
f 2954 2953 3156
f 3157 3156 2953
f 9159 2166 2169
f 2567 3158 3159
f 337 3158 2567
f 9182 3069 2166
f 9216 2190 1983
f 2579 3160 3081
f 2568 3159 3160
f 9161 2169 2190
f 3065 3062 3162
f 3161 3162 1984
f 3157 3161 2189
f 2257 3065 3161
f 734 735 1922
f 3059 3058 2708
f 3163 2708 2182
f 3162 3163 1985
f 3062 3059 3163
f 3203 3206 3205
f 3806 3809 3808
f 2122 2119 1448
f 9269 1686 1685
f 139 140 444
f 1570 569 566
f 2957 3164 3165
f 2955 3166 3164
f 1912 454 341
f 3130 3129 3124
f 1548 322 319
f 1949 1950 1327
f 2969 2970 3078
f 3167 3078 3169
f 9176 2014 2017
f 9172 2017 2033
f 3168 3169 3165
f 3170 3165 3164
f 9231 3170 3171
f 9176 3168 3170
f 3171 3164 3166
f 3172 3166 3071
f 9204 3172 3173
f 9208 3171 3172
f 3169 3037 3036
f 2593 3048 2962
f 3173 3071 2609
f 3174 2609 2199
f 9235 3174 2198
f 9201 3173 3174
f 2190 2189 1984
f 2196 2195 2767
f 3326 3329 3328
f 2119 2120 1414
f 1464 1463 1466
f 2199 2611 3069
f 2457 2456 2587
f 2226 2225 2562
f 481 478 1627
f 333 1512 235
f 3078 3051 3037
f 3040 2264 2997
f 3351 3352 3262
f 2219 1934 1933
f 2385 2384 2497
f 221 2220 3175
f 2220 1933 3143
f 3175 3143 2976
f 2484 3175 2975
f 2954 3071 3166
f 2630 1858 110
f 1547 319 1952
f 2091 2090 2188
f 9185 9188 2178
f 1918 1919 1927
f 9007 112 111
f 3398 3401 3400
f 955 956 960
f 2037 3014 112
f 3143 2980 2981
f 2218 2211 2214
f 672 9329 9239
f 2152 3013 3014
f 1147 1144 1143
f 2248 2246 1409
f 1615 1636 1635
f 1410 1409 2246
f 3486 3488 3487
f 3468 3469 3502
f 3451 3453 3452
f 1382 3176 3177
f 3177 1410 2247
f 2247 1383 3177
f 3176 2238 2230
f 1410 3177 3179
f 3179 3180 2243
f 1633 3181 2800
f 3816 3818 3817
f 1621 1620 2758
f 3642 3801 3662
f 3422 3421 3260
f 1622 1621 2245
f 2236 1394 3181
f 3793 3796 3795
f 3493 3496 3495
f 2237 2236 3182
f 3513 3516 3515
f 2250 1631 2233
f 3654 3666 3667
f 2912 1629 1628
f 3819 3822 3821
f 3432 3824 3823
f 135 136 1564
f 1567 419 512
f 1085 1084 2653
f 3184 869 868
f 869 3184 3057
f 3389 3388 3387
f 1266 1268 1098
f 1267 2147 722
f 937 1146 2646
f 2146 1049 722
f 2211 2218 921
f 1957 510 507
f 1313 1312 2264
f 1496 362 1493
f 2887 2937 2933
f 1687 1688 1659
f 145 1499 1498
f 3831 3829 3830
f 37 38 418
f 1935 1934 3185
f 104 89 301
f 2101 2098 2083
f 543 298 360
f 1934 2219 3186
f 234 1521 212
f 9297 9273 1822
f 3825 3828 3827
f 1976 1875 1874
f 223 3186 2219
f 9107 9108 9057
f 2165 2164 467
f 467 468 2165
f 773 476 2165
f 3673 3658 3659
f 1935 1212 1728
f 3490 3491 3840
f 3362 3359 3848
f 3862 3865 3864
f 3465 3466 3484
f 3893 3894 3525
f 3352 3351 3430
f 3869 3872 3871
f 3529 3530 3567
f 3420 3417 3922
f 3304 3235 3236
f 3929 3932 3931
f 3324 3326 3327
f 3219 3937 3939
f 3220 3938 3937
f 3450 3375 3376
f 3942 3832 3833
f 3215 3216 3454
f 3946 3332 3215
f 3422 3949 3948
f 3950 3457 3198
f 3205 3206 3957
f 3261 3962 3961
f 3852 3853 3964
f 3214 3211 3946
f 3965 3213 3214
f 3797 3800 3799
f 3988 3991 3990
f 3777 3779 3806
f 3855 3858 3447
f 3737 3799 3800
f 3949 3953 3952
f 3651 3782 3783
f 4001 3784 3787
f 4019 4022 4021
f 4027 4030 4029
f 3258 3259 4030
f 4033 4036 4035
f 3424 3425 4047
f 3242 3243 4058
f 3970 3489 3547
f 3829 3242 4057
f 3333 3332 3947
f 4063 4068 4065
f 4073 4076 4075
f 3568 3456 3443
f 3981 3334 3335
f 3540 3915 3862
f 4078 4079 4031
f 3565 3566 4088
f 3442 3455 4089
f 4092 4095 4094
f 4093 4094 4097
f 3619 3620 3623
f 3660 4098 3821
f 3809 3648 3649
f 3610 3652 3655
f 3656 3622 3623
f 3621 3803 3804
f 3503 3480 3481
f 3436 3439 3438
f 3356 3428 3427
f 3628 3670 3669
f 3734 3811 4002
f 3276 3273 3370
f 3763 4106 4107
f 4006 4007 3754
f 3747 3751 3752
f 3863 3864 4110
f 3994 3891 4003
f 3653 3801 3664
f 3296 4116 4115
f 4117 4120 4119
f 3249 3252 3251
f 4127 4130 4129
f 3478 3575 3903
f 3410 4136 3921
f 3977 4061 4038
f 3216 3452 3453
f 3967 3547 3548
f 4140 4078 4032
f 3509 4086 4149
f 4151 4152 3659
f 4153 4152 3656
f 4153 4154 3646
f 4156 3688 3645
f 4139 4077 4078
f 3743 3744 4163
f 3861 3918 3987
f 3468 4066 4067
f 3306 3981 3980
f 4172 4173 4010
f 4169 4170 3836
f 4187 4190 4189
f 4213 4216 4215
f 4220 4223 4222
f 4225 4226 4211
f 4230 4233 4232
f 4240 4243 4242
f 3606 3609 3608
f 4250 4253 4252
f 4258 4261 4260
f 4077 4080 4079
f 4276 4279 4278
f 4308 4262 4263
f 4017 4018 3872
f 3196 3193 3951
f 4316 4317 4270
f 3870 4306 4307
f 4324 4327 4326
f 4333 4334 4247
f 4338 4341 4340
f 4348 4351 4350
f 4283 4284 4289
f 4356 4359 4358
f 4359 4019 4020
f 4362 4363 4196
f 4320 4364 4279
f 4370 4372 4296
f 4377 4253 4303
f 4231 4232 4201
f 4203 4212 4331
f 4037 4040 4039
f 4371 4265 4386
f 4387 4346 4347
f 3309 3293 3294
f 4099 3723 3724
f 4355 3422 3257
f 3630 3680 3693
f 4277 4278 4302
f 4350 4318 4319
f 4353 4354 4351
f 3637 3634 3639
f 4394 4395 3827
f 3311 3312 4399
f 3755 3708 4005
f 4363 4362 4259
f 3454 3453 3919
f 3446 3447 3459
f 4298 4299 4404
f 3749 3746 3769
f 3791 3741 3756
f 3643 3685 3684
f 3845 3846 3399
f 4313 3257 3258
f 4411 4413 4408
f 3843 4424 4423
f 4214 4215 4329
f 4431 4434 4433
f 3918 3861 3798
f 3927 3928 3388
f 4453 3893 3874
f 4138 4458 4457
f 3346 4460 4459
f 4100 4109 4108
f 3974 3977 3976
f 3665 3655 3652
f 3773 3565 3993
f 3945 3454 3920
f 4144 4463 4462
f 4464 4467 4466
f 3268 4142 4479
f 4484 3921 4136
f 3348 3914 4487
f 3313 3314 3912
f 3803 3621 3617
f 4086 3509 3510
f 4034 3304 3305
f 3403 3404 4171
f 4481 4482 4492
f 4177 4180 4179
f 4398 4170 3923
f 4451 4493 4494
f 4501 4075 4076
f 4509 4510 4506
f 3304 4034 4462
f 4485 4399 3312
f 3419 4488 3349
f 4356 4345 4385
f 4026 4354 4358
f 4354 4353 4357
f 3599 3596 4091
f 4341 4338 4254
f 4251 4252 4524
f 3482 3485 3484
f 3843 3543 3544
f 4295 4341 4274
f 4381 4530 4206
f 4204 4205 4531
f 4533 4536 4535
f 4542 4545 4544
f 4546 4549 4548
f 4573 4574 4547
f 4575 4578 4577
f 4221 4581 4580
f 4587 4590 4589
f 4328 4592 4589
f 4187 4565 4563
f 4595 4583 4593
f 4597 4605 4604
f 4609 4608 4611
f 4620 4623 4622
f 4612 4615 4614
f 4636 4638 4600
f 4649 4651 4650
f 4652 4655 4654
f 4662 4665 4664
f 4666 4669 4668
f 4637 4639 4685
f 4627 4701 4700
f 4684 4686 4636
f 4663 4689 4661
f 4699 4698 4697
f 4647 4648 4703
f 4709 4711 4603
f 4724 4633 4726
f 4742 4745 4744
f 3311 3923 3924
f 4698 4759 4758
f 4749 4765 4609
f 4342 4345 4344
f 4797 4800 4799
f 4490 4048 3974
f 4019 4359 4306
f 4512 3955 4514
f 3991 3988 4508
f 4692 4695 4694
f 4680 4681 4818
f 4821 4822 4824
f 4367 4239 4243
f 4833 4832 4831
f 4837 4744 4757
f 4332 4563 4562
f 4683 4835 4819
f 4845 4843 4850
f 4751 4753 4752
f 4854 4855 4695
f 4858 4719 4718
f 4822 4559 4859
f 4674 4646 4647
f 4771 4774 4773
f 4726 4727 4537
f 4714 4718 4719
f 4633 4634 4688
f 4616 4619 4618
f 4686 4684 4842
f 4869 4707 4708
f 3502 3868 3528
f 4777 4660 4737
f 4734 4732 4779
f 4883 4755 4663
f 4375 4294 4274
f 4290 4343 4335
f 4816 4815 4812
f 4778 4779 4732
f 4158 3710 4160
f 4195 4198 4197
f 3860 3861 4166
f 3758 3759 3763
f 3694 3691 4157
f 4249 4248 4391
f 3467 3470 3469
f 4209 4212 4211
f 4142 3268 4144
f 3615 3614 3617
f 3479 3480 3536
f 4883 4753 4672
f 4802 4801 4642
f 3698 3637 3638
f 4105 3725 3726
f 4848 4645 4896
f 4878 4877 4744
f 4610 4874 4748
f 4036 3403 4489
f 4355 4313 4314
f 4171 4141 4049
f 3875 3452 3216
f 4868 4865 4863
f 4623 4900 4691
f 3629 3626 4155
f 4654 4887 4898
f 4012 4015 4014
f 4902 4903 4866
f 4768 4769 4908
f 4370 4386 4385
f 4888 4860 4914
f 3546 3543 3917
f 4932 4926 4931
f 3625 3622 4151
f 3804 3669 3670
f 3816 4104 4103
f 4911 4898 4887
f 4928 4930 4927
f 4925 4929 4927
f 3655 3665 3666
f 4932 4919 4910
f 4937 4923 4912
f 4939 4938 4942
f 4228 4529 4530
f 4946 4945 4942
f 4938 4922 4923
f 4942 4938 4937
f 4951 4950 4930
f 4955 4951 4928
f 4748 4750 4615
f 4914 4860 4847
f 4824 4859 4584
f 4940 4939 4941
f 4916 4961 4960
f 4909 4907 4891
f 4971 4967 4968
f 4966 4970 4948
f 4962 4952 4953
f 4940 4935 4924
f 4831 4916 4917
f 4935 4936 4925
f 4275 4255 4261
f 4679 4758 4791
f 4016 4309 4373
f 4668 4764 4766
f 4539 4537 4727
f 4929 4925 4936
f 4775 4776 4801
f 4801 4776 4742
f 4732 4734 4611
f 4985 4984 4983
f 4534 4586 4562
f 4847 4644 4645
f 4788 4787 4619
f 4787 4788 4678
f 4657 4606 4605
f 4994 4996 4878
f 5006 5009 5008
f 5001 5003 4973
f 4814 4618 4619
f 5014 4989 4974
f 5003 5002 4972
f 5019 5006 5007
f 5024 5016 5017
f 5036 5037 5035
f 4990 5019 4975
f 5045 5033 5034
f 5048 5049 5034
f 5025 5017 5014
f 5046 5038 5043
f 5051 5052 5055
f 5044 5050 5060
f 5011 4981 5021
f 5013 5069 5068
f 5028 5073 5072
f 5077 5074 5064
f 5065 5080 5079
f 5083 5079 5080
f 5063 5067 5080
f 5054 5055 5071
f 4602 4603 4711
f 5058 5082 5083
f 4982 4983 4792
f 5041 5033 5045
f 3909 3911 3278
f 3471 3474 3473
f 5002 5003 4994
f 5060 5080 5067
f 4892 4861 4862
f 4891 4813 4884
f 4996 4994 5003
f 4997 5015 5005
f 4813 4617 4614
f 4618 4814 4827
f 5089 5090 5093
f 3303 3306 3305
f 5100 5103 5102
f 5107 5110 5109
f 5110 5115 5092
f 4610 4611 4734
f 5112 5103 5100
f 5088 5091 5090
f 5119 5118 5117
f 5092 5115 5096
f 3826 3830 3829
f 5108 5109 5102
f 5100 5130 5087
f 5118 5131 5133
f 3783 3689 3690
f 4444 4447 4446
f 5151 5153 5150
f 4790 4616 4617
f 4332 4182 4190
f 3266 3267 4451
f 3211 3947 3332
f 4741 4796 4760
f 4775 4778 4777
f 4764 4665 4691
f 4489 4171 4048
f 4466 4477 4511
f 4518 3936 3930
f 4786 4787 4791
f 4980 5005 4984
f 5144 5152 5150
f 5159 5146 5148
f 5121 5119 5120
f 5169 5164 5162
f 5016 4978 4979
f 5123 5180 5179
f 5181 5180 5140
f 5175 5185 5184
f 4575 4581 4586
f 4984 4985 4976
f 4596 4599 4598
f 5182 5181 5183
f 4785 4619 4787
f 5137 5124 5122
f 5167 5179 5180
f 4835 4683 4898
f 4687 4727 4726
f 4176 3836 4170
f 4760 4761 4655
f 4681 4680 4649
f 5121 5093 5132
f 5171 5191 5178
f 5174 5178 5191
f 5169 5193 5194
f 4909 5094 5095
f 5105 5104 5112
f 4767 5108 5126
f 5201 5202 5205
f 5219 5218 5217
f 5229 5214 5200
f 5234 5237 5236
f 4069 4072 4071
f 4724 4725 4717
f 5108 4767 4768
f 5103 5195 5126
f 5227 5218 5211
f 5015 4997 4884
f 4997 4998 4892
f 5197 5198 5215
f 5241 5199 5247
f 5013 4975 5019
f 5205 5239 5232
f 4969 4967 4971
f 5239 5205 5249
f 4808 5243 5225
f 5216 5247 5199
f 5253 5245 5242
f 5235 5236 5255
f 5135 5148 5157
f 5264 5260 5267
f 5245 5203 5215
f 5260 5261 5269
f 5264 5266 5274
f 5154 5153 5173
f 5287 5272 5278
f 5256 5301 5300
f 5173 5174 5176
f 4631 4630 4629
f 4781 4784 4783
f 5309 5307 5311
f 5155 5156 5144
f 4826 4828 4827
f 5291 5295 5308
f 5310 5311 5281
f 5311 5307 5308
f 4036 4033 4176
f 4641 4716 4704
f 5220 5224 4804
f 4770 5206 5207
f 5188 5185 5175
f 5180 5123 5129
f 4626 4700 5314
f 4731 4728 5315
f 5222 5213 5210
f 4728 4882 5316
f 5230 5219 5216
f 5297 5296 5240
f 5204 5233 5208
f 5318 4868 4864
f 5273 5272 5287
f 5221 5210 5219
f 4700 4902 5321
f 5313 5314 5328
f 5157 5149 5154
f 5275 5276 5263
f 5324 5322 5318
f 5323 5332 5331
f 5343 5334 5345
f 5306 5310 5286
f 5278 5281 5311
f 4882 4625 5320
f 5109 5110 5114
f 5123 5087 5130
f 5299 5283 5284
f 5240 5198 5199
f 5229 5231 5197
f 5305 5302 5292
f 5233 5228 5225
f 5192 5190 5194
f 5104 5105 4670
f 5146 5159 5160
f 5337 5340 5347
f 5347 5340 5341
f 5353 5346 5335
f 5349 5355 5354
f 5355 5358 5357
f 5358 5355 5360
f 5355 5349 5348
f 5342 5366 5365
f 5345 5346 5362
f 5332 5364 5367
f 5372 5371 5315
f 5370 5365 5366
f 5361 5356 5354
f 5364 5365 5368
f 5369 5344 5362
f 5316 5320 5330
f 5373 5359 5371
f 5341 5342 5364
f 5374 5358 5359
f 5329 5376 5375
f 5377 5380 5379
f 5377 5376 5331
f 5380 5377 5367
f 5363 5383 5370
f 5357 5358 5374
f 5381 5385 5361
f 4814 4815 4825
f 4825 4815 4816
f 4806 4746 4747
f 5119 5121 5131
f 4696 4697 4893
f 4696 5389 5390
f 5213 5222 5388
f 5393 5389 5388
f 5380 5382 5384
f 5213 5387 4893
f 4813 4891 4908
f 5390 5392 4693
f 5294 5289 5287
f 5184 5185 5186
f 5285 5275 5253
f 4769 4789 4790
f 5327 5371 5359
f 4598 4621 4690
f 4608 4606 4733
f 4627 4624 4609
f 4596 4604 4851
f 4900 4623 4706
f 4668 4795 5395
f 4863 4865 4639
f 5392 5393 4666
f 4872 4650 4651
f 4807 4791 4758
f 5348 5338 5325
f 5176 5191 5190
f 5046 5031 5022
f 4853 4852 4869
f 5346 5353 5363
f 4709 4880 4620
f 4672 4673 4904
f 4680 4811 4651
f 4841 4844 4688
f 4823 4817 4818
f 4729 4730 4602
f 4881 4729 4851
f 5360 5348 5326
f 4852 4900 4707
f 4890 4751 4669
f 5392 5390 5389
f 5189 5182 5186
f 4881 4604 4605
f 5343 5344 5369
f 4607 4624 4625
f 5056 5055 5052
f 4850 4797 4798
f 3260 5399 5398
f 4855 4736 4899
f 5339 5343 5366
f 4789 4905 4808
f 5400 4040 3948
f 3872 3424 4046
f 4018 3423 3424
f 4025 4523 4172
f 4011 4023 4024
f 4065 4068 3900
f 3413 4012 4013
f 5056 5068 5069
f 5055 5056 5070
f 4062 5398 5399
f 5269 5289 5294
f 4685 4866 4903
f 5254 5242 5240
f 4606 4657 4658
f 4729 4881 4882
f 4030 4041 4043
f 4664 4752 4753
f 3575 3483 3904
f 3413 3410 3922
f 4949 4968 4955
f 4947 4937 4913
f 4849 4850 4894
f 4143 3974 3975
f 4912 4923 4932
f 3774 3771 3995
f 3956 3954 3342
f 4871 4872 4758
f 4270 4273 4272
f 4039 4040 5400
f 3555 3969 5402
f 5403 5404 3906
f 3908 4126 3823
f 4124 4121 5408
f 3901 3902 4046
f 4120 4117 5410
f 4124 3962 4125
f 5420 3906 5404
f 5424 4059 5425
f 3400 5429 5428
f 5432 5433 5435
f 4941 4942 4945
f 4935 4940 4949
f 3895 3898 3897
f 5426 5408 4121
f 5430 3905 3906
f 4045 4041 5398
f 5395 4693 5392
f 4846 4903 4701
f 4880 4709 4710
f 4624 4607 4608
f 4656 4690 4662
f 5305 5307 5309
f 5220 5223 5222
f 4230 4223 4327
f 5030 5073 5028
f 5213 5212 5211
f 5440 3272 3269
f 4396 4397 3980
f 5447 5448 3244
f 3328 3330 5451
f 4208 4391 4248
f 4599 4620 4621
f 4528 4339 4391
f 4529 4228 4199
f 4526 4338 4339
f 4256 4235 5452
f 4532 5452 4241
f 3834 4400 5446
f 5443 5445 5444
f 4530 4247 4334
f 4754 4886 4904
f 4229 4228 4381
f 4205 4382 4383
f 4892 4998 4987
f 4039 4032 3976
f 4738 4780 4796
f 4833 4835 4897
f 4232 4527 4200
f 4194 4240 4241
f 4889 4794 4750
f 4194 4191 4365
f 4531 4383 4195
f 5043 5042 5062
f 4182 4332 4561
f 5446 5447 3241
f 5237 5239 5248
f 4206 4334 4382
f 5210 5211 5218
f 3426 3922 3417
f 4216 4191 4192
f 4219 4210 4184
f 4180 4561 4380
f 4327 4595 4591
f 4223 4230 4231
f 4215 4192 4360
f 4186 4568 4218
f 4190 4330 4209
f 4223 4220 4595
f 4326 4591 4328
f 4366 4389 4568
f 4570 4548 4549
f 4579 4573 4548
f 4563 5453 4533
f 4583 4595 4220
f 4586 4380 4561
f 4239 4196 4363
f 4572 4571 4567
f 4536 4539 4585
f 4538 5453 4566
f 4536 4533 5453
f 3573 3986 3983
f 5427 3963 3552
f 4553 4587 4588
f 4593 4554 4555
f 4368 4365 4183
f 4361 5452 4235
f 4233 4369 4527
f 4233 4230 4324
f 4212 4209 4330
f 4237 4324 4325
f 4193 4241 5452
f 4983 5015 4885
f 5002 4995 4986
f 5074 5077 5076
f 4698 4699 5391
f 5391 4699 5390
f 4871 4899 4650
f 4546 4857 4543
f 4553 4550 4901
f 4552 4588 4555
f 5223 4804 4805
f 5386 5382 5383
f 5317 5315 5371
f 3240 3237 4429
f 5384 5385 5381
f 3938 3217 3218
f 3942 3943 5455
f 5361 5385 5386
f 4542 4540 4541
f 3910 5430 5420
f 3939 3333 4060
f 3851 5350 5351
f 3838 5427 3556
f 4547 4858 4857
f 5442 5443 4050
f 3385 3874 5428
f 4257 4234 4235
f 5312 5212 4893
f 4212 4203 4204
f 3854 3849 5461
f 4226 4184 4210
f 4202 4177 4178
f 3316 3983 3897
f 5464 5465 4432
f 5465 5466 3883
f 4472 4469 4449
f 4501 4472 4450
f 4074 4075 4080
f 5473 5474 5401
f 4173 4172 5475
f 3432 3429 3520
f 3462 5505 5504
f 4075 4501 4494
f 5482 5481 3387
f 5468 5471 5470
f 3427 5421 5422
f 4498 4499 4487
f 5403 3824 5414
f 3382 5523 5522
f 3492 5512 5511
f 3429 3434 3517
f 3873 5522 5524
f 5480 5479 3350
f 3477 5508 5505
f 4507 4508 5544
f 4396 5550 5551
f 3374 5552 5553
f 3373 5553 5554
f 5479 4521 4063
f 3390 5554 5555
f 5531 5525 5566
f 3368 5568 5567
f 5556 5557 5560
f 3393 5555 5557
f 4433 3364 5463
f 5464 5463 5458
f 4435 4437 4439
f 4055 4393 3277
f 3273 3278 3911
f 3395 3357 3358
f 5486 3894 4071
f 5526 4455 4453
f 5525 5570 5569
f 5568 3526 3527
f 3527 3362 3847
f 3365 5461 3849
f 5462 3849 3850
f 4435 4436 5571
f 3378 3379 3943
f 5573 5578 5577
f 4438 5455 3943
f 5477 5574 5579
f 5582 5581 5580
f 5583 5580 5581
f 5586 5585 5588
f 4074 5472 5586
f 5583 5585 5474
f 4507 5589 5590
f 5573 5478 4522
f 3989 5595 5596
f 5594 3406 3407
f 4436 3381 5572
f 5591 3990 3991
f 4507 4475 4476
f 3990 5591 5587
f 5578 3409 3406
f 5595 3989 5584
f 5484 3394 3358
f 4441 4442 5467
f 5472 4074 4077
f 5522 5599 5570
f 5486 3358 3353
f 5481 4498 3386
f 3475 5506 5492
f 5476 4523 3899
f 5540 5541 5606
f 5542 5540 5603
f 5608 5543 5542
f 5608 5607 5545
f 5607 5603 5609
f 5599 5600 5548
f 5598 5592 5543
f 5595 5594 5593
f 5588 5584 3989
f 5626 3265 3266
f 5627 3266 4448
f 5469 4449 4469
f 4515 4517 5625
f 4503 4473 4474
f 4481 5626 5627
f 4500 5628 5469
f 3414 4468 5466
f 5594 5595 5581
f 3376 3377 4430
f 3444 3944 3941
f 5572 3944 3444
f 4273 4286 4287
f 4345 4356 4357
f 4386 4304 4305
f 4517 4462 4463
f 4352 4349 4319
f 4352 4250 4251
f 4268 4277 4390
f 4264 5629 4320
f 4346 4387 4282
f 4337 4335 4343
f 4289 4244 4245
f 4303 4378 4287
f 4343 4290 4291
f 4284 4333 4244
f 4375 4519 4291
f 4379 4319 4271
f 4337 4353 4348
f 4524 4525 4295
f 4364 4362 4197
f 4285 4282 4390
f 5206 5209 5208
f 4297 5629 4371
f 4346 4283 4286
f 4285 4300 4333
f 3571 3572 4395
f 5341 5340 5339
f 5346 5345 5334
f 5269 5261 5273
f 4510 4509 5609
f 4509 4474 5545
f 4445 4446 5611
f 5566 5569 5568
f 5349 5336 5338
f 5489 5490 3401
f 5565 5566 3368
f 5496 5497 5417
f 5523 3382 3383
f 5325 5338 5347
f 5523 5600 5599
f 5429 3400 3401
f 3887 5632 5631
f 5634 5613 5600
f 5276 5280 5279
f 5298 5297 5257
f 5087 5086 5085
f 3361 3526 5612
f 5041 5061 5066
f 5487 5488 3383
f 5101 5116 5130
f 5299 5298 5300
f 5333 5336 5335
f 5302 5305 5304
f 5234 5247 5216
f 5301 5256 5255
f 4868 5318 5322
f 5281 5278 5277
f 5323 5321 5322
f 5298 5284 5296
f 4885 4829 4750
f 5231 5230 5196
f 4625 4626 5313
f 5111 5113 5085
f 5600 5613 5549
f 5531 5564 5563
f 5165 5166 5182
f 5283 5280 5285
f 4269 4276 4277
f 5610 5609 5603
f 5127 5090 5091
f 4907 5095 5125
f 5277 5278 5272
f 5596 5593 5592
f 5212 5312 5226
f 5273 5261 5262
f 5302 5301 5258
f 5635 5646 5645
f 4250 4352 4379
f 4485 4136 3405
f 4354 4026 4023
f 4265 4262 4304
f 4388 4390 4282
f 4345 4342 4384
f 4362 4364 4297
f 4836 4765 4612
f 4360 4361 4236
f 4369 4233 4237
f 5647 5636 3986
f 5650 3965 3192
f 5337 5338 5336
f 4467 4478 4477
f 4253 4377 4340
f 4429 3416 5457
f 3997 4133 3915
f 5535 3856 3839
f 5538 5541 4460
f 3439 3376 5571
f 5570 5525 5526
f 3438 5571 5572
f 4440 4468 3879
f 3440 5665 4407
f 3886 5685 5695
f 5534 5529 5396
f 5685 3886 3471
f 4278 4198 4301
f 5628 4448 4449
f 3579 3537 3538
f 4480 5627 5628
f 4402 5499 5517
f 4279 4197 4198
f 3603 3534 3532
f 3580 3594 4088
f 4095 3530 3531
f 5248 5249 5251
f 3778 3819 3999
f 4617 4618 4613
f 4375 4275 4372
f 3411 3405 4136
f 5094 5106 5111
f 3602 3532 3535
f 4023 4011 4350
f 4349 4352 4336
f 3605 3535 3536
f 4469 4472 4471
f 4094 3531 3593
f 4248 4249 4245
f 3519 5521 5518
f 5254 5296 5284
f 4852 4853 4795
f 4265 4371 5629
f 5632 5499 5503
f 3604 3611 3612
f 5549 5501 5502
f 3653 3606 3607
f 4780 4738 4873
f 4988 4989 4979
f 4491 5625 5626
f 4837 4904 4995
f 4615 4612 4765
f 5468 4469 4470
f 3514 3470 3467
f 5491 5680 4409
f 4093 3618 3619
f 4364 4320 5629
f 3488 5510 5509
f 5606 5539 5611
f 4210 4219 4189
f 4600 4603 4602
f 5242 5215 5198
f 5073 5074 5075
f 5651 5657 3940
f 3996 3541 3775
f 5200 5203 5202
f 5525 5531 5527
f 3364 4433 4434
f 3775 3541 3542
f 3941 3833 5485
f 3731 3706 4105
f 4997 5000 4999
f 4508 5598 5608
f 4101 4099 3818
f 3728 4109 4103
f 4591 4593 4592
f 4539 4536 4538
f 4550 4553 4552
f 4541 4566 4567
f 4389 4579 4570
f 4582 4583 4580
f 4976 4979 4978
f 4705 4708 4707
f 4797 4850 4843
f 3713 3729 3730
f 4675 4647 4702
f 4977 4978 4981
f 4810 4818 4817
f 4786 4811 4812
f 4715 4631 4628
f 4978 5016 5021
f 5010 5009 5006
f 3722 3743 4162
f 4558 4557 4560
f 4568 4570 4569
f 4584 4578 4535
f 4641 4631 4715
f 5026 5014 5012
f 4776 4777 4745
f 4714 4628 4712
f 4982 4996 5001
f 4576 4577 4560
f 4564 4567 4566
f 5069 5013 5018
f 5057 5052 5048
f 4810 4812 4811
f 3710 4158 3786
f 4991 4992 4999
f 5011 5009 5010
f 5008 5020 5022
f 5066 5067 5063
f 5047 5037 5024
f 5050 5049 5051
f 5023 5021 5016
f 5045 5044 5059
f 5047 5025 5026
f 3711 3712 3724
f 5048 5035 5037
f 5042 5040 5063
f 5058 5053 5051
f 5036 5038 5046
f 3715 3699 3700
f 5235 5256 5257
f 3732 3729 3704
f 5030 5031 5062
f 5020 5021 5023
f 5263 5262 5261
f 5049 5050 5044
f 5236 5248 5250
f 5031 5030 5027
f 5043 5038 5039
f 5320 5313 5329
f 5049 5048 5052
f 5326 5319 5317
f 3264 3261 3288
f 5264 5265 5263
f 4998 4999 4992
f 5009 5011 5020
f 5036 5032 5039
f 5032 5035 5034
f 4355 4317 3949
f 4269 4266 4374
f 4253 4250 4378
f 4525 4524 4252
f 3960 4112 4111
f 4372 4275 4258
f 5681 5672 5673
f 4378 4379 4272
f 4270 4347 4346
f 3244 5448 5644
f 4899 4703 4648
f 3734 3732 3702
f 4138 3346 3343
f 4192 4193 4361
f 3813 4001 3812
f 3817 3695 3696
f 5668 5683 5682
f 5690 5691 5687
f 5499 5632 5700
f 3999 3819 3820
f 3745 3742 4102
f 5684 3471 3472
f 5702 3859 3860
f 5712 5713 5693
f 3249 3277 4393
f 5695 5683 5715
f 5694 5715 5716
f 5719 3972 5601
f 4918 4919 4950
f 4774 4742 4743
f 5505 4415 4411
f 3583 3584 3585
f 3710 3687 4157
f 5513 5725 4417
f 5704 3563 4146
f 4141 4045 4062
f 5669 5689 5688
f 3898 3895 5653
f 5718 3973 3972
f 5684 5687 5686
f 3917 4131 5717
f 3463 5666 5662
f 5492 5506 5680
f 4931 4930 4950
f 5665 3440 3441
f 3788 3717 3740
f 3501 3502 3529
f 3569 3570 3477
f 5516 5728 5727
f 3564 3567 3566
f 3892 5405 5406
f 3962 4124 5407
f 4126 3908 4123
f 4116 3296 3287
f 3892 3887 5630
f 3824 3432 5413
f 4408 4409 5680
f 3969 3966 3978
f 4408 4413 3449
f 4414 3448 3449
f 3962 3261 3262
f 4425 5724 5616
f 4418 5725 5727
f 5716 5597 5575
f 5719 5720 5717
f 5698 5498 5692
f 3880 5621 4166
f 5652 3212 5520
f 5621 5623 4167
f 5679 4409 4410
f 3210 3209 3355
f 5622 5534 5451
f 5416 5417 5497
f 5729 5732 5731
f 5733 5734 3761
f 5735 5738 5737
f 5750 5752 5751
f 5744 5745 5740
f 5744 3770 3753
f 5753 5754 5730
f 5757 5758 5736
f 5731 5752 5765
f 5774 5777 5776
f 5790 5793 5792
f 5796 5786 5787
f 5817 5814 5819
f 5828 5831 5830
f 3725 4105 3751
f 4874 4734 4873
f 4700 4701 4903
f 4740 4820 4876
f 3199 3202 3201
f 4100 4102 4099
f 3749 3767 4108
f 3695 3817 3712
f 3378 3381 3380
f 5504 4411 4412
f 4405 4402 5518
f 5838 5839 5835
f 4705 4632 4712
f 5832 5831 5828
f 5697 5677 5678
f 3791 4006 4005
f 5848 5791 5794
f 3714 3700 3701
f 3995 4148 4042
f 3329 3326 3224
f 4005 3708 3705
f 4551 4762 4763
f 5855 5798 5808
f 5851 5795 5792
f 5803 5801 5858
f 5844 5843 5840
f 5762 5759 5743
f 5808 5809 5806
f 4012 3413 3426
f 5558 3513 3467
f 4550 4763 4720
f 4950 4951 4953
f 3885 3886 5694
f 5705 5706 4081
f 5508 4417 4415
f 3745 3759 3760
f 5507 4412 5680
f 3592 3536 3588
f 3895 5434 5658
f 5613 5500 5501
f 3834 3830 4393
f 5527 4454 4455
f 5775 5806 5809
f 5766 5767 5813
f 5858 5811 5812
f 5855 5815 5811
f 5863 5820 5819
f 5826 5859 5863
f 5862 5866 5833
f 5870 5871 5837
f 5782 5783 5831
f 5868 5838 5836
f 5778 5779 5843
f 5866 5870 5845
f 5785 5864 5867
f 5790 5788 5789
f 5796 5797 5794
f 5821 5818 5819
f 5657 5651 5620
f 5793 5849 5852
f 5855 5858 5801
f 5853 5847 5786
f 5804 5805 5802
f 5827 5867 5864
f 5767 5768 5821
f 5854 5857 5776
f 5860 5817 5818
f 5782 5832 5825
f 5781 5778 5844
f 5810 5811 5815
f 5867 5827 5830
f 5809 5808 5798
f 5828 5829 5863
f 5865 5841 5838
f 5801 5803 5802
f 4086 5707 3795
f 5779 5780 5842
f 5827 5826 5829
f 5839 5872 5869
f 5814 5815 5855
f 5711 4132 3859
f 4958 4957 4917
f 5861 5818 5821
f 5863 5859 5812
f 5865 5868 5823
f 5873 5836 5837
f 5872 5839 5842
f 4089 3455 3563
f 3812 3787 3785
f 5770 5771 5787
f 5789 5786 5847
f 5793 5789 5846
f 4145 4147 4146
f 5848 5773 5790
f 3953 4008 4009
f 5748 5875 5874
f 4624 4627 4626
f 4665 4764 4752
f 4775 4780 4779
f 4746 4670 4671
f 4637 4600 4601
f 4828 4612 4613
f 4704 4763 4762
f 4843 4845 4727
f 4543 4717 4725
f 4731 4864 4863
f 4723 4594 4558
f 4842 4846 4840
f 4717 4543 4857
f 4865 4868 4867
f 5841 5865 5866
f 4725 4726 4540
f 4798 4799 4816
f 4632 4635 4634
f 4720 4716 4715
f 4642 4645 4644
f 3754 4007 5874
f 4860 4761 4644
f 4674 4723 4722
f 4808 4809 4676
f 4721 4722 4822
f 5876 5878 5877
f 4836 4838 4840
f 4658 4661 4660
f 4826 4799 4800
f 4877 4782 4743
f 4948 4970 4971
f 4875 4739 4876
f 4954 4933 4934
f 5773 5770 5788
f 5825 5832 5833
f 5834 5837 5836
f 5834 5844 5845
f 3359 3362 3361
f 5732 5729 3756
f 3394 3397 3396
f 3766 3769 5741
f 5774 5809 5799
f 5805 5776 5857
f 5813 5821 5820
f 3969 3555 3964
f 5667 5668 5674
f 5729 5747 3792
f 3770 5744 5741
f 4741 4740 4739
f 4689 4737 4660
f 5772 5797 5787
f 5735 5733 3758
f 5850 5772 5773
f 5617 5528 3965
f 5799 5800 5854
f 5875 5748 5764
f 5840 5843 5842
f 5861 5768 5769
f 5807 5804 5853
f 5869 5781 5834
f 3765 3768 5739
f 5882 5884 5761
f 5881 5879 5887
f 5895 5896 5898
f 5907 5905 5906
f 5909 5907 5908
f 4234 4257 4526
f 3912 3927 3389
f 5934 8731 8730
f 8730 8731 5930
f 4920 4923 4922
f 8845 8847 8853
f 4141 4171 3404
f 3733 3705 3706
f 8849 8847 8848
f 4234 4237 4236
f 8863 8858 5919
f 3733 4002 4004
f 5908 5906 8859
f 8865 8866 8871
f 8859 8858 8863
f 5927 5924 5925
f 5911 5903 5904
f 8878 8871 8866
f 5635 5638 5637
f 5745 5744 5746
f 3552 3555 3554
f 8857 8889 8890
f 5924 5927 8860
f 3553 3557 3556
f 5919 5920 8861
f 8869 8865 8870
f 8873 8871 8878
f 8856 8857 8875
f 8862 8861 5889
f 8846 8845 8844
f 8864 8863 8866
f 8729 8730 8883
f 8848 8846 8887
f 8878 8879 5888
f 8896 8854 8855
f 8853 8854 8896
f 8841 8842 5882
f 3489 3492 3491
f 8867 8859 8864
f 5910 5908 8867
f 5914 5910 8898
f 5916 5914 8899
f 5889 8861 8860
f 8876 8878 8893
f 5918 5916 8900
f 4424 5722 5726
f 8904 8903 8900
f 8909 8908 8904
f 8908 8907 8903
f 8869 8909 8905
f 3632 3668 3667
f 3687 3690 3689
f 3636 3682 3681
f 3664 3641 3639
f 4304 4307 4306
f 8909 8869 8891
f 3681 3696 3695
f 3758 3761 3760
f 3684 3701 3700
f 3721 3724 3723
f 3941 3944 3943
f 3738 3741 3740
f 3687 3710 3709
f 3238 3239 3938
f 4249 4303 4288
f 4499 4498 3344
f 4240 4194 4368
f 3453 3451 3951
f 4401 3971 3547
f 3950 3951 3451
f 3702 3704 3701
f 3725 3728 3727
f 3194 3207 3208
f 4034 4035 4461
f 3914 3348 3913
f 3483 3575 3533
f 3191 3958 3957
f 4292 3489 3970
f 3909 3910 3428
f 3959 3960 3866
f 4017 4308 4309
f 4316 4318 4008
f 4448 4451 4450
f 4414 4415 4417
f 3435 3430 3351
f 4413 4411 4415
f 3899 3902 3901
f 3780 3781 3648
f 3474 3471 3886
f 3958 3191 3192
f 3221 3223 3935
f 3905 3908 3907
f 3913 4488 4486
f 4420 4422 4421
f 3881 3884 3883
f 4004 3788 3790
f 4271 4319 4318
f 4259 4297 4296
f 3501 4003 4066
f 5897 5898 5900
f 5901 5902 5904
f 8854 8849 8856
f 3789 3785 3786
f 3651 3648 3781
f 5924 5899 5901
f 8870 8871 8873
f 8876 8877 8874
f 5912 5917 5918
f 3805 3918 3799
f 3369 3370 3395
f 3923 3926 3925
f 3916 3917 3512
f 3641 3664 3801
f 4276 4269 4323
f 4181 4229 4331
f 4428 4430 3377
f 3495 4425 4321
f 4436 4435 3380
f 4430 4428 4437
f 3945 3957 3958
f 4065 3901 4047
f 4495 4497 3408
f 8913 8912 8915
f 8911 8910 8917
f 8889 8922 8923
f 8919 8935 8931
f 8884 8914 8918
f 8922 8921 8931
f 5852 5907 5909
f 5866 5862 5915
f 8926 8918 8914
f 8914 8884 8883
f 8886 8919 8921
f 5846 5847 5894
f 5873 5902 5900
f 8893 5888 5764
f 8894 8893 5754
f 5890 8860 5927
f 5885 8896 5755
f 5871 5904 5902
f 5763 8936 5883
f 5880 5890 8936
f 4175 4176 4398
f 4274 4254 4255
f 8883 8730 5931
f 8868 8905 8898
f 3289 4059 3247
f 3858 3855 5485
f 8850 8848 8886
f 4116 4120 5409
f 3889 5406 4127
f 3678 3679 8938
f 8857 8850 8888
f 3979 3551 3294
f 4126 3352 3431
f 3651 4000 3679
f 3460 3858 5921
f 4084 3309 3310
f 8905 8904 8899
f 3561 3327 5397
f 3213 3965 5528
f 4191 4194 4193
f 5449 5450 5532
f 4142 3975 4031
f 4060 3947 5652
f 4480 4483 4482
f 5519 5520 3212
f 5657 5451 3330
f 4473 4476 4475
f 3514 3515 5668
f 5663 5670 5669
f 8881 5929 5926
f 5734 5733 5749
f 4788 4789 4677
f 3997 3996 3538
f 3551 3486 3310
f 3577 3578 3998
f 4893 4697 4676
f 4753 4751 4671
f 8729 8884 8885
f 3813 3703 9021
f 8938 4001 3813
f 8882 5931 5929
f 4098 5701 3820
f 3399 5405 5416
f 5494 5495 5503
f 5880 5877 5878
f 4986 4673 4861
f 4999 5000 5004
f 4985 5001 4988
f 5816 5769 5766
f 4372 4370 4384
f 5688 5691 5692
f 8903 8902 8901
f 8879 8862 5887
f 8902 8881 8880
f 5919 5893 5895
f 4519 4384 4342
f 8847 8849 8854
f 5925 5901 5903
f 4021 3899 4523
f 5678 5677 5676
f 4424 3843 4085
f 5701 3576 3577
f 5928 5925 5926
f 5000 5005 4980
f 9022 4147 3545
f 9024 9025 5409
f 4008 4011 4010
f 3931 3234 4516
f 3822 3806 3807
f 8851 8852 8844
f 5728 5516 5509
f 9025 9023 4115
f 5209 5200 5201
f 4820 4740 4653
f 3988 5596 5598
f 3370 3911 3357
f 5639 5642 5641
f 5592 4511 4477
f 3378 3944 5572
f 5625 4463 3265
f 5594 5582 5577
f 3302 5649 5645
f 3274 3277 3278
f 5207 5208 5233
f 5071 5070 5072
f 4815 4814 4785
f 4796 4802 4643
f 3243 3244 5643
f 5301 5302 5303
f 5431 3562 5655
f 5251 5249 5244
f 3353 3427 3523
f 4174 3404 3405
f 3546 4114 4113
f 4002 3789 3788
f 4196 4239 4238
f 3232 5646 5647
f 4373 4374 4266
f 4867 5322 5321
f 5648 4054 4058
f 4455 4070 3893
f 5593 3407 4511
f 5275 5265 5252
f 5252 5265 5274
f 4092 3619 3624
f 3723 3742 3743
f 4780 4775 4802
f 4059 3289 3560
f 4317 4355 4347
f 5188 5190 5192
f 5570 5599 5612
f 3385 5429 5633
f 3526 5568 5569
f 3576 5701 3608
f 3581 3542 3594
f 5239 5237 5238
f 5081 5079 5083
f 4369 4526 4528
f 4325 4326 4329
f 3569 3285 3286
f 9022 9026 4112
f 3661 3662 3801
f 5074 5073 5030
f 5064 5062 5063
f 3563 3497 3498
f 3961 5407 4119
f 4854 4853 4870
f 5018 5007 5028
f 5007 5008 5027
f 5040 5042 5039
f 3240 3375 3875
f 5070 5069 5029
f 3504 3481 3866
f 3537 3579 3591
f 5033 5041 5039
f 4710 4638 4635
f 5017 4979 4989
f 5024 5037 5046
f 4991 5006 5019
f 4587 4553 4574
f 4996 4982 4793
f 5066 5061 5059
f 5221 5230 5231
f 5068 5056 5057
f 3675 3676 3643
f 3663 3674 3675
f 4722 4558 4559
f 3579 3576 3590
f 3686 3676 3677
f 4422 4420 3499
f 5142 5141 5138
f 5078 5071 5075
f 3609 3589 3590
f 3288 3961 5411
f 5424 9024 5410
f 5152 5144 5156
f 3960 5704 5709
f 4946 4956 4957
f 3867 3903 5705
f 9026 9022 4113
f 5192 5193 5189
f 5161 5164 5194
f 3637 3698 3682
f 4392 5461 3847
f 3796 4114 4149
f 4104 3716 3727
f 3594 3595 3993
f 3796 3793 4134
f 3687 3688 4156
f 3760 3761 4164
f 4464 3344 3345
f 3485 3528 3868
f 3846 3845 5423
f 3409 4520 4496
f 3767 3768 3765
f 3711 3721 4159
f 3797 4132 4087
f 4072 4069 5562
f 4502 4076 5590
f 5408 5426 9027
f 5683 5695 5714
f 5702 3772 4110
f 5623 4042 4148
f 5428 3874 3525
f 3668 3803 3802
f 4000 4001 8938
f 4221 4222 4179
f 4267 4268 4388
f 3721 3722 4161
f 3903 5659 5706
f 3583 3580 4090
f 3894 5486 3524
f 4635 4638 4636
f 4173 5401 4009
f 4890 4666 5393
f 5290 5291 5293
f 5339 5340 5337
f 5458 5459 4438
f 3251 5419 5430
f 3252 5418 5419
f 3428 5420 5421
f 3571 5426 5418
f 4583 4582 4554
f 4239 4367 4224
f 3322 3898 5450
f 5309 5310 5306
f 4109 3728 3748
f 5707 3865 3794
f 5139 5184 5183
f 5271 5270 5290
f 5280 5283 5282
f 5110 5107 5125
f 5319 4864 4731
f 5334 5343 5339
f 5423 3522 3523
f 5376 5377 5378
f 4721 4681 4646
f 3719 4158 4159
f 4853 4854 4692
f 5373 5372 5330
f 4428 5457 5456
f 5376 5329 5328
f 3337 3367 4434
f 4692 4693 5395
f 5475 4172 4523
f 5478 3900 4068
f 5421 5404 4129
f 5374 5373 5375
f 5283 5299 5306
f 5246 5247 5234
f 5154 5149 5150
f 4458 5562 5561
f 5163 5159 5158
f 5381 5374 5378
f 3397 3394 5484
f 4457 5561 5563
f 5147 5143 5150
f 4474 4475 5544
f 5325 5318 5319
f 5223 5394 5388
f 5517 5700 3521
f 4499 5480 3347
f 5404 5403 4128
f 3476 5507 5506
f 4084 5516 5515
f 3900 5478 5477
f 5536 5564 5547
f 5491 5498 5493
f 5474 5472 4139
f 4063 4521 4522
f 4459 4460 5541
f 5548 5549 3360
f 5444 5445 5550
f 3888 3889 5415
f 5546 5547 3339
f 5536 5539 5538
f 3570 5513 5508
f 4471 4502 5589
f 4280 3848 3359
f 5499 4402 4403
f 5189 5193 5169
f 5543 4477 4478
f 4051 5551 5552
f 3461 5504 5507
f 4629 4630 4870
f 5106 5094 4909
f 5286 5281 5279
f 5462 5463 3364
f 3491 5511 5514
f 5224 5220 5231
f 4478 4459 5540
f 4099 4102 3742
f 4803 4806 4805
f 4130 5423 5422
f 4470 4471 4476
f 4924 4925 4921
f 4920 4921 4927
f 4993 4986 4987
f 4887 4888 4913
f 3894 3893 4070
f 5472 5474 5585
f 3508 4135 4134
f 3603 3600 4096
f 3772 3773 3992
f 5712 5664 5671
f 3739 3718 4162
f 5683 5668 3515
f 5480 4465 4495
f 5698 5699 5493
f 3578 3538 3996
f 3645 3646 4154
f 5660 3904 3466
f 4135 9026 5710
f 5587 5591 4073
f 5687 5689 5693
f 3584 3583 4091
f 5585 5583 5584
f 4128 5414 5415
f 4257 4254 4338
f 4222 4231 4178
f 4366 4365 4191
f 5098 5099 5091
f 5761 5757 5737
f 5760 5737 5738
f 8852 8842 5934
f 8874 8877 8855
f 8895 8897 8855
f 5884 5882 8842
f 4557 4554 4582
f 8890 8923 8917
f 8918 8926 8930
f 8924 8926 8915
f 4182 4181 4330
f 3864 5708 5711
f 3574 3317 3230
f 3342 3954 3415
f 3488 3486 3549
f 4317 4316 3953
f 3672 3659 4152
f 5708 3864 3865
f 9021 3703 3685
f 3621 3618 3616
f 5728 4422 4419
f 4311 4027 4028
f 4131 3917 3543
f 4426 3496 3842
f 4518 3956 4168
f 5457 5465 5464
f 5425 3560 3558
f 5458 4439 4437
f 3416 3414 5465
f 5638 9028 5437
f 3985 3986 5636
f 5646 5635 5636
f 9023 9025 3554
f 5722 5510 5514
f 3256 3933 3934
f 4164 3761 5734
f 8885 8918 8920
f 3282 3932 3929
f 3292 4394 3320
f 3232 3229 3300
f 3303 3236 3271
f 3562 5431 5432
f 3392 3387 3388
f 3854 5922 5350
f 5463 5462 5459
f 5935 3474 3885
f 3879 3415 3954
f 3928 3372 3391
f 4137 5559 4458
f 5454 5455 3850
f 3548 3490 3549
f 4443 4500 5470
f 4452 4505 4506
f 4468 3414 3415
f 4443 4440 3876
f 3234 3235 4515
f 5434 3895 3896
f 5448 5440 5441
f 5447 5446 5443
f 4442 5470 5471
f 5550 4056 3275
f 5578 5573 4520
f 3464 5667 5666
f 4701 4627 4839
f 3259 5398 4041
f 4015 4012 3423
f 3558 3323 3982
f 4856 4894 4823
f 4741 4652 4653
f 3759 3745 4106
f 3560 3289 3290
f 9024 5424 3557
f 5438 3279 3280
f 3321 3283 3290
f 5557 5483 4072
f 5553 3369 3396
f 4045 4141 4174
f 4539 4845 4849
f 3536 3480 3503
f 5478 5573 5574
f 3800 3797 3510
f 4755 4883 4886
f 5561 4454 5527
f 5752 5731 5732
f 5752 5750 5756
f 3518 5492 5493
f 3767 3762 4107
f 3534 3603 4097
f 4395 3572 3826
f 3926 4052 3371
f 4446 4510 5610
f 4050 5444 3980
f 8887 8846 8843
f 5649 5639 5640
f 4643 4644 4761
f 3709 3787 3784
f 4778 4659 4660
f 5649 3302 4054
f 5646 3232 3301
f 3250 3251 3910
f 5884 5886 5757
f 5655 5656 5936
f 4224 4227 4226
f 4043 4044 3412
f 4286 4289 4288
f 4267 4311 4310
f 4493 4079 4080
f 3325 5432 3226
f 3925 3371 3372
f 4312 4315 4314
f 3996 3997 3540
f 8908 8911 8912
f 4023 4026 4025
f 3995 3890 3891
f 5482 5556 5559
f 4486 3420 3921
f 4300 4285 4302
f 5438 5642 5644
f 3233 3932 3282
f 3225 3228 3227
f 5446 4400 5445
f 5554 3396 3397
f 4834 4833 4830
f 4064 3349 3350
f 3596 3599 3598
f 5639 5649 5648
f 5434 5431 5654
f 4895 4896 4830
f 3674 3677 3676
f 3551 3979 3978
f 3835 3836 3305
f 3813 3810 3702
f 3691 3711 4160
f 4109 4100 4101
f 4565 4187 4188
f 3490 3548 3547
f 3672 3646 3647
f 8906 8907 8912
f 3810 3812 3811
f 4051 4052 4397
f 3566 3599 4090
f 5580 5475 5476
f 4456 4457 5537
f 5539 5536 5546
f 8844 5934 8729
f 8872 8873 8874
f 4383 4301 4198
f 4931 4926 4927
f 5529 5530 5397
f 5314 5321 5323
f 5347 5332 5323
f 4711 4709 4599
f 5387 5388 5389
f 5259 5290 5292
f 5195 4806 4803
f 5195 5104 4746
f 4639 4865 4866
f 4821 4818 4681
f 3421 4037 5399
f 4730 4863 4601
f 4807 4651 4811
f 4040 4037 3421
f 4844 4841 4800
f 3936 3933 3929
f 4894 4798 4817
f 5365 5370 5383
f 4657 4656 4661
f 5224 5206 4770
f 5368 5383 5382
f 5336 5349 5352
f 5353 5356 5386
f 4070 4455 4454
f 5396 5397 3327
f 5225 5226 5312
f 5384 5382 5386
f 5391 4694 4695
f 4407 4410 4409
f 4623 4620 4880
f 5356 5353 5352
f 4578 4584 4859
f 3239 3875 3217
f 3937 3218 3333
f 4578 4575 4534
f 5467 5471 4505
f 4836 4828 4826
f 4422 5728 5721
f 3392 3393 5556
f 5564 5531 5565
f 3807 3808 3663
f 5922 3854 4392
f 3680 3695 3692
f 3630 3633 3632
f 4416 4417 5725
f 4033 3305 3836
f 3238 3220 4168
f 3466 3904 3483
f 3678 3677 3650
f 3677 3674 3649
f 3340 3337 4431
f 3562 3561 5656
f 5658 5654 5938
f 3642 3643 3640
f 3306 3303 3334
f 3256 3253 3280
f 8910 8891 8892
f 5868 5900 5898
f 8924 8923 8922
f 8935 8930 8925
f 8882 8906 8913
f 8925 8930 8926
f 5852 5849 5905
f 5136 5128 5124
f 4243 4363 4260
f 5238 5227 5228
f 5642 5639 5643
f 3924 3925 3928
f 5412 3521 5700
f 3750 3752 3751
f 3746 3752 3770
f 3859 3798 3861
f 3972 3973 3493
f 5923 8860 8861
f 4945 4946 4958
f 3296 3293 3286
f 3824 5403 3907
f 3671 3629 4154
f 4137 3343 5481
f 3614 3654 3802
f 3283 3284 3559
f 4936 4935 4934
f 5511 5723 5726
f 4170 4169 3926
f 3572 4393 3830
f 3459 3447 3858
f 3496 4426 4425
f 3457 3950 3436
f 3984 3983 3986
f 3914 3389 3386
f 5512 5724 5723
f 4500 4443 4483
f 4501 4502 4471
f 4503 4506 4505
f 4143 4144 4461
f 3331 3329 3222
f 4016 4015 4018
f 3998 3775 3776
f 4114 3796 5710
f 4405 5678 4406
f 5602 5604 5720
f 4767 4803 4804
f 4929 4933 4954
f 4410 4407 5665
f 3888 5700 5632
f 4048 4049 3977
f 3947 3211 3212
f 5676 5677 3472
f 5782 5785 5784
f 4315 4312 4311
f 5699 5518 5521
f 5864 5785 5825
f 5826 5827 5822
f 5775 5776 5805
f 3236 3233 3270
f 5823 5868 5859
f 4957 4848 4895
f 8868 8864 8865
f 4281 4392 3848
f 4940 4943 4971
f 4013 4014 4029
f 3685 3703 3701
f 4339 4340 4377
f 8891 8870 8872
f 3753 3750 3755
f 4427 4168 3220
f 3809 3806 3779
f 3568 4416 4418
f 3880 3987 3918
f 3543 3843 3842
f 4646 4649 4648
f 4656 4657 4597
f 4781 4876 4820
f 4972 4975 4974
f 5101 5102 5109
f 5095 5096 5115
f 5090 5127 5132
f 5131 5132 5134
f 5134 5132 5127
f 5117 5139 5140
f 3539 3862 3863
f 4006 3791 3792
f 5128 5091 5099
f 5097 5088 5089
f 5274 5266 5271
f 4571 4572 4569
f 4225 4531 4238
f 5156 5155 5170
f 4538 4541 4540
f 4622 4691 4665
f 4981 5011 5004
f 5012 4974 4975
f 5148 5147 5149
f 5157 5142 5133
f 5161 5155 5145
f 4261 4532 4242
f 5294 5295 5291
f 4255 4256 4532
f 5274 5259 5250
f 4246 4529 4207
f 3314 3924 3927
f 4670 4673 4672
f 4995 4904 4673
f 4638 4710 4603
f 4341 4295 4525
f 5163 5166 5165
f 4834 4783 4784
f 4784 4820 4682
f 4844 4843 4687
f 5280 5276 5275
f 4217 4572 4564
f 4554 4557 4556
f 4551 4552 4556
f 4549 4546 4544
f 5141 5142 5173
f 4653 4654 4683
f 4973 4974 4989
f 4984 5005 5015
f 5177 5172 5170
f 5166 5167 5181
f 5141 5184 5139
f 5178 5174 5151
f 5244 5202 5203
f 5252 5244 5245
f 4479 4031 4079
f 4402 4405 4404
f 3500 4418 4419
f 5856 5851 5909
f 4488 3913 3348
f 8851 8853 5885
f 3607 3608 5701
f 3508 3505 3503
f 5847 5858 5896
f 4374 4373 4309
f 3380 4439 4438
f 9025 9024 3553
f 5718 5717 4131
f 3300 3229 3283
f 5551 3275 3276
f 5552 3276 3369
f 5555 3397 5483
f 5859 5898 5896
f 4133 3793 3794
f 3606 3653 3652
f 4900 4852 4766
f 4616 4790 4789
f 3738 4165 4164
f 4774 4771 4642
f 4399 4485 3402
f 5853 5796 5795
f 3936 4518 4427
f 3418 3419 4064
f 5510 3488 3840
f 3270 3282 3279
f 3274 3275 4056
f 4359 4356 4305
f 4135 3508 3504
f 3610 3611 3609
f 3837 3556 3557
f 5940 3971 4401
f 5853 5804 5803
f 5725 5513 5515
f 3246 5410 4117
f 5713 5712 5672
f 4918 4961 4916
f 4148 3995 3771
f 5106 5105 5113
f 4147 9022 5709
f 5152 5172 5177
f 9026 4135 4111
f 5104 5195 5103
f 3531 3528 3485
f 3713 3716 3715
f 3699 3715 3815
f 4467 3345 4459
f 4703 4899 4736
f 5405 3399 3846
f 3555 3552 3963
f 4120 4116 5411
f 4217 4219 4185
f 3279 5438 5441
f 4944 4945 4959
f 4353 4337 4344
f 3815 3715 3716
f 3374 3371 4052
f 4491 4492 4516
f 5865 5824 5833
f 5819 5814 5856
f 5807 5851 5856
f 3933 3256 3281
f 3208 3205 3920
f 8907 8906 8902
f 5288 5308 5295
f 3728 3725 3747
f 3309 4084 4083
f 5119 5116 5101
f 3811 3785 3789
f 3595 3863 3992
f 4106 4102 4100
f 5696 5575 5576
f 3708 3755 3750
f 3744 3760 4165
f 5905 5891 5892
f 3403 4036 4175
f 4133 3997 3506
f 4147 4145 3544
f 3561 3562 3325
f 3237 3240 3239
f 4877 4878 4793
f 3241 3244 3243
f 3597 3624 3625
f 3279 3282 3281
f 3371 3374 3373
f 3599 3566 3567
f 3975 3976 4032
f 3277 3249 3250
f 3774 3564 3565
f 3658 3673 3780
f 4961 4962 4963
f 3600 3615 3616
f 4228 4229 4202
f 4011 4008 4318
f 4307 4304 4262
f 4838 4800 4841
f 4782 4783 4773
f 4914 4956 4946
f 4839 4609 4765
f 4771 4896 4645
f 4962 4965 4964
f 4966 4959 4963
f 3601 3612 3615
f 5878 5875 5879
f 5890 5880 5881
f 3720 3786 4158
f 4755 4756 4689
f 3740 3717 3718
f 5695 5685 5686
f 5740 5743 5742
f 5733 5735 5736
f 5755 5756 5750
f 5745 5763 5762
f 5798 5801 5800
f 4706 4880 4879
f 5651 5652 5619
f 5850 5794 5797
f 5804 5807 5806
f 4087 5708 5707
f 5915 5913 5914
f 5703 3860 4167
f 5893 5894 5896
f 5892 5893 5919
f 5706 5671 5664
f 5786 5789 5788
f 3973 4131 3841
f 4831 4832 4915
f 5906 5892 8858
f 4965 4967 4969
f 4684 4685 4846
f 3589 3609 3611
f 3596 3625 4150
f 5877 5880 5763
f 4121 4124 4123
f 3469 3465 3868
f 3204 3205 3208
f 3716 3713 3726
f 5460 9027 5426
f 3465 3469 3470
f 5738 5735 3764
f 4887 4654 4655
f 4203 4206 4205
f 3959 5705 4082
f 5758 5757 5886
f 5781 5869 5872
f 4675 4762 4723
f 3757 4164 5751
f 3334 3271 3272
f 8880 5926 5903
f 5615 5676 3473
f 5759 5761 5760
f 8845 8846 8848
f 5778 5781 5780
f 8857 8856 8849
f 4132 3797 3798
f 5839 5838 5841
f 560 1899 3187
f 5747 5874 4007
f 5928 5930 8840
f 5766 5769 5768
f 4848 4957 4956
f 4953 4968 4967
f 4832 4897 4910
f 5879 5764 5888
f 3598 3567 3530
f 5747 5729 5730
f 5754 5764 5748
f 5810 5813 5812
f 5758 5755 5749
f 4315 4388 4387
f 5917 5915 5916
f 5913 5909 5910
f 5930 8731 8841
f 4951 4955 4968
f 3209 3210 3201
f 4059 5424 3246
f 8731 5934 8842
f 3776 3582 3585
f 5770 5773 5772
f 5891 5894 5893
f 9028 5638 5641
f 5814 5817 5816
f 5662 5675 5673
f 3522 3525 3524
f 5630 5631 5942
f 5791 5792 5795
f 5746 3753 3754
f 5928 5929 5931
f 5743 5760 5739
f 5876 5874 5875
f 3678 8937 9021
f 4200 4208 4207
f 4114 3546 3916
f 3601 3602 3605
f 3818 3724 3712
f 3315 3318 3317
f 5899 5900 5902
f 8840 8841 5883
f 5562 4458 5559
f 4416 3568 3448
f 3189 3192 3191
f 4751 4890 4747
f 4181 4182 4180
f 3832 3942 5454
f 3362 3527 3526
f 5678 4405 5699
f 3497 3500 3499
f 448 1980 807
f 647 648 122
f 5690 3472 5677
f 4183 4186 4185
f 1833 1848 1780
f 5920 5895 5897
f 510 509 508
f 4401 3967 5944
f 5656 5397 5530
f 3970 3971 5940
f 5653 5658 5939
f 5450 5653 5946
f 3384 5633 5945
f 4403 4404 4299
f 5944 3967 3968
f 3963 5427 5951
f 5614 3473 3474
f 5427 3838 3857
f 3210 1949 1887
f 1887 15 3200
f 15 16 3197
f 16 3188 3195
f 3195 3188 3187
f 3194 3187 1899
f 3207 1899 375
f 387 173 126
f 3189 1791 1760
f 9029 763 757
f 763 9029 2172
f 9035 9034 9032
f 9033 9032 9031
f 9046 9049 9048
f 8751 9053 9054
f 9078 9076 9077
f 9083 9087 9051
f 9088 9089 9047
f 9099 9036 9040
f 9102 9034 9036
f 9105 9031 9032
f 9105 2176 9106
f 1801 1864 9108
f 9103 9032 9034
f 9096 9090 9047
f 1767 1768 9111
f 1597 9115 9113
f 1708 1707 9117
f 9123 9120 9119
f 9118 9119 9125
f 1588 1708 9116
f 2080 9123 9118
f 2082 9118 9124
f 9126 9129 9087
f 9129 9130 9088
f 5512 3492 5943
f 5634 3383 5488
f 5724 5512 5947
f 9134 9099 9097
f 9144 9103 9102
f 9133 9097 9096
f 786 9146 9144
f 9146 9105 9103
f 785 9144 9138
f 497 9138 9134
f 650 9134 9133
f 9148 564 9133
f 8756 9058 9057
f 9154 9151 9130
f 9151 9150 9131
f 9097 9040 9090
f 1799 9109 9111
f 5949 3968 3964
f 9160 9156 8809
f 8813 9162 9160
f 9166 463 564
f 9067 9058 9054
f 9162 9166 9148
f 9087 9088 9048
f 9081 9078 9079
f 9049 9052 9051
f 9082 9168 9167
f 9079 9077 9049
f 9169 9168 9175
f 9167 9115 9112
f 9168 9169 9177
f 9120 9117 9113
f 9120 9177 9169
f 9119 9169 9170
f 9179 9180 9125
f 9180 1576 9124
f 9178 9179 9170
f 1576 2101 2084
f 9179 9178 9183
f 3203 376 1387
f 3190 1387 1791
f 5618 2152 1949
f 317 240 259
f 2000 2176 9105
f 9053 9051 9052
f 9041 9040 9036
f 9029 758 756
f 9037 9036 9034
f 9130 9131 9089
f 3204 375 376
f 1801 9107 9109
f 9181 9187 9180
f 1575 9187 9190
f 9187 1575 1576
f 1776 1795 1796
f 1293 1294 1290
f 1326 14 1327
f 1294 1245 1234
f 878 1244 1330
f 5633 3401 5490
f 5933 3359 3360
f 5613 5634 5948
f 5604 5605 3844
f 3972 3494 5950
f 3494 3495 4322
f 4406 5676 5615
f 3492 3489 4292
f 5631 5503 5495
f 497 373 374
f 122 648 413
f 5624 5489 3398
f 9151 9154 9156
f 9058 8756 8752
f 9160 9162 9150
f 8815 9166 9162
f 9156 9126 8794
f 439 398 399
f 1512 1528 1526
f 1668 1741 1738
f 839 849 1362
f 1362 1357 826
f 3425 3417 3418
f 4905 5207 5243
f 4621 4622 4662
f 5582 5579 5574
f 4754 4757 4756
f 3902 3899 4021
f 9295 740 1896
f 2053 2054 2118
f 9340 9339 2120
f 696 697 9268
f 4922 4938 4939
f 4365 4366 4186
f 5105 5106 4862
f 5228 5227 5226
f 4781 4782 4877
f 5218 5227 5238
f 4990 4993 4992
f 4335 4337 4336
f 4993 4990 4972
f 4794 4793 4792
f 5886 5884 8852
f 5405 3892 5417
f 4669 4752 4764
f 4676 4697 4698
f 1826 1878 639
f 9192 9191 9181
f 5232 5228 5233
f 5418 4121 4122
f 956 885 886
f 5720 3844 3512
f 4728 4731 4730
f 8879 8866 8863
f 1980 806 1922
f 4969 4970 4966
f 33 34 105
f 9028 3253 3254
f 3837 3558 3839
f 4382 4300 4301
f 3908 3905 4122
f 4290 4295 4294
f 4400 3834 4055
f 3219 3222 3221
f 8894 8895 8877
f 4640 4736 4735
f 4389 4366 4216
f 3267 4479 4493
f 3268 3265 4463
f 5097 5111 5098
f 5094 5097 5096
f 5654 5655 5937
f 4089 5704 3960
f 5159 5163 5162
f 5202 5244 5249
f 5412 5415 5414
f 5715 3515 3516
f 5723 4426 4423
f 4263 4264 4323
f 3994 3529 3564
f 1343 1344 9308
f 3470 3514 5667
f 5659 5661 5671
f 3319 3828 4053
f 9359 2127 2128
f 1766 1581 1582
f 14 1326 2163
f 595 98 99
f 5703 3771 3772
f 5206 5224 5229
f 3437 3446 3458
f 5516 4084 3487
f 5122 5086 5087
f 3223 3297 3934
f 3979 9023 5402
f 3828 3319 3320
f 5663 3441 4081
f 4035 4489 4490
f 4426 5723 5724
f 3881 4452 4447
f 5407 5408 4118
f 5691 5688 5689
f 5661 5673 5672
f 5911 5918 8901
f 3902 4022 3871
f 5541 5538 5539
f 4069 4454 5561
f 3248 4394 3292
f 1346 1035 1044
f 748 1888 1425
f 3297 3228 3255
f 5445 4400 4056
f 5783 5784 5830
f 4310 4028 4376
f 5857 5854 5800
f 3882 5467 4452
f 3193 3208 3919
f 3190 3191 3206
f 4266 4269 4268
f 4488 3419 3420
f 3331 3939 3940
f 4282 4285 4284
f 4606 4608 4607
f 4628 4629 4708
f 4659 4732 4733
f 4615 4750 4829
f 4718 4714 4713
f 5722 4424 4421
f 3307 3462 3461
f 4686 4688 4634
f 3966 3548 3550
f 4738 4739 4875
f 3416 4429 3237
f 4527 4528 4208
f 5093 5121 5114
f 5124 5099 5086
f 5117 5118 5138
f 4631 4641 4640
f 5166 5163 5168
f 5185 5188 5187
f 5194 5190 5191
f 3245 4117 4118
f 5214 5215 5203
f 3230 3317 3318
f 5237 5234 5217
f 5250 5259 5258
f 5113 5112 5084
f 5270 5267 5269
f 4906 5125 5107
f 5271 5266 5267
f 5276 5277 5262
f 5153 5151 5174
f 5290 5270 5268
f 5306 5299 5303
f 5147 5148 5146
f 4585 4849 4856
f 3226 5435 5436
f 4473 4503 4504
f 5765 5756 8897
f 4529 4246 4247
f 8923 8924 8916
f 5713 5681 5682
f 3315 3897 3898
f 5564 5536 5537
f 4468 4440 4441
f 3738 3739 4163
f 4577 4859 4559
f 5567 3527 3366
f 3587 3584 4150
f 5471 5468 4504
f 5860 5769 5816
f 3516 3513 5558
f 5436 3985 5637
f 5050 5053 5083
f 5547 5565 3338
f 9023 3979 3295
f 5708 4087 4132
f 4104 3816 3814
f 3718 3719 4161
f 5498 5491 5679
f 3884 4431 4432
f 3955 4512 3877
f 4049 4062 4061
f 8892 8872 8875
f 4572 4217 4218
f 4440 4443 4442
f 4497 4511 3407
f 8906 8882 8881
f 5664 5712 5670
f 3751 4105 3706
f 3511 3735 3736
f 5129 5130 5116
f 5086 5099 5098
f 5135 5127 5128
f 5143 5146 5145
f 5168 5158 5136
f 5297 5241 5246
f 5164 5161 5160
f 5155 5161 5171
f 5137 5179 5167
f 5293 5308 5307
f 5513 3570 4083
f 4053 3828 3825
f 3228 3297 3298
f 3631 3632 3635
f 5689 5669 5670
f 5759 5762 5883
f 3793 4133 3507
f 4906 4908 4891
f 4719 4858 4901
f 3597 3598 4095
f 3352 4126 4125
f 9064 9057 9058
f 9076 9064 9067
f 9083 8766 8794
f 9131 9132 9096
f 9138 9102 9099
f 9154 9129 9126
f 9077 9067 9052
f 9053 8751 8766
f 9191 9190 9187
f 9082 9079 9046
f 9193 9175 9168
f 1284 1290 1288
f 9150 9148 9132
f 3841 3842 3496
f 3570 3569 3336
f 4027 4311 4312
f 4889 4876 4781
f 4041 4045 4044
f 4885 4884 4813
f 5419 4122 3905
f 4367 4368 4227
f 1778 1781 1780
f 1792 1759 1584
f 4308 4017 3869
f 4594 4723 4762
f 4767 4770 4769
f 5461 3365 3366
f 4763 4704 4716
f 4919 4918 4915
f 4300 4382 4334
f 5196 5199 5198
f 5158 5148 5135
f 5431 5434 5433
f 4545 4567 4571
f 4557 4558 4594
f 695 570 571
f 4156 4155 3626
f 4861 4673 4670
f 5681 5675 5674
f 5473 5475 5580
f 3622 3656 4152
f 5647 3573 3574
f 3674 3663 3808
f 4420 4145 3498
f 5675 5662 5666
f 3253 9028 5439
f 5870 5866 5917
f 8887 8920 8919
f 5862 5856 5913
f 3534 3593 3485
f 3313 4486 4484
f 9090 9193 9046
f 4871 4759 4695
f 3778 3777 3822
f 4889 4748 4874
f 4000 3783 3784
f 4897 4898 4911
f 3856 3857 3838
f 4772 4830 4896
f 4015 4016 4376
f 3433 3461 3476
f 4053 4054 3302
f 3367 5567 3363
f 3242 3829 3831
f 3441 3442 4082
f 4735 4736 4855
f 4756 4757 4737
f 3382 3385 3384
f 3698 3699 3697
f 4676 4679 4678
f 4948 4943 4941
f 4890 5394 4805
f 4757 4744 4745
f 4581 4221 4380
f 5716 3516 5932
f 4923 4920 4926
f 5077 5079 5081
f 5078 5082 5058
f 4009 5401 5400
f 5081 5082 5078
f 3930 3931 4513
f 4014 4376 4028
f 4025 4026 4020
f 3618 4093 4096
f 4581 4575 4576
f 4219 4217 4188
f 5440 5442 3335
f 5449 3982 3323
f 4229 4181 4177
f 4590 4213 4214
f 4227 4183 4184
f 4574 4901 4858
f 4565 4566 5453
f 4592 4555 4588
f 4590 4587 4573
f 3517 3518 5521
f 3845 5428 3522
f 4444 3340 3884
f 3982 5449 5533
f 4465 4466 4497
f 4520 4522 4521
f 4076 4073 5591
f 3635 3667 3666
f 3343 3344 4498
f 4022 4019 3870
f 3661 3607 4098
f 5691 5690 5697
f 3768 3766 5742
f 4514 3955 3956
f 3697 3815 3814
f 4394 3248 5460
f 4054 4053 4057
f 3284 3318 3323
f 4052 3926 4169
f 4447 4506 4510
f 4456 4460 3346
f 4483 3876 3877
f 4482 3877 4512
f 4492 4512 4513
f 5642 5438 5439
f 5448 5447 5442
f 5466 4441 3882
f 3340 4444 4445
f 8908 8909 8910
f 4397 4169 3835
f 5413 3520 3521
f 3234 3931 3932
f 5753 5765 8895
f 8896 8897 5756
f 8921 8922 8889
f 8915 8912 8911
f 3933 3936 3935
f 3620 3804 3657
f 3966 3969 3968
f 4905 4789 4769
f 3225 5436 5437
f 5433 3896 3984
f 5714 5686 5693
f 5435 3984 3985
f 3954 3956 3955
f 4713 4712 4632
f 4879 4635 4632
f 3983 3984 3896
f 9027 5460 3248
f 5871 5870 5912
f 5849 5846 5891
f 4702 4703 4640
f 4213 4590 4579
f 3644 3645 3688
f 9193 9090 9040
f 8920 8930 8935
f 5406 3846 4130
f 4140 5400 5401
f 5659 3903 3904
f 4772 4773 4783
f 4244 4247 4246
f 4061 5399 4037
f 3669 3804 3803
f 3459 3460 3209
f 4072 5483 5484
f 4835 4833 4834
f 5660 5662 5661
f 4262 4265 4264
f 3633 3630 3627
f 3685 3643 3676
f 4517 4515 3235
f 4145 4420 4085
f 5455 4438 5459
f 5638 5635 5640
f 3228 3225 3254
f 4044 4174 3411
f 3614 3615 3612
f 3273 3276 3275
f 4952 4962 4961
f 4959 4958 4960
f 4888 4655 4761
f 4254 4257 4256
f 4199 4202 4201
f 4499 4464 4465
f 5479 4495 4496
f 5952 5953 5954
f 5956 5957 5958
f 5959 5958 5960
f 5962 5963 5964
f 5966 5967 5968
f 5967 5970 5971
f 5963 5962 5961
f 5972 5965 5964
f 5974 5975 5976
f 5978 5979 5980
f 5982 5983 5984
f 5986 5987 5985
f 5988 5989 5990
f 5992 5993 5994
f 5996 5997 5998
f 6000 6001 6002
f 6004 6005 6006
f 6008 6009 6010
f 6012 6013 6014
f 6016 6017 6018
f 6020 6021 6022
f 6024 6025 6026
f 6028 6029 6030
f 6032 6033 6034
f 6036 6037 6038
f 6040 6041 6013
f 6042 6043 6044
f 5992 6046 6047
f 6048 6049 6050
f 6052 6053 6054
f 6056 6057 6058
f 6060 6061 5987
f 6062 6063 6064
f 6066 6067 6068
f 6070 6071 6027
f 6072 6073 6057
f 6075 6076 6077
f 6078 6079 6080
f 6082 6083 6054
f 6085 6078 6081
f 6087 6061 5990
f 6061 6087 6089
f 6089 6090 6091
f 6092 6091 6093
f 6095 5978 5981
f 6062 6082 6084
f 6097 6098 6035
f 6056 6049 6099
f 6100 6101 6102
f 6001 6000 6104
f 6107 6108 6109
f 6110 6111 6112
f 6114 6026 6025
f 6116 6117 6118
f 6120 6121 6122
f 6124 6125 6126
f 6128 6129 6101
f 6039 6130 6131
f 6132 6133 6134
f 6136 6137 6138
f 6139 6140 6141
f 6143 6144 6145
f 6148 6149 6150
f 6152 6153 6154
f 6155 6156 6157
f 6159 6160 6161
f 6163 6164 6165
f 6167 6168 6169
f 6171 6172 6173
f 6175 6176 6104
f 6178 6179 6180
f 6023 6182 6183
f 6184 6185 6186
f 6117 6116 6188
f 6190 6191 6192
f 6194 6070 6026
f 6195 6196 6191
f 6197 6198 6199
f 6201 6202 6203
f 6205 6206 6207
f 6209 6210 6201
f 6197 6200 6211
f 6212 6211 6213
f 5979 6215 6214
f 6203 6216 6217
f 6206 6199 6198
f 6218 5961 5962
f 5965 6220 6219
f 5972 3355 3354
f 6070 6194 6222
f 6224 6225 6226
f 6228 6229 6230
f 6232 6233 6234
f 6196 6195 6236
f 6071 6070 6223
f 6239 6240 6241
f 6243 6244 6245
f 6247 6073 6248
f 6250 6251 6252
f 6254 6255 6256
f 6258 6259 6260
f 6229 6262 6263
f 6264 6265 6242
f 6266 6267 6268
f 6270 6271 6272
f 6274 6275 6276
f 6195 6278 6279
f 6280 6278 6281
f 6283 6284 6285
f 6123 6122 6287
f 6289 6290 6291
f 6293 6294 6243
f 6240 6296 6297
f 6298 6299 6267
f 6300 6301 6302
f 6304 6305 6306
f 6251 6250 6308
f 6247 6310 6311
f 6313 6314 6315
f 6314 6313 6317
f 6319 6086 6320
f 6322 6087 6088
f 6216 6324 6258
f 6325 6326 6327
f 6217 6258 6261
f 6330 6071 6238
f 6071 6330 6048
f 6015 6332 6333
f 6079 6334 6335
f 6336 6294 6240
f 6294 6293 6296
f 6337 6338 6339
f 6341 6342 6343
f 6345 6346 6347
f 6266 6264 6349
f 6350 6351 6352
f 6295 6243 6246
f 6303 6355 6356
f 6357 6358 6359
f 6361 6362 6363
f 6365 6350 6353
f 6367 6368 6369
f 6371 6367 6370
f 6372 6373 6374
f 6375 6374 6373
f 6376 6377 6378
f 6379 6380 6381
f 6383 6384 6385
f 6387 6388 6389
f 6391 6392 6393
f 6395 6396 6397
f 6398 6399 6400
f 6399 6401 6402
f 6403 6402 6401
f 6405 6406 6407
f 6409 6410 6411
f 6367 6371 6413
f 6374 6375 6415
f 6417 6418 6384
f 6419 6420 6348
f 6421 6422 6423
f 6425 6426 6400
f 6426 6427 6395
f 6393 6396 6428
f 6429 6430 6394
f 6390 6389 6431
f 6433 6434 6408
f 6435 6436 6437
f 6439 6440 6411
f 6392 6391 6441
f 6397 6392 6442
f 6401 6399 6444
f 6446 6447 6437
f 6448 6449 6450
f 6452 6453 6454
f 6442 6441 6456
f 6443 6442 6457
f 6444 6459 6460
f 6445 6444 6461
f 6463 6464 6462
f 6446 6445 6462
f 6466 6467 6468
f 6448 6451 6470
f 6453 6452 6472
f 6474 6475 6476
f 6478 6479 6480
f 6482 6483 6484
f 6486 6487 6488
f 6490 6491 6492
f 6493 6492 6494
f 6496 6497 6498
f 6500 6501 6502
f 6504 6505 6506
f 6508 6468 6509
f 6511 6512 6513
f 6499 6514 6515
f 6516 6517 6518
f 6520 6521 6522
f 6524 6507 6525
f 6507 6524 6527
f 6504 6527 6528
f 6528 6511 6508
f 6529 6530 6531
f 6342 6533 6534
f 6535 6347 6346
f 6347 6535 6537
f 6434 6538 6539
f 6539 6540 6405
f 6541 6542 6451
f 6543 6544 6470
f 6546 6478 6481
f 6499 6498 6548
f 6549 6550 6514
f 6551 6552 6553
f 6555 6556 6557
f 6403 6436 6423
f 6426 6425 6413
f 6415 6560 6428
f 6430 6429 6561
f 6434 6433 6420
f 6563 6564 6565
f 6404 6401 6445
f 6459 6444 6399
f 6455 6454 6388
f 6405 6450 6449
f 6540 6541 6450
f 6567 6495 6568
f 6570 6464 6463
f 6475 6474 6490
f 6458 6457 6571
f 6573 6571 6574
f 6576 6577 6578
f 6193 6192 6580
f 6582 6583 6584
f 6583 6582 6586
f 6588 6589 6587
f 6590 6069 6068
f 6592 6593 6594
f 6251 6310 6595
f 6304 6596 6597
f 6272 3735 6599
f 3737 3736 6558
f 6600 6161 6160
f 6123 6602 6603
f 6604 6605 6606
f 6608 6205 6208
f 5972 6221 6220
f 6610 6611 6612
f 6613 6614 6615
f 6242 6617 6618
f 6226 6619 6245
f 6620 6621 6622
f 6624 6143 6146
f 6626 6213 6211
f 6627 6628 6629
f 6631 6632 6633
f 6235 6635 6636
f 6637 6638 6639
f 6641 6625 6286
f 6643 6644 6645
f 6647 6648 6649
f 6244 6243 6294
f 6336 6651 6652
f 6194 6196 6237
f 6196 6194 6114
f 6115 6192 6191
f 6653 6654 6655
f 6657 6117 6189
f 6117 6657 6659
f 6130 6157 6156
f 6133 6152 6151
f 6661 6111 6662
f 6663 6613 6616
f 6664 6270 6273
f 6418 6417 6432
f 6290 6325 6328
f 6666 6557 6556
f 6557 6666 3805
f 5971 6667 6668
f 6181 6669 6670
f 6671 6672 6673
f 6676 6673 6672
f 6675 6150 6149
f 6067 6066 5999
f 6677 6678 6679
f 6681 6682 6683
f 6087 6322 6090
f 5983 5982 6685
f 5982 6094 6687
f 6094 6093 6688
f 6211 6200 6137
f 6689 6690 6691
f 6690 6689 3833
f 6001 5983 6686
f 5978 6693 6215
f 6694 6693 5978
f 5974 6694 6095
f 6183 6182 6696
f 6698 5959 5961
f 5959 6698 6699
f 6697 6696 6700
f 6702 6629 6703
f 5968 6668 6705
f 6706 5977 5955
f 6707 6618 6617
f 6024 6051 6709
f 6402 6403 6559
f 3852 6711 6712
f 3856 6594 6593
f 5977 6706 6694
f 6713 5955 5977
f 6714 6715 6716
f 6718 6719 6308
f 6720 6255 6254
f 6722 6723 6724
f 6312 6311 6726
f 6069 6590 6728
f 6319 6594 6730
f 6731 6645 6644
f 6732 6733 6734
f 6046 6053 6320
f 3880 3805 6666
f 6736 6737 6738
f 6531 6740 6741
f 6300 6356 6614
f 6742 6532 6325
f 6743 6742 3891
f 6744 6302 6301
f 6746 6747 6534
f 6536 6576 6579
f 6535 6579 6563
f 6566 6538 6537
f 6538 6566 6409
f 6412 6540 6539
f 6412 6748 6541
f 6748 6749 6542
f 6749 6569 6545
f 6568 6750 6547
f 6751 6752 6548
f 6753 6754 6550
f 6755 6756 6757
f 6759 6760 6761
f 6763 6764 6765
f 6764 6620 6623
f 6766 6767 6768
f 6770 6771 6772
f 6774 6775 6776
f 6021 6774 6777
f 6723 6778 6779
f 6780 6781 6782
f 6784 6785 6786
f 6788 6789 6790
f 6185 6792 6793
f 6794 6722 6725
f 6729 6796 6098
f 6135 6797 6798
f 6799 6062 6065
f 6037 6801 6802
f 6005 6004 6588
f 6005 6803 6804
f 6052 6055 6010
f 6586 6582 6803
f 6092 5985 5987
f 6094 5982 5985
f 6096 6806 6695
f 6082 6062 6799
f 6657 6013 6041
f 6013 6657 6658
f 6795 6725 6807
f 6809 6810 6811
f 6813 6814 6815
f 6817 6818 6819
f 6821 6822 6823
f 6329 6209 6204
f 6202 6825 6826
f 6072 6099 6827
f 6598 6829 6305
f 6301 6300 6613
f 6830 6831 6271
f 6822 6779 6778
f 6326 6741 6832
f 6203 6826 6833
f 6027 6048 6051
f 6360 6834 6835
f 6836 6837 6838
f 6837 6840 6841
f 6362 6365 6366
f 6380 6385 6384
f 6421 6564 6578
f 6566 6565 6410
f 6394 6389 6388
f 6414 6422 6368
f 6371 6374 6416
f 6561 6560 6378
f 6382 6381 6562
f 6381 6384 6418
f 6389 6394 6430
f 6391 6388 6454
f 6441 6454 6453
f 6456 6453 6473
f 6495 6494 6750
f 6843 6575 6485
f 6844 6845 6843
f 6573 6845 6847
f 6849 6491 6487
f 6513 6753 6752
f 6517 6521 6850
f 6521 6520 6851
f 6844 6851 6852
f 6505 6504 6510
f 6753 6513 6512
f 6516 6522 6521
f 6614 6740 6854
f 6742 6262 4003
f 6708 6617 6855
f 6307 6306 6857
f 6307 6664 6665
f 6414 6413 6425
f 6416 6415 6427
f 6562 6418 6431
f 6419 6537 6538
f 6358 6836 6839
f 6059 6058 6859
f 6861 6862 6863
f 6865 6866 6867
f 6115 6025 6869
f 6871 6872 6873
f 6721 6254 6596
f 6876 6610 6556
f 6877 6663 6552
f 6551 6878 6268
f 6879 6855 6265
f 6239 6618 6651
f 6230 6263 6619
f 6171 6670 6669
f 6106 6109 6882
f 6883 6884 6822
f 6759 6184 6187
f 6725 6724 6785
f 6885 6795 6808
f 6886 6887 6888
f 6701 6700 6756
f 6884 6786 6779
f 6715 6714 6309
f 6889 6259 6890
f 6743 3890 4042
f 6270 6664 6893
f 6386 6894 6895
f 6895 6348 6420
f 6897 6432 6417
f 6897 6433 6407
f 6390 6898 6899
f 6900 6899 6406
f 6455 6900 6901
f 6902 6903 6904
f 6482 6903 6905
f 6501 6906 6907
f 6496 6515 6908
f 6532 6531 6326
f 6532 6742 6743
f 6612 6910 6735
f 6611 6911 6910
f 6626 5980 5979
f 6704 6912 6105
f 6913 6590 6591
f 6915 6794 6795
f 6229 6228 4067
f 6263 6290 6289
f 6745 6301 6663
f 6916 6771 6757
f 6885 6918 6165
f 6920 6780 6783
f 6921 6922 6923
f 6925 6921 6924
f 6927 6928 6929
f 6931 6932 6933
f 6935 6936 6937
f 6939 6940 6941
f 6943 6944 6945
f 6947 6948 6949
f 6944 6943 6951
f 6953 6954 6955
f 6957 6958 6959
f 6961 6962 6929
f 6964 6965 6966
f 6968 6969 6970
f 6969 6948 6955
f 6972 6943 6946
f 6974 6975 6976
f 6978 6979 6980
f 6940 6939 6982
f 6984 6985 6986
f 6988 6989 6990
f 6992 6990 6989
f 6994 6995 6996
f 6998 6999 7000
f 7002 7003 7004
f 7006 7007 7008
f 7010 7011 7012
f 7014 7015 7016
f 7018 7019 6999
f 7020 7021 7022
f 7024 7025 7026
f 7028 7029 7030
f 7032 7033 7034
f 7003 7002 7036
f 7038 7039 7040
f 6993 6989 7030
f 7042 7043 7044
f 7046 7047 7007
f 7011 7010 7048
f 7050 7051 7052
f 7054 7015 7014
f 7015 7054 7056
f 6621 6620 7045
f 7049 7048 6775
f 7051 7050 6021
f 7055 6697 6701
f 7054 6701 6755
f 6764 6763 7047
f 7020 7058 7059
f 7060 7061 7062
f 6958 7064 7065
f 6925 7066 7067
f 7068 6931 6934
f 7069 6988 6991
f 7071 6995 7072
f 7074 7075 7076
f 7078 7079 7080
f 7014 7017 7082
f 7084 7085 7086
f 7025 7028 7031
f 7085 7084 7072
f 7089 7084 7087
f 7055 7014 7083
f 7090 7087 6770
f 7092 7093 7094
f 7091 6183 6697
f 6770 7087 7086
f 7095 7094 6767
f 7096 7061 6980
f 7098 6941 6940
f 7058 7020 7023
f 7101 6927 6930
f 6974 7060 7063
f 7103 6968 6971
f 7105 6978 6981
f 7106 7107 7036
f 7109 7048 7010
f 7111 7019 7018
f 7098 7003 7037
f 7048 7109 7112
f 7113 6993 7041
f 6994 7114 7115
f 6965 7116 6923
f 6975 6922 6945
f 7061 7096 7065
f 6954 6953 6933
f 6763 7112 7109
f 7046 7045 6620
f 6947 7117 7067
f 6758 7086 7056
f 7118 7119 7039
f 7038 7069 7070
f 7106 7120 7121
f 7123 7124 7053
f 7123 7052 7083
f 7045 7046 7006
f 7107 7106 7122
f 7091 7083 7052
f 7091 7051 6020
f 6936 7096 7097
f 7125 6957 6960
f 6774 6021 7050
f 7119 6939 6942
f 7019 7002 7005
f 7011 7053 7124
f 7021 7126 7040
f 7114 7029 7016
f 7053 7011 7049
f 7086 7085 7057
f 6993 7113 7127
f 7075 7127 7113
f 4281 4280 6603
f 6012 6333 7129
f 7130 6083 6584
f 6797 7132 7133
f 6074 7134 7135
f 6789 6760 6173
f 6760 6789 6776
f 7136 6802 6801
f 6914 6671 6674
f 7007 7110 7059
f 7099 7004 7003
f 6984 7103 7104
f 7110 7007 7047
f 6333 6583 6587
f 5956 6699 6667
f 5957 5956 5971
f 7137 6715 6308
f 4292 4293 6718
f 6693 6705 6668
f 6215 6668 6667
f 6214 6667 6699
f 6698 6197 6212
f 6219 6207 6198
f 6207 6219 6220
f 6220 6221 6609
f 6262 6229 4066
f 7138 7139 7140
f 4298 7142 7140
f 7143 7144 7145
f 7147 7148 7144
f 7149 7150 7151
f 7150 7152 7153
f 6329 6261 7154
f 6261 6260 7155
f 7156 6829 7157
f 6598 6597 7159
f 6257 6256 7161
f 6256 4322 4321
f 6693 6694 6706
f 5954 5969 6705
f 5953 5966 5969
f 7163 5984 5983
f 7164 7165 6138
f 7167 7168 7169
f 6141 7171 7172
f 7166 7171 7173
f 6141 6140 7174
f 7176 7177 7178
f 7180 7181 7182
f 7184 7185 7186
f 6631 7180 7183
f 6218 6198 6197
f 6625 6641 7189
f 6814 6813 7190
f 6882 7192 7193
f 7195 7196 6109
f 6888 7197 7198
f 7200 7201 7202
f 7176 6627 6630
f 6029 7184 7187
f 7205 7206 7207
f 7209 7210 7211
f 7203 7202 7213
f 6886 7215 6778
f 6031 6030 7215
f 7216 7217 7218
f 7220 7221 6880
f 6076 6075 7220
f 6074 6077 6672
f 6147 6150 6662
f 7223 6662 6111
f 6810 6809 6113
f 6920 7134 6914
f 6077 6660 6675
f 6660 6077 6076
f 7222 7220 6669
f 7224 7222 6181
f 6660 6662 6150
f 7225 7226 6794
f 6783 6782 7225
f 6781 6780 6068
f 7217 7227 7228
f 6031 6888 7199
f 6887 6886 6723
f 6164 7225 6915
f 6780 6920 6591
f 7134 6074 6671
f 7229 7230 6824
f 7187 7186 7230
f 7226 6887 6722
f 7231 7232 6169
f 7201 7231 7233
f 6107 7234 7235
f 7215 7229 6823
f 6030 7187 7229
f 7236 7216 7219
f 7237 7238 6820
f 7237 7208 7207
f 7239 7240 7241
f 6739 7243 7244
f 7245 7239 7242
f 7233 6169 6168
f 7247 7213 7202
f 7195 6108 7203
f 7248 7249 7250
f 7227 7251 7252
f 7253 6067 5998
f 6067 7253 7198
f 6781 7198 7197
f 5984 7163 6683
f 7254 7250 6678
f 6679 7249 7252
f 6887 7226 7197
f 6782 7197 7226
f 7135 6919 6163
f 7221 7220 6075
f 6661 6076 7222
f 7224 6112 6111
f 6180 6810 6112
f 6179 6811 6810
f 6811 6179 6793
f 6650 6792 6622
f 6766 6621 7044
f 7095 7044 7043
f 7092 7043 7121
f 7078 7120 7255
f 7256 7232 7257
f 6768 6772 7259
f 6773 6767 7094
f 7090 7094 7093
f 7089 7093 7080
f 7071 7079 7032
f 7077 7018 6998
f 6995 7071 7260
f 7077 7076 7261
f 7035 7034 7018
f 7108 7019 7111
f 6978 7105 7262
f 7105 7263 7264
f 7263 6944 6952
f 6990 6992 6951
f 6972 7117 7266
f 7117 6947 6950
f 6948 6969 7267
f 6969 6968 6982
f 7103 6984 6987
f 7005 7004 6986
f 6999 7005 7268
f 7269 7270 7271
f 7274 7272 7275
f 7274 7273 7276
f 7278 7279 7280
f 7282 7283 7284
f 7286 7287 7288
f 7290 7291 7292
f 7294 7295 7296
f 7068 7297 7298
f 7300 7301 7302
f 7304 6962 7305
f 7307 7285 7305
f 7309 7284 7283
f 7311 7312 7313
f 7125 7304 7306
f 7285 7307 7280
f 7277 7281 7303
f 6965 6964 7316
f 7318 7312 7316
f 7320 7321 7271
f 7312 7318 7296
f 7270 7269 7298
f 7311 7270 7322
f 6961 6932 7300
f 7323 7324 7325
f 7327 7064 7328
f 7064 6958 7325
f 7287 7330 7292
f 6931 7068 7299
f 7331 7327 7329
f 7332 7333 7334
f 7336 7337 7338
f 7340 7341 7333
f 7342 7341 7343
f 7345 7346 7347
f 7348 7349 7350
f 7352 7353 7354
f 7356 7357 7358
f 7360 7361 7362
f 7365 7366 7367
f 7368 7369 7370
f 7372 7373 7336
f 7373 7375 7337
f 7367 7366 7376
f 7378 7379 7380
f 7382 7383 7384
f 7386 7387 7385
f 7388 7389 7390
f 7392 7334 7333
f 7394 7395 7396
f 7398 7399 7400
f 7402 7403 7404
f 7406 7407 7408
f 7410 7411 7383
f 7412 7413 7414
f 7385 7416 7417
f 7389 7418 7419
f 7373 7420 7421
f 7420 7373 7372
f 7369 7423 7424
f 7399 7398 7397
f 7393 7333 7341
f 7398 7358 7357
f 7358 7398 7401
f 7428 7429 7430
f 7433 7434 7435
f 7363 7362 7436
f 7383 7438 7439
f 7411 7440 7438
f 7441 7442 7443
f 7445 7446 7339
f 7374 7336 7339
f 7444 7365 7364
f 7448 7364 7450
f 7364 7367 7451
f 7451 7367 7377
f 7449 7450 7454
f 7455 7454 7450
f 7456 7455 7451
f 7410 7457 7458
f 7460 7461 7462
f 7423 7369 7462
f 7464 7465 7466
f 7468 7469 7347
f 7376 7366 7471
f 7425 7397 7396
f 7475 7476 7477
f 7478 7479 7480
f 7482 7483 7407
f 7484 7485 7351
f 7487 7405 7488
f 7490 7491 7492
f 7412 7415 7434
f 7494 7495 7434
f 7496 7388 7391
f 7440 7411 7498
f 7401 7400 7488
f 7485 7346 7345
f 7500 7502 7427
f 7395 7394 7469
f 7503 7504 7505
f 7507 7508 7509
f 7511 7512 7513
f 7511 7514 7515
f 7517 7518 7519
f 7521 7522 7523
f 7352 7524 7525
f 7415 7414 7527
f 7528 7529 7530
f 7404 7531 7502
f 7477 7388 7496
f 7512 7478 7481
f 7405 7404 7500
f 7533 7534 7535
f 7378 7507 7510
f 7532 7496 7379
f 7539 7540 7541
f 7524 7352 7355
f 7351 7485 7501
f 7414 7524 7523
f 7522 7543 7527
f 7544 7413 7412
f 7546 7416 7547
f 7526 7549 7353
f 7550 7521 7355
f 7521 7550 7551
f 7552 7546 7548
f 7546 7552 7553
f 7522 7521 7548
f 7418 7556 7520
f 7416 7546 7554
f 7457 7557 7558
f 7557 7559 7560
f 7562 7561 7563
f 7564 7563 7349
f 7351 7350 7565
f 7567 7568 7569
f 7570 7555 7520
f 7419 7418 7555
f 7572 7564 7348
f 7389 7476 7556
f 7573 7490 7493
f 7552 7535 7534
f 7562 7574 7536
f 7572 7575 7576
f 7422 7577 7578
f 7423 7579 7580
f 7579 7423 7463
f 7578 7574 7576
f 7583 7584 7381
f 7586 7579 7581
f 7533 7580 7579
f 7447 7339 7338
f 7588 7502 7531
f 7590 7428 7431
f 7321 7320 7592
f 7275 7581 7463
f 7461 7278 7276
f 7279 7278 7461
f 7453 7454 7593
f 7594 7593 7454
f 7330 7287 7498
f 7459 7458 7294
f 7558 7560 7595
f 7560 7592 7320
f 7275 7321 7585
f 7462 7276 7273
f 7596 7583 7380
f 7597 7598 7406
f 7467 7466 7599
f 7601 7602 7603
f 7605 7365 7444
f 7365 7605 7606
f 7607 7495 7494
f 7513 7481 7473
f 7396 7395 7514
f 7514 7395 7468
f 7470 7609 7515
f 7610 7611 7609
f 7612 7556 7476
f 7613 7530 7529
f 7442 7441 7615
f 7574 7578 7577
f 7619 7400 7399
f 7518 7479 7509
f 7491 7399 7425
f 7549 7620 7621
f 7491 7490 7622
f 7377 7438 7440
f 7379 7496 7497
f 7453 7461 7460
f 7411 7410 7459
f 7623 7624 7391
f 7625 7611 7610
f 7487 7407 7483
f 7619 7622 7408
f 7627 7628 7620
f 7538 7379 7378
f 7389 7388 7477
f 7629 7545 7412
f 7489 7408 7407
f 7628 7627 7598
f 7413 7525 7524
f 7592 7560 7559
f 7584 7631 7632
f 7569 7568 7633
f 7570 7508 7566
f 7631 7567 7566
f 7508 7570 7519
f 7614 7573 7480
f 7346 7610 7470
f 7572 7574 7562
f 7571 7633 7634
f 7346 7485 7484
f 7607 7591 7431
f 7585 7592 7630
f 7624 7596 7497
f 7635 7386 7384
f 7636 7427 7502
f 7323 7309 7310
f 7420 7578 7582
f 7637 7594 7455
f 7287 7286 7499
f 7458 7558 7295
f 7439 7376 7472
f 7599 7601 7604
f 7359 7358 7427
f 7436 7638 7639
f 7490 7573 7640
f 7481 7480 7493
f 7641 7506 7505
f 7642 7643 7627
f 7492 7425 7473
f 7517 7612 7625
f 7625 7484 7486
f 7634 7623 7390
f 7474 7477 7532
f 7448 7368 7441
f 7368 7448 7449
f 7615 7441 7368
f 7638 7603 7602
f 7575 7572 7501
f 7571 7555 7570
f 7400 7619 7489
f 7508 7507 7632
f 7503 7506 7540
f 6957 7125 7315
f 7376 7439 7438
f 7507 7378 7381
f 7499 7456 7452
f 7286 7637 7456
f 7504 7642 7644
f 7645 7598 7627
f 7647 7634 7633
f 7647 7648 7623
f 7649 7624 7623
f 7650 7596 7624
f 7646 7633 7568
f 7651 7568 7567
f 7653 7652 7567
f 7651 7654 7655
f 7656 7657 7658
f 7660 7658 7657
f 7663 7657 7656
f 7664 7665 7663
f 7667 7666 7663
f 7667 7662 7668
f 7663 7665 7661
f 7670 7671 7672
f 7661 7672 7671
f 7659 7668 7662
f 7648 7647 7668
f 7648 7659 7673
f 7659 7658 7674
f 7658 7660 7675
f 7668 7647 7646
f 7660 7671 7676
f 7675 7677 7678
f 7677 7675 7676
f 7677 7680 7681
f 7682 7683 7678
f 7677 7679 7684
f 7673 7674 7678
f 7683 7650 7649
f 7685 7676 7671
f 7667 7655 7686
f 7666 7686 7687
f 7654 7688 7686
f 7689 7687 7686
f 7664 7687 7691
f 7650 7692 7583
f 7693 7653 7631
f 7584 7583 7692
f 7693 7692 7682
f 7694 7682 7681
f 7694 7696 7653
f 7650 7683 7682
f 7696 7697 7652
f 7654 7651 7652
f 7688 7654 7697
f 7699 7698 7697
f 7700 7701 7698
f 7695 7699 7696
f 7699 7695 7702
f 7689 7688 7698
f 7689 7701 7703
f 7705 7706 7707
f 7701 7700 7705
f 7704 7703 7707
f 7685 7670 7691
f 7687 7689 7704
f 7680 7702 7695
f 7684 7706 7702
f 7702 7706 7705
f 7684 7679 7707
f 7676 7685 7707
f 7665 7669 7672
f 7670 7669 7690
f 7665 7664 7690
f 7611 7475 7474
f 7510 7509 7479
f 7511 7538 7537
f 7516 7532 7538
f 7517 7530 7613
f 7537 7510 7478
f 7611 7625 7612
f 7613 7480 7479
f 7556 7612 7517
f 7516 7515 7609
f 7708 7709 7710
f 7712 7713 7714
f 7713 7716 7717
f 7719 7720 7721
f 7722 7723 7597
f 7724 7712 7715
f 7726 7727 7728
f 7731 7640 7573
f 7730 7573 7614
f 7733 7734 7735
f 7721 7712 7724
f 7731 7722 7409
f 7708 7726 7729
f 7737 7724 7709
f 7716 7741 7736
f 7742 7743 7744
f 7740 7736 7735
f 7717 7716 7740
f 7716 7713 7720
f 7748 7749 7711
f 7750 7748 7710
f 7720 7719 7751
f 7734 7723 7728
f 7709 7724 7725
f 7752 7753 7715
f 7739 7709 7708
f 7720 7713 7712
f 7749 7754 7755
f 7745 7744 7756
f 7746 7727 7742
f 7743 7742 7755
f 7727 7746 7735
f 7747 7756 7757
f 7753 7750 7725
f 7751 7621 7620
f 7757 7752 7714
f 7718 7721 7737
f 7747 7740 7746
f 7727 7726 7755
f 7726 7708 7711
f 7759 7757 7756
f 7759 7760 7752
f 7760 7761 7753
f 7761 7762 7750
f 7758 7756 7744
f 7763 7744 7743
f 7754 7765 7764
f 7763 7766 7767
f 7768 7769 7770
f 7772 7768 7771
f 7775 7768 7772
f 7776 7777 7775
f 7779 7778 7775
f 7775 7777 7769
f 7770 7769 7781
f 7782 7774 7772
f 7760 7759 7782
f 7760 7773 7783
f 7773 7771 7784
f 7770 7785 7784
f 7779 7774 7782
f 7782 7759 7758
f 7785 7770 7780
f 7785 7787 7788
f 7787 7785 7786
f 7787 7790 7791
f 7792 7793 7788
f 7787 7789 7794
f 7793 7783 7784
f 7762 7761 7783
f 7796 7786 7780
f 7795 7780 7781
f 7779 7767 7798
f 7799 7776 7778
f 7766 7800 7798
f 7800 7801 7799
f 7802 7776 7799
f 7795 7797 7802
f 7762 7804 7748
f 7805 7765 7754
f 7749 7748 7804
f 7805 7804 7792
f 7806 7792 7791
f 7806 7808 7765
f 7793 7792 7804
f 7808 7809 7764
f 7766 7763 7764
f 7766 7809 7810
f 7811 7810 7809
f 7812 7813 7810
f 7807 7811 7808
f 7811 7807 7814
f 7813 7801 7800
f 7801 7813 7815
f 7817 7818 7819
f 7813 7812 7817
f 7816 7815 7819
f 7796 7795 7803
f 7799 7801 7816
f 7790 7814 7807
f 7794 7818 7814
f 7814 7818 7817
f 7794 7789 7819
f 7786 7796 7819
f 7777 7797 7781
f 7777 7776 7802
f 7528 7719 7718
f 7729 7728 7723
f 7738 7731 7730
f 7732 7737 7739
f 7733 7620 7628
f 7722 7731 7738
f 7621 7751 7719
f 7628 7597 7723
f 7733 7736 7741
f 7732 7614 7529
f 7486 7565 7621
f 7549 7565 7350
f 7353 7350 7349
f 7354 7349 7563
f 7821 7822 7823
f 7824 7825 7826
f 7825 7828 7829
f 7830 7831 7832
f 7834 7824 7827
f 7836 7837 7838
f 7840 7482 7406
f 7841 7406 7598
f 7843 7844 7845
f 7833 7824 7834
f 7848 7820 7836
f 7847 7834 7821
f 7828 7851 7846
f 7853 7854 7855
f 7850 7846 7845
f 7829 7828 7850
f 7828 7825 7832
f 7858 7859 7823
f 7860 7858 7822
f 7831 7861 7851
f 7844 7862 7838
f 7834 7835 7822
f 7863 7864 7827
f 7849 7821 7820
f 7825 7824 7833
f 7859 7865 7866
f 7855 7854 7867
f 7837 7852 7855
f 7865 7853 7852
f 7837 7856 7845
f 7857 7867 7868
f 7864 7860 7835
f 7843 7861 7642
f 7868 7863 7826
f 7830 7833 7847
f 7857 7850 7856
f 7837 7836 7866
f 7836 7820 7823
f 7870 7868 7867
f 7870 7871 7863
f 7871 7872 7864
f 7872 7873 7860
f 7869 7867 7854
f 7874 7854 7853
f 7876 7875 7853
f 7874 7877 7878
f 7879 7880 7881
f 7883 7879 7882
f 7886 7879 7883
f 7887 7888 7886
f 7890 7889 7886
f 7886 7888 7880
f 7891 7881 7880
f 7884 7893 7885
f 7871 7870 7893
f 7871 7884 7894
f 7884 7882 7895
f 7882 7881 7896
f 7890 7885 7893
f 7893 7870 7869
f 7881 7891 7897
f 7898 7899 7895
f 7900 7898 7896
f 7901 7902 7899
f 7904 7899 7902
f 7898 7900 7905
f 7894 7895 7899
f 7904 7873 7872
f 7907 7897 7891
f 7906 7891 7892
f 7890 7878 7909
f 7910 7887 7889
f 7877 7911 7909
f 7912 7910 7909
f 7887 7910 7914
f 7906 7908 7913
f 7873 7915 7858
f 7916 7876 7865
f 7859 7858 7915
f 7916 7915 7903
f 7917 7903 7902
f 7917 7919 7876
f 7873 7904 7903
f 7919 7920 7875
f 7877 7874 7875
f 7911 7877 7920
f 7922 7921 7920
f 7923 7924 7921
f 7918 7922 7919
f 7922 7918 7925
f 7924 7912 7911
f 7912 7924 7926
f 7928 7929 7930
f 7924 7923 7928
f 7927 7926 7930
f 7907 7906 7914
f 7910 7912 7927
f 7901 7925 7918
f 7905 7929 7925
f 7925 7929 7928
f 7905 7900 7930
f 7897 7907 7930
f 7888 7908 7892
f 7888 7887 7913
f 7645 7643 7831
f 7839 7838 7862
f 7841 7849 7848
f 7842 7847 7849
f 7504 7503 7844
f 7839 7931 7840
f 7643 7642 7861
f 7503 7539 7862
f 7846 7851 7861
f 7842 7598 7645
f 7932 7933 7934
f 7936 7937 7938
f 7937 7940 7941
f 7942 7943 7944
f 7947 7948 7949
f 7950 7936 7939
f 7953 7954 7955
f 7956 7957 7958
f 7956 7959 7540
f 7962 7963 7964
f 7936 7950 7965
f 7946 7949 7958
f 7966 7932 7952
f 7965 7950 7933
f 7968 7940 7969
f 7970 7971 7972
f 7974 7968 7964
f 7941 7940 7968
f 7940 7937 7944
f 7976 7977 7935
f 7978 7976 7934
f 7943 7979 7969
f 7947 7954 7963
f 7933 7950 7951
f 7980 7981 7939
f 7967 7933 7932
f 7937 7936 7945
f 7977 7982 7983
f 7973 7972 7984
f 7953 7970 7973
f 7982 7971 7970
f 7974 7963 7954
f 7975 7984 7985
f 7981 7978 7951
f 7961 7979 7544
f 7985 7980 7938
f 7942 7945 7965
f 7975 7968 7974
f 7952 7983 7970
f 7952 7932 7935
f 7987 7985 7984
f 7987 7988 7980
f 7988 7989 7981
f 7989 7990 7978
f 7986 7984 7972
f 7991 7972 7971
f 7993 7992 7971
f 7986 7991 7994
f 7997 7998 7999
f 8000 7996 7999
f 8003 7996 8000
f 8005 8003 8006
f 8007 8006 8003
f 7996 8003 8005
f 7998 7997 8009
f 8010 8002 8000
f 7988 7987 8010
f 7988 8001 8011
f 8011 8001 7999
f 7998 8013 8012
f 8007 8002 8010
f 8010 7987 7986
f 8013 7998 8008
f 8015 8016 8012
f 8017 8015 8013
f 8018 8019 8016
f 8021 8016 8019
f 8015 8017 8022
f 8011 8012 8016
f 8021 7990 7989
f 8023 8024 8014
f 8023 8008 8009
f 8007 7995 8026
f 8026 8027 8004
f 8028 8026 7995
f 8029 8027 8026
f 8030 8004 8027
f 8023 8025 8030
f 7990 8032 7976
f 8033 7993 7982
f 7976 8032 8033
f 8034 8033 8032
f 8035 8034 8020
f 8034 8036 7993
f 7990 8021 8020
f 8036 8037 7992
f 7991 7992 8037
f 7994 8037 8038
f 8039 8038 8037
f 8040 8041 8038
f 8035 8039 8036
f 8039 8035 8042
f 8041 8029 8028
f 8029 8041 8043
f 8045 8046 8047
f 8041 8040 8045
f 8044 8043 8047
f 8024 8023 8031
f 8027 8029 8044
f 8042 8035 8019
f 8022 8046 8042
f 8042 8046 8045
f 8017 8047 8046
f 8014 8024 8047
f 8005 8025 8009
f 8005 8004 8030
f 7506 7641 7943
f 7954 7947 7946
f 7967 7966 7957
f 7960 7965 7967
f 7948 7947 7962
f 7955 7946 7957
f 7641 7544 7979
f 7969 7979 7961
f 7960 7540 7506
f 7362 8049 8050
f 8052 7618 7464
f 8051 7464 7467
f 8054 8055 7600
f 8056 7361 7618
f 7436 8050 8057
f 8049 7362 7361
f 8057 8058 7603
f 8055 8053 7467
f 8058 8054 7604
f 8059 8060 8058
f 8060 8061 8054
f 8061 8062 8055
f 8062 8063 8053
f 8059 8057 8050
f 8064 8050 8049
f 8056 8066 8065
f 8059 8064 8067
f 8069 8070 8071
f 8073 8069 8072
f 8075 8069 8073
f 8077 8078 8075
f 8075 8079 8070
f 8079 8080 8081
f 8082 8071 8070
f 8083 8076 8073
f 8061 8060 8083
f 8061 8074 8084
f 8074 8072 8085
f 8072 8071 8086
f 8077 8076 8083
f 8083 8060 8059
f 8071 8082 8087
f 8088 8089 8085
f 8090 8088 8086
f 8091 8092 8089
f 8094 8089 8092
f 8088 8090 8095
f 8084 8085 8089
f 8094 8063 8062
f 8097 8087 8082
f 8096 8082 8081
f 8077 8068 8098
f 8099 8100 8078
f 8101 8098 8068
f 8102 8099 8098
f 8100 8099 8104
f 8096 8080 8103
f 8075 8078 8100
f 8079 8100 8103
f 8105 8051 8053
f 8066 8056 8052
f 8051 8105 8106
f 8107 8106 8105
f 8108 8107 8093
f 8107 8109 8066
f 8063 8094 8093
f 8109 8110 8065
f 8064 8065 8110
f 8067 8110 8111
f 8112 8111 8110
f 8113 8114 8111
f 8108 8112 8109
f 8112 8108 8115
f 8114 8102 8101
f 8102 8114 8116
f 8118 8119 8120
f 8114 8113 8118
f 8117 8116 8120
f 8097 8096 8104
f 8099 8102 8117
f 8091 8115 8108
f 8095 8119 8115
f 8115 8119 8118
f 8095 8090 8120
f 8087 8097 8120
f 7550 7563 7561
f 7552 7551 7561
f 7931 7862 7539
f 7640 7409 7408
f 7549 7526 7644
f 7525 7413 7544
f 7931 7542 7482
f 7483 7482 7542
f 7626 7402 7405
f 7629 7433 7432
f 7629 8121 7949
f 8122 7958 7949
f 8123 8122 8121
f 8124 8123 7432
f 7434 7495 8125
f 8125 7430 8124
f 8124 7430 7429
f 8123 8124 8126
f 8122 8123 8127
f 7541 7540 7959
f 7404 7403 8129
f 8125 7495 7431
f 7526 7525 7505
f 7626 7483 7541
f 7959 7958 8122
f 7961 7545 8048
f 7629 7948 8048
f 8127 7402 7626
f 7402 8127 8126
f 8129 7403 8126
f 7428 7531 8129
f 7589 7531 7428
f 7334 7392 7426
f 7335 7334 7357
f 7616 7615 7446
f 7392 7397 7398
f 7393 7394 7397
f 7342 7469 7394
f 7344 7347 7469
f 7343 7618 7361
f 7360 7345 7344
f 7363 7575 7345
f 7437 7576 7575
f 7582 7576 7437
f 7421 7582 7639
f 7375 7421 7602
f 7599 7337 7375
f 7465 7464 7618
f 7332 7447 7587
f 7447 7332 7335
f 7445 7335 7356
f 7359 7442 7616
f 7636 7443 7442
f 7588 7605 7443
f 7589 7606 7605
f 7590 7471 7606
f 7471 7590 7591
f 7446 7615 7371
f 7371 7370 7372
f 7422 7372 7370
f 7577 7422 7424
f 7536 7577 7580
f 7591 7607 7635
f 7607 7608 7386
f 7543 7608 7494
f 7547 7387 7543
f 7608 7543 7387
f 7387 7547 7416
f 7457 7410 7382
f 7557 7457 7417
f 7559 7557 7554
f 7630 7559 7553
f 7534 7533 7586
f 7466 7338 7337
f 7465 7587 7338
f 7617 7340 7587
f 7341 7340 7617
f 8130 6091 6090
f 6023 6022 8132
f 6182 6023 8133
f 6623 6622 6792
f 6787 6696 6182
f 8134 6700 6696
f 6917 6757 6756
f 6762 6761 7112
f 6762 6765 6184
f 6765 6623 6185
f 6650 6769 6768
f 6772 6771 6916
f 6777 6776 6789
f 6022 6777 6788
f 6756 6700 8134
f 6758 6757 6771
f 6761 6776 6775
f 6769 6622 6621
f 6772 6768 6767
f 6174 6173 6760
f 6187 6186 6178
f 6811 6649 6648
f 6786 6785 6724
f 6791 6790 6918
f 6186 6793 6179
f 6808 6807 8133
f 6884 6883 8135
f 6174 6187 6670
f 6807 6785 6784
f 6791 6808 8132
f 6786 6884 8134
f 6790 6173 6172
f 6649 6793 6792
f 6316 6315 8136
f 8137 6655 6654
f 8139 8140 6601
f 6656 6655 6580
f 6868 8141 8142
f 6316 6712 6711
f 6864 8143 8144
f 6864 6863 8145
f 6868 6867 6869
f 6656 6867 6866
f 8146 8147 8148
f 8139 8150 8151
f 8152 8153 6866
f 8154 8155 8138
f 6874 6873 8156
f 8158 6318 8159
f 8160 8152 6865
f 8161 6317 6313
f 6161 6600 8162
f 8164 8154 6654
f 8153 8164 6653
f 8165 8166 8167
f 8166 5989 8169
f 5989 5988 8170
f 5988 6017 8171
f 8172 8173 6043
f 8174 8175 6032
f 8174 6035 6098
f 8176 6098 6796
f 8177 6796 8178
f 7132 8178 6728
f 6589 6588 8180
f 8180 6588 6004
f 8181 6004 6007
f 6334 6079 6731
f 6079 6078 6645
f 6078 6085 6646
f 6085 8183 8184
f 6091 8130 8185
f 6086 6730 8183
f 6950 6949 7118
f 6952 6951 6992
f 6983 6982 6968
f 6987 6986 7004
f 7001 7000 6979
f 7001 7262 7074
f 7262 7264 7075
f 7264 6952 7127
f 7265 6951 6943
f 7265 7266 6991
f 7266 6950 7070
f 6949 7267 7119
f 7267 6982 6939
f 6983 6987 7099
f 7268 6986 6985
f 7000 7268 8186
f 6938 6937 6985
f 6946 6945 6922
f 6956 6955 6948
f 6971 6970 6928
f 6970 6955 6954
f 6973 6946 6921
f 6977 6976 7263
f 6981 6980 7061
f 6973 7067 7117
f 7097 6980 6979
f 7104 6971 6927
f 6977 6981 7060
f 6976 6945 6944
f 6956 7067 7066
f 6937 7097 8186
f 6938 7104 7101
f 6924 6923 7116
f 6926 6924 7297
f 6930 6929 6962
f 6934 6933 6953
f 6960 6959 6936
f 6963 6929 6928
f 6967 6966 6975
f 7063 7062 7327
f 6959 7065 7096
f 6926 6934 7066
f 7102 6930 7304
f 6967 7063 7331
f 6966 6923 6922
f 7062 7065 7064
f 6963 6933 6932
f 7102 6960 6935
f 7299 7298 7269
f 7301 7300 6932
f 7306 7305 7285
f 7308 7305 6962
f 7315 7306 7284
f 7317 7316 7312
f 7319 7316 6964
f 7322 7298 7297
f 7317 7322 7116
f 7308 7300 7303
f 7326 7325 6958
f 7329 7328 7291
f 7328 7325 7324
f 7301 7299 8187
f 7319 7329 7290
f 7326 7315 7309
f 7272 7271 7321
f 7272 7274 8187
f 7274 7277 7302
f 7281 7280 7307
f 7283 7282 7593
f 7289 7288 7324
f 7293 7292 7330
f 7293 7296 7318
f 7310 7283 7594
f 7314 7313 7595
f 7282 7280 7279
f 7278 7281 7277
f 7314 7271 7270
f 7313 7296 7295
f 7288 7292 7291
f 7289 7310 7637
f 6003 6002 6626
f 6003 6138 7165
f 6690 8188 8189
f 6686 6685 5981
f 6685 6687 6096
f 6687 6688 6806
f 6002 6686 5980
f 6606 8188 5351
f 7164 7173 8190
f 8192 7175 7174
f 6015 6014 8153
f 6189 6188 8155
f 8157 8156 6284
f 6332 6015 8152
f 6593 6592 6317
f 6658 6189 8154
f 6014 6658 8164
f 6332 8194 7131
f 6805 8159 6321
f 6146 8163 8162
f 6607 7128 8195
f 8196 6126 6125
f 8198 7169 7168
f 8199 7168 6633
f 7177 6632 8201
f 8202 8203 8204
f 7208 7186 7185
f 7237 7230 7186
f 6819 6824 7230
f 6818 6821 6824
f 8206 6883 6821
f 8207 6917 8135
f 6917 8207 8209
f 8209 8210 7259
f 8210 8211 6647
f 6812 6648 8212
f 6809 6812 7258
f 6809 7257 8213
f 6113 8213 8214
f 7235 7223 6110
f 7223 7235 7234
f 6147 7234 8215
f 6148 8215 8216
f 8218 6155 6158
f 8219 6285 6116
f 6284 6188 6116
f 6188 6284 8156
f 8155 8156 6873
f 8138 6873 6872
f 8137 6872 8148
f 6193 8147 6281
f 6190 6281 6278
f 8220 8221 8222
f 8224 8225 7139
f 6223 6222 8226
f 6237 6236 8228
f 6238 6223 8227
f 6249 6248 8231
f 6253 6252 8233
f 6236 6279 8221
f 6331 6238 8230
f 6252 6595 8236
f 6222 6237 8229
f 6828 6827 8237
f 6280 8239 8240
f 8208 8135 6883
f 6648 6647 8211
f 6143 6624 8242
f 6624 7189 8244
f 8245 8246 8247
f 8249 8250 8251
f 7195 8253 8254
f 7214 8255 8253
f 8256 8255 7214
f 7243 7211 8257
f 7210 8258 8257
f 8259 7181 6102
f 8261 6122 6121
f 8178 7132 8263
f 7132 6797 8264
f 6797 6135 8265
f 6135 6134 8266
f 6134 6151 8267
f 6151 6154 8268
f 6154 8269 8270
f 8269 8271 8272
f 7194 7193 8273
f 7193 8250 8275
f 8249 8259 8260
f 8248 8277 8278
f 6129 6128 8279
f 7169 8198 8197
f 8198 8190 8192
f 7171 6141 7175
f 6589 6801 7129
f 6801 6037 6040
f 6037 6036 6041
f 6036 6131 6659
f 6131 6156 6118
f 6156 6155 6119
f 8218 8219 6119
f 8219 8218 6815
f 7191 7189 6641
f 8246 8244 7189
f 8245 8278 8281
f 8280 8279 6288
f 6125 6124 7170
f 6288 6127 6602
f 6126 8196 6604
f 8196 8193 6605
f 7174 6140 6691
f 6691 6140 6139
f 7171 7166 8283
f 7172 8283 8284
f 6139 6142 8284
f 8285 8286 8287
f 8211 8210 8289
f 8290 8291 8292
f 8293 8294 8291
f 8293 8207 8208
f 8296 8297 8298
f 6818 6817 8296
f 8285 7256 7258
f 7243 8299 7212
f 7243 6739 8300
f 8301 8300 6739
f 8302 8256 7213
f 8303 8302 7247
f 8304 8303 6168
f 6738 8298 8297
f 8288 8287 6167
f 8304 8292 8291
f 8305 8291 8294
f 6737 6736 8306
f 6736 7244 8307
f 8243 8242 8308
f 8242 8244 8282
f 8247 8246 7191
f 7196 8254 8251
f 8253 8310 8311
f 8255 8312 8310
f 8313 8312 8255
f 7244 8257 8313
f 8313 8257 8258
f 8312 8258 8314
f 8315 8311 8310
f 8311 8315 8316
f 8282 8281 8317
f 8308 8317 8261
f 8309 8261 8262
f 8248 8247 8275
f 8282 8244 8246
f 8307 8313 8256
f 8306 8307 8302
f 8305 8306 8303
f 8298 6738 6737
f 8287 8292 8304
f 7253 8319 7199
f 8319 8320 6028
f 8320 8321 6029
f 8321 8322 7184
f 8322 8203 7185
f 8203 8202 7205
f 8202 7240 7206
f 7239 7245 7210
f 7251 7227 8319
f 7227 7217 8320
f 7217 7216 8321
f 7216 7236 8322
f 7236 8204 8203
f 6175 8199 8200
f 7165 7164 8191
f 6137 8283 7166
f 6200 6199 8283
f 6199 6206 8284
f 8284 6206 6205
f 6205 6608 6689
f 6689 6608 5485
f 7009 7008 8323
f 7013 7012 7021
f 7017 7016 7029
f 7013 7059 7110
f 7073 7072 7084
f 7081 7080 7093
f 7082 7017 7028
f 7088 7072 6995
f 7088 7115 7057
f 7122 7121 7043
f 7124 7123 7024
f 7082 7025 7024
f 7009 7122 7042
f 7012 7124 7126
f 7115 7016 7015
f 7008 7059 7058
f 7081 7121 7120
f 7073 7080 7079
f 6997 6996 7076
f 7023 7022 6942
f 7027 7026 7069
f 7031 7030 6989
f 7079 7078 7033
f 7037 7036 7107
f 7027 7040 7126
f 7041 7030 7029
f 7026 7031 6988
f 7100 7023 6941
f 7108 7036 7002
f 7100 7037 8323
f 6997 7041 7114
f 7022 7040 7039
f 7111 7034 7033
f 7035 7261 7260
f 7261 7076 6996
f 7108 7255 7120
f 7245 8314 8258
f 7246 8315 8314
f 7181 8259 8316
f 8277 6101 6129
f 8278 6129 8280
f 6287 8317 8281
f 6122 8261 8317
f 5487 6145 6144
f 5489 6159 6162
f 6637 8324 8325
f 8326 8325 8225
f 5494 7139 8225
f 6160 6159 8150
f 5496 8324 8151
f 8163 8327 6162
f 6146 6145 8327
f 8243 8328 6144
f 8328 8243 8309
f 8318 8262 5501
f 8262 6121 5502
f 8329 8330 8331
f 8333 8334 8335
f 8338 8182 6007
f 8329 8334 8339
f 8341 6334 6734
f 6006 8342 8337
f 8342 6006 6804
f 6065 6064 8339
f 5995 5994 8341
f 6918 6172 6166
f 7221 6163 6166
f 6172 6171 6880
f 8344 5952 5955
f 5519 5976 5975
f 6806 8345 8346
f 6646 8184 8347
f 8165 8348 8349
f 6322 8350 8131
f 8345 6806 6688
f 6695 8346 5975
f 5976 5519 5528
f 5529 8130 8131
f 6643 8347 8352
f 8183 5533 5532
f 5534 8185 8130
f 6730 5535 5533
f 8351 6688 6093
f 5535 6730 6594
f 8353 8354 6652
f 8354 8353 8355
f 8357 8358 6825
f 8359 8357 6202
f 6224 8354 8356
f 6275 8361 8362
f 6201 6210 7143
f 7146 8363 8359
f 8357 8359 8363
f 8355 8365 8366
f 8361 8360 8368
f 8356 8355 8367
f 8370 8371 8372
f 8220 8373 7145
f 6275 6274 6228
f 5558 4067 6228
f 8375 8369 8367
f 8362 8368 8376
f 8378 8379 8380
f 8363 7146 8382
f 8384 8378 8381
f 8382 8373 8386
f 8383 8387 8364
f 6226 6225 6231
f 6231 6225 8361
f 6636 8388 8389
f 6635 8390 8388
f 8390 6635 5576
f 8379 8378 6232
f 8378 8384 6233
f 8384 8391 8371
f 8372 8392 8393
f 7138 8240 8239
f 8224 8239 8394
f 8146 6638 8394
f 6638 6637 8326
f 6340 6339 6299
f 6747 6338 6577
f 6344 6343 6346
f 6342 6341 6355
f 6353 6352 6349
f 6337 6351 6369
f 6360 6359 6328
f 6358 6357 6386
f 6364 6363 6293
f 6362 6361 6376
f 6366 6353 6297
f 6350 6365 6372
f 6533 6342 6303
f 6534 6536 6346
f 6744 6746 6533
f 6536 6534 6747
f 6357 6835 6894
f 6341 6834 6832
f 6839 6838 6292
f 6837 6836 6380
f 6838 6841 6354
f 6361 6840 6377
f 6363 6366 6296
f 6365 6362 6373
f 6359 6839 6291
f 6836 6358 6385
f 6481 6480 6902
f 6484 6483 6501
f 6477 6488 6487
f 6849 6467 6492
f 6494 6492 6467
f 6547 6481 6544
f 6750 6751 6546
f 6494 6466 6751
f 6843 6484 6500
f 6845 6573 6575
f 6489 6488 6847
f 6474 6487 6491
f 6483 6905 6906
f 6493 6463 6465
f 6471 6470 6544
f 6472 6482 6485
f 6476 6475 6461
f 6470 6451 6542
f 6570 6567 6569
f 6495 6567 6463
f 6475 6465 6462
f 6572 6848 6477
f 6574 6571 6457
f 6569 6568 6543
f 6575 6574 6473
f 6471 6904 6901
f 6469 6468 6508
f 6498 6497 6479
f 6503 6502 6518
f 6489 6506 6505
f 6467 6849 6509
f 6546 6548 6498
f 6549 6548 6752
f 6752 6751 6466
f 6503 6850 6846
f 6850 6851 6844
f 6507 6506 6852
f 6486 6505 6509
f 6502 6907 6909
f 6858 6893 6664
f 8396 8397 6611
f 6833 8398 6324
f 8399 6826 6825
f 6831 6830 8401
f 6707 6833 6826
f 8398 8403 6890
f 6858 6857 8404
f 8405 8396 6610
f 6830 6893 6553
f 8397 6892 6911
f 8400 6825 8358
f 8358 8357 8364
f 8406 8364 8387
f 8389 8408 8380
f 8389 8388 8409
f 8388 8390 8410
f 5575 5597 8410
f 6665 6273 8411
f 8412 8413 6720
f 8413 5602 5601
f 8411 8414 8413
f 6262 6742 6290
f 5602 8413 8414
f 7141 7140 7142
f 8393 8222 8241
f 8227 8226 7147
f 8229 8228 8374
f 8230 8227 7151
f 8232 8231 8415
f 8234 8233 8417
f 8221 8220 8374
f 8235 8230 7153
f 8233 8236 8420
f 8226 8229 7148
f 8238 8237 8421
f 7141 8393 8240
f 6581 6580 6655
f 6640 6639 8140
f 6710 6709 8141
f 6717 6716 6712
f 6860 6859 8143
f 6870 6869 6867
f 6717 8136 6726
f 6870 6580 6192
f 6860 8145 6050
f 6710 6869 6025
f 6639 8149 6871
f 6640 8151 8324
f 6581 8148 8147
f 5615 5614 6234
f 7144 7148 8374
f 7144 7143 6210
f 7150 7149 6210
f 7152 7150 6209
f 7152 7154 8419
f 7154 7155 8421
f 7158 7157 8415
f 7160 7159 8420
f 7162 7161 8418
f 7161 4321 5616
f 8370 6234 6233
f 8373 8382 7146
f 8392 8391 8386
f 8391 8392 8372
f 5617 8344 6713
f 5973 5618 3355
f 8345 5620 5619
f 3880 6735 6910
f 8351 5622 5620
f 8346 5619 5520
f 5621 6910 6911
f 5622 8351 8185
f 8150 5624 5497
f 8423 8424 8425
f 8427 6516 6519
f 8429 8430 8431
f 6523 8432 8433
f 8434 8435 8436
f 8438 8435 8434
f 8438 8440 6511
f 8441 8442 8424
f 8427 8443 8430
f 8444 8428 8445
f 8447 8425 8424
f 8449 8443 8444
f 8451 8431 8430
f 8453 8437 8454
f 8456 8434 8437
f 8439 8434 8456
f 8448 8424 8442
f 8452 8430 8443
f 8425 8447 8459
f 8460 8461 8462
f 8464 8465 8466
f 8468 8469 8470
f 8472 8473 8474
f 8476 8477 8478
f 8480 8481 8482
f 8484 8485 8486
f 8485 8488 8489
f 8490 8491 8481
f 8492 8493 8494
f 8495 8494 8496
f 8498 8499 8500
f 8502 8501 8500
f 8504 8505 8506
f 8508 8509 8510
f 8513 8508 8511
f 8507 8506 8514
f 8516 8517 8518
f 8520 8517 8516
f 8522 8523 8524
f 8526 8527 8522
f 8528 8529 8530
f 8532 8530 8529
f 8534 8535 8536
f 8538 8539 8534
f 8464 8482 8481
f 8483 8540 8541
f 8542 8485 8484
f 8487 8543 8540
f 8488 8485 8542
f 8545 8546 8486
f 8481 8491 8466
f 8547 8545 8489
f 8548 8494 8493
f 8549 8550 8502
f 8551 8496 8494
f 8497 8541 8552
f 8469 8500 8499
f 8547 8541 8497
f 8469 8468 8503
f 8501 8502 8550
f 8460 8504 8507
f 8552 8553 8506
f 8554 8511 8510
f 8549 8552 8505
f 8554 8555 8512
f 8513 8556 8550
f 8461 8507 8515
f 8557 8556 8513
f 8558 8516 8519
f 8559 8560 8527
f 8521 8516 8558
f 8553 8562 8517
f 8477 8525 8524
f 8520 8523 8557
f 8476 8526 8525
f 8527 8560 8556
f 8563 8529 8528
f 8564 8539 8531
f 8533 8529 8563
f 8562 8567 8530
f 8473 8537 8536
f 8559 8562 8532
f 8472 8538 8537
f 8560 8534 8539
f 8463 8462 8555
f 8544 8542 8467
f 8470 8551 8548
f 8475 8474 8566
f 8479 8478 8561
f 8484 8487 8483
f 8490 8489 8488
f 8503 8493 8492
f 8498 8497 8496
f 8504 8510 8509
f 8515 8514 8513
f 8519 8518 8527
f 8521 8524 8523
f 8528 8531 8539
f 8533 8536 8535
f 8467 8484 8482
f 8487 8486 8546
f 8544 8466 8491
f 8480 8541 8547
f 8493 8503 8468
f 8495 8552 8549
f 8551 8470 8499
f 8501 8545 8547
f 8460 8463 8510
f 8508 8550 8549
f 8555 8462 8515
f 8506 8553 8557
f 8519 8526 8476
f 8517 8562 8559
f 8561 8478 8524
f 8522 8556 8557
f 8475 8528 8538
f 8567 8565 8531
f 8566 8474 8536
f 8560 8559 8535
f 8442 8441 8568
f 6512 8570 8568
f 8570 8440 8571
f 8426 6515 6514
f 8428 8444 8443
f 6522 8429 8432
f 8437 8436 8433
f 6524 8436 8435
f 6528 6527 8435
f 8423 6514 6550
f 8429 6522 6516
f 6515 8426 8445
f 8441 6550 6754
f 8570 8572 8569
f 8440 8570 6512
f 8569 8573 8458
f 8574 8575 8572
f 8572 8575 8573
f 8453 8576 8577
f 8576 8453 8455
f 8452 8579 8580
f 8573 8581 8582
f 8575 8583 8581
f 8584 8583 8575
f 8571 8439 8457
f 8439 8571 8440
f 8585 8586 8587
f 8587 8589 8590
f 8589 8591 8592
f 8591 8593 8594
f 8593 8595 8596
f 8595 8597 8598
f 8599 8600 8586
f 8601 8602 8600
f 8603 8604 8602
f 8605 8606 8598
f 8607 8608 8604
f 8609 8610 8608
f 8611 8612 8610
f 8606 8605 8612
f 8613 8614 8589
f 8614 8615 8591
f 8615 8616 8593
f 8616 8617 8595
f 8617 8618 8597
f 8619 8620 8617
f 8620 8621 8618
f 8620 8622 8623
f 8624 8625 8626
f 8626 8623 8622
f 8620 8619 8628
f 8622 8628 8629
f 8627 8629 8630
f 8632 8633 8634
f 8636 8634 8633
f 8637 8638 8636
f 8639 8633 8632
f 8633 8639 8641
f 8635 8641 8642
f 8642 8643 8644
f 8645 8638 8637
f 8586 8646 8613
f 8600 8647 8646
f 8616 8615 8648
f 8615 8614 8649
f 8613 8650 8649
f 8651 8650 8613
f 8647 8652 8651
f 8652 8653 8654
f 8602 8655 8647
f 8655 8656 8652
f 8656 8657 8653
f 8653 8658 8659
f 8658 8660 8661
f 8644 8662 8663
f 8664 8661 8662
f 8661 8664 8666
f 8666 8667 8654
f 8667 8650 8651
f 8668 8605 8597
f 8669 8668 8618
f 8670 8669 8621
f 8671 8670 8623
f 8671 8626 8625
f 8625 8631 8673
f 8636 8674 8675
f 8638 8676 8674
f 8645 8677 8676
f 8645 8663 8678
f 8679 8680 8660
f 8657 8679 8658
f 8583 8584 8648
f 8650 8581 8583
f 8667 8582 8581
f 8666 8681 8582
f 8664 8682 8681
f 8682 8664 8665
f 8684 8685 8643
f 8684 8642 8641
f 8639 8580 8579
f 8580 8639 8640
f 8629 8577 8576
f 8604 8686 8655
f 8608 8687 8686
f 8610 8688 8687
f 8612 8689 8688
f 8605 8668 8689
f 8690 8689 8668
f 8691 8688 8689
f 8692 8687 8688
f 8693 8686 8687
f 8656 8655 8686
f 8694 8690 8669
f 8695 8691 8690
f 8696 8692 8691
f 8697 8693 8692
f 8657 8656 8693
f 8697 8698 8679
f 8696 8699 8698
f 8696 8695 8700
f 8694 8701 8700
f 8670 8671 8701
f 8702 8701 8671
f 8701 8702 8703
f 8703 8704 8699
f 8699 8704 8705
f 8698 8705 8680
f 8672 8673 8706
f 8675 8674 8707
f 8674 8676 8709
f 8709 8676 8677
f 8677 8678 8711
f 8712 8713 8710
f 8702 8706 8714
f 8713 8712 8714
f 8707 8709 8716
f 8717 8716 8713
f 8710 8713 8716
f 8708 8707 8717
f 8546 8601 8599
f 8546 8545 8603
f 8550 8607 8603
f 8556 8609 8607
f 8560 8611 8609
f 8564 8606 8611
f 8565 8598 8606
f 8565 8567 8596
f 8567 8562 8594
f 8562 8553 8592
f 8553 8552 8590
f 8590 8552 8541
f 8540 8585 8588
f 8543 8599 8585
f 8684 8449 8450
f 8579 8452 8449
f 8682 8447 8448
f 8447 8682 8683
f 8681 8448 8458
f 8584 8718 8619
f 8628 8718 8577
f 8457 8456 8577
f 8574 8457 8718
f 7134 6920 6919
f 6164 6163 6919
f 5485 6608 6609
f 3832 5351 8188
f 5921 6609 6221
f 5922 4281 7128
f 6439 8719 8720
f 8720 8719 6570
f 6570 8719 8721
f 6439 6447 8721
f 6727 6058 6057
f 6312 6057 6073
f 6828 6248 6073
f 6877 6268 6267
f 6745 6267 6299
f 6891 6306 6305
f 6338 6747 6746
f 6438 6411 6410
f 6412 6411 6440
f 6564 6421 6424
f 6842 6578 6577
f 6889 6305 6829
f 6579 6578 6564
f 6435 6410 6565
f 8722 6857 6306
f 8723 6859 6058
f 6269 6268 6878
f 7160 7157 6829
f 8724 8144 8143
f 8238 8231 6248
f 6339 6746 6744
f 8395 6577 6338
f 6879 6878 8404
f 8422 8415 8231
f 8725 8143 6859
f 8416 8415 7157
f 6059 6050 6049
f 6330 6099 6049
f 7156 6260 6259
f 6269 6265 6264
f 6297 6349 6264
f 6340 6352 6351
f 6368 6842 8395
f 6422 6414 6559
f 6436 6403 6404
f 6447 6439 6438
f 6424 6423 6436
f 6331 6827 6099
f 6422 6421 6842
f 8722 8403 6856
f 8141 6863 6862
f 6265 6855 6617
f 6324 6890 6259
f 7158 7155 6260
f 6709 8145 6863
f 8235 8237 6827
f 6298 6349 6352
f 6370 6369 6351
f 6891 6890 8403
f 8419 8421 8237
f 6051 6050 8145
f 8422 8421 7155
f 8721 6447 6446
f 6748 6440 8720
f 8727 6008 6011
f 8158 6009 8144
f 6009 6008 6861
f 6008 8727 6862
f 8142 6862 8727
f 6554 6553 6893
f 6833 6707 6708
f 6708 6856 8403
f 5623 6911 6892
f 8406 8366 8365
f 8407 8375 8366
f 8377 8376 8408
f 8397 8396 6530
f 6651 8399 8400
f 8402 8401 6616
f 6618 6707 8399
f 6554 8404 6878
f 8396 8405 6854
f 8401 6553 6552
f 6892 8397 6529
f 8353 8400 8365
f 8377 8409 6276
f 8409 8410 6277
f 8410 5597 5932
f 8726 8404 6857
f 8726 6856 6855
f 7234 6107 6106
f 8279 6124 6127
f 8354 6224 6227
f 6246 6245 6619
f 8239 6280 6282
f 8162 6283 6286
f 6292 6354 6246
f 6382 6378 6377
f 6392 6397 6396
f 6396 6395 6427
f 6398 6397 6443
f 6459 6443 6458
f 6525 6520 6523
f 6558 6272 6271
f 6429 6428 6560
f 6460 6458 6572
f 6272 6558 3736
f 7128 6603 6602
f 6227 6245 6244
f 7180 6631 6634
f 6642 6286 6285
f 6356 6741 6740
f 6816 6815 8218
f 6820 8300 8301
f 6355 6832 6741
f 6344 6835 6834
f 6364 6841 6840
f 6375 6378 6560
f 6848 6847 6488
f 6853 6852 6506
f 6530 6854 6740
f 8140 6871 6874
f 6555 6271 6831
f 8215 6106 6881
f 6348 6895 6894
f 6383 6895 6896
f 6433 6897 6896
f 6432 6897 6898
f 6406 6899 6898
f 6900 6455 6387
f 6900 6449 6448
f 6472 6904 6903
f 6480 6905 6903
f 6497 6907 6906
f 6908 6519 6518
f 4280 5933 6120
f 6100 7167 7170
f 6632 6631 7188
f 7235 8214 7201
f 7206 7209 7212
f 8213 7257 7232
f 8214 8213 7231
f 6108 6107 7200
f 7238 8299 8300
f 7207 7212 8299
f 8205 7241 7240
f 6170 6169 7232
f 6638 8146 8149
f 6601 6874 8157
f 6600 8157 6283
f 8392 8223 8222
f 6278 6280 8241
f 6816 8272 8274
f 6642 6815 6814
f 6128 7170 6124
f 8195 6602 6127
f 8212 8211 8286
f 8292 8287 8286
f 8290 8289 8210
f 8207 8293 8290
f 8294 8293 8295
f 8206 8296 8295
f 6817 8301 8297
f 8288 6170 7256
f 7209 7206 7240
f 6225 6224 8360
f 8369 8368 8360
f 8375 8376 8368
f 8381 8380 8387
f 8385 8381 8383
f 8385 8386 8391
f 8147 8146 6282
f 6345 6894 6835
f 6327 6832 6834
f 6295 6354 6841
f 6379 6377 6840
f 6853 6847 6845
f 6479 6906 6905
f 6848 6572 6571
f 6452 6901 6904
f 6525 6852 6851
f 6496 6909 6907
f 8402 8405 6876
f 8408 8407 8387
f 6279 8241 8222
f 6872 6871 8149
f 8223 8386 8373
f 6526 8433 8436
f 8446 8445 8426
f 8455 8454 8431
f 8446 8459 8450
f 8454 8433 8432
f 6908 8445 8428
f 8578 8455 8451
f 8632 8631 8625
f 8640 8632 8624
f 8660 8663 8662
f 8662 8644 8643
f 8675 8673 8631
f 8680 8678 8663
f 8683 8665 8643
f 8578 8640 8630
f 8673 8675 8708
f 8678 8680 8705
f 8711 8705 8704
f 8706 8708 8715
f 8703 8714 8712
f 8459 8683 8685
f 8407 8408 8376
f 6615 6854 8405
f 5993 6080 6335
f 6060 6682 6018
f 5993 6047 6081
f 6105 6104 6176
f 6177 6104 6000
f 6309 6311 6310
f 8725 6315 6314
f 8724 6314 6318
f 6321 6320 6053
f 6249 6595 6310
f 6596 6254 6257
f 8188 6606 6605
f 5986 6683 6682
f 6714 6726 6311
f 6047 6320 6086
f 6875 6596 6304
f 6001 6105 6912
f 7162 7159 6597
f 7254 7163 6912
f 6684 6683 7163
f 8723 8136 6315
f 6592 8159 6318
f 8332 8331 8171
f 6607 6606 5350
f 8191 8190 8198
f 8197 8192 8193
f 8159 6592 6319
f 8232 8236 6595
f 8192 8190 7173
f 8189 6605 8193
f 6177 8191 8199
f 6733 8331 8330
f 8340 8341 8330
f 8341 5994 6335
f 8412 6721 6875
f 8414 8411 6273
f 8416 8420 8236
f 6727 6726 8136
f 8417 8420 7159
f 6277 5932 5558
f 5935 5576 6635
f 5991 5990 6061
f 6019 6018 6682
f 5999 6034 6033
f 6045 6044 6677
f 6055 6054 6083
f 5995 6064 6063
f 6084 6054 6053
f 6088 5990 5989
f 6063 6084 6046
f 6066 6097 6034
f 6103 6102 7181
f 6673 6676 6133
f 6149 6148 6153
f 6323 6088 8166
f 6585 6584 6083
f 6630 6629 6702
f 6634 6633 7168
f 6676 6149 6152
f 6703 6629 6628
f 6796 6729 6728
f 6069 6729 6097
f 6132 6798 6674
f 6803 6799 6800
f 6011 6010 6055
f 6799 6803 6582
f 7194 8271 6881
f 7131 6584 6583
f 6798 7133 6913
f 7179 7178 8204
f 7183 7182 7246
f 7188 7183 7242
f 6109 7196 7192
f 7204 6630 6176
f 7219 7218 6628
f 7218 7228 7248
f 7179 7219 6627
f 7250 7254 6704
f 7228 7252 7249
f 6678 7250 7249
f 5997 7252 7251
f 8168 8167 6644
f 8167 8169 6732
f 8169 8170 6733
f 8170 8171 8331
f 8336 8335 8173
f 8182 8338 8175
f 8182 8174 8176
f 8181 8176 8177
f 8180 8177 8179
f 7133 6728 6590
f 7130 7131 8194
f 8200 6633 6632
f 7178 8201 8205
f 8269 6154 6153
f 8254 8311 8252
f 8260 6102 6101
f 8179 8263 6802
f 8263 8264 6038
f 8264 8265 6039
f 8265 8266 6130
f 8266 8267 6157
f 8267 8268 6158
f 8268 8270 8217
f 8270 8272 6816
f 6813 8274 8273
f 8273 8275 8247
f 8276 8260 8277
f 7192 8251 8250
f 8252 8316 8259
f 8276 8275 8250
f 7204 8200 7177
f 7182 8316 8315
f 8343 8339 8334
f 8333 8337 8342
f 8343 8342 6800
f 8340 8339 6064
f 6323 8349 8350
f 8168 8352 8348
f 8349 5937 5936
f 8352 5939 5938
f 6103 6634 7167
f 8271 8269 8216
f 8201 7188 7241
f 8274 8272 8271
f 5991 6018 6017
f 8728 8171 6017
f 5997 5996 6680
f 5996 6033 6045
f 6033 6032 6042
f 6042 6032 8175
f 8172 8175 8338
f 8336 8338 8337
f 6684 6678 6677
f 6681 6677 6044
f 6019 6044 6043
f 6016 6043 8173
f 8728 8173 8335
f 8332 8335 8334
f 8194 6332 8160
f 6805 6010 6009
f 5940 5941 7137
f 8324 5496 5942
f 8325 5942 5495
f 6253 5943 4292
f 7137 5941 5944
f 8348 5938 5937
f 8350 5936 5530
f 5624 8150 6159
f 6718 4293 5940
f 8327 5945 5490
f 8347 5946 5939
f 5933 5502 6121
f 8184 5532 5946
f 7142 4298 5615
f 6145 5487 5945
f 8234 5947 5943
f 8328 5948 5488
f 8318 5500 5948
f 7139 5494 4299
f 8418 5616 5947
f 5604 8414 6599
f 5949 3853 6712
f 5944 5949 6716
f 6720 5601 5950
f 6255 5950 4322
f 5614 5935 6235
f 6711 3852 5951
f 8161 5951 3857
f 5973 5964 2965
f 2965 5964 5963
f 222 5963 5960
f 223 5960 5958
f 5958 5957 3185
f 5957 5970 2977
f 5970 5967 1213
f 5967 5966 1214
f 2532 1214 5966
f 2894 2532 5953
f 2871 2894 5952
f 5510 5722 5721
f 5822 5825 5824
f 3511 3512 3844
f 3887 3892 3889
f 3876 3879 3878
f 3356 3357 3911
f 3372 3373 3390
f 3849 3854 3851
f 3481 3478 3867
f 3873 3874 3385
f 3875 3375 3450
f 3915 3794 3865
f 3657 3670 3671
f 5618 5973 3013
f 1997 1996 1889
f 1237 745 744
f 1535 1534 120
f 1531 1532 201
f 1119 1241 1032
f 946 948 824
f 163 8 5
f 9041 9178 9175
f 1155 1156 1162
f 427 213 327
f 553 1902 796
f 8732 2232 2231
f 8732 3178 2230
f 2237 3183 3180
f 8734 8735 8736
f 8735 8737 8738
f 8737 8739 8740
f 8739 8741 8742
f 8743 8744 8745
f 8746 8745 8747
f 8749 8750 8748
f 8751 8752 8750
f 8754 8755 8756
f 8757 8758 8755
f 8759 8760 8758
f 8761 8762 8760
f 8763 8764 8762
f 8766 8751 8749
f 8765 8749 8747
f 8767 8747 8745
f 8768 8745 8744
f 8744 8770 8771
f 8770 8741 8772
f 8741 8739 8773
f 8739 8737 8774
f 8737 8735 8775
f 8735 8734 8776
f 8776 8734 8777
f 2904 8778 8779
f 8780 8778 2904
f 8781 8780 2902
f 2875 8782 8781
f 8783 8784 2733
f 2825 8785 8786
f 8788 8789 8790
f 8792 8788 8787
f 2724 2723 8785
f 8787 8790 3115
f 8791 8787 3117
f 8794 8766 8765
f 8793 8765 8767
f 8795 8767 8768
f 8796 8768 8769
f 8797 8769 8771
f 8771 8772 8799
f 8772 8773 8800
f 8773 8774 8801
f 8774 8775 8802
f 8775 8776 8803
f 8776 3184 3056
f 8802 8803 2253
f 8801 8802 2252
f 8800 8801 1727
f 8799 8800 2150
f 8804 8798 8799
f 8805 8797 8798
f 8806 8796 8797
f 8807 8795 8796
f 8793 8795 8807
f 8794 8793 8808
f 8810 8811 8809
f 8808 8807 8806
f 8810 8806 8805
f 8813 8811 8810
f 8812 8805 8804
f 8815 8813 8812
f 8814 8804 1941
f 8755 8750 8752
f 8758 8748 8750
f 8760 8746 8748
f 8762 8743 8746
f 8816 8817 8764
f 8818 8819 8820
f 8816 8763 8782
f 8821 8818 8817
f 8789 8821 8783
f 8818 8821 8789
f 8819 8818 8788
f 8822 8820 8819
f 8823 8819 8792
f 8824 8792 8791
f 2712 8791 3119
f 8826 8822 8823
f 8825 8823 8824
f 8827 8824 2712
f 8828 8827 2711
f 8829 8825 8827
f 8830 8826 8825
f 8743 8762 8764
f 8817 8820 8831
f 8770 8744 8743
f 8741 8770 8831
f 8820 8822 8742
f 8740 8742 8822
f 8738 8740 8826
f 8736 8738 8830
f 8833 8828 2400
f 8834 8829 8828
f 8832 8830 8829
f 8835 8833 2402
f 3058 8835 2707
f 3061 8836 8835
f 8836 8834 8833
f 8733 8736 8832
f 8837 8832 8834
f 8777 8734 8733
f 8838 8733 8837
f 8837 8836 3061
f 1961 3057 8838
f 3057 3184 8777
f 8779 8754 8753
f 8778 8757 8754
f 8780 8759 8757
f 8781 8761 8759
f 8782 8763 8761
f 8821 8816 8784
f 8785 8790 8789
f 2723 3115 8790
f 2875 2733 8784
f 2736 2824 8786
f 2947 8779 8839
f 8815 8814 1360
f 1900 1925 1924
f 1736 1717 1718
f 1955 1952 1943
f 1671 1738 1735
f 1696 1750 1698
f 1800 1865 1864
f 2063 2055 2056
f 1737 1734 1717
f 1751 1735 1697
f 943 9337 9351
f 9108 8839 8753
f 1577 1578 1764
f 9369 1598 1599
f 1945 146 82
f 68 6 7
f 147 1542 1543
f 1109 1135 1133
f 1503 1910 1907
f 1499 1501 1909
f 452 1922 735
f 1824 2068 9287
f 1825 2067 2068
f 1463 1462 1022
f 841 1012 1009
f 1568 1547 1955
f 1910 1503 1502
f 1939 1502 422
f 309 280 1940
f 1804 1851 1866
f 269 1482 1954
f 2065 1607 2060
f 9264 1685 1758
f 280 276 552
f 1875 1873 1869
f 1739 1721 1734
f 5923 5897 5899
f 1778 1779 1790
f 310 1920 1915
f 1909 1908 1906
f 1789 1783 1778
f 978 981 980
f 1584 1759 1731
f 425 426 311
f 148 1543 115
f 2044 9349 9346
f 277 1910 1939
f 1943 1946 1945
f 1461 1462 1463
f 2253 8803 3056
f 2981 2254 8927
f 2209 2998 8927
f 2254 2253 3055
f 2998 926 958
f 2826 2817 2721
f 8928 2739 2721
f 2816 8929 8928
f 2334 2297 2296
f 2298 2297 2334
f 2301 2298 2336
f 2311 2301 2338
f 2312 2311 2354
f 2359 2358 2361
f 2335 2296 2359
f 2414 2413 2365
f 2413 2270 2361
f 2355 2352 2540
f 2541 2540 2539
f 2722 2721 2739
f 3114 2722 2738
f 3110 3112 3121
f 3108 3110 3120
f 3122 1754 3127
f 3112 3122 3126
f 3127 1754 1753
f 3139 3133 2529
f 9196 9227 3133
f 8928 2789 2740
f 8929 2790 2789
f 228 229 91
f 245 244 243
f 248 7 247
f 2 297 296
f 145 146 300
f 327 213 210
f 329 332 331
f 239 241 240
f 373 376 375
f 178 177 176
f 1218 1225 1228
f 9314 1231 1295
f 808 809 824
f 9310 9311 1013
f 9265 9262 1411
f 2154 2149 2159
f 9297 9287 1758
f 306 807 1922
f 2157 2153 1976
f 708 709 2031
f 1450 1226 1227
f 1672 1604 1605
f 1813 1814 1821
f 1717 1716 1715
f 176 159 402
f 1710 1705 9368
f 1712 1580 1577
f 1705 1713 1711
f 3435 3476 3475
f 971 978 979
f 822 823 1094
f 2909 2810 2793
f 2810 2769 2795
f 2799 2910 2249
f 9114 9095 2910
f 2769 2768 2801
f 3177 3176 3178
f 3178 8732 3180
f 3181 1394 1393
f 3181 1633 1632
f 3182 1632 2244
f 3183 2244 2243
f 8932 2791 2790
f 2808 8932 8929
f 2239 9018 9016
f 1149 1150 9015
f 1150 2009 9011
f 2202 9013 9010
f 2921 9008 9009
f 9012 9004 2133
f 1777 1579 1759
f 1201 1196 1183
f 9005 8998 2195
f 8997 9020 2770
f 9379 9377 1687
f 1516 152 154
f 8993 9006 2974
f 8994 8992 2779
f 2771 2772 9019
f 3070 2771 8990
f 8991 8988 2775
f 1376 1375 1370
f 2767 8987 9000
f 2195 8998 8987
f 2775 8988 8986
f 8344 5617 8989
f 9256 9254 8983
f 2776 8986 8982
f 2240 9016 8979
f 2920 8979 9121
f 8992 8978 2786
f 1805 1850 1851
f 8978 8976 2787
f 2951 2773 8984
f 2772 2951 8975
f 2973 2224 8974
f 2224 2223 8981
f 1957 1953 320
f 306 305 304
f 2770 9020 8972
f 2913 8972 9018
f 2923 9009 8971
f 308 1940 431
f 207 208 132
f 1879 1876 1881
f 9185 9239 8969
f 2475 3070 9002
f 2476 2475 8968
f 2223 2476 8967
f 8966 8993 2803
f 2037 9007 11
f 1959 1958 450
f 2003 8999 8964
f 9 10 334
f 2009 2008 8962
f 2008 2973 8980
f 9329 672 673
f 8959 8994 2778
f 2935 8958 8957
f 111 1149 9014
f 3238 3342 3341
f 8954 8958 2935
f 683 9328 9337
f 8952 9001 2810
f 736 733 732
f 1795 1804 1803
f 8949 8954 2938
f 8951 8949 2939
f 2950 8956 8948
f 2940 2949 8948
f 9253 9243 8956
f 2868 8953 8946
f 2869 8946 8966
f 1024 1034 1023
f 8944 8947 2948
f 551 1939 442
f 2972 8943 9012
f 2032 8977 8943
f 216 93 1924
f 3532 3534 3482
f 203 202 201
f 3539 3542 3541
f 1828 1848 1847
f 1958 1957 449
f 272 271 178
f 2871 8989 8939
f 9071 9121 9008
f 2801 2768 9095
f 2005 9210 9106
f 960 886 899
f 9109 9107 9064
f 9232 9240 9098
f 3151 9098 9045
f 2193 9056 9075
f 9059 9055 3145
f 9055 9101 2761
f 9044 9059 3144
f 2926 9110 9086
f 9086 9044 3104
f 9207 9206 9198
f 566 567 9210
f 8839 9108 1864
f 1602 1586 2079
f 2868 9110 9063
f 2922 9063 9062
f 2923 9062 9070
f 9122 9065 2918
f 9071 9122 9066
f 2921 9070 9122
f 2920 9066 9038
f 9065 9094 2915
f 2917 2766 9074
f 2916 2917 9093
f 2239 9039 9104
f 2911 9092 9104
f 9095 9092 2911
f 2797 2801 9114
f 2797 9043 9050
f 9074 9080 2763
f 9060 9080 2764
f 2194 9075 9100
f 2221 9100 9101
f 2756 9060 9061
f 2750 9050 9061
f 9121 8979 1817
f 9215 9222 1691
f 2515 9073 9042
f 2548 9042 9045
f 2513 2489 9084
f 2513 9068 9073
f 2509 9085 9072
f 2510 9084 9085
f 2289 9072 9091
f 2283 9091 9069
f 2240 9038 9039
f 9111 9109 9076
f 716 2121 9339
f 727 1999 9213
f 2165 2171 2170
f 9112 9111 9078
f 9195 9033 9030
f 2175 2172 769
f 2100 500 2095
f 9210 567 9209
f 640 9004 9012
f 1653 9020 8997
f 1895 8980 8974
f 746 8974 8981
f 1653 1810 8972
f 9214 1603 1604
f 2093 2075 2073
f 959 996 995
f 962 899 919
f 1400 1401 1398
f 1000 817 1127
f 956 959 884
f 1662 8992 8994
f 2034 9002 8990
f 9378 1689 8983
f 8979 9016 766
f 9016 9018 765
f 334 9014 9015
f 1868 8975 8984
f 1684 1651 1652
f 1682 1683 775
f 1585 1603 9214
f 9215 9214 1672
f 2173 2174 490
f 1658 8988 8991
f 9000 8987 1650
f 1571 9206 2010
f 1587 9116 9123
f 2099 2095 2077
f 787 9213 1999
f 2000 9146 786
f 3155 339 9149
f 9165 3155 9135
f 2180 2179 9137
f 8940 2180 9136
f 1684 9298 9292
f 1760 464 8939
f 2607 9141 9145
f 2581 9128 9141
f 2371 2502 9152
f 2371 9147 9145
f 2587 9128 9127
f 2586 9127 9149
f 2497 9143 9139
f 2502 2503 9139
f 2494 9143 9142
f 9142 9140 2472
f 9140 9153 2468
f 9153 9155 2469
f 726 9360 9344
f 581 9011 8962
f 10 8955 9014
f 1837 8958 8954
f 741 8981 8967
f 1299 8968 9002
f 1851 8951 8948
f 8971 9009 1820
f 580 8962 8980
f 1758 1685 8966
f 1693 9001 8952
f 8948 8956 1867
f 1894 1826 9012
f 2126 1418 9265
f 9358 2126 9293
f 2113 9363 9319
f 2179 9165 9241
f 624 9355 9356
f 2192 9056 9240
f 2177 8985 9239
f 1364 9276 9285
f 9310 9307 1470
f 3135 1753 9227
f 2069 9264 9287
f 1351 9313 9305
f 2108 9334 9353
f 2089 2092 9188
f 9280 9286 1358
f 2001 9201 9235
f 2187 9235 9171
f 2130 9208 9204
f 2004 9204 9201
f 2014 9176 9231
f 2201 9231 9208
f 3167 9172 9211
f 3168 9176 9172
f 3159 9161 9216
f 3160 9216 9217
f 9182 9159 3158
f 3158 9159 9161
f 2200 3069 9182
f 9137 9241 9194
f 9174 9226 2197
f 9242 9188 2092
f 9226 9242 9173
f 3154 9158 9242
f 3155 9165 9158
f 2091 9171 9173
f 2196 3148 9202
f 2193 2196 9228
f 9056 2193 9233
f 2086 2192 9232
f 2087 2086 9230
f 2204 9194 9203
f 2205 9203 9202
f 9361 9338 574
f 2124 2087 9229
f 2208 2124 9212
f 9163 9237 3140
f 9237 9197 3138
f 9197 9196 3139
f 9223 9164 3136
f 9164 9163 3137
f 9227 9219 3131
f 9219 9234 3132
f 1813 9291 9290
f 1293 9306 9308
f 2184 2321 9200
f 2181 2184 9184
f 9217 9220 3079
f 9220 9186 3080
f 709 9325 9327
f 2774 2961 9189
f 9238 9221 2134
f 9261 9260 766
f 2968 9236 9218
f 2969 9211 9236
f 2958 9199 9189
f 2132 9199 9218
f 2321 2185 9223
f 9312 9300 1449
f 9357 9326 582
f 9338 9341 577
f 9299 9278 1818
f 705 9354 9339
f 9268 9364 9359
f 2111 9335 9363
f 9262 9281 1366
f 1812 9291 9274
f 675 9303 9304
f 8940 9157 9303
f 2110 9319 9320
f 2104 9348 9353
f 2109 9320 9351
f 9294 9283 703
f 1680 9263 9298
f 1639 1627 9271
f 623 9356 9358
f 2139 2140 9318
f 1808 1640 9296
f 9272 9273 1819
f 9324 9366 9352
f 1646 9284 9282
f 9341 9342 633
f 2139 9317 9327
f 2156 2155 9323
f 674 9304 9365
f 2117 9269 9264
f 1815 9274 9299
f 9307 9301 1444
f 697 9358 9364
f 866 842 9288
f 9316 9321 2136
f 9037 9183 9178
f 9035 9192 9183
f 9205 9198 9190
f 9192 9035 9033
f 1088 9190 9198
f 9191 9192 9195
f 2791 8932 8933
f 8932 2808 2807
f 2792 8933 8934
f 8933 2807 2806
f 8952 2909 8934
f 8960 8934 2806
f 2948 8947 9243
f 2105 9360 9348
f 8982 9254 9256
f 680 9330 9328
f 1891 1890 9362
f 2905 9251 9253
f 2900 9249 9251
f 2901 9249 9259
f 2734 2878 9258
f 2877 9259 9258
f 2820 9252 9246
f 2818 9248 9244
f 2823 9245 9244
f 2822 9245 9250
f 2819 2735 9252
f 2817 9248 9247
f 2809 9257 9247
f 2808 9257 9255
f 2805 9256 9255
f 1702 9373 9375
f 9374 9372 1797
f 9367 9368 1706
f 9370 9379 1692
f 1657 9350 9332
f 1890 1877 9347
f 9224 9222 1674
f 1689 1690 9224
f 9378 9254 8982
f 8960 8983 1689
f 9369 9375 1703
f 1598 9369 9380
f 9332 9336 1876
f 1691 1690 9377
f 9377 9378 1688
f 9386 9385 9389
f 9386 9390 9391
f 9384 9388 9389
f 9390 9394 9395
f 9389 9388 9392
f 9389 9393 9394
f 9394 9398 9399
f 9393 9392 9396
f 9394 9393 9397
f 9399 9398 9402
f 9396 9400 9401
f 9397 9401 9402
f 9402 9406 9407
f 9401 9400 9404
f 9402 9401 9405
f 9407 9406 9410
f 9405 9404 9408
f 9405 9409 9410
f 9411 9410 9414
f 9409 9408 9412
f 9410 9409 9413
f 9414 9418 9419
f 9412 9416 9417
f 9413 9417 9418
f 9418 9422 9423
f 9417 9416 9420
f 9418 9417 9421
f 9422 9426 9427
f 9420 9424 9425
f 9421 9425 9426
f 9426 9430 9431
f 9425 9424 9428
f 9426 9425 9429
f 9431 9430 9434
f 9428 9432 9433
f 9429 9433 9434
f 9434 9438 9439
f 9433 9432 9436
f 9434 9433 9437
f 9439 9438 9442
f 9436 9440 9441
f 9437 9441 9442
f 9443 9442 9446
f 9441 9440 9444
f 9442 9441 9445
f 9447 9446 9450
f 9444 9448 9449
f 9445 9449 9450
f 9450 9454 9455
f 9449 9448 9452
f 9450 9449 9453
f 9454 9458 9459
f 9452 9456 9457
f 9453 9457 9458
f 9458 9462 9463
f 9457 9456 9460
f 9458 9457 9461
f 9463 9462 9466
f 9460 9464 9465
f 9461 9465 9466
f 9466 9470 9471
f 9465 9464 9468
f 9466 9465 9469
f 9471 9470 9474
f 9468 9472 9473
f 9469 9473 9474
f 9475 9474 9478
f 9473 9472 9476
f 9474 9473 9477
f 9479 9478 9482
f 9476 9480 9481
f 9477 9481 9482
f 9483 9482 9486
f 9481 9480 9484
f 9482 9481 9485
f 9486 9490 9491
f 9484 9488 9489
f 9485 9489 9490
f 9490 9494 9495
f 9489 9488 9492
f 9490 9489 9493
f 9495 9494 9498
f 9492 9496 9497
f 9493 9497 9498
f 9498 9502 9503
f 9497 9496 9500
f 9498 9497 9501
f 9503 9502 9507
f 9500 9505 9506
f 9501 9506 9507
f 9508 9507 9511
f 9505 9509 9510
f 9507 9506 9510
f 9512 9511 9386
f 9510 9509 9384
f 9510 9385 9386
f 9521 9520 9533
f 9518 9531 9532
f 9517 9516 9529
f 9515 9514 9527
f 9523 9536 9537
f 9521 9534 9535
f 9519 9532 9533
f 9518 9517 9530
f 9515 9528 9529
f 9513 9526 9527
f 9524 9537 9538
f 9523 9522 9535
f 9528 9541 9542
f 9526 9539 9540
f 9538 9537 9550
f 9535 9548 9549
f 9534 9533 9546
f 9531 9544 9545
f 9530 9529 9542
f 9528 9527 9540
f 9537 9536 9549
f 9534 9547 9548
f 9532 9545 9546
f 9531 9530 9543
f 9541 9554 9555
f 9540 9539 9552
f 9550 9563 9564
f 9548 9561 9562
f 9547 9546 9559
f 9544 9557 9558
f 9542 9555 9556
f 9541 9540 9553
f 9549 9562 9563
f 9547 9560 9561
f 9546 9545 9558
f 9544 9543 9556
f 9555 9554 9567
f 9552 9565 9566
f 9564 9563 9576
f 9562 9561 9574
f 9559 9572 9573
f 9557 9570 9571
f 9555 9568 9569
f 9553 9566 9567
f 9562 9575 9576
f 9561 9560 9573
f 9559 9558 9571
f 9557 9556 9569
f 9567 9580 9581
f 9566 9565 9578
f 9576 9589 9590
f 9575 9574 9587
f 9572 9585 9586
f 9571 9570 9583
f 9569 9568 9581
f 9566 9579 9580
f 9576 9575 9588
f 9574 9573 9586
f 9571 9584 9585
f 9569 9582 9583
f 9581 9580 9593
f 9578 9591 9592
f 9590 9589 9602
f 9588 9587 9600
f 9585 9598 9599
f 9583 9596 9597
f 9582 9581 9594
f 9579 9592 9593
f 9589 9588 9601
f 9587 9586 9599
f 9584 9597 9598
f 9583 9582 9595
f 9594 9593 9606
f 9592 9591 9604
f 9602 9615 9616
f 9601 9600 9613
f 9598 9611 9612
f 9596 9609 9610
f 9594 9607 9608
f 9592 9605 9606
f 9601 9614 9615
f 9600 9599 9612
f 9598 9597 9610
f 9596 9595 9608
f 9607 9606 9619
f 9605 9604 9617
f 9615 9628 9629
f 9613 9626 9627
f 9611 9624 9625
f 9610 9609 9622
f 9607 9620 9621
f 9605 9618 9619
f 9615 9614 9627
f 9613 9612 9625
f 9611 9610 9623
f 9608 9621 9622
f 9619 9632 9633
f 9617 9630 9631
f 9628 9641 9642
f 9627 9626 9639
f 9625 9624 9637
f 9622 9635 9636
f 9621 9620 9633
f 9619 9618 9631
f 9627 9640 9641
f 9625 9638 9639
f 9623 9636 9637
f 9622 9621 9634
f 9632 9645 9646
f 9630 9643 9644
f 9642 9641 9654
f 9639 9652 9653
f 9638 9637 9650
f 9635 9648 9649
f 9634 9633 9646
f 9632 9631 9644
f 9641 9640 9653
f 9638 9651 9652
f 9636 9649 9650
f 9635 9634 9647
f 9645 9658 9659
f 9644 9643 9656
f 9654 9667 9668
f 9652 9665 9666
f 9651 9650 9663
f 9648 9661 9662
f 9646 9659 9660
f 9645 9644 9657
f 9653 9666 9667
f 9651 9664 9665
f 9650 9649 9662
f 9648 9647 9660
f 9659 9658 9671
f 9656 9669 9670
f 9668 9667 9680
f 9665 9678 9679
f 9663 9676 9677
f 9661 9674 9675
f 9659 9672 9673
f 9657 9670 9671
f 9666 9679 9680
f 9665 9664 9677
f 9663 9662 9675
f 9661 9660 9673
f 9671 9684 9685
f 9670 9669 9682
f 9680 9693 9694
f 9678 9691 9692
f 9677 9676 9689
f 9675 9674 9687
f 9673 9672 9685
f 9670 9683 9684
f 9680 9679 9692
f 9678 9677 9690
f 9675 9688 9689
f 9673 9686 9687
f 9685 9684 9697
f 9682 9695 9696
f 9694 9693 9706
f 9692 9691 9704
f 9689 9702 9703
f 9687 9700 9701
f 9686 9685 9698
f 9683 9696 9697
f 9693 9692 9705
f 9691 9690 9703
f 9688 9701 9702
f 9687 9686 9699
f 9698 9697 9710
f 9696 9695 9708
f 9706 9719 9720
f 9705 9704 9717
f 9702 9715 9716
f 9700 9713 9714
f 9698 9711 9712
f 9696 9709 9710
f 9705 9718 9719
f 9704 9703 9716
f 9702 9701 9714
f 9700 9699 9712
f 9711 9710 9723
f 9709 9708 9721
f 9719 9732 9733
f 9717 9730 9731
f 9715 9728 9729
f 9714 9713 9726
f 9711 9724 9725
f 9709 9722 9723
f 9718 9731 9732
f 9717 9716 9729
f 9715 9714 9727
f 9712 9725 9726
f 9723 9736 9737
f 9721 9734 9735
f 9733 9732 9745
f 9731 9730 9743
f 9729 9728 9741
f 9726 9739 9740
f 9725 9724 9737
f 9723 9722 9735
f 9732 9731 9744
f 9729 9742 9743
f 9727 9740 9741
f 9726 9725 9738
f 9736 9749 9750
f 9734 9747 9748
f 9746 9745 9758
f 9743 9756 9757
f 9742 9741 9754
f 9739 9752 9753
f 9738 9737 9750
f 9736 9735 9748
f 9745 9744 9757
f 9742 9755 9756
f 9740 9753 9754
f 9739 9738 9751
f 9749 9762 9763
f 9748 9747 9760
f 9758 9771 9772
f 9756 9769 9770
f 9755 9754 9767
f 9752 9765 9766
f 9750 9763 9764
f 9749 9748 9761
f 9757 9770 9771
f 9756 9755 9768
f 9754 9753 9766
f 9752 9751 9764
f 9762 9775 9776
f 9760 9773 9774
f 9772 9771 9784
f 9770 9769 9782
f 9768 9767 9780
f 9765 9778 9779
f 9763 9776 9777
f 9762 9761 9774
f 9770 9783 9784
f 9768 9781 9782
f 9767 9766 9779
f 9764 9777 9778
f 9775 9788 9789
f 9774 9773 9786
f 9784 9797 9798
f 9782 9795 9796
f 9781 9780 9793
f 9779 9778 9791
f 9777 9776 9789
f 9774 9787 9788
f 9784 9783 9796
f 9782 9781 9794
f 9779 9792 9793
f 9777 9790 9791
f 9789 9788 9802
f 9786 9800 9801
f 9798 9797 9811
f 9796 9795 9809
f 9793 9807 9808
f 9792 9791 9805
f 9790 9789 9803
f 9787 9801 9802
f 9797 9796 9810
f 9795 9794 9808
f 9792 9806 9807
f 9790 9804 9805
f 9803 9802 9815
f 9801 9800 9813
f 9811 9824 9825
f 9810 9809 9822
f 9807 9820 9821
f 9806 9805 9818
f 9803 9816 9817
f 9801 9814 9815
f 9810 9823 9824
f 9809 9808 9821
f 9807 9806 9819
f 9804 9817 9818
f 9816 9815 9828
f 9814 9813 9826
f 9825 9824 9837
f 9822 9835 9836
f 9820 9833 9834
f 9819 9818 9831
f 9816 9829 9830
f 9814 9827 9828
f 9824 9823 9836
f 9822 9821 9834
f 9820 9819 9832
f 9817 9830 9831
f 9828 9841 9842
f 9826 9839 9840
f 9837 9850 9851
f 9836 9835 9848
f 9834 9833 9846
f 9831 9844 9845
f 9830 9829 9842
f 9828 9827 9840
f 9836 9849 9850
f 9834 9847 9848
f 9832 9845 9846
f 9831 9830 9843
f 9841 9854 9855
f 9839 9852 9853
f 9851 9850 9863
f 9848 9861 9862
f 9847 9846 9859
f 9845 9844 9857
f 9843 9842 9855
f 9841 9840 9853
f 9850 9849 9862
f 9847 9860 9861
f 9845 9858 9859
f 9843 9856 9857
f 9854 9867 9868
f 9853 9852 9865
f 9863 9876 9877
f 9861 9874 9875
f 9860 9859 9872
f 9858 9857 9870
f 9855 9868 9869
f 9854 9853 9866
f 9862 9875 9876
f 9860 9873 9874
f 9859 9858 9871
f 9856 9869 9870
f 9868 9867 9880
f 9865 9878 9879
f 9877 9876 9889
f 9875 9874 9887
f 9873 9872 9885
f 9870 9883 9884
f 9868 9881 9882
f 9867 9866 9879
f 9875 9888 9889
f 9873 9886 9887
f 9872 9871 9884
f 9870 9869 9882
f 9880 9893 9894
f 9878 9891 9892
f 9889 9902 9903
f 9887 9900 9901
f 9886 9885 9898
f 9884 9883 9896
f 9882 9881 9894
f 9879 9892 9893
f 9889 9888 9901
f 9887 9886 9899
f 9884 9897 9898
f 9882 9895 9896
f 9894 9893 9906
f 9891 9904 9905
f 9903 9902 9915
f 9901 9900 9913
f 9898 9911 9912
f 9896 9909 9910
f 9895 9894 9907
f 9892 9905 9906
f 9902 9901 9914
f 9899 9912 9913
f 9897 9910 9911
f 9896 9895 9908
f 9907 9906 9919
f 9905 9904 9917
f 9915 9928 9929
f 9914 9913 9926
f 9911 9924 9925
f 9909 9922 9923
f 9907 9920 9921
f 9905 9918 9919
f 9914 9927 9928
f 9913 9912 9925
f 9911 9910 9923
f 9909 9908 9921
f 9920 9919 9515
f 9918 9917 9513
f 9929 9928 9524
f 9926 9522 9523
f 9924 9520 9521
f 9923 9922 9518
f 9920 9516 9517
f 9918 9514 9515
f 9928 9927 9523
f 9926 9925 9521
f 9924 9923 9519
f 9921 9517 9518
f 9387 9513 9917
f 9917 9904 9508
f 9904 9891 9503
f 9891 9878 9499
f 9499 9878 9865
f 9495 9865 9852
f 9491 9852 9839
f 9839 9826 9483
f 9483 9826 9813
f 9813 9800 9475
f 9800 9786 9471
f 9786 9773 9467
f 9467 9773 9760
f 9463 9760 9747
f 9459 9747 9734
f 9734 9721 9451
f 9451 9721 9708
f 9708 9695 9443
f 9695 9682 9439
f 9682 9669 9435
f 9435 9669 9656
f 9431 9656 9643
f 9427 9643 9630
f 9630 9617 9419
f 9419 9617 9604
f 9604 9591 9411
f 9591 9578 9407
f 9578 9565 9403
f 9403 9565 9552
f 9399 9552 9539
f 9395 9539 9526
f 9526 9513 9387
f 9932 9931 9935
f 9932 9936 9937
f 9931 9930 9934
f 9936 9940 9941
f 9934 9938 9939
f 9935 9939 9940
f 9940 9944 9945
f 9939 9938 9942
f 9940 9939 9943
f 9945 9944 9948
f 9942 9946 9947
f 9943 9947 9948
f 9948 9952 9953
f 9947 9946 9950
f 9948 9947 9951
f 9953 9952 9956
f 9950 9954 9955
f 9951 9955 9956
f 9957 9956 9960
f 9955 9954 9958
f 9956 9955 9959
f 9961 9960 9964
f 9958 9962 9963
f 9959 9963 9964
f 9965 9964 9968
f 9963 9962 9966
f 9964 9963 9967
f 9968 9972 9973
f 9966 9970 9971
f 9967 9971 9972
f 9972 9976 9977
f 9970 9974 9975
f 9972 9971 9975
f 9977 9976 9980
f 9974 9978 9979
f 9975 9979 9980
f 9980 9984 9985
f 9979 9978 9982
f 9980 9979 9983
f 9985 9984 9988
f 9982 9986 9987
f 9983 9987 9988
f 9989 9988 9992
f 9986 9990 9991
f 9988 9987 9991
f 9993 9992 9996
f 9991 9990 9994
f 9991 9995 9996
f 9996 10000 10001
f 9994 9998 9999
f 9996 9995 9999
f 10000 10004 10005
f 9999 9998 10002
f 9999 10003 10004
f 10004 10008 10009
f 10003 10002 10006
f 10004 10003 10007
f 10009 10008 10012
f 10006 10010 10011
f 10007 10011 10012
f 10012 10016 10017
f 10011 10010 10014
f 10012 10011 10015
f 10017 10016 10020
f 10014 10018 10019
f 10015 10019 10020
f 10021 10020 10024
f 10019 10018 10022
f 10020 10019 10023
f 10024 10028 10029
f 10022 10026 10027
f 10023 10027 10028
f 10028 10032 10033
f 10027 10026 10030
f 10028 10027 10031
f 10032 10036 10037
f 10030 10034 10035
f 10031 10035 10036
f 10036 10040 10041
f 10035 10034 10038
f 10036 10035 10039
f 10041 10040 10044
f 10038 10042 10043
f 10039 10043 10044
f 10044 10048 10049
f 10043 10042 10046
f 10044 10043 10047
f 10049 10048 10053
f 10046 10051 10052
f 10047 10052 10053
f 10054 10053 10057
f 10052 10051 10055
f 10053 10052 10056
f 10058 10057 9932
f 10055 9930 9931
f 10056 9931 9932
f 10067 10066 10079
f 10064 10077 10078
f 10063 10062 10075
f 10061 10060 10073
f 10070 10069 10082
f 10067 10080 10081
f 10065 10078 10079
f 10064 10063 10076
f 10061 10074 10075
f 10059 10072 10073
f 10071 10070 10083
f 10069 10068 10081
f 10074 10087 10088
f 10072 10085 10086
f 10084 10083 10096
f 10081 10094 10095
f 10080 10079 10092
f 10078 10077 10090
f 10076 10075 10088
f 10074 10073 10086
f 10083 10082 10095
f 10080 10093 10094
f 10078 10091 10092
f 10076 10089 10090
f 10087 10100 10101
f 10086 10085 10098
f 10096 10109 10110
f 10094 10107 10108
f 10093 10092 10105
f 10091 10090 10103
f 10088 10101 10102
f 10087 10086 10099
f 10095 10108 10109
f 10094 10093 10106
f 10092 10091 10104
f 10089 10102 10103
f 10100 10113 10114
f 10098 10111 10112
f 10110 10109 10122
f 10108 10107 10120
f 10105 10118 10119
f 10103 10116 10117
f 10101 10114 10115
f 10100 10099 10112
f 10108 10121 10122
f 10106 10119 10120
f 10105 10104 10117
f 10103 10102 10115
f 10113 10126 10127
f 10112 10111 10124
f 10122 10135 10136
f 10120 10133 10134
f 10119 10118 10131
f 10117 10116 10129
f 10115 10114 10127
f 10113 10112 10125
f 10122 10121 10134
f 10119 10132 10133
f 10117 10130 10131
f 10115 10128 10129
f 10127 10126 10139
f 10124 10137 10138
f 10136 10135 10148
f 10134 10133 10146
f 10131 10144 10145
f 10130 10129 10142
f 10128 10127 10140
f 10125 10138 10139
f 10135 10134 10147
f 10133 10132 10145
f 10130 10143 10144
f 10128 10141 10142
f 10140 10139 10152
f 10138 10137 10150
f 10148 10161 10162
f 10147 10146 10159
f 10144 10157 10158
f 10143 10142 10155
f 10140 10153 10154
f 10138 10151 10152
f 10147 10160 10161
f 10146 10145 10158
f 10144 10143 10156
f 10141 10154 10155
f 10153 10152 10165
f 10151 10150 10163
f 10162 10161 10174
f 10159 10172 10173
f 10157 10170 10171
f 10156 10155 10168
f 10153 10166 10167
f 10151 10164 10165
f 10161 10160 10173
f 10159 10158 10171
f 10157 10156 10169
f 10154 10167 10168
f 10165 10178 10179
f 10163 10176 10177
f 10175 10174 10187
f 10173 10172 10185
f 10171 10170 10183
f 10168 10181 10182
f 10167 10166 10179
f 10165 10164 10177
f 10173 10186 10187
f 10171 10184 10185
f 10169 10182 10183
f 10168 10167 10180
f 10178 10191 10192
f 10176 10189 10190
f 10188 10187 10200
f 10185 10198 10199
f 10184 10183 10196
f 10182 10181 10194
f 10180 10179 10192
f 10178 10177 10190
f 10187 10186 10199
f 10184 10197 10198
f 10182 10195 10196
f 10180 10193 10194
f 10191 10204 10205
f 10190 10189 10202
f 10200 10213 10214
f 10198 10211 10212
f 10197 10196 10209
f 10195 10194 10207
f 10192 10205 10206
f 10191 10190 10203
f 10199 10212 10213
f 10197 10210 10211
f 10196 10195 10208
f 10193 10206 10207
f 10205 10204 10217
f 10202 10215 10216
f 10214 10213 10226
f 10211 10224 10225
f 10210 10209 10222
f 10207 10220 10221
f 10205 10218 10219
f 10204 10203 10216
f 10212 10225 10226
f 10210 10223 10224
f 10209 10208 10221
f 10207 10206 10219
f 10217 10230 10231
f 10216 10215 10228
f 10226 10239 10240
f 10224 10237 10238
f 10223 10222 10235
f 10221 10220 10233
f 10219 10218 10231
f 10217 10216 10229
f 10226 10225 10238
f 10223 10236 10237
f 10221 10234 10235
f 10219 10232 10233
f 10231 10230 10243
f 10228 10241 10242
f 10240 10239 10252
f 10238 10237 10250
f 10235 10248 10249
f 10234 10233 10246
f 10232 10231 10244
f 10229 10242 10243
f 10239 10238 10251
f 10237 10236 10249
f 10234 10247 10248
f 10232 10245 10246
f 10244 10243 10256
f 10242 10241 10254
f 10252 10265 10266
f 10251 10250 10263
f 10248 10261 10262
f 10247 10246 10259
f 10244 10257 10258
f 10242 10255 10256
f 10251 10264 10265
f 10250 10249 10262
f 10248 10247 10260
f 10245 10258 10259
f 10257 10256 10269
f 10255 10254 10267
f 10266 10265 10278
f 10263 10276 10277
f 10261 10274 10275
f 10260 10259 10272
f 10257 10270 10271
f 10255 10268 10269
f 10265 10264 10277
f 10263 10262 10275
f 10261 10260 10273
f 10258 10271 10272
f 10269 10282 10283
f 10267 10280 10281
f 10278 10291 10292
f 10277 10276 10289
f 10275 10274 10287
f 10272 10285 10286
f 10271 10270 10283
f 10269 10268 10281
f 10277 10290 10291
f 10275 10288 10289
f 10273 10286 10287
f 10272 10271 10284
f 10282 10295 10296
f 10280 10293 10294
f 10292 10291 10304
f 10289 10302 10303
f 10288 10287 10300
f 10286 10285 10298
f 10284 10283 10296
f 10282 10281 10294
f 10291 10290 10303
f 10288 10301 10302
f 10286 10299 10300
f 10284 10297 10298
f 10295 10308 10309
f 10294 10293 10306
f 10304 10317 10318
f 10302 10315 10316
f 10301 10300 10313
f 10299 10298 10311
f 10296 10309 10310
f 10295 10294 10307
f 10303 10316 10317
f 10301 10314 10315
f 10300 10299 10312
f 10297 10310 10311
f 10309 10308 10321
f 10307 10306 10319
f 10318 10317 10330
f 10316 10315 10328
f 10314 10313 10326
f 10311 10324 10325
f 10309 10322 10323
f 10308 10307 10320
f 10316 10329 10330
f 10314 10327 10328
f 10313 10312 10325
f 10311 10310 10323
f 10321 10334 10335
f 10320 10319 10332
f 10330 10343 10344
f 10329 10328 10341
f 10326 10339 10340
f 10325 10324 10337
f 10323 10322 10335
f 10320 10333 10334
f 10330 10329 10342
f 10328 10327 10340
f 10325 10338 10339
f 10323 10336 10337
f 10335 10334 10348
f 10332 10346 10347
f 10344 10343 10357
f 10342 10341 10355
f 10339 10353 10354
f 10337 10351 10352
f 10336 10335 10349
f 10333 10347 10348
f 10343 10342 10356
f 10341 10340 10354
f 10338 10352 10353
f 10337 10336 10350
f 10349 10348 10361
f 10347 10346 10359
f 10357 10370 10371
f 10356 10355 10368
f 10353 10366 10367
f 10351 10364 10365
f 10349 10362 10363
f 10347 10360 10361
f 10356 10369 10370
f 10355 10354 10367
f 10353 10352 10365
f 10351 10350 10363
f 10362 10361 10374
f 10360 10359 10372
f 10371 10370 10383
f 10368 10381 10382
f 10366 10379 10380
f 10365 10364 10377
f 10362 10375 10376
f 10360 10373 10374
f 10370 10369 10382
f 10368 10367 10380
f 10366 10365 10378
f 10363 10376 10377
f 10374 10387 10388
f 10372 10385 10386
f 10383 10396 10397
f 10382 10381 10394
f 10380 10379 10392
f 10377 10390 10391
f 10376 10375 10388
f 10374 10373 10386
f 10382 10395 10396
f 10380 10393 10394
f 10378 10391 10392
f 10377 10376 10389
f 10387 10400 10401
f 10385 10398 10399
f 10397 10396 10409
f 10394 10407 10408
f 10393 10392 10405
f 10390 10403 10404
f 10389 10388 10401
f 10387 10386 10399
f 10396 10395 10408
f 10393 10406 10407
f 10391 10404 10405
f 10390 10389 10402
f 10400 10413 10414
f 10399 10398 10411
f 10409 10422 10423
f 10407 10420 10421
f 10406 10405 10418
f 10403 10416 10417
f 10401 10414 10415
f 10400 10399 10412
f 10408 10421 10422
f 10406 10419 10420
f 10405 10404 10417
f 10403 10402 10415
f 10414 10413 10426
f 10411 10424 10425
f 10423 10422 10435
f 10420 10433 10434
f 10418 10431 10432
f 10416 10429 10430
f 10414 10427 10428
f 10412 10425 10426
f 10421 10434 10435
f 10419 10432 10433
f 10418 10417 10430
f 10416 10415 10428
f 10427 10426 10439
f 10425 10424 10437
f 10435 10448 10449
f 10433 10446 10447
f 10431 10444 10445
f 10430 10429 10442
f 10428 10427 10440
f 10425 10438 10439
f 10435 10434 10447
f 10433 10432 10445
f 10430 10443 10444
f 10428 10441 10442
f 10440 10439 10452
f 10437 10450 10451
f 10449 10448 10461
f 10447 10446 10459
f 10444 10457 10458
f 10443 10442 10455
f 10441 10440 10453
f 10438 10451 10452
f 10448 10447 10460
f 10446 10445 10458
f 10443 10456 10457
f 10441 10454 10455
f 10453 10452 10465
f 10451 10450 10463
f 10461 10474 10475
f 10460 10459 10472
f 10457 10470 10471
f 10456 10455 10468
f 10453 10466 10467
f 10451 10464 10465
f 10460 10473 10474
f 10459 10458 10471
f 10457 10456 10469
f 10454 10467 10468
f 10466 10465 10061
f 10464 10463 10059
f 10474 10070 10071
f 10472 10068 10069
f 10470 10066 10067
f 10469 10468 10064
f 10466 10062 10063
f 10464 10060 10061
f 10473 10069 10070
f 10472 10471 10067
f 10470 10469 10065
f 10467 10063 10064
f 9933 10059 10463
f 10463 10450 10054
f 10450 10437 10049
f 10437 10424 10045
f 10045 10424 10411
f 10041 10411 10398
f 10037 10398 10385
f 10385 10372 10029
f 10029 10372 10359
f 10359 10346 10021
f 10346 10332 10017
f 10332 10319 10013
f 10013 10319 10306
f 10009 10306 10293
f 10005 10293 10280
f 10280 10267 9997
f 9997 10267 10254
f 10254 10241 9989
f 10241 10228 9985
f 10228 10215 9981
f 9981 10215 10202
f 9977 10202 10189
f 9973 10189 10176
f 10176 10163 9965
f 9965 10163 10150
f 10150 10137 9957
f 10137 10124 9953
f 10124 10111 9949
f 9949 10111 10098
f 9945 10098 10085
f 9941 10085 10072
f 10072 10059 9933
