# Canonicalized fitted SMPL-X reference for GF5 animation export.
# GF5 bind pose: course_body_24
# Canonical bind source: SMPL-X template SMPL-24 neutral rest joints
# Coordinate space: up2you_smpl_native_y_up
v 0.06045967 0.27150092 -0.01376934
v 0.06445960 0.27050042 -0.01276905
v 0.06505820 0.27191281 -0.01263557
v 0.06086545 0.27281466 -0.01353940
v 0.07336511 0.27231506 -0.02273214
v 0.07336647 0.27571177 -0.01913483
v 0.07296617 0.27841961 -0.01912469
v 0.07306338 0.27821738 -0.02183408
v 0.02749762 0.23220211 -0.06948959
v 0.01419117 0.23138136 -0.07389080
v 0.01372352 0.22177096 -0.07023227
v 0.02569905 0.21979189 -0.06529711
v 0.04087362 0.19574058 -0.04717940
v 0.03710955 0.20447506 -0.05165804
v 0.03513545 0.19154346 -0.05600149
v 0.04298294 0.18714845 -0.04673216
v 0.03986702 0.33171657 0.06905828
v 0.04676921 0.33011663 0.06356080
v 0.04566436 0.32401681 0.06725787
v -0.05588746 0.27140510 -0.01417837
v -0.05988526 0.27030620 -0.01317904
v -0.06049050 0.27180830 -0.01305387
v -0.05629607 0.27270499 -0.01387444
v -0.06878674 0.27220461 -0.02327873
v -0.06888872 0.27560478 -0.01977813
v -0.06849749 0.27830017 -0.01964910
v -0.06869499 0.27810001 -0.02237212
v 0.03906039 0.32491973 0.07165778
v 0.09166174 0.29322293 -0.03464520
v 0.09166212 0.29062247 -0.03574637
v 0.09186233 0.28922230 -0.03384674
v 0.09176245 0.29152220 -0.03294686
v 0.08775630 0.27491581 -0.03245603
v 0.08776072 0.28232396 -0.03434347
v 0.08896241 0.28492329 -0.03524469
v 0.08916085 0.28272364 -0.03424409
v 0.08766454 0.26480004 -0.02863242
v 0.08666440 0.26550063 -0.02823192
v 0.08816773 0.26990971 -0.03033295
v 0.08937073 0.26940560 -0.03102892
v 0.07074787 0.24787451 -0.00663394
v 0.07404917 0.24967121 -0.00833790
v 0.07424694 0.24726953 -0.00953646
v 0.06944741 0.24597225 -0.00782758
v 0.06664911 0.24717116 -0.00862162
v 0.07143361 0.24604256 -0.01274944
v 0.07123689 0.24894120 -0.01355135
v 0.06745086 0.24936834 -0.01022211
v 0.08635995 0.30342185 -0.02094754
v 0.08675950 0.30022109 -0.02034938
v 0.08505877 0.29942065 -0.01805047
v 0.08455881 0.30272120 -0.01824925
v 0.07246892 0.27090579 -0.02782788
v 0.07108024 0.26460910 -0.02560310
v 0.07738341 0.26880953 -0.02920263
v 0.07766699 0.27140576 -0.02962904
v 0.08485658 0.29302129 -0.02784999
v 0.08587410 0.29370773 -0.03133274
v 0.08636195 0.29152274 -0.03224587
v 0.08526147 0.29022279 -0.02964597
v 0.08816206 0.29492399 -0.03574293
v 0.08826149 0.29192376 -0.03684359
v 0.06966017 0.25609398 -0.00532144
v 0.06906187 0.25949386 -0.00452267
v 0.06986225 0.26089334 -0.00562603
v 0.07016224 0.25989243 -0.00692484
v 0.07206517 0.27211282 -0.01933727
v 0.07356589 0.27621976 -0.01782603
v 0.08316144 0.25490156 -0.02333270
v 0.08326118 0.25690204 -0.02243429
v 0.08566306 0.26060125 -0.02573331
v 0.08566371 0.25910053 -0.02703153
v 0.08026094 0.25950336 -0.02083405
v 0.08266252 0.26180163 -0.02433187
v 0.08386243 0.26230273 -0.02603310
v 0.08266167 0.26030236 -0.02393252
v 0.08766045 0.29612175 -0.02754791
v 0.08565994 0.29852116 -0.02304926
v 0.08666057 0.29792100 -0.02274950
v 0.08866107 0.29552171 -0.02734782
v 0.07976264 0.28332695 -0.02983675
v 0.07826990 0.28831902 -0.02812628
v 0.07727141 0.28771853 -0.02792535
v 0.07857423 0.28331611 -0.02952041
v 0.08816218 0.29252255 -0.03404624
v 0.08846243 0.28992283 -0.03484569
v 0.08686224 0.28892323 -0.03334492
v 0.07456633 0.29111537 -0.01653675
v 0.07526059 0.29201674 -0.01775708
v 0.07576261 0.29041734 -0.01815416
v 0.07536627 0.28921574 -0.01703557
v 0.07404643 0.24556525 -0.01253083
v 0.06896367 0.25608137 -0.01970552
v 0.07086366 0.25658485 -0.02131561
v 0.07376619 0.26039961 -0.02431776
v 0.07247078 0.26149991 -0.02460974
v 0.06645210 0.24927333 -0.00502256
v 0.06955177 0.24957246 -0.00492976
v 0.07034919 0.24837403 -0.00583222
v 0.06725008 0.24767342 -0.00602425
v 0.07786412 0.29551384 -0.01815386
v 0.08026812 0.29471368 -0.02023999
v 0.07826779 0.29381368 -0.01953957
v 0.07666107 0.29431629 -0.01785800
v 0.08656050 0.28062460 -0.03264222
v 0.08555914 0.28732264 -0.03114668
v 0.08596315 0.27170441 -0.02673753
v 0.08606882 0.27170813 -0.02972949
v 0.08536232 0.26780558 -0.02813827
v -0.02333127 0.23252192 -0.06877100
v -0.01012693 0.23159030 -0.07352635
v -0.00968732 0.22208381 -0.06984921
v -0.02211536 0.22025360 -0.06471170
v 0.08526102 0.26790658 -0.02523938
v 0.08575956 0.27982455 -0.02714273
v 0.08606002 0.27962506 -0.03054145
v 0.08946274 0.28842252 -0.03264614
v 0.08956092 0.28232378 -0.03274378
v 0.08906243 0.28892258 -0.03354610
v 0.07596754 0.29151922 -0.02613251
v 0.07595646 0.29452360 -0.03044506
v 0.07515909 0.28801775 -0.03145630
v 0.07626829 0.28912169 -0.02732887
v 0.07085983 0.26459917 -0.00596582
v 0.07235921 0.26650152 -0.00715959
v 0.07115965 0.26429904 -0.00856620
v 0.07016320 0.26219320 -0.00812778
v 0.07436495 0.25860029 -0.02292084
v 0.07156248 0.25558162 -0.02041267
v 0.07206131 0.25528315 -0.01971549
v 0.07486260 0.25698501 -0.02132342
v 0.08266108 0.29581678 -0.02244567
v 0.08286728 0.29071537 -0.02293631
v 0.08116776 0.29071581 -0.02153667
v 0.07616102 0.26140365 -0.01303238
v 0.07696104 0.26260370 -0.01483256
v 0.07816119 0.25950095 -0.01653254
v 0.07736062 0.25760144 -0.01493282
v 0.07895586 0.24878564 -0.01762924
v 0.07655635 0.24848568 -0.01832358
v 0.07405648 0.24688636 -0.01521960
v 0.07655510 0.24668708 -0.01492780
v 0.07016348 0.26129249 -0.00742621
v 0.07026216 0.26219392 -0.00582841
v 0.08166233 0.28352645 -0.03183792
v 0.08057399 0.28960699 -0.02992673
v 0.08466852 0.28881431 -0.02723295
v 0.08505912 0.28632286 -0.02854645
v 0.07396060 0.27671024 -0.01172988
v 0.07156119 0.27731028 -0.01283087
v 0.07146041 0.27641052 -0.01283137
v 0.07446008 0.27511060 -0.01152993
v 0.07436068 0.27671024 -0.01022894
v 0.07476029 0.27511042 -0.01012900
v 0.07436017 0.27501053 -0.00892919
v 0.07406035 0.27591047 -0.00882913
v 0.07076070 0.27761033 -0.01323193
v 0.07106064 0.27721035 -0.01303155
v 0.07136063 0.27781039 -0.01333177
v 0.07526920 0.28031594 -0.02533056
v 0.07647204 0.27241045 -0.02642913
v 0.07487225 0.27221221 -0.02522436
v 0.07376399 0.27901572 -0.02363585
v 0.08675598 0.27261600 -0.03135543
v 0.08125951 0.29921365 -0.01396526
v 0.07975947 0.30141446 -0.01406354
v 0.08255900 0.30461323 -0.01856583
v 0.07146082 0.26350591 -0.01732880
v 0.07416205 0.26460382 -0.01452890
v 0.07265786 0.26440054 -0.01307009
v 0.07106126 0.26330507 -0.01562939
v 0.07086008 0.26819876 -0.01126703
v 0.06875901 0.26509997 -0.01036803
v 0.07286033 0.26669812 -0.00986577
v 0.07416720 0.28271678 -0.01032340
v 0.07286721 0.27891815 -0.01272504
v 0.07366115 0.27781001 -0.01142940
v 0.07396089 0.27821022 -0.01012888
v 0.08756593 0.26389831 -0.03003030
v 0.08917135 0.26890582 -0.03252414
v 0.08747357 0.26850379 -0.03401935
v 0.08596923 0.26329631 -0.03152711
v 0.06735497 0.25277391 -0.00382777
v 0.06425288 0.25027233 -0.00661634
v 0.06696097 0.25569436 -0.00331596
v 0.09065907 0.29992205 -0.02974739
v 0.08735930 0.30202258 -0.03024632
v 0.08775970 0.29992297 -0.03244542
v 0.09125896 0.29792237 -0.03184680
v 0.07166932 0.28381681 -0.01862728
v 0.07176632 0.28171876 -0.01802612
v 0.07196596 0.28311852 -0.01682775
v 0.07166868 0.28511679 -0.01712912
v 0.05056379 0.24722406 -0.05473820
v 0.05950250 0.24839599 -0.03729925
v 0.06394052 0.26094931 -0.04664620
v 0.05671353 0.25922528 -0.06207146
v 0.08005680 0.25178564 -0.01693250
v 0.07875588 0.24988697 -0.01463203
v 0.07506623 0.29021618 -0.00952915
v 0.07445836 0.29211754 -0.00855663
v 0.07555965 0.29721624 -0.01025933
v 0.07625899 0.29411584 -0.01006034
v 0.08886098 0.28382277 -0.03784598
v 0.09166113 0.28322214 -0.03624725
v 0.07726093 0.29601640 -0.01655787
v 0.08065953 0.29912108 -0.01984982
v 0.07856866 0.29681265 -0.01863881
v 0.07686096 0.29551607 -0.01685862
v 0.07676668 0.28751627 -0.01443165
v 0.07736676 0.28881562 -0.01413249
v 0.07556662 0.28971583 -0.01423436
v 0.07456639 0.28841624 -0.01433334
v 0.07395982 0.29681763 -0.00785631
v 0.07586019 0.30121654 -0.01125873
v 0.06715253 0.25574794 -0.01886612
v 0.07676676 0.28901595 -0.01183042
v 0.07756697 0.29151535 -0.01163140
v 0.07816719 0.29041544 -0.01393245
v -0.03889561 0.19642614 -0.04638802
v -0.03436626 0.20479122 -0.05111245
v -0.03342010 0.19235814 -0.05522535
v -0.04105601 0.18791696 -0.04586222
v 0.06836247 0.26029441 -0.00272102
v 0.06946278 0.26189375 -0.00442497
v 0.07616102 0.29461622 -0.01665832
v 0.07546078 0.29341659 -0.01655753
v 0.07396603 0.28961608 -0.01563589
v 0.07476594 0.28771633 -0.01693478
v 0.08136518 0.28101313 -0.02384310
v 0.08316296 0.27260783 -0.02473816
v 0.06706086 0.26236632 -0.03354093
v 0.06273463 0.24930507 -0.01885402
v 0.07436651 0.29011580 -0.01443570
v 0.07426651 0.29061559 -0.01463631
v 0.07346595 0.28961620 -0.01503624
v 0.07356619 0.28901634 -0.01463495
v 0.07715548 0.24838799 -0.01242994
v 0.07986301 0.28741425 -0.02164477
v 0.07686897 0.28561410 -0.01963170
v 0.07756260 0.28771740 -0.01885347
v 0.08945658 0.27431542 -0.03145704
v 0.09056062 0.28232369 -0.03254398
v 0.09196058 0.28252295 -0.03404551
v 0.09065689 0.27411547 -0.03275659
v 0.06505124 0.24867223 -0.00721896
v 0.07196645 0.28101903 -0.01882475
v 0.07316619 0.27931893 -0.01812505
v 0.07236560 0.28641725 -0.01733462
v 0.07246568 0.28791684 -0.01573512
v 0.06985880 0.26480892 -0.00402978
v 0.08716022 0.29662228 -0.03144694
v 0.08776204 0.29472220 -0.03274695
v 0.08566613 0.29541698 -0.03003863
v 0.08526017 0.29662213 -0.02854730
v 0.08426013 0.29842174 -0.02544816
v 0.08435991 0.29992163 -0.02514838
v 0.08636029 0.29832205 -0.02964737
v 0.07566831 0.28661564 -0.01813239
v 0.07646251 0.28821766 -0.01775318
v 0.07546128 0.26030353 -0.01183036
v 0.07605869 0.25459266 -0.01253154
v 0.08416404 0.26460138 -0.02573233
v 0.08366840 0.26550922 -0.02292754
v 0.08465816 0.27431768 -0.03505255
v 0.08456144 0.28352568 -0.03593978
v 0.08306234 0.28342623 -0.03373851
v 0.08355891 0.27461779 -0.03355187
v 0.07757587 0.27721101 -0.03002087
v 0.07407421 0.27831465 -0.02952391
v 0.07356027 0.27701068 -0.00842993
v 0.07276597 0.28081888 -0.00672354
v 0.07186600 0.28571737 -0.01743276
v 0.07216575 0.28731728 -0.01573353
v 0.07856583 0.26089844 -0.02552343
v 0.07426026 0.25438359 -0.01802138
v 0.07856500 0.25889888 -0.02362501
v 0.07006045 0.25388590 -0.01601366
v 0.06945974 0.25308755 -0.01381457
v 0.07215925 0.25288618 -0.01541955
v 0.08036199 0.26150012 -0.02003069
v 0.08236305 0.26250145 -0.02273404
v 0.07026043 0.27731094 -0.01373292
v 0.06886628 0.27571294 -0.01483695
v 0.06936054 0.27711055 -0.01323233
v 0.08436492 0.28021425 -0.02514202
v 0.08516219 0.27220553 -0.02503966
v 0.07706721 0.29111543 -0.01453364
v 0.07546708 0.28131747 -0.01452458
v 0.07616749 0.28481710 -0.01282476
v 0.08046050 0.29421669 -0.01415693
v 0.07876074 0.29271710 -0.01475611
v 0.07806747 0.29181522 -0.01453356
v 0.07906788 0.29231504 -0.01383190
v 0.06325852 0.26790136 -0.01327018
v 0.06635836 0.26630104 -0.01176988
v 0.06805848 0.26930287 -0.01176238
v 0.08345947 0.29962108 -0.02354979
v 0.08385926 0.29752100 -0.02455002
v 0.08195224 0.29022002 -0.03175367
v 0.07616063 0.29221648 -0.01875750
v 0.07676281 0.29071671 -0.01955530
v 0.07775821 0.30261442 -0.02586318
v 0.07715887 0.30091512 -0.02236222
v 0.07725900 0.30131522 -0.02116202
v 0.07795769 0.30521375 -0.02176497
v 0.06825175 0.25066721 -0.01102278
v 0.07125898 0.25078660 -0.01361661
v 0.07115898 0.25188714 -0.01391730
v 0.06895239 0.25196639 -0.01202409
v 0.07195668 0.26400381 -0.01246323
v 0.07076169 0.26310435 -0.01462948
v 0.08536414 0.26560122 -0.02843159
v 0.08456372 0.26490170 -0.02733178
v 0.08586723 0.26861060 -0.02973158
v 0.08676752 0.26971015 -0.03063170
v 0.07256882 0.28461602 -0.02112915
v 0.07206970 0.28351659 -0.02062733
v 0.07736780 0.29531649 -0.02293435
v 0.07975953 0.29752338 -0.02454470
v 0.07865943 0.30042312 -0.02134532
v 0.07705929 0.29841548 -0.02096142
v 0.08346251 0.29092512 -0.03404073
v 0.07686268 0.28931722 -0.01915398
v 0.07756270 0.28951705 -0.02025429
v 0.07636263 0.28971720 -0.01865423
v 0.07396624 0.28751674 -0.01453203
v 0.07616674 0.28631669 -0.01492952
v 0.07986113 0.29441634 -0.01555760
v 0.08356938 0.29771152 -0.01883679
v 0.08266971 0.29781196 -0.01903640
v 0.07916102 0.29521623 -0.01585816
v 0.07466672 0.29201525 -0.01553683
v 0.01591164 0.24138123 -0.08164375
v 0.01799702 0.25067919 -0.09026054
v -0.03535933 0.33141115 0.06894699
v -0.04234403 0.32981753 0.06343629
v -0.04115689 0.32371303 0.06714728
v -0.03455939 0.32461250 0.07164920
v 0.07775945 0.30131456 -0.01406337
v 0.07855975 0.30281478 -0.01806274
v 0.07955980 0.30381474 -0.01846288
v 0.07825954 0.30211461 -0.01496319
v 0.08505680 0.29542100 -0.02795038
v 0.08886226 0.29142246 -0.03274641
v 0.07426525 0.27771896 -0.01652609
v 0.07086521 0.27501255 -0.01623794
v 0.06066570 0.27401441 -0.01503917
v 0.06106663 0.27521399 -0.01513817
v 0.06166597 0.27471438 -0.01633890
v 0.06126516 0.27351463 -0.01653938
v 0.06395855 0.26880771 -0.01656237
v 0.06665809 0.26790413 -0.01526385
v 0.06585808 0.26600108 -0.01397031
v 0.06315792 0.26680142 -0.01597088
v 0.06006347 0.27091509 -0.01544188
v 0.06036448 0.27251476 -0.01514055
v 0.06106371 0.27181506 -0.01664095
v 0.06076673 0.27002037 -0.01713067
v 0.08285951 0.29972115 -0.02144956
v 0.08455937 0.29952094 -0.02305001
v 0.09026247 0.29062191 -0.03154745
v 0.09036241 0.28842226 -0.03234671
v 0.08816037 0.29542214 -0.03014711
v 0.08856226 0.29362214 -0.03144708
v 0.07285976 0.26910165 -0.00715810
v 0.07395974 0.26920137 -0.00885755
v 0.07346085 0.26759782 -0.00876505
v 0.09136200 0.29362211 -0.03164703
v 0.09156188 0.29562292 -0.03334514
v 0.07005427 0.25287282 -0.00493197
v 0.06875371 0.25157326 -0.00423024
v 0.03931400 0.18207097 0.00878246
v 0.04887534 0.18638140 -0.00125584
v 0.04832885 0.17574327 -0.00179978
v 0.03934305 0.17149372 0.00789425
v 0.07995922 0.29681343 -0.01276570
v 0.07855916 0.29931414 -0.01266427
v 0.06015833 0.26940483 -0.01426524
v 0.06005850 0.26850146 -0.01587042
v 0.06275805 0.26690152 -0.01467069
v 0.06545903 0.27331203 -0.01283482
v 0.06135906 0.27411249 -0.01353538
v 0.06426346 0.27051532 -0.01644026
v 0.06526656 0.27551407 -0.01563770
v 0.06556001 0.27671152 -0.01423354
v 0.06776242 0.26259419 -0.01153056
v 0.06926184 0.26209381 -0.01363027
v 0.07076242 0.26229334 -0.01042994
v 0.06076682 0.26812065 -0.01703173
v 0.07246858 0.28571633 -0.01903098
v 0.06746457 0.27141351 -0.01583876
v 0.07026065 0.26880172 -0.01766467
v 0.06975830 0.26670861 -0.01685750
v 0.06716369 0.26951459 -0.01574011
v 0.07876110 0.25890082 -0.01813215
v 0.07896128 0.26070109 -0.01803211
v 0.07225661 0.26421037 -0.01935734
v 0.07556570 0.26451427 -0.01722856
v 0.07386599 0.28081837 -0.01722573
v 0.07516774 0.28381702 -0.01582633
v 0.07076026 0.27741072 -0.01383283
v 0.06806499 0.27351364 -0.01553895
v 0.07056414 0.27121338 -0.01733921
v 0.06575971 0.27471140 -0.01313407
v 0.06955994 0.27461070 -0.01243329
v 0.06936022 0.27571061 -0.01273281
v 0.06576011 0.27571115 -0.01343347
v 0.07936344 0.29071659 -0.02085510
v 0.07735951 0.29721510 -0.01126196
v 0.07875944 0.29421508 -0.01196173
v 0.07886150 0.30631196 -0.03836745
v 0.07676166 0.29841939 -0.04235037
v 0.07726017 0.29961693 -0.02945448
v 0.06456457 0.27231485 -0.01623953
v 0.06176721 0.27611390 -0.01493729
v 0.06225990 0.27571175 -0.01383427
v 0.08476265 0.26180238 -0.02563283
v 0.07146300 0.26199228 -0.01012855
v 0.07286660 0.28561676 -0.01513023
v 0.08417697 0.26910284 -0.03321845
v 0.08296999 0.26419750 -0.03082443
v 0.07206614 0.28691715 -0.01563231
v 0.07276631 0.28801683 -0.01503239
v 0.07016148 0.26249421 -0.01423047
v 0.07155684 0.26310331 -0.01156392
v 0.07306623 0.28841662 -0.01483336
v 0.07365911 0.26860166 -0.01025903
v 0.08456760 0.29031447 -0.02603501
v 0.07525886 0.25108418 -0.01852158
v 0.07315845 0.24988551 -0.01571953
v 0.06185954 0.27511203 -0.01363489
v 0.06515795 0.26620141 -0.01327064
v 0.06496542 0.27401480 -0.01613904
v 0.07205909 0.27231139 -0.01183187
v 0.07156063 0.27019829 -0.01146670
v 0.07405882 0.27081147 -0.01043092
v 0.07706545 0.26491302 -0.01902791
v 0.07316708 0.26591331 -0.02152439
v 0.07446799 0.26671419 -0.02372236
v 0.07896571 0.26561141 -0.02062662
v 0.08136633 0.25979877 -0.02812641
v 0.07956393 0.25579992 -0.02462657
v 0.08165964 0.25398549 -0.02472912
v 0.08406415 0.25820073 -0.02852922
v 0.07895479 0.32080710 -0.04778289
v 0.07995868 0.31210619 -0.03207182
v 0.08055530 0.32780963 -0.03697471
v 0.08266104 0.29892403 -0.02974291
v 0.08286100 0.29652455 -0.03124175
v 0.08797345 0.29750693 -0.03423209
v 0.07705867 0.30381486 -0.01626277
v 0.07725957 0.30121517 -0.01956189
v 0.07775974 0.30221492 -0.01776243
v 0.08815631 0.27401620 -0.03605515
v 0.07446705 0.28651702 -0.00962485
v 0.07636634 0.28691682 -0.01212911
v 0.07766603 0.26189896 -0.02652143
v 0.07926190 0.26390105 -0.01843192
v 0.08156591 0.26431122 -0.02042937
v 0.08826002 0.30002165 -0.02304801
v 0.08515898 0.29832026 -0.02065145
v 0.00976423 0.17443849 0.03383084
v 0.00947873 0.16568971 0.03022976
v 0.01005547 0.27532342 0.09024885
v 0.01145712 0.27512401 0.08875562
v 0.01025575 0.27702308 0.08774745
v 0.00955536 0.27702391 0.08844812
v 0.01045624 0.26612392 0.08905524
v 0.00985646 0.26772442 0.08785633
v 0.01075650 0.26742458 0.08685680
v 0.01155651 0.26612461 0.08805680
v 0.00715467 0.27662486 0.08754814
v 0.00565489 0.27402422 0.09034905
v 0.00725440 0.27502432 0.09164755
v 0.00825476 0.27712461 0.08824778
v 0.08816068 0.30312255 -0.02394590
v 0.01355664 0.26592138 0.08874987
v 0.01265679 0.26772439 0.08755644
v 0.01335689 0.26822373 0.08935501
v 0.01485602 0.26672062 0.09034787
v 0.00685412 0.26691943 0.09704432
v 0.00775448 0.26902083 0.09714703
v 0.00675485 0.26812115 0.09484847
v 0.00685432 0.26621976 0.09444533
v 0.00935492 0.26952013 0.09654614
v 0.01115419 0.26911888 0.09824266
v 0.01275473 0.26901960 0.09654495
v 0.01075544 0.26931927 0.09494498
v 0.00625646 0.27042469 0.08985696
v 0.00775620 0.26852486 0.09125727
v 0.00555550 0.27062106 0.09344835
v 0.01355695 0.27052402 0.08745571
v 0.01225688 0.26942435 0.08605637
v 0.01125691 0.27322140 0.08544916
v 0.01245677 0.27402154 0.08634908
v 0.04193134 0.19910061 0.01019972
v 0.05033720 0.20054853 -0.00197963
v 0.03536051 0.28823018 0.06787026
v 0.03455899 0.28543034 0.06906714
v 0.03055847 0.28652909 0.06986443
v 0.03155855 0.28902993 0.06876566
v 0.07475962 0.27311081 -0.00962990
v 0.07425980 0.27401081 -0.00852970
v 0.08287673 0.29380804 -0.03272525
v 0.08736017 0.29712191 -0.02814767
v 0.08246082 0.30072340 -0.02774423
v 0.08125933 0.30301353 -0.02326513
v 0.07975953 0.30172274 -0.02224604
v 0.08075976 0.29902303 -0.02604530
v 0.09046036 0.29712224 -0.02834677
v 0.07246297 0.26079139 -0.00992781
v 0.08216212 0.28661406 -0.02324616
v 0.08045897 0.30361351 -0.02076531
v 0.08395898 0.30511305 -0.02146613
v 0.08835650 0.27441612 -0.03155545
v 0.09096200 0.29562205 -0.03024712
v 0.08926035 0.29422209 -0.02904714
v 0.08175924 0.29631290 -0.01486679
v 0.07607061 0.26911378 -0.02592562
v 0.08247019 0.26911271 -0.02372777
v 0.08096720 0.26671070 -0.02222496
v -0.08728622 0.29300022 -0.03529417
v -0.08727621 0.29030037 -0.03636650
v -0.08737332 0.28890195 -0.03446751
v -0.08727398 0.29130125 -0.03356839
v -0.08327118 0.27479899 -0.03287018
v -0.08337347 0.28209814 -0.03477575
v -0.08457370 0.28470162 -0.03576065
v -0.08467247 0.28259864 -0.03467683
v 0.07546949 0.26731598 -0.02492477
v 0.07197028 0.28241685 -0.01992451
v 0.06945935 0.26570883 -0.00192677
v 0.07805779 0.25458702 -0.01553334
v -0.08308134 0.26449618 -0.02906575
v -0.08208266 0.26519543 -0.02866394
v -0.08368462 0.26969191 -0.03066625
v -0.08477850 0.26919544 -0.03137123
v 0.07935828 0.25548568 -0.01773334
v 0.03161114 0.24281940 -0.07624737
v 0.03549497 0.25296271 -0.08397929
v 0.09025650 0.27401540 -0.03465660
v 0.08255956 0.29922101 -0.02234991
v 0.07426161 0.26039225 -0.01102932
v 0.07365931 0.25519332 -0.01002860
v 0.07205862 0.25559381 -0.00842772
v 0.07716285 0.28991690 -0.01995468
v 0.07696659 0.26300001 -0.02672026
v 0.07706811 0.26519886 -0.02791738
v 0.06196649 0.27541435 -0.01593817
v 0.07886449 0.25749937 -0.02392624
v 0.07485941 0.25268397 -0.01822295
v 0.05542682 0.20293714 -0.01395831
v 0.05294231 0.20462029 -0.02719211
v -0.06589353 0.24765137 -0.00689125
v -0.06908657 0.24945335 -0.00869852
v -0.06929041 0.24715206 -0.00979331
v -0.06459524 0.24585062 -0.00808824
v 0.05233514 0.19270748 -0.02594883
v 0.05397047 0.18995222 -0.01330374
v 0.07146144 0.27920899 -0.00343155
v 0.07195912 0.27201164 -0.00533145
v 0.07105995 0.27100885 -0.00362876
v 0.02118682 0.18312503 0.02937007
v 0.01888410 0.16940817 0.02560792
v 0.06895830 0.26641098 0.00167377
v 0.06815867 0.26631090 0.01197413
v 0.07086640 0.28151065 0.01137226
v 0.07026307 0.27600905 0.00186808
v 0.05967057 0.31351697 0.04542985
v 0.06115916 0.31401387 0.04093161
v 0.06165947 0.30461323 0.04145152
v 0.05986339 0.30591568 0.04525834
v 0.02196546 0.37232760 0.06060765
v 0.01174974 0.37322000 0.06294170
v 0.01187525 0.38072529 0.05673391
v 0.02238328 0.37982613 0.05363110
v 0.03700848 0.26116973 -0.08938704
v 0.03852310 0.27137491 -0.09519098
v 0.01992467 0.26789194 -0.10206582
v 0.01901119 0.25808588 -0.09595541
v 0.02284199 0.39702716 0.03046152
v 0.01213938 0.39882746 0.03327347
v 0.01223936 0.40322804 0.02257175
v -0.06180224 0.24704695 -0.00888215
v -0.06651346 0.24608114 -0.01285428
v -0.06641268 0.24897885 -0.01355759
v -0.06260303 0.24934557 -0.01038274
v 0.02293899 0.40112919 0.02015687
v 0.05285636 0.28592351 0.05866866
v 0.05475492 0.27981964 0.05897329
v 0.05105697 0.27932078 0.06247661
v 0.04966014 0.28542396 0.06137183
v 0.07295100 0.25107142 -0.00743606
v 0.07185265 0.25187153 -0.00643369
v -0.08205780 0.30320764 -0.02146056
v -0.08235551 0.30000845 -0.02096240
v -0.08068557 0.29929712 -0.01858162
v -0.08019016 0.30259645 -0.01878588
v -0.06779494 0.27059102 -0.02796779
v -0.06627399 0.26451135 -0.02588383
v -0.07269265 0.26849142 -0.02957170
v -0.07289092 0.27119130 -0.03006786
v 0.01233497 0.40662736 0.01025929
v 0.02323029 0.40432978 0.00825023
v 0.01385425 0.29532951 0.07535183
v -0.08049537 0.29299319 -0.02838749
v -0.08139349 0.29359230 -0.03176765
v -0.08187653 0.29140034 -0.03276695
v -0.08087579 0.29010114 -0.03016627
v -0.08368705 0.29460067 -0.03639255
v -0.08388664 0.29160035 -0.03749226
v -0.06497072 0.25583038 -0.00552505
v -0.06437430 0.25922790 -0.00462356
v -0.06517193 0.26062793 -0.00582636
v -0.06546897 0.25962910 -0.00712915
v -0.06748980 0.27200398 -0.01997524
v -0.06909692 0.27610099 -0.01844693
v -0.07846933 0.25480738 -0.02367401
v -0.07857074 0.25670630 -0.02277193
v -0.08098040 0.26039720 -0.02616636
v -0.08098075 0.25899696 -0.02736681
v 0.01425442 0.29713011 0.07255461
v 0.01775760 0.29393354 0.07116932
v 0.01745493 0.29193151 0.07335614
v 0.00936566 0.34562337 0.07574580
v 0.01036727 0.35342348 0.07314510
v 0.01925784 0.35332847 0.07139549
v 0.01756989 0.34562311 0.07443955
v 0.02216126 0.29143000 0.06996960
v 0.02126077 0.28942958 0.07146865
v 0.01207424 0.38772264 0.04963005
v 0.02266422 0.38652566 0.04669887
v 0.02247167 0.40731090 -0.04327664
v -0.07576600 0.25930867 -0.02127275
v -0.07816717 0.26160732 -0.02477160
v -0.07927997 0.26209712 -0.02646236
v -0.07816780 0.26010698 -0.02437060
v 0.02287252 0.40781170 -0.03457685
v 0.01186173 0.41041207 -0.03508452
v -0.08325591 0.29590744 -0.02806317
v -0.08125636 0.29830775 -0.02356222
v -0.08235277 0.29770941 -0.02326488
v -0.08425311 0.29530883 -0.02776506
v 0.01295872 0.40921125 -0.04788490
v 0.06885751 0.27802402 -0.05637528
v 0.07215297 0.27801523 -0.04105049
v 0.07446524 0.28972045 -0.04343811
v 0.07245594 0.29429421 -0.06067903
v 0.03012336 0.18848400 0.02097692
v 0.02830162 0.17541455 0.01732470
v -0.07507644 0.28300551 -0.03015577
v -0.07370620 0.28799438 -0.02860787
v -0.07258435 0.28740308 -0.02830878
v -0.07388914 0.28300536 -0.02983335
v -0.08377702 0.29239962 -0.03456878
v -0.08407567 0.28970075 -0.03546289
v -0.08237557 0.28870127 -0.03386174
v -0.07018846 0.29099414 -0.01706541
v -0.07094058 0.29192135 -0.01815853
v -0.07135888 0.29030573 -0.01856475
v -0.07098802 0.28909400 -0.01746514
v -0.06909094 0.24565013 -0.01279266
v -0.06431183 0.25600421 -0.01983329
v -0.06620324 0.25640190 -0.02143807
v -0.06918649 0.26019850 -0.02446258
v -0.06779164 0.26129654 -0.02486183
v 0.05396438 0.33592105 0.05194618
v 0.05626407 0.34112012 0.04724444
v 0.05916328 0.33372012 0.04394681
v 0.05666414 0.32952151 0.04894942
v 0.00796476 0.33273119 0.07953601
v 0.01514743 0.33272856 0.07903193
v 0.01334902 0.32642746 0.07983571
v 0.00726630 0.32623002 0.08043914
v -0.06160190 0.24904953 -0.00508387
v -0.06469523 0.24935234 -0.00519007
v -0.06539315 0.24825227 -0.00619156
v -0.06240001 0.24754909 -0.00628460
v 0.05965759 0.29872221 0.04606270
v 0.06196454 0.29561782 0.04336798
v 0.06085467 0.28782395 0.04826289
v 0.05815207 0.29192650 0.04985798
v 0.05535591 0.28722420 0.05566717
v -0.07344222 0.29532039 -0.01856177
v -0.07589254 0.29459679 -0.02068068
v -0.07399730 0.29369569 -0.01999126
v -0.07233988 0.29412147 -0.01825896
v 0.05755760 0.28141961 0.05547132
v -0.08217266 0.28039858 -0.03307475
v -0.08117276 0.28720295 -0.03156796
v 0.02084665 0.36282417 0.06718034
v 0.01117097 0.36322433 0.06924196
v 0.06055987 0.32421881 0.04154405
v 0.05846440 0.32172158 0.04664946
v 0.01115331 0.29853040 0.07804967
v 0.01175285 0.29993102 0.07445087
v 0.00935450 0.30442762 0.07705007
v -0.08158270 0.27149391 -0.02706809
v -0.08158375 0.27149275 -0.03006592
v -0.08088030 0.26759467 -0.02856760
v -0.08088040 0.26769522 -0.02556881
v 0.00584478 0.30421013 0.08281520
v 0.00585970 0.30822939 0.08154555
v 0.00895542 0.30802569 0.07785171
v 0.03526190 0.34492826 0.06719123
v 0.03725366 0.35202491 0.06349054
v 0.04465585 0.35032660 0.05779290
v 0.04275384 0.34372798 0.06189055
v 0.02274512 0.39212546 0.03916933
v -0.08137073 0.27960077 -0.02747863
v -0.08167167 0.27939960 -0.03097672
v 0.01204320 0.39362574 0.04198853
v 0.00636553 0.31783044 0.08034699
v 0.01055256 0.31782722 0.07874880
v 0.00965432 0.31412545 0.07785113
v -0.08507401 0.28820089 -0.03316519
v -0.08517223 0.28209901 -0.03327784
v -0.08467413 0.28870124 -0.03406368
v -0.07139791 0.29119667 -0.02649958
v -0.07128213 0.29410177 -0.03075554
v -0.07061812 0.28769550 -0.03183278
v -0.07170598 0.28879592 -0.02761247
v 0.00636314 0.31442890 0.08024671
v 0.02586211 0.28782558 0.07067172
v 0.02676320 0.28992465 0.06957417
v 0.06513996 0.25054622 -0.01033699
v 0.06615207 0.24996793 -0.00971775
v 0.07196024 0.29661927 -0.00185240
v 0.07115962 0.28621992 0.00044922
v 0.07096130 0.29461846 0.00974514
v 0.07146087 0.30711657 0.00704058
v 0.07475964 0.31811297 0.00313236
v 0.07695314 0.32691258 -0.00298434
v 0.07715723 0.31091446 -0.00906394
v 0.07505857 0.30501825 -0.00425527
v 0.04744482 0.19479898 -0.03726255
v 0.04577702 0.20570548 -0.03957675
v 0.00594504 0.30120227 0.08553698
v 0.00584365 0.29829714 0.08804410
v 0.02144833 0.30908236 -0.12011208
v -0.06617937 0.26441526 -0.00626710
v -0.06768019 0.26641053 -0.00748129
v -0.06647710 0.26421598 -0.00886674
v -0.06555367 0.26203898 -0.00835819
v 0.02144727 0.29548118 -0.11560616
v 0.04034895 0.30048651 -0.10730751
v 0.03965426 0.31299710 -0.11058788
v 0.06624998 0.26782724 -0.05147581
v -0.06968296 0.25840008 -0.02306268
v -0.06690195 0.25550747 -0.02063832
v -0.06729935 0.25510883 -0.01993957
v -0.07019401 0.25690556 -0.02154289
v 0.06996237 0.26946503 -0.03754877
v 0.01215693 0.27192357 0.09075475
v 0.00905585 0.27652323 0.08594815
v 0.00915684 0.27292156 0.08544940
v 0.00875625 0.27562287 0.08584897
v 0.01215658 0.26892111 0.09274927
v 0.01435501 0.26831967 0.09404533
v 0.01005673 0.26912445 0.08565649
v 0.00915669 0.26932469 0.08625694
v 0.00845664 0.27322188 0.08574940
v 0.01015572 0.27682322 0.08654761
v 0.00415217 0.26512048 0.09934420
v 0.00465094 0.26672104 0.10214309
v 0.00835243 0.26801994 0.10104231
v 0.00695308 0.26651955 0.09904335
v 0.00675504 0.27582464 0.08734886
v 0.00595566 0.27352357 0.08814999
v 0.00685487 0.27152130 0.09544714
v 0.00865507 0.27522349 0.09134796
v 0.00895499 0.27712435 0.08844773
v 0.00865578 0.27212155 0.09454869
v 0.00805508 0.26612103 0.09194847
v 0.01035657 0.27222335 0.09295415
v -0.07839697 0.29569378 -0.02288712
v -0.07860018 0.29059282 -0.02338917
v -0.07680139 0.29069394 -0.02189397
v -0.07146060 0.26112348 -0.01357284
v -0.07226039 0.26222342 -0.01537199
v -0.07346462 0.25921449 -0.01697738
v -0.07256632 0.25741413 -0.01537624
v 0.07766165 0.26330149 -0.01673259
v 0.05242879 0.21853609 0.00302613
v 0.05779121 0.23272105 -0.00406417
v 0.05747251 0.23189214 -0.00888234
v -0.07408342 0.24881834 -0.01785002
v -0.07158671 0.24851595 -0.01854719
v -0.06909346 0.24691422 -0.01554249
v -0.07168699 0.24671786 -0.01524725
v -0.06555423 0.26113871 -0.00766015
v -0.06557299 0.26192716 -0.00602524
v -0.07697545 0.28320441 -0.03225798
v -0.07598729 0.28929275 -0.03036834
v 0.05397119 0.21677607 -0.00506285
v 0.07966306 0.28911680 -0.02125454
v 0.06765885 0.33941472 0.02563380
v 0.06926334 0.35060826 0.01503336
v 0.07485840 0.33871117 0.00452719
v -0.08019806 0.28859338 -0.02769301
v -0.08067222 0.28610396 -0.02896706
v 0.07325797 0.32821250 0.01093012
v 0.06936539 0.35960498 0.00643063
v 0.07515198 0.34881282 -0.00339923
v 0.07855432 0.33651164 -0.01188167
v 0.08005818 0.31561300 -0.02396686
v 0.04355701 0.30142757 0.06296313
v 0.04375640 0.30122691 0.06305856
v 0.04225614 0.30092844 0.06436140
v -0.06929144 0.27660650 -0.01215697
v -0.06689174 0.27710655 -0.01335594
v -0.06679188 0.27630681 -0.01335715
v -0.06979104 0.27500692 -0.01205868
v 0.04225687 0.30112755 0.06416185
v 0.04305700 0.30152720 0.06236310
v 0.04175797 0.30102685 0.06336237
v -0.06959267 0.27660599 -0.01075645
v -0.06999179 0.27500689 -0.01055771
v -0.06959227 0.27490658 -0.00935685
v -0.06929322 0.27580610 -0.00925650
v 0.04385716 0.30192712 0.06136305
v 0.04445733 0.30172753 0.06186403
v 0.04465730 0.30152789 0.06196478
v 0.02634985 0.30202904 0.06595284
v 0.02695778 0.30242822 0.06535251
v 0.02965902 0.30162942 0.06576799
v 0.02895891 0.30153006 0.06676932
v 0.02604819 0.30173135 0.06635146
v 0.02885902 0.30123046 0.06717035
v -0.06609260 0.27740693 -0.01375616
v -0.06639217 0.27710682 -0.01345660
v -0.06669205 0.27760670 -0.01375545
v -0.07090748 0.27999485 -0.02560835
v -0.07208106 0.27220234 -0.02677620
v -0.07048326 0.27200282 -0.02557701
v -0.06929115 0.27890509 -0.02406964
v 0.03005799 0.30392781 0.05976425
v 0.02955995 0.30422631 0.05966835
v -0.08227041 0.27249971 -0.03177157
v 0.03095247 0.30362540 0.05995315
v 0.02455962 0.30392334 0.06376445
v 0.02455917 0.30502290 0.06396256
v -0.07694454 0.29901442 -0.01447087
v -0.07534412 0.30121547 -0.01446909
v -0.07813933 0.30441609 -0.01896451
v 0.02935971 0.30502239 0.05986318
v 0.02936029 0.30442268 0.05966509
v 0.02485931 0.30352709 0.06386804
v -0.06696167 0.26332435 -0.01766991
v -0.06956228 0.26432380 -0.01497406
v -0.06807371 0.26411375 -0.01347334
v -0.06646246 0.26302445 -0.01597155
v -0.06618171 0.26820862 -0.01158119
v -0.06408038 0.26500863 -0.01067799
v -0.06827992 0.26660988 -0.01018135
v -0.06949550 0.28260157 -0.01084673
v -0.06819584 0.27870226 -0.01324723
v -0.06899243 0.27760583 -0.01185585
v -0.06939302 0.27800512 -0.01055437
v -0.08298063 0.26369652 -0.03036623
v -0.08458125 0.26859406 -0.03296858
v -0.08287892 0.26829520 -0.03436944
v -0.08127992 0.26309663 -0.03176726
v 0.02325954 0.30322757 0.06396988
v 0.02245991 0.30352372 0.06366611
v -0.06259850 0.25255105 -0.00388941
v -0.05941080 0.25004828 -0.00657159
v -0.06218006 0.25542647 -0.00341709
v -0.08626478 0.29970667 -0.03029525
v -0.08296722 0.30190670 -0.03079979
v -0.08336795 0.29980603 -0.03309838
v -0.08676570 0.29770705 -0.03240004
v -0.06719577 0.28360435 -0.01904956
v -0.06739689 0.28150034 -0.01855097
v -0.06749596 0.28299987 -0.01735203
v -0.06719512 0.28490362 -0.01764930
v 0.02245945 0.30492333 0.06396399
v 0.03405453 0.30012697 0.06726187
v 0.03425460 0.29932714 0.06726221
v 0.02955791 0.29962924 0.06746741
v 0.02915942 0.30063045 0.06737039
v 0.03385429 0.30062702 0.06706179
v 0.03725266 0.30072838 0.06616077
v 0.03735238 0.30022892 0.06636041
v 0.03745198 0.29942951 0.06635995
v -0.04597246 0.24720538 -0.05468577
v -0.05472510 0.24859877 -0.03735039
v -0.05910366 0.26084369 -0.04672227
v -0.05200013 0.25890720 -0.06205582
v -0.07528352 0.25161800 -0.01735110
v -0.07388447 0.24971898 -0.01495007
v -0.07068691 0.29009926 -0.00995208
v -0.06997503 0.29190561 -0.00892378
v -0.07117589 0.29710430 -0.01062690
v -0.07187381 0.29390460 -0.01042995
v 0.02627329 0.30063114 0.06725919
v 0.02616787 0.30143240 0.06685779
v 0.03744990 0.29873109 0.06635188
v 0.03445262 0.29862931 0.06725977
v -0.08437679 0.28359959 -0.03826969
v -0.08707587 0.28290021 -0.03677004
v 0.02975776 0.29892930 0.06746756
v 0.02626665 0.30003193 0.06726149
v 0.02345815 0.30123010 0.06656934
v 0.02465114 0.30153260 0.06655823
v 0.03444810 0.29773065 0.06704795
v 0.03434729 0.29683179 0.06694715
v 0.02955120 0.29703245 0.06745008
v 0.02975270 0.29803202 0.06745469
v -0.07294152 0.29581988 -0.01706215
v -0.07639134 0.29889715 -0.02028735
v -0.07429500 0.29659632 -0.01908985
v -0.07253990 0.29522064 -0.01736043
v -0.07228532 0.28739545 -0.01496727
v -0.07288411 0.28869566 -0.01456656
v -0.07118501 0.28959537 -0.01466560
v -0.07018603 0.28819531 -0.01486627
v 0.03744970 0.29792961 0.06604972
v 0.03734903 0.29693043 0.06594882
v -0.06947693 0.29670447 -0.00822377
v -0.07146570 0.30100900 -0.01153338
v 0.04575735 0.30152813 0.06036529
v 0.04625719 0.30192807 0.05946515
v 0.04615725 0.30142823 0.05956554
v -0.06251436 0.25573584 -0.01887935
v 0.04595910 0.30102444 0.06007257
v 0.04845354 0.29862347 0.05716033
v 0.04935940 0.29982147 0.05617023
v 0.05086132 0.29912087 0.05497408
v -0.07228468 0.28890017 -0.01225455
v -0.07318529 0.29129496 -0.01206442
v -0.07378354 0.29019564 -0.01436610
v -0.06357891 0.26012605 -0.00281974
v -0.06477482 0.26162693 -0.00462382
v -0.07184006 0.29442108 -0.01705958
v -0.07104059 0.29322127 -0.01695911
v -0.06958736 0.28949457 -0.01616533
v -0.07028922 0.28749472 -0.01736293
v 0.04976163 0.29772133 0.05617545
v -0.07685730 0.28080931 -0.02408924
v -0.07878585 0.27239421 -0.02506736
v 0.05705531 0.28902400 0.05266600
v 0.05175597 0.29492456 0.05556671
v 0.05315514 0.29632422 0.05376461
v 0.04535733 0.30132806 0.06116514
v 0.04475726 0.30102816 0.06206542
v 0.04525726 0.30172768 0.06106437
v 0.04565727 0.30192780 0.06016462
v 0.04555668 0.30062222 0.06087108
v 0.04485709 0.30032858 0.06186559
v 0.04385661 0.30082932 0.06306213
v 0.04395518 0.30002910 0.06305802
v 0.04235480 0.29973075 0.06436071
v 0.04225393 0.30053112 0.06435905
v 0.04024576 0.30033150 0.06535098
v -0.06229698 0.26231652 -0.03372935
v -0.05802855 0.24939193 -0.01891932
v 0.04044687 0.30083039 0.06525207
v 0.04024563 0.29953173 0.06535130
v 0.04245558 0.29903042 0.06416190
v 0.04034623 0.29883125 0.06525257
v 0.04395594 0.29932833 0.06275939
v 0.04485674 0.29972923 0.06156538
v 0.04565718 0.30012268 0.06047243
v 0.04625889 0.30052415 0.05967313
v 0.04655726 0.30112833 0.05906570
v 0.04585739 0.29952282 0.05987335
v 0.04645454 0.29872179 0.05907239
v 0.04535733 0.29822293 0.06047396
v 0.04505728 0.29912883 0.06106682
v 0.04665907 0.30002427 0.05897402
v 0.04745900 0.29942468 0.05807389
v -0.06998497 0.28999540 -0.01486506
v -0.06988534 0.29039529 -0.01506517
v -0.06908702 0.28949469 -0.01556465
v -0.06908662 0.28889489 -0.01506482
v 0.04395627 0.29873008 0.06236515
v 0.04405542 0.29793090 0.06186424
v 0.04235449 0.29752877 0.06345668
v 0.04245484 0.29832867 0.06385712
v -0.07228766 0.24831878 -0.01284791
v -0.07548404 0.28719792 -0.02188252
v -0.07259396 0.28530008 -0.01985473
v -0.07315807 0.28760603 -0.01926507
v 0.04035070 0.29812989 0.06495371
v 0.04034972 0.29712909 0.06465019
v -0.08487139 0.27409923 -0.03177474
v -0.08617242 0.28199917 -0.03297974
v -0.08756995 0.28230023 -0.03458155
v -0.08617003 0.27379984 -0.03307524
v 0.03385400 0.30082658 0.06686077
v 0.03355393 0.30092588 0.06575914
v 0.03695316 0.30072603 0.06515932
v 0.03735303 0.30092701 0.06596046
v 0.04054912 0.30102783 0.06505433
v -0.06020642 0.24854612 -0.00737865
v -0.06759781 0.28090048 -0.01935143
v -0.06869704 0.27920064 -0.01864929
v 0.03995125 0.30072537 0.06435615
v 0.03685276 0.30062521 0.06415754
v 0.03515418 0.30272338 0.05995393
v 0.03645439 0.30272245 0.05955218
v 0.03955181 0.30062434 0.06335544
v -0.06799074 0.28629288 -0.01776244
v -0.06798732 0.28779459 -0.01616433
v 0.03375387 0.30092490 0.06455708
v 0.03355332 0.30292180 0.06015040
v 0.03045986 0.30172697 0.06456224
v -0.06516214 0.26462635 -0.00437515
v 0.03206287 0.30332780 0.06016038
v 0.02775753 0.30252567 0.06465390
v 0.03525066 0.31293166 0.06645137
v 0.03535489 0.31312746 0.06665778
v 0.03965047 0.31253022 0.06604708
v 0.03924914 0.31233141 0.06574488
v 0.05103951 0.27520919 -0.08559898
v 0.05215136 0.28987229 -0.09279641
v 0.04003873 0.28485018 -0.10173046
v 0.04215105 0.31002951 0.06504795
v 0.04204813 0.31092989 0.06454392
v 0.04444541 0.30962855 0.06324047
v 0.04434578 0.30872881 0.06344081
v 0.04215081 0.30913010 0.06544756
v -0.08276014 0.29640618 -0.03195909
v -0.08327760 0.29460010 -0.03336869
v -0.08126181 0.29520756 -0.03057122
v -0.08086171 0.29650760 -0.02907113
v -0.07996307 0.29820812 -0.02607339
v -0.08006006 0.29970676 -0.02565873
v -0.08196109 0.29820585 -0.03005839
v -0.07129597 0.28640023 -0.01845086
v -0.07215741 0.28810659 -0.01816556
v 0.04415383 0.30772734 0.06365132
v 0.03944965 0.31033057 0.06714518
v -0.07066109 0.26002318 -0.01227477
v -0.07117465 0.25432444 -0.01295619
v -0.07977923 0.26429805 -0.02616468
v -0.07936103 0.26521188 -0.02328564
v -0.08006795 0.27410054 -0.03527490
v -0.08007045 0.28330025 -0.03637750
v -0.07846951 0.28310066 -0.03407808
v -0.07886964 0.27440006 -0.03377543
v 0.03944976 0.31143069 0.06664528
v 0.03924899 0.31213176 0.06594490
v 0.04355234 0.30612156 0.05944962
v 0.04275196 0.30712169 0.06004792
v -0.07289238 0.27689111 -0.03036935
v -0.06949902 0.27789766 -0.02971093
v -0.06889445 0.27680501 -0.00885426
v -0.06820047 0.28070015 -0.00704209
v -0.06748643 0.28550115 -0.01785675
v -0.06768928 0.28719392 -0.01626408
v -0.07387656 0.26070294 -0.02576733
v -0.06949242 0.25431275 -0.01824290
v -0.07387290 0.25880489 -0.02386819
v -0.06530265 0.25380945 -0.01623799
v -0.06480386 0.25301027 -0.01413843
v -0.06739622 0.25281253 -0.01564173
v 0.04335878 0.30702159 0.06154430
v 0.04435210 0.30622184 0.06034938
v 0.04415614 0.30542326 0.05885461
v 0.04505225 0.30542171 0.05944993
v 0.03895734 0.30522406 0.05725634
v 0.03865658 0.30562362 0.05755520
v 0.03805238 0.30602151 0.05794968
v -0.07586241 0.26121441 -0.02047682
v -0.07786600 0.26220843 -0.02307301
v 0.03915735 0.30482414 0.05705658
v -0.06569259 0.27710706 -0.01425438
v -0.06419495 0.27560991 -0.01525753
v -0.06469327 0.27690709 -0.01375533
v -0.07995701 0.28010869 -0.02538878
v -0.08088358 0.27199450 -0.02536859
v -0.07268420 0.29089546 -0.01496569
v 0.03925734 0.30452424 0.05695683
v -0.07089102 0.28110299 -0.01504910
v -0.07169063 0.28470236 -0.01334985
v -0.07614145 0.29401991 -0.01466283
v -0.07444219 0.29251999 -0.01516225
v -0.07368262 0.29169589 -0.01496595
v -0.07478260 0.29209572 -0.01416546
v -0.05878221 0.26790702 -0.01367810
v -0.06188097 0.26630783 -0.01207782
v -0.06348275 0.26930758 -0.01217974
v 0.03915741 0.30432439 0.05705715
v 0.03915781 0.30402601 0.05716052
v 0.05935568 0.27301940 0.05327136
v 0.05945799 0.28402188 0.05197207
v -0.07909297 0.29939526 -0.02398845
v -0.07949349 0.29739496 -0.02508911
v -0.07737152 0.28990456 -0.03226548
v 0.06164926 0.27602184 0.04925705
v 0.04495732 0.30202734 0.06086357
v -0.07184005 0.29212159 -0.01915872
v -0.07235774 0.29060635 -0.01996553
v 0.04535724 0.30232739 0.06006370
v -0.07314599 0.30231267 -0.02616984
v -0.07274569 0.30071330 -0.02266878
v -0.07284467 0.30101401 -0.02136758
v -0.07354189 0.30491567 -0.02196368
v 0.04435725 0.30222705 0.06056289
v -0.06340289 0.25064474 -0.01118405
v -0.06639691 0.25072020 -0.01383214
v -0.06639878 0.25181240 -0.01424107
v -0.06420158 0.25194436 -0.01228616
v -0.06737319 0.26381123 -0.01288153
v -0.06616224 0.26292464 -0.01507160
v 0.04485722 0.30262700 0.05976279
v -0.08088205 0.26529571 -0.02886143
v -0.08007985 0.26459697 -0.02786287
v -0.08138400 0.26839218 -0.03006452
v -0.08228600 0.26959085 -0.03096320
v 0.04585719 0.30282715 0.05916302
v 0.04625716 0.30252767 0.05916426
v 0.04245690 0.30152673 0.06166195
v 0.03805696 0.30312675 0.05866199
v 0.03845729 0.30332690 0.05816237
v -0.06819540 0.28440297 -0.02155001
v -0.06769625 0.28330395 -0.02104986
v -0.07288451 0.29509944 -0.02337765
v -0.07518604 0.29739898 -0.02499167
v -0.07428081 0.30030143 -0.02167598
v -0.07254878 0.29821277 -0.02137317
v -0.07897573 0.29060251 -0.03456491
v 0.04305707 0.30212671 0.06076203
v 0.04125791 0.30092609 0.06246082
v 0.03745787 0.30282617 0.05906090
v 0.03865726 0.30362669 0.05786195
v 0.03885265 0.30382475 0.05745666
v -0.07245774 0.28920636 -0.01946542
v -0.07315724 0.28930652 -0.02056578
v 0.04345724 0.30242664 0.05996194
v -0.07195746 0.28970653 -0.01906565
v 0.04385715 0.30282658 0.05926185
v 0.04515719 0.30322698 0.05916269
v -0.06958678 0.28739533 -0.01506715
v -0.07168672 0.28619528 -0.01546836
v -0.07554139 0.29421902 -0.01606428
v -0.07928257 0.29749858 -0.01927822
v -0.07828685 0.29759720 -0.01947796
v -0.07494082 0.29501906 -0.01626371
v 0.04445734 0.30372426 0.05835700
v 0.04455726 0.30422413 0.05835673
v 0.04545733 0.30372459 0.05895774
v -0.07028397 0.29189983 -0.01595839
v 0.04545718 0.30412436 0.05885715
v 0.04425735 0.30322576 0.05866000
v -0.01131418 0.24145542 -0.08121868
v -0.01331943 0.25041085 -0.09013496
v 0.04445730 0.30482396 0.05845634
v 0.04535623 0.30472368 0.05905548
v 0.04645720 0.30202794 0.05906492
v 0.04645674 0.30282798 0.05876312
v 0.04705472 0.30382743 0.05825554
v 0.04685491 0.30202699 0.05856226
v -0.07344303 0.30121642 -0.01446562
v -0.07424312 0.30261600 -0.01836666
v -0.07524407 0.30361560 -0.01876897
v -0.07394331 0.30201590 -0.01536722
v -0.08059652 0.29539293 -0.02848801
v 0.04755245 0.30202594 0.05785940
v 0.04715479 0.30082723 0.05826282
v 0.04795497 0.30442917 0.05785862
v 0.04914792 0.30483523 0.05714950
v -0.08437479 0.29120073 -0.03326972
v -0.06969557 0.27760154 -0.01704915
v -0.06629378 0.27490348 -0.01677472
v 0.04875300 0.30182931 0.05685876
v 0.04814981 0.30042982 0.05725493
v 0.04615712 0.30332723 0.05876306
v -0.05609638 0.27390462 -0.01537466
v -0.05639704 0.27510452 -0.01547498
v -0.05699692 0.27460423 -0.01667521
v -0.05659687 0.27330399 -0.01687436
v 0.04635669 0.30392522 0.05855738
v 0.04735470 0.30552712 0.05915751
v -0.05939278 0.26870096 -0.01697598
v -0.06208415 0.26780835 -0.01567768
v -0.06128081 0.26600733 -0.01437841
v -0.05868321 0.26680586 -0.01637779
v 0.04815794 0.30632704 0.05896317
v 0.04674888 0.30492538 0.05924687
v 0.04625002 0.30572420 0.06044745
v 0.04665357 0.30652761 0.06045644
v -0.05569681 0.27080405 -0.01587220
v -0.05579636 0.27240440 -0.01557365
v -0.05639641 0.27160388 -0.01707358
v -0.05630297 0.26979271 -0.01746859
v 0.04715778 0.30722883 0.06036682
v 0.04564938 0.30752879 0.06194636
v -0.07859344 0.29949543 -0.02188806
v -0.08029139 0.29929563 -0.02358783
v 0.04604694 0.30832839 0.06184458
v 0.04535211 0.30662531 0.06194929
v 0.04615064 0.30472359 0.05914894
v -0.08587176 0.29040226 -0.03216814
v -0.08597282 0.28820202 -0.03286688
v -0.08375847 0.29520702 -0.03066400
v -0.08417495 0.29330093 -0.03196980
v 0.04565141 0.30542260 0.06004917
v 0.04495172 0.30622223 0.06134880
v 0.04385344 0.30692282 0.06315040
v -0.06818147 0.26900959 -0.00758069
v -0.06917955 0.26911503 -0.00926856
v -0.06877895 0.26751056 -0.00918198
v -0.08697185 0.29340184 -0.03227514
v -0.08708536 0.29530102 -0.03399264
v -0.06519154 0.25275317 -0.00509512
v -0.06399399 0.25145280 -0.00439277
v -0.03691547 0.18263143 0.00894328
v -0.04655128 0.18683386 -0.00085754
v -0.04656167 0.17631464 -0.00149072
v -0.03774853 0.17203170 0.00806587
v -0.07564414 0.29661500 -0.01316915
v -0.07424306 0.29911590 -0.01296657
v 0.04195474 0.30812573 0.06515297
v 0.04126525 0.30801773 0.06313258
v 0.03925070 0.30942857 0.06674695
v -0.05568412 0.26930591 -0.01477744
v -0.05578616 0.26840469 -0.01617629
v -0.05828222 0.26700670 -0.01507802
v -0.06089132 0.27320763 -0.01325414
v -0.05669231 0.27400827 -0.01385310
v 0.03845238 0.30902752 0.06474971
v 0.03585530 0.31372613 0.06775691
v 0.04067664 0.31343037 0.06715262
v 0.03816390 0.30891335 0.06282607
v 0.03576158 0.30691391 0.05922748
v 0.03415989 0.30702186 0.05974700
v 0.03496192 0.30902421 0.06385049
v -0.05969382 0.27040473 -0.01687473
v 0.02515896 0.30572256 0.06436138
v 0.02595876 0.30662218 0.06476077
v -0.06059745 0.27540386 -0.01607567
v -0.06099512 0.27650744 -0.01475259
v -0.06315303 0.26253760 -0.01175592
v -0.06465345 0.26203725 -0.01385506
v -0.06615328 0.26213863 -0.01065620
v -0.05629880 0.26789430 -0.01726998
v -0.06799620 0.28550178 -0.01944814
v 0.02995939 0.30572203 0.06016183
v 0.02955956 0.30532220 0.05996241
v 0.02375880 0.30572268 0.06496165
v 0.02505852 0.30662215 0.06566031
v -0.06289317 0.27120501 -0.01627576
v -0.06568627 0.26859951 -0.01808199
v -0.06508566 0.26660326 -0.01727912
v -0.06249181 0.26940563 -0.01617522
v -0.07406347 0.25861418 -0.01857558
v -0.07436263 0.26041478 -0.01857730
v -0.06777366 0.26400417 -0.01968480
v -0.07107165 0.26421034 -0.01756828
v -0.06939492 0.28060117 -0.01774981
v -0.07068922 0.28370258 -0.01635173
v -0.06619174 0.27720705 -0.01445455
v -0.06349518 0.27330393 -0.01597541
v -0.06599091 0.27110535 -0.01787613
v -0.06109230 0.27450740 -0.01355397
v -0.06489100 0.27450755 -0.01295634
v -0.06469236 0.27560726 -0.01315579
v -0.06119300 0.27550724 -0.01385409
v -0.07505631 0.29060704 -0.02116644
v -0.07297407 0.29700348 -0.01153162
v -0.07446988 0.29410505 -0.01233521
v -0.07424475 0.30581373 -0.03856783
v -0.07218014 0.29790765 -0.04260899
v -0.07254658 0.29921457 -0.02966617
v -0.05989518 0.27220449 -0.01677550
v -0.05709743 0.27610454 -0.01527552
v -0.05759406 0.27550736 -0.01425289
v -0.08017971 0.26159763 -0.02606482
v -0.06675334 0.26183823 -0.01045770
v -0.06838638 0.28550008 -0.01565559
v -0.07957753 0.26889613 -0.03347257
v -0.07818206 0.26409563 -0.03106866
v -0.06768833 0.28679478 -0.01606643
v -0.06838834 0.28789479 -0.01556651
v -0.06555326 0.26233715 -0.01455482
v -0.06697366 0.26301590 -0.01186790
v -0.06858773 0.28819478 -0.01536553
v -0.06887852 0.26851547 -0.01056968
v -0.08020092 0.29019234 -0.02649207
v 0.02925637 0.30842501 0.06485795
v 0.03135675 0.30662531 0.06025867
v -0.07038592 0.25111583 -0.01874784
v -0.06829193 0.24982111 -0.01603417
v 0.03045943 0.30622184 0.06026166
v -0.05719381 0.27500781 -0.01395289
v 0.02755887 0.30752230 0.06476112
v -0.06068132 0.26620728 -0.01367791
v -0.06039660 0.27390385 -0.01657489
v 0.02865651 0.30882493 0.06675783
v 0.02645741 0.30762538 0.06606384
v 0.03505625 0.30952653 0.06586023
v -0.06728800 0.27220875 -0.01225902
v -0.06688069 0.27021420 -0.01176919
v -0.06928578 0.27070975 -0.01076047
v 0.02344291 0.34540710 -0.12252017
v 0.02305040 0.32879314 -0.12430671
v -0.07257000 0.26460534 -0.01938483
v -0.06867488 0.26560310 -0.02188504
v -0.07007288 0.26640326 -0.02398503
v -0.07457026 0.26530483 -0.02098496
v -0.07667937 0.25969765 -0.02836752
v -0.07466806 0.25570729 -0.02487165
v -0.07678186 0.25401098 -0.02505272
v -0.07927824 0.25809845 -0.02876834
v 0.03925290 0.33129928 -0.11210193
v 0.03864354 0.34470907 -0.11011834
v -0.07434370 0.32031775 -0.04785973
v -0.07544584 0.31161439 -0.03226642
v -0.07584501 0.32731473 -0.03706592
v -0.07815924 0.29870901 -0.03026245
v -0.07835907 0.29630804 -0.03175828
v -0.08350238 0.29729164 -0.03490264
v -0.07274091 0.30351728 -0.01656092
v -0.07284071 0.30101639 -0.01986210
v -0.07344183 0.30201674 -0.01806335
v -0.08356544 0.27370200 -0.03647606
v 0.04065915 0.30812213 0.06154304
v 0.03705250 0.30652112 0.05854872
v 0.04844253 0.34620953 -0.10152063
v 0.04764657 0.35481328 -0.09919847
v 0.03944045 0.35630882 -0.10572881
v 0.03421035 0.21852031 -0.05619083
v 0.02531655 0.20720451 -0.06345329
v -0.06999160 0.28640160 -0.01004830
v -0.07188669 0.28679523 -0.01256684
v 0.02165884 0.30552304 0.06606216
v -0.07298100 0.26170063 -0.02666578
v 0.02335867 0.30692244 0.06646124
v -0.07466424 0.26361400 -0.01887774
v -0.07706863 0.26400480 -0.02088378
v -0.08385302 0.29980952 -0.02356436
v -0.08088246 0.29809880 -0.02108577
v 0.02055937 0.30422375 0.06576396
v 0.01995943 0.30402410 0.06596464
v 0.02105922 0.30552360 0.06616361
v 0.02245906 0.30692336 0.06646306
v 0.02545817 0.30822355 0.06686166
v 0.02475814 0.30842423 0.06726263
v 0.02805624 0.31002513 0.06825824
v 0.02815645 0.30942494 0.06795780
v 0.03535548 0.31022665 0.06775898
v 0.03545601 0.31112677 0.06816148
v 0.02765641 0.31072521 0.06765842
v 0.02425816 0.30882472 0.06676307
v 0.02725654 0.31132531 0.06685862
v 0.02415845 0.30962375 0.06636240
v 0.03514962 0.31273231 0.06684913
v 0.03535415 0.31202838 0.06765754
v 0.02335523 0.30213165 0.06606564
v 0.02116013 0.30232793 0.06587154
v 0.02385746 0.30253017 0.06586898
v 0.02145969 0.30262768 0.06557033
v 0.02495765 0.30282903 0.06486674
v 0.02076009 0.30312479 0.06556746
v 0.02005991 0.30282733 0.06586993
v -0.00683932 0.17470136 0.03383990
v -0.00722182 0.16604106 0.03025174
v 0.02575806 0.30302802 0.06436474
v 0.02035939 0.30542409 0.06586459
v 0.01915940 0.30382434 0.06606488
v 0.01925960 0.30582443 0.06516498
v 0.01845968 0.30392447 0.06576534
v 0.02155941 0.30812326 0.06546322
v 0.02185956 0.30712414 0.06586476
v 0.01915989 0.30252784 0.06587060
v 0.01965864 0.30202973 0.06586840
v 0.01856021 0.30242735 0.06587036
v 0.01905868 0.30172953 0.06586803
v 0.02606774 0.29933226 0.06736172
v 0.02574551 0.29843250 0.06735496
v 0.02277295 0.30053422 0.06666546
v 0.02215391 0.29993325 0.06666114
v 0.03404690 0.29573232 0.06684668
v 0.03714753 0.29583222 0.06574713
v 0.03364849 0.29443347 0.06684920
v -0.00534484 0.27522203 0.09035061
v -0.00674486 0.27502021 0.08894666
v -0.00554728 0.27692273 0.08784463
v -0.00494619 0.27692387 0.08854902
v 0.03695243 0.29443407 0.06565304
v 0.02876192 0.29492566 0.06757249
v 0.02935182 0.29593238 0.06745076
v 0.02838563 0.16645756 0.01545524
v 0.04724793 0.29772964 0.05844893
v 0.04816204 0.29662171 0.05787588
v 0.04655775 0.29582730 0.05956194
v 0.04584822 0.29723001 0.05984947
v 0.04425371 0.29673254 0.06145890
v -0.00584508 0.26612148 0.08914938
v -0.00514559 0.26762021 0.08794657
v -0.00604531 0.26732022 0.08704657
v -0.00694549 0.26602063 0.08814742
v 0.04455774 0.29532734 0.06126331
v 0.04225486 0.29493052 0.06306017
v 0.04225302 0.29633021 0.06315450
v 0.04024801 0.29603124 0.06434801
v 0.04005260 0.29453400 0.06435724
v 0.05026041 0.30142191 0.05557033
v 0.05155786 0.30461970 0.05526604
v 0.05205928 0.30082288 0.05416540
v 0.05375676 0.30431879 0.05326366
v 0.01786017 0.30662456 0.06556652
v -0.00254636 0.27652445 0.08774971
v -0.00104483 0.27402279 0.09045233
v -0.00274502 0.27492222 0.09185105
v -0.00364463 0.27712250 0.08845168
v 0.01736000 0.30422536 0.06556688
v 0.01616023 0.30732459 0.06696591
v 0.01595945 0.30452815 0.06656943
v 0.01755967 0.31032461 0.06796227
v 0.01925992 0.30952385 0.06616517
v 0.01775997 0.30232802 0.06597059
v 0.01835869 0.30142954 0.06596796
v 0.01655812 0.30222934 0.06636666
v 0.01745853 0.30082959 0.06636806
v 0.02525238 0.29753315 0.06745865
v 0.02475641 0.29653385 0.06756099
v 0.02165496 0.29923302 0.06686151
v 0.02075798 0.29843104 0.06696540
v 0.04941933 0.26452208 -0.07958492
v 0.05255234 0.30517939 -0.09770700
v 0.04796483 0.31751814 0.06505597
v 0.04577345 0.31472608 0.06565671
v 0.04237494 0.31592652 0.06775676
v 0.04426251 0.31931758 0.06805751
v 0.05056527 0.32131770 0.06285749
v 0.05297809 0.31772056 0.06043249
v 0.05047641 0.31511706 0.06232395
v 0.04827404 0.31301883 0.06343870
v 0.05216045 0.30742067 0.05616175
v 0.05035772 0.30742657 0.05776220
v 0.05026585 0.30922815 0.05915904
v 0.05216964 0.30982187 0.05784034
v 0.05446004 0.30741975 0.05426182
v 0.05467006 0.31062162 0.05603724
v 0.05157683 0.31221709 0.06002408
v 0.04947678 0.31101722 0.06112409
v 0.05417920 0.31381777 0.05832351
v 0.02535590 0.31502628 0.06966072
v 0.02605642 0.31342593 0.06805998
v 0.02285911 0.31152454 0.06686459
v 0.02155956 0.31232357 0.06766375
v 0.02417282 0.31663150 0.07125662
v 0.01945985 0.31332475 0.06916311
v 0.03785919 0.31992090 0.07085915
v 0.03697897 0.31663093 0.06935222
v 0.02695644 0.31182522 0.06655844
v 0.02485645 0.31062528 0.06635848
v 0.02685647 0.31192529 0.06655858
v 0.02425855 0.31052414 0.06616325
v 0.05685719 0.36741000 -0.08216934
v 0.05955505 0.37431306 -0.07006693
v 0.04445602 0.38601381 -0.07826572
v 0.04295784 0.37700906 -0.08997120
v 0.04214978 0.31122896 0.06444648
v 0.04265202 0.31162831 0.06475022
v 0.04514708 0.31042707 0.06344339
v 0.04454613 0.30992767 0.06324163
v 0.04634941 0.30882668 0.06184875
v 0.04694791 0.30932674 0.06194535
v 0.04815687 0.30822593 0.06026034
v 0.04765784 0.30792791 0.06046498
v 0.04825797 0.30712658 0.05936219
v 0.04885789 0.30702668 0.05886244
v 0.02455650 0.31142545 0.06655890
v 0.02675630 0.31232512 0.06695817
v 0.05034702 0.33440977 -0.10230339
v 0.04675997 0.35741845 0.05201203
v 0.05345777 0.35342118 0.04569964
v 0.05145453 0.34722558 0.05178935
v 0.04385515 0.31252587 0.06555517
v 0.04624905 0.31132579 0.06374709
v 0.04794915 0.31002563 0.06174781
v 0.04895699 0.30882606 0.05996098
v 0.04935758 0.30782643 0.05886187
v 0.07045939 0.26820865 -0.00353029
v 0.07105886 0.26810917 -0.00523156
v 0.07947359 0.27641031 -0.03002512
v 0.07757485 0.28331745 -0.02942013
v 0.07627085 0.28672031 -0.02822691
v 0.07776098 0.29601619 -0.01615833
v 0.08125946 0.29902124 -0.01924949
v 0.08276127 0.25890249 -0.02263420
v 0.07936028 0.25740123 -0.01893364
v -0.08385620 0.30290809 -0.02456207
v 0.08266124 0.25970274 -0.02323387
v 0.08846027 0.29452175 -0.02934790
v 0.08886210 0.29282179 -0.03064784
v 0.08976182 0.29252160 -0.03024828
v 0.04233800 0.24479499 -0.06611718
v 0.04730447 0.25621772 -0.07416639
v 0.08926208 0.29082215 -0.03184707
v 0.07355930 0.27251115 -0.00773072
v 0.08077353 0.27580914 -0.03032634
v 0.08247451 0.27500722 -0.03212418
v 0.08327375 0.26980761 -0.03212373
v 0.08257298 0.27040857 -0.03112420
v 0.08226882 0.26519671 -0.02982429
v 0.08186946 0.26619765 -0.02912421
v 0.08436228 0.26210287 -0.02583379
v 0.08576477 0.26570073 -0.02833132
v 0.08255944 0.29932097 -0.02045002
v 0.08196940 0.29841217 -0.01903753
v 0.08325926 0.29902074 -0.02065040
v 0.07435904 0.27111125 -0.00903072
v 0.07596081 0.29421633 -0.01595805
v 0.07546657 0.29191548 -0.01463704
v 0.07506648 0.29231530 -0.01503809
v 0.07075991 0.27601090 -0.01263312
v 0.07076025 0.27691069 -0.01293258
v 0.07205953 0.27441120 -0.01253212
v 0.07455920 0.27301139 -0.01113083
v 0.06785844 0.26560077 -0.01086944
v 0.06725750 0.26440153 -0.01267086
v 0.06765772 0.26350114 -0.01217004
v 0.08535994 0.30492228 -0.02454667
v 0.07556647 0.29101577 -0.01433610
v 0.07696675 0.29201549 -0.01443610
v 0.07746083 0.29321674 -0.01475706
v 0.08405910 0.29852051 -0.02085089
v 0.07766093 0.29411644 -0.01505776
v 0.07686095 0.29411650 -0.01505764
v 0.07856100 0.29571629 -0.01595804
v 0.07626083 0.29421639 -0.01535791
v 0.07467113 0.26901528 -0.02452278
v 0.07317177 0.26891592 -0.02252059
v 0.07225832 0.28871825 -0.00535441
v 0.07316680 0.28651762 -0.00722437
v 0.07825999 0.25700167 -0.01683443
v 0.07566706 0.29331869 -0.02483446
v 0.07595706 0.29612601 -0.02663966
v 0.08736743 0.26991048 -0.03043288
v 0.08046576 0.26531175 -0.02032868
v 0.07816558 0.26471275 -0.01842940
v 0.08256805 0.26630938 -0.02202785
v 0.08426866 0.26871386 -0.02382898
v 0.07196814 0.28471714 -0.01893074
v 0.08306672 0.28861541 -0.02383616
v 0.08376238 0.28631476 -0.02494584
v 0.08146679 0.28881565 -0.02233624
v 0.07685969 0.29961467 -0.02516262
v 0.07665945 0.29981530 -0.02276165
v 0.07646778 0.29461691 -0.02313541
v 0.07625998 0.29801556 -0.02206110
v 0.06985982 0.26899940 -0.01126807
v 0.06916106 0.26299518 -0.01443132
v 0.06905769 0.26490468 -0.01516954
v 0.07026085 0.26300541 -0.01523065
v 0.07045776 0.26390448 -0.01656921
v 0.07095862 0.26530361 -0.01826781
v 0.07155901 0.26720795 -0.01945508
v 0.07206471 0.26951653 -0.01983564
v 0.06945889 0.27301162 -0.01213476
v 0.07685939 0.30011469 -0.01296298
v 0.06895803 0.27131259 -0.01193526
v 0.07105958 0.27461106 -0.01243333
v 0.07105896 0.27281156 -0.01203348
v 0.07065804 0.27101251 -0.01143413
v 0.07476147 0.26240358 -0.01243098
v 0.07556156 0.26390451 -0.01463226
v 0.07335679 0.26300326 -0.01176403
v 0.07656518 0.26421356 -0.01673066
v 0.07225700 0.26320317 -0.01146336
v 0.07626736 0.29451740 -0.02383557
v 0.07625974 0.29771546 -0.02406119
v 0.07045989 0.27170923 -0.00182845
v 0.06365711 0.28111911 0.04446870
v 0.06506497 0.29021510 0.03886905
v 0.02705034 0.23152526 0.06405701
v 0.02615018 0.22842731 0.06445605
v 0.05625611 0.27032179 0.05747057
v 0.05165488 0.26782063 0.06246350
v 0.02604726 0.23742092 0.07575940
v 0.02534918 0.23662125 0.07585761
v 0.02454919 0.23712118 0.07605724
v 0.02524616 0.23752090 0.07575992
v 0.02314966 0.23752201 0.07425687
v 0.02394965 0.23752213 0.07365636
v 0.02414906 0.23752153 0.07455663
v 0.02344969 0.23762162 0.07515689
v 0.02905595 0.25332043 0.07725736
v 0.03225539 0.25731924 0.07545414
v 0.03505363 0.25292000 0.07425623
v 0.03185501 0.24952082 0.07625846
v 0.02565075 0.23612493 0.06635668
v 0.02535112 0.23772585 0.06675845
v 0.02435970 0.23772788 0.07076550
v 0.02465801 0.23702711 0.07026415
v 0.02554947 0.23352270 0.06645783
v 0.02455480 0.23572527 0.06986043
v 0.02715068 0.23542482 0.06385611
v 0.02665116 0.23792578 0.06415818
v 0.03415086 0.23162366 0.07175998
v 0.03095360 0.23362455 0.07356572
v 0.03205153 0.23672353 0.07406141
v 0.03525489 0.23622194 0.07235771
v 0.02575680 0.26442102 0.07645693
v 0.02925618 0.26082000 0.07605468
v 0.02635686 0.25682116 0.07755682
v 0.02285965 0.26092544 0.07786428
v 0.01936104 0.26552892 0.07876717
v 0.02205718 0.26822534 0.07706243
v 0.01785978 0.27302748 0.08246382
v 0.01835930 0.26942697 0.08376256
v 0.01795796 0.26852161 0.08715073
v 0.01815879 0.27062622 0.08586083
v 0.01645863 0.26462197 0.08565164
v 0.01845975 0.26722732 0.08236350
v 0.01285774 0.26362517 0.08605254
v -0.00894633 0.26582009 0.08874609
v -0.00804520 0.26762038 0.08754689
v -0.00864534 0.26811993 0.08944601
v -0.01014685 0.26661888 0.09044335
v 0.01265798 0.26432255 0.08715229
v 0.01645936 0.26402336 0.08405478
v -0.00224503 0.26691586 0.09703741
v -0.00324391 0.26901689 0.09723984
v -0.00224337 0.26811719 0.09494070
v -0.00224372 0.26611677 0.09453966
v 0.01666140 0.26322931 0.08216803
v 0.01305740 0.26292747 0.08485361
v 0.01215661 0.26522177 0.08815066
v 0.01465703 0.26512131 0.08824980
v -0.00484434 0.26951656 0.09653898
v -0.00654601 0.26901600 0.09823750
v -0.00814740 0.26891872 0.09654295
v -0.00614673 0.26921821 0.09504201
v -0.00164533 0.27032036 0.08994704
v -0.00314541 0.26842085 0.09134800
v -0.00104295 0.27061710 0.09354045
v -0.00894510 0.27042037 0.08754686
v -0.00764509 0.26932040 0.08614694
v -0.00654703 0.27312195 0.08564529
v -0.00774746 0.27392253 0.08644460
v 0.01615660 0.26702154 0.08964877
v 0.00645371 0.26581952 0.09674457
v 0.00745372 0.26711887 0.09874333
v 0.01115336 0.29662976 0.08114960
v 0.01385377 0.29303065 0.07805172
v 0.01115273 0.29403147 0.08334975
v 0.01365367 0.29083022 0.08024954
v 0.01535425 0.26912120 0.09344483
v 0.01645670 0.27102369 0.09155504
v 0.01315377 0.27032071 0.09724441
v 0.01395331 0.27292383 0.09654594
v 0.00606147 0.31142837 0.08064643
v 0.00435434 0.26242059 0.09244597
v 0.00465471 0.26162183 0.09184631
v 0.00415460 0.26332080 0.09444742
v 0.02284888 0.36821285 -0.10908675
v 0.02375638 0.38201025 -0.09827140
v 0.02356102 0.39871407 -0.07586531
v 0.02155560 0.40381113 -0.06347992
v 0.00783637 0.24571675 0.09107078
v 0.00746149 0.24822655 0.09106198
v 0.01465871 0.24132812 0.07426198
v 0.00945830 0.24172005 0.07565165
v 0.00905051 0.23992434 0.08026922
v 0.01415183 0.23982576 0.07916969
v 0.01795799 0.23952951 0.07716100
v 0.01876251 0.24102278 0.07235332
v 0.01496314 0.24252115 0.07175042
v 0.00946113 0.24291961 0.07294760
v 0.01364324 0.23892233 0.08346882
v 0.00874299 0.23922104 0.08547049
v 0.00854279 0.24092023 0.08816986
v 0.01364028 0.24042207 0.08567254
v 0.01916164 0.25883055 0.08067084
v 0.01536145 0.25952926 0.08306789
v 0.01156039 0.25972626 0.08656117
v 0.00855525 0.25952539 0.08924690
v 0.00805474 0.26152456 0.08984637
v 0.01035601 0.26222602 0.08754973
v 0.00775433 0.26242369 0.09034622
v 0.01005541 0.26302472 0.08834859
v 0.01005587 0.26382202 0.08904916
v 0.01045591 0.26522112 0.08934908
v 0.00875506 0.26502058 0.09064772
v 0.00915514 0.26612037 0.09024733
v 0.00785432 0.26322234 0.09074658
v 0.00585189 0.28832820 0.09584415
v 0.00575586 0.29202324 0.09305446
v 0.01175314 0.24980888 0.08910675
v 0.00716102 0.25032458 0.09045754
v 0.00646037 0.25412482 0.09015798
v 0.01055722 0.25413090 0.08865719
v 0.01476175 0.25342849 0.08626630
v 0.01645442 0.24810611 0.08660229
v 0.00495444 0.26092339 0.09134577
v 0.01214153 0.24761754 0.08929865
v 0.01253703 0.24521884 0.08907288
v 0.01703755 0.24581656 0.08669476
v 0.01733922 0.24362329 0.08617929
v 0.02096229 0.24562183 0.08345210
v 0.01976212 0.25152856 0.08346663
v 0.02516233 0.24962153 0.08015160
v 0.02464857 0.24292497 0.08027446
v 0.03205397 0.23982370 0.07506331
v 0.02735102 0.23732463 0.07556383
v 0.02755969 0.23862647 0.07607006
v 0.02725881 0.23982640 0.07707154
v 0.03115745 0.24302326 0.07626455
v 0.03515502 0.24072051 0.07346042
v 0.03395500 0.24532054 0.07485957
v 0.02905500 0.24612182 0.07796081
v 0.02655903 0.24122609 0.07827025
v 0.02624463 0.23822075 0.07626116
v 0.02534510 0.23792081 0.07606057
v 0.02604201 0.23892063 0.07716317
v 0.02514300 0.23832069 0.07686212
v 0.02554035 0.23972058 0.07826467
v 0.02474139 0.23872063 0.07776322
v 0.02383965 0.23932059 0.07916462
v 0.02433790 0.24082018 0.07986595
v 0.02334511 0.23782112 0.07465801
v 0.02244339 0.23792072 0.07575852
v 0.02254182 0.23792045 0.07706084
v 0.02344346 0.23772071 0.07586018
v 0.02394909 0.23772173 0.07385533
v 0.02394533 0.23772103 0.07515889
v 0.02385973 0.23832765 0.07156463
v 0.02295777 0.23862644 0.07236149
v -0.03884427 0.19939995 0.01054607
v -0.04722959 0.20090640 -0.00160420
v 0.02445293 0.23752375 0.07315883
v 0.02444914 0.23762161 0.07415605
v 0.02444553 0.23762089 0.07555966
v 0.02434447 0.23792084 0.07606032
v 0.02394248 0.23812063 0.07686169
v 0.02314079 0.23842043 0.07806247
v 0.01734148 0.24162370 0.08497738
v 0.02075377 0.24163519 0.08285763
v 0.02055451 0.23983371 0.08145861
v 0.01724696 0.23952852 0.08296791
v 0.02015584 0.23863232 0.07995967
v 0.01926374 0.24212094 0.06995029
v 0.01705154 0.23852907 0.08116498
v 0.02215955 0.24002735 0.06996349
v 0.02305957 0.24112736 0.06746349
v 0.02124500 0.23902234 0.07425401
v 0.02495245 0.23882611 0.06775922
v 0.02395961 0.23912749 0.06836381
v 0.02575127 0.23972552 0.06525762
v 0.02455311 0.24032496 0.06625690
v 0.02004929 0.23802771 0.07815903
v 0.02105296 0.24343586 0.08345670
v 0.01304183 0.24282303 0.08767708
v 0.00813936 0.24341847 0.08987068
v -0.03064215 0.28792635 0.06785775
v -0.02995376 0.28512046 0.06906272
v -0.02586031 0.28631884 0.06977021
v -0.02686126 0.28871980 0.06877483
v 0.00665090 0.28072402 0.10224047
v 0.00625046 0.28482890 0.09884246
v 0.02394977 0.23742145 0.07595616
v 0.00992015 0.15883024 0.02721561
v -0.06998875 0.27300811 -0.01005853
v -0.06949057 0.27390712 -0.00895673
v -0.07839224 0.29359436 -0.03316463
v 0.02654973 0.23602051 0.07555760
v 0.02494908 0.23122321 0.06666024
v 0.02374929 0.23472357 0.07015721
v 0.03134957 0.22722276 0.07225775
v 0.02714814 0.22292438 0.07466482
v 0.02534884 0.22692348 0.07646158
v 0.02874954 0.23032205 0.07425828
v 0.02294878 0.23272096 0.07876294
v 0.02524934 0.23462151 0.07665896
v -0.08295842 0.29680675 -0.02866065
v 0.02414947 0.23582129 0.07725845
v 0.02194901 0.23472108 0.07936157
v 0.02104918 0.23622137 0.07956035
v 0.02324956 0.23672132 0.07725790
v 0.01925668 0.23783359 0.07806408
v 0.01505944 0.23822878 0.08067177
v 0.01454864 0.23442307 0.07606098
v 0.01894926 0.23412287 0.07385830
v 0.02274891 0.23432443 0.07135926
v 0.02234955 0.23762195 0.07515777
v -0.07805772 0.30061072 -0.02826592
v -0.07684121 0.30291492 -0.02366512
v -0.07528300 0.30150044 -0.02267694
v -0.07628196 0.29890007 -0.02647841
v 0.01985647 0.23783250 0.07886413
v 0.02254955 0.23762156 0.07605796
v 0.01555422 0.23832572 0.08176801
v 0.01879210 0.16156037 0.02244287
v 0.02284968 0.23742129 0.07685722
v 0.02025585 0.23753054 0.07926286
v 0.01624849 0.23752266 0.08246254
v 0.01714856 0.23572202 0.08306280
v 0.01804316 0.23353024 0.08325229
v 0.01874278 0.23083030 0.08245495
v 0.02025239 0.22391318 0.07944253
v 0.02124813 0.21892472 0.07806197
v 0.01465171 0.22201388 0.08194415
v 0.01524993 0.21711828 0.08115053
v 0.01384383 0.22942720 0.08566672
v 0.01345454 0.23292775 0.08707263
v 0.01275247 0.23552270 0.08656481
v 0.01215098 0.23762304 0.08546317
v 0.00545532 0.25922352 0.09074611
v 0.00765443 0.26492077 0.09194747
v 0.00655398 0.26502019 0.09434634
v 0.00945384 0.26861843 0.09954266
v 0.00395332 0.26422054 0.09674611
v 0.01175337 0.27021959 0.09894194
v 0.01025314 0.26961929 0.10044212
v 0.01085251 0.27132016 0.10124159
v 0.01185284 0.27202192 0.09994458
v 0.00885226 0.26911965 0.10164189
v 0.01005212 0.27111959 0.10224093
v 0.00505028 0.26802111 0.10344216
v 0.00574969 0.27162197 0.10524085
v 0.00655017 0.27712354 0.10454101
v 0.00605003 0.27382261 0.10554243
v 0.01115293 0.27302077 0.10164435
v 0.01245264 0.27482194 0.09984311
v -0.08595399 0.29690847 -0.02896434
v 0.01255228 0.27792412 0.09744229
v 0.01435399 0.27562478 0.09384704
v 0.01235376 0.41041762 -0.01888751
v 0.01145291 0.23862453 0.08446563
v 0.01055376 0.23852535 0.08266658
v -0.06775369 0.26053765 -0.01025946
v -0.07778075 0.28639889 -0.02358303
v 0.01425159 0.22452158 0.06944223
v 0.01434950 0.22862510 0.07195391
v 0.00984931 0.22842629 0.07325586
v -0.07603933 0.30351555 -0.02126416
v -0.07953899 0.30501562 -0.02196512
v 0.00975076 0.22452649 0.07094669
v 0.00685089 0.23862617 0.08347142
v -0.08377080 0.27429917 -0.03177333
v -0.08647175 0.29540217 -0.03087373
v -0.08475358 0.29400837 -0.02956595
v -0.07744498 0.29611364 -0.01527212
v -0.07167777 0.26890442 -0.02617706
v -0.07807684 0.26890391 -0.02397640
v -0.07657325 0.26640439 -0.02248302
v -0.07107528 0.26710638 -0.02517834
v -0.06759522 0.28220594 -0.02044912
v 0.00655217 0.23463112 0.07825828
v 0.01005068 0.23472907 0.07765730
v 0.00705001 0.23872569 0.08567103
v 0.00755032 0.23752466 0.08696812
v 0.00805482 0.23542462 0.08836971
v 0.00625440 0.22832909 0.07386097
v 0.00635178 0.22412655 0.07154828
v -0.06466396 0.26532605 -0.00227910
v 0.02334891 0.22972608 0.06765805
v -0.07328202 0.25441888 -0.01595330
v -0.07458237 0.25531736 -0.01815253
v -0.02680822 0.24298406 -0.07557141
v -0.03052029 0.25264141 -0.08373617
v -0.08576739 0.27370095 -0.03507644
v 0.02374915 0.22622849 0.06565464
v 0.01904865 0.22862586 0.07015806
v 0.01914931 0.22502840 0.06795382
v 0.00945631 0.21652722 0.08386563
v 0.00885470 0.22132781 0.08396365
v 0.00835243 0.23222944 0.08877044
v 0.00854819 0.22832654 0.08736239
v 0.02405747 0.39161041 -0.08757174
v 0.06396386 0.35810766 0.02182961
v 0.06246413 0.35171375 0.03033240
v -0.07829591 0.29899457 -0.02278883
v 0.05605420 0.35972369 0.03689086
v 0.05745489 0.36491823 0.02910887
v 0.06426538 0.36530551 0.01332950
v 0.05795149 0.37101775 0.02110049
v 0.04096357 0.40021077 -0.03797730
v 0.04146197 0.40011266 -0.02367835
v 0.02336165 0.40791684 -0.02008447
v 0.03636254 0.40071130 -0.05237351
v 0.04805732 0.39161277 -0.06106805
v 0.04986239 0.39410925 -0.04137788
v 0.04976299 0.39451057 -0.02607894
v -0.06955322 0.26023713 -0.01145902
v -0.06875379 0.25493759 -0.01045622
v -0.06716694 0.25533044 -0.00872944
v -0.07285713 0.28980666 -0.02026588
v 0.02455871 0.19242488 -0.06455489
v 0.05205473 0.31729856 -0.10068660
v 0.04854686 0.39421618 -0.01227720
v 0.04083553 0.39921954 -0.00969155
v 0.04054512 0.39711821 0.00292230
v 0.04734713 0.39271665 -0.00047759
v 0.02334316 0.40652201 -0.00518661
v 0.01234519 0.40902084 -0.00328682
v 0.02114133 0.27964458 -0.10990284
v 0.00574538 0.29549989 0.09043155
v 0.04505312 0.23205978 -0.04803097
v 0.05588778 0.23122409 -0.03245799
v 0.05310081 0.17948981 -0.01373408
v 0.06906132 0.25448498 -0.01681011
v 0.06876223 0.25498357 -0.01760949
v 0.05734974 0.21740565 -0.01577717
v 0.05916190 0.23104808 -0.01687304
v 0.03663271 0.23172966 -0.05930642
v 0.07876877 0.26480022 -0.02802164
v 0.07948065 0.26830807 -0.02931010
v 0.07996628 0.26389936 -0.02762565
v 0.08087976 0.26770693 -0.02921209
v 0.08097287 0.27170938 -0.03012483
v 0.08056648 0.26229858 -0.02672618
v 0.07695948 0.29981530 -0.02036185
v 0.07836001 0.30151495 -0.01966232
v -0.07240418 0.26288539 -0.02695587
v -0.07240662 0.26498467 -0.02815692
v 0.06825687 0.25307488 -0.01291268
v 0.06816149 0.25369132 -0.01440939
v -0.05729739 0.27530423 -0.01627529
v 0.06755741 0.25337371 -0.01360889
v 0.06725728 0.25297481 -0.01240936
v 0.06775285 0.25236678 -0.01142167
v 0.06705331 0.25246593 -0.01141824
v 0.07895624 0.31581300 -0.01516722
v 0.06604699 0.25256768 -0.01453680
v 0.06796265 0.25458348 -0.01700369
v 0.06796135 0.25408563 -0.01560618
v 0.06695750 0.25337309 -0.01440517
v 0.06643993 0.25234273 -0.01264469
v 0.06623983 0.25154522 -0.01114447
v 0.06705245 0.25126702 -0.01051915
v -0.07406995 0.25740641 -0.02417019
v -0.07008857 0.25271451 -0.01844556
v -0.05220633 0.20333053 -0.01338181
v -0.04991164 0.20523125 -0.02657113
v -0.05004097 0.19344862 -0.02507496
v -0.05152197 0.19042072 -0.01266707
v -0.06689122 0.27900401 -0.00376100
v -0.06739121 0.27180609 -0.00565446
v -0.06636175 0.27082610 -0.00397760
v 0.08076649 0.26109853 -0.02722664
v 0.07285868 0.25158608 -0.01572100
v -0.01828478 0.18357615 0.02952824
v -0.01655290 0.17001395 0.02557150
v 0.07756777 0.29211867 -0.02553231
v 0.07776827 0.29041973 -0.02673024
v 0.08015720 0.29202428 -0.02854322
v 0.07985775 0.29412386 -0.02724408
v 0.05912605 0.26682693 -0.06728634
v 0.06114479 0.27712065 -0.07378684
v 0.01302707 0.19581290 -0.06848633
v 0.01339765 0.20960575 -0.06869386
v 0.07445438 0.31050241 -0.06168791
v 0.07746758 0.29381862 -0.02423247
v 0.07986099 0.29582036 -0.02594011
v 0.07977302 0.27231097 -0.03002450
v 0.07646733 0.29321867 -0.02413336
v 0.07666742 0.29161915 -0.02543254
v 0.08095752 0.29742280 -0.02764626
v 0.08115760 0.29532337 -0.02914509
v 0.08127420 0.29300600 -0.03042854
v 0.07676826 0.28982025 -0.02673043
v -0.06406450 0.26612774 0.00131947
v -0.06318014 0.26591638 0.01166061
v -0.06606217 0.28131530 0.01106277
v -0.06558638 0.27570933 0.00154081
v 0.07685982 0.29811481 -0.02686216
v 0.07915594 0.34120920 -0.04057455
v 0.07755242 0.33461285 -0.05408977
v 0.07535637 0.35760790 -0.04518121
v 0.07385639 0.35160640 -0.05978119
v 0.06905447 0.34481013 -0.07527680
v 0.07295203 0.32680711 -0.06939213
v 0.07665943 0.29961526 -0.02146188
v 0.07925928 0.30251372 -0.02016484
v 0.06425859 0.37080956 0.00501800
v 0.06925891 0.36521167 -0.00178428
v 0.05775101 0.37621662 0.01349603
v 0.05715200 0.38061497 0.00639548
v 0.06305362 0.37621236 -0.00229507
v 0.07015346 0.36861366 -0.01379910
v 0.08045398 0.33341116 -0.02517825
v 0.07845391 0.34741065 -0.02708285
v 0.07615380 0.35221159 -0.01418578
v -0.05515023 0.31302300 0.04533338
v -0.05664959 0.31352288 0.04073412
v -0.05716497 0.30411348 0.04125180
v -0.05536627 0.30541334 0.04515965
v 0.07405310 0.36321208 -0.03038422
v 0.06565823 0.37730935 -0.02079520
v 0.06916049 0.37300718 -0.03487912
v 0.05895648 0.38581026 -0.02510535
v 0.06116108 0.38350755 -0.03947940
v 0.06085647 0.38041091 -0.05537170
v 0.07025623 0.36841103 -0.04957097
v 0.06095328 0.38111266 -0.00879733
v 0.05535102 0.38491455 0.00069638
v 0.05615183 0.38741291 -0.01249791
v 0.05304924 0.38861522 -0.00400790
v 0.07436088 0.35440996 -0.00736992
v 0.06154125 0.24693149 -0.01074318
v 0.06273781 0.24696493 -0.00612132
v -0.01775852 0.37219501 0.06071075
v -0.00745773 0.37300086 0.06299052
v -0.00774929 0.38071254 0.05652871
v -0.01825689 0.37970889 0.05383672
v 0.06726135 0.25799650 0.00028325
v -0.03210467 0.26063713 -0.08934357
v -0.03348548 0.27113938 -0.09542400
v -0.01478637 0.26721513 -0.10212123
v -0.01409794 0.25781342 -0.09570744
v 0.06775945 0.28311044 0.03266355
v 0.06755903 0.29571390 0.02965311
v 0.07066809 0.28750947 0.01996786
v 0.06866053 0.27300727 0.02216231
v -0.01873409 0.39691642 0.03042597
v -0.00814471 0.39871839 0.03321416
v -0.00824424 0.40321922 0.02261504
v -0.01903331 0.40101638 0.02012686
v -0.04826558 0.28562555 0.05855180
v -0.05016887 0.27942118 0.05895702
v -0.04657010 0.27901122 0.06247512
v -0.04506619 0.28512493 0.06135451
v 0.06616081 0.30921528 0.02725150
v 0.06956031 0.30151418 0.01773932
v 0.07045893 0.31531620 0.01523857
v 0.06715832 0.32331493 0.02613563
v 0.06055238 0.33861011 -0.09048419
v 0.06325163 0.32210460 -0.08769564
v -0.06798956 0.25095141 -0.00789784
v -0.06698906 0.25175285 -0.00669815
v 0.06395628 0.30989161 -0.08459529
v 0.04945266 0.34142682 0.05608695
v -0.00834595 0.40651888 0.01021227
v -0.01924972 0.40411803 0.00820622
v 0.02274416 0.35910717 -0.11571696
v 0.04886120 0.36452001 0.04411088
v 0.05285672 0.35900879 -0.09247183
v 0.00175360 0.21082669 -0.06936973
v 0.04065345 0.36460930 -0.10048117
v 0.06885474 0.36281097 -0.06397518
v 0.06505732 0.35650697 -0.07677532
v 0.05735510 0.34940895 -0.09157611
v 0.06325392 0.29436815 -0.08099963
v 0.04824402 0.38961807 0.00738427
v 0.05686162 0.30732131 0.05135528
v 0.05606030 0.30292079 0.05065667
v 0.05697570 0.31211945 0.05262929
v 0.05425820 0.29832470 0.05226315
v 0.01705499 0.28982994 0.07545207
v 0.01655477 0.28782859 0.07755011
v 0.01625540 0.28522879 0.07955309
v 0.01965889 0.28512698 0.07526256
v 0.01905872 0.28212601 0.07716037
v 0.01305434 0.28552821 0.08495182
v 0.01345438 0.28822851 0.08245041
v 0.01565464 0.28272790 0.08164984
v 0.01515462 0.27952909 0.08365066
v 0.01295369 0.28242823 0.08734768
v 0.01896012 0.26702821 0.08016542
v 0.01985756 0.27172697 0.07816224
v 0.01765955 0.27592704 0.08036282
v 0.02255906 0.27922672 0.07556205
v 0.02145931 0.27582753 0.07706384
v 0.01845872 0.27932456 0.07885706
v 0.02375915 0.28262746 0.07366374
v 0.01585471 0.27592826 0.08604958
v 0.01685750 0.27282453 0.08915697
v 0.01355354 0.27892762 0.09054707
v 0.01195235 0.28112760 0.09394459
v 0.01125305 0.28472832 0.09064704
v 0.02045986 0.28732812 0.07336528
v 0.02495999 0.28512913 0.07216762
v 0.02465917 0.27232611 0.07616670
v 0.02885569 0.26901969 0.07545497
v 0.02685791 0.27672830 0.07446149
v 0.03075522 0.27402684 0.07395341
v 0.02805884 0.28032714 0.07286309
v 0.03225568 0.27792698 0.07225486
v 0.03265581 0.26561910 0.07495349
v 0.03575563 0.26171753 0.07395101
v 0.03865619 0.25691545 0.07234605
v 0.03865231 0.26672408 0.07214823
v 0.04195840 0.26141825 0.07035166
v 0.04065217 0.27162457 0.07034928
v 0.04465558 0.26682219 0.06844909
v -0.00914321 0.29512545 0.07525718
v -0.00956374 0.29692015 0.07246725
v -0.01314723 0.29372755 0.07101175
v -0.01274315 0.29172945 0.07324564
v -0.00506130 0.34549299 0.07584555
v -0.00606221 0.35328954 0.07325347
v -0.01495619 0.35319546 0.07159858
v -0.01326027 0.34539145 0.07462940
v 0.03505185 0.27062434 0.07324726
v 0.03675229 0.27492562 0.07135009
v 0.03365671 0.28172839 0.07055801
v 0.02945795 0.28362885 0.07136156
v 0.04225902 0.28272903 0.06676754
v 0.04185478 0.27722937 0.06855739
v 0.03785539 0.27953011 0.06955823
v 0.03855765 0.28413084 0.06796562
v 0.04655822 0.27342409 0.06656460
v 0.04645791 0.28102672 0.06506234
v 0.04585830 0.28602737 0.06366181
v 0.03295318 0.29252788 0.06745843
v 0.02816312 0.29312453 0.06817313
v 0.03635328 0.29223302 0.06635304
v 0.04215917 0.28682986 0.06546944
v 0.03896000 0.28752992 0.06676972
v 0.04986133 0.29372069 0.05767248
v 0.04765732 0.29282621 0.05985913
v 0.04235343 0.29213417 0.06376047
v 0.03955275 0.29213309 0.06515686
v 0.04515394 0.29243010 0.06195711
v 0.02376070 0.29472962 0.06816877
v 0.01925914 0.29672897 0.06816689
v 0.05401709 0.21832693 -0.02957661
v 0.01095561 0.28812501 0.08825846
v 0.01105250 0.29113036 0.08575191
v 0.01675396 0.31352794 0.07155062
v 0.01485441 0.31062835 0.07055292
v 0.00915404 0.31112492 0.07784937
v 0.02087468 0.31752983 0.07395123
v 0.01615814 0.29912874 0.06836605
v -0.01746175 0.29121861 0.06981058
v -0.01655484 0.28921688 0.07144836
v 0.01445184 0.30173174 0.06865234
v 0.01375741 0.30442753 0.06916218
v 0.01365376 0.30752996 0.06975425
v -0.00784350 0.38751370 0.04942713
v -0.01854799 0.38621277 0.04653203
v -0.01835725 0.40731490 -0.04334217
v -0.01865672 0.40771651 -0.03474343
v -0.00766056 0.41041678 -0.03515384
v -0.00876294 0.40921459 -0.04795394
v 0.03158088 0.33232427 0.07414361
v 0.02837444 0.32562697 0.07644621
v 0.05956278 0.34561333 0.03993808
v 0.06266288 0.33681378 0.03663242
v 0.05126851 0.32671645 0.05935402
v 0.05438127 0.32232496 0.05674195
v 0.05627874 0.31722423 0.05444377
v 0.06365999 0.32501656 0.03453865
v 0.06356084 0.31271353 0.03443226
v 0.06435838 0.30111185 0.03594792
v -0.06416816 0.27771795 -0.05672319
v -0.06759291 0.27749953 -0.04120013
v -0.06988906 0.28920215 -0.04372080
v -0.06754673 0.29381707 -0.06086364
v 0.05015279 0.37611914 0.02930236
v -0.02706914 0.18903427 0.02137474
v -0.02599655 0.17584565 0.01743349
v 0.00121976 0.19820154 -0.06934981
v 0.04994797 0.38132104 0.02208168
v 0.04985836 0.37042010 0.03670375
v 0.04065321 0.39401627 0.01282515
v 0.04095984 0.39031664 0.02163249
v 0.04934685 0.38582018 0.01487958
v 0.04156167 0.38581604 0.02932915
v 0.04215169 0.38052282 0.03637942
v 0.04167814 0.37472242 0.04381026
v 0.04088044 0.36831954 0.05091856
v 0.03915703 0.36012092 0.05849806
v 0.04335712 0.21884641 -0.04472253
v 0.00945580 0.27712366 0.08694885
v 0.00875602 0.27722341 0.08754948
v -0.04964344 0.33561447 0.05193467
v -0.05184338 0.34091315 0.04713172
v -0.05474492 0.33331659 0.04383634
v -0.05214410 0.32911825 0.04883480
v 0.00835585 0.27672371 0.08634930
v 0.00765623 0.27682328 0.08705010
v 0.00735658 0.27542257 0.08675005
v 0.00875638 0.26812515 0.08925797
v 0.00715649 0.26992500 0.08795764
v 0.00675675 0.27342185 0.08695016
v 0.06555422 0.25147873 -0.00151811
v -0.00356279 0.33269832 0.07972620
v -0.01087708 0.33268571 0.07922732
v -0.00897694 0.32628512 0.07992741
v -0.00286456 0.32619601 0.08053020
v -0.05505104 0.29822701 0.04594017
v -0.05736230 0.29521936 0.04323591
v -0.05635364 0.28742990 0.04814171
v -0.05365147 0.29152861 0.04974291
v -0.05077002 0.28681511 0.05556767
v -0.05297163 0.28111967 0.05535933
v -0.01665012 0.36260399 0.06735806
v -0.00696049 0.36309251 0.06922813
v -0.05594783 0.32381850 0.04133209
v -0.05394735 0.32122099 0.04653424
v -0.00644300 0.29832530 0.07795653
v -0.00716602 0.29971954 0.07436803
v -0.00474383 0.30432376 0.07685409
v -0.00135564 0.30420306 0.08283123
v -0.00133389 0.30822635 0.08144941
v -0.00435772 0.30792022 0.07776098
v -0.03095190 0.34460193 0.06726638
v -0.03304618 0.35180891 0.06363525
v -0.04054120 0.35011250 0.05813070
v -0.03854280 0.34341213 0.06203185
v -0.01873633 0.39191571 0.03912336
v -0.00804671 0.39341879 0.04191329
v -0.00184918 0.31781906 0.08034809
v -0.00594604 0.31781468 0.07863860
v -0.00504834 0.31411359 0.07783847
v -0.00175128 0.31441805 0.08024830
v -0.02125496 0.28751501 0.07055350
v -0.02214900 0.28971225 0.06944516
v -0.06024100 0.25067618 -0.01022209
v -0.06121204 0.24994214 -0.00987473
v -0.06778698 0.29640675 -0.00204244
v -0.06649518 0.28600863 0.00015583
v -0.06638668 0.29429978 0.00949694
v -0.06748357 0.30700386 0.00696395
v -0.07074787 0.31781316 0.00282575
v -0.07304480 0.32661405 -0.00327111
v -0.07284178 0.31071395 -0.00927027
v -0.07085456 0.30471450 -0.00456030
v -0.04502162 0.19566144 -0.03606871
v -0.04288171 0.20607767 -0.03863023
v -0.00145531 0.30110285 0.08553591
v -0.00145678 0.29829705 0.08804629
v -0.01634124 0.30889544 -0.12037385
v -0.01574284 0.29549098 -0.11557887
v -0.03524740 0.30000082 -0.10777640
v -0.03454553 0.31301215 -0.11076564
v -0.06147563 0.26752368 -0.05172880
v -0.06528323 0.26921821 -0.03764098
v -0.00754529 0.27182022 0.09084653
v -0.00444766 0.27642351 0.08614579
v -0.00454682 0.27282208 0.08554680
v -0.00414710 0.27562290 0.08594627
v -0.00754614 0.26881903 0.09284382
v -0.00974741 0.26821950 0.09404452
v -0.00534535 0.26902059 0.08574738
v -0.00444537 0.26922074 0.08634769
v -0.00374686 0.27312213 0.08594678
v -0.00554765 0.27682343 0.08664534
v 0.00045312 0.26511759 0.09934084
v -0.00004756 0.26671758 0.10214066
v -0.00374643 0.26801592 0.10103731
v -0.00234593 0.26651591 0.09903743
v -0.00214600 0.27572459 0.08745137
v -0.00134555 0.27352372 0.08835223
v -0.00234317 0.27151719 0.09554061
v -0.00404500 0.27522278 0.09145217
v -0.00434466 0.27712309 0.08865299
v -0.00414357 0.27211738 0.09474096
v -0.00344487 0.26612383 0.09195472
v -0.00574543 0.27222010 0.09314635
v -0.07306285 0.26301739 -0.01717311
v -0.04783770 0.21862948 0.00296340
v -0.05298199 0.23255715 -0.00401633
v -0.05269031 0.23185629 -0.00891103
v -0.04957179 0.21685007 -0.00500860
v -0.07535373 0.28900856 -0.02166811
v -0.06324761 0.33911246 0.02532065
v -0.06524511 0.35041320 0.01492468
v -0.07064243 0.33841392 0.00442306
v -0.06924396 0.32781443 0.01072295
v -0.06504226 0.35931206 0.00612935
v -0.07064036 0.34851336 -0.00376764
v -0.07434049 0.33621588 -0.01196268
v -0.07564713 0.31521481 -0.02416358
v -0.03894272 0.30112350 0.06264766
v -0.03914301 0.30092427 0.06285163
v -0.03764288 0.30062437 0.06415185
v -0.03764307 0.30082399 0.06395099
v -0.03844842 0.30122495 0.06204174
v -0.03714342 0.30072331 0.06314985
v -0.03934265 0.30162328 0.06114630
v -0.03984234 0.30142370 0.06164715
v -0.04014869 0.30122674 0.06174120
v -0.02174338 0.30182719 0.06595850
v -0.02244358 0.30222666 0.06525688
v -0.02504386 0.30132359 0.06555238
v -0.02434362 0.30132428 0.06665377
v -0.02154342 0.30152726 0.06635948
v -0.02434342 0.30092472 0.06705495
v -0.02543296 0.30382252 0.05963534
v -0.02494750 0.30401799 0.05954366
v -0.02633232 0.30342847 0.05984103
v -0.01996052 0.30371928 0.06356596
v -0.02006014 0.30481866 0.06376423
v -0.02476086 0.30471817 0.05966443
v -0.02476219 0.30421832 0.05946662
v -0.02024758 0.30331776 0.06374282
v -0.01864783 0.30301863 0.06384479
v -0.01786163 0.30331981 0.06346819
v -0.01786176 0.30471912 0.06376663
v -0.02954280 0.29992470 0.06705491
v -0.02964264 0.29902497 0.06715538
v -0.02494264 0.29942495 0.06735552
v -0.02464335 0.30032483 0.06725501
v -0.02934310 0.30042458 0.06695460
v -0.03274532 0.30052343 0.06605092
v -0.03274502 0.29992387 0.06615175
v -0.03285631 0.29913184 0.06620575
v -0.02164419 0.30032542 0.06715403
v -0.02154365 0.30122632 0.06675673
v -0.03285985 0.29843509 0.06619000
v -0.02985253 0.29833254 0.06711508
v -0.02514254 0.29862523 0.06735589
v -0.02164490 0.29982436 0.06725334
v -0.01885621 0.30102125 0.06656294
v -0.02006544 0.30131996 0.06657221
v -0.02985133 0.29743430 0.06692009
v -0.02975174 0.29643485 0.06681944
v -0.02494165 0.29672825 0.06736056
v -0.02514170 0.29772756 0.06735919
v -0.03285997 0.29763529 0.06589056
v -0.03276001 0.29663533 0.06579146
v -0.04114220 0.30122405 0.06004870
v -0.04154228 0.30162394 0.05914849
v -0.04154227 0.30102402 0.05934891
v -0.04124219 0.30062422 0.05984931
v -0.04385816 0.29821956 0.05696590
v -0.04477104 0.29941317 0.05597053
v -0.04627605 0.29871106 0.05477385
v -0.04517673 0.29731104 0.05597495
v -0.05246267 0.28862473 0.05254758
v -0.04716014 0.29451859 0.05546263
v -0.04855768 0.29591966 0.05366065
v -0.04074216 0.30102420 0.06084879
v -0.04014895 0.30072716 0.06174307
v -0.04064229 0.30132392 0.06084792
v -0.04104222 0.30162406 0.05984800
v -0.04084816 0.30032730 0.06064234
v -0.04014881 0.30002755 0.06164402
v -0.03924799 0.30052754 0.06284573
v -0.03934255 0.29962501 0.06285361
v -0.03774237 0.29932538 0.06415412
v -0.03764263 0.30022487 0.06415316
v -0.03564256 0.30002481 0.06515387
v -0.03584269 0.30062449 0.06495270
v -0.03564222 0.29922545 0.06515457
v -0.03774231 0.29872537 0.06395421
v -0.03574224 0.29852557 0.06505471
v -0.03925286 0.29893169 0.06251208
v -0.04024910 0.29942802 0.06134396
v -0.04094894 0.29982784 0.06014209
v -0.04154223 0.30022427 0.05934973
v -0.04194225 0.30082402 0.05874918
v -0.04124922 0.29922819 0.05964217
v -0.04174206 0.29842496 0.05885117
v -0.04064951 0.29792875 0.06024184
v -0.04034940 0.29882845 0.06084368
v -0.04204973 0.29972774 0.05874227
v -0.04274984 0.29902831 0.05784291
v -0.03935693 0.29843342 0.06210807
v -0.03935781 0.29763380 0.06170741
v -0.03765770 0.29723600 0.06319597
v -0.03775772 0.29803553 0.06359652
v -0.03574653 0.29772508 0.06474505
v -0.03575540 0.29683238 0.06450623
v -0.02924348 0.30052373 0.06665283
v -0.02894368 0.30062300 0.06555133
v -0.03244573 0.30042204 0.06494839
v -0.03274549 0.30062282 0.06574937
v -0.03594296 0.30072388 0.06485156
v -0.03534339 0.30042315 0.06415063
v -0.03225595 0.30032825 0.06390638
v -0.03055768 0.30253085 0.05969321
v -0.03184634 0.30252221 0.05934174
v -0.03494392 0.30032206 0.06314906
v -0.02914388 0.30072278 0.06435099
v -0.02905380 0.30263031 0.05991255
v -0.02584452 0.30152321 0.06445096
v -0.02754505 0.30302304 0.05995047
v -0.02313609 0.30232847 0.06454980
v -0.03064648 0.31262201 0.06624389
v -0.03074672 0.31272134 0.06654359
v -0.03504641 0.31211996 0.06584186
v -0.03464624 0.31192088 0.06554262
v -0.04596705 0.27488267 -0.08619300
v -0.04694726 0.28950107 -0.09316988
v -0.03495704 0.28438166 -0.10199833
v -0.03754580 0.30972132 0.06484245
v -0.03754467 0.31052172 0.06434385
v -0.03984290 0.30922216 0.06304660
v -0.03976015 0.30841500 0.06325752
v -0.03764614 0.30872077 0.06524202
v -0.03957088 0.30741134 0.06346117
v -0.03494604 0.31002071 0.06694203
v -0.03484586 0.31112099 0.06634203
v -0.03474596 0.31172112 0.06574222
v -0.03894323 0.30582336 0.05914791
v -0.03814868 0.30682930 0.05982978
v -0.03874854 0.30672982 0.06132935
v -0.03974888 0.30592650 0.06003865
v -0.03954563 0.30512160 0.05854481
v -0.04044327 0.30512342 0.05914825
v -0.03434617 0.30492118 0.05694339
v -0.03404577 0.30532137 0.05724386
v -0.03344747 0.30582491 0.05764138
v -0.03454616 0.30462122 0.05674357
v -0.03454608 0.30432144 0.05674376
v -0.03454613 0.30402151 0.05674401
v -0.03444587 0.30372378 0.05684535
v -0.05477159 0.27272096 0.05315908
v -0.05487158 0.28361145 0.05187221
v -0.05706994 0.27571243 0.04917632
v -0.04034259 0.30172336 0.06064712
v -0.04074257 0.30202332 0.05974719
v -0.03974266 0.30192313 0.06024646
v -0.04024280 0.30232275 0.05944624
v -0.04124317 0.30252287 0.05884669
v -0.04164246 0.30222353 0.05884795
v -0.03784767 0.30122381 0.06134268
v -0.03344807 0.30282393 0.05834169
v -0.03384377 0.30312243 0.05794427
v -0.03854489 0.30182338 0.06044322
v -0.03664453 0.30062243 0.06224798
v -0.03284607 0.30262315 0.05884561
v -0.03414305 0.30332169 0.05754510
v -0.03434852 0.30352366 0.05714091
v -0.03884307 0.30212200 0.05964553
v -0.03924295 0.30252227 0.05894546
v -0.04054292 0.30292270 0.05884591
v -0.03984598 0.30342206 0.05804425
v -0.03984597 0.30392209 0.05804418
v -0.04074569 0.30332276 0.05864487
v -0.04084585 0.30382240 0.05854443
v -0.03964898 0.30292338 0.05834080
v -0.03984601 0.30452189 0.05814390
v -0.04074553 0.30442223 0.05874481
v -0.04184236 0.30172384 0.05874845
v -0.04184309 0.30252358 0.05844741
v -0.04234552 0.30342335 0.05794617
v -0.04224942 0.30172667 0.05834103
v -0.04294981 0.30162683 0.05764159
v -0.04254985 0.30042744 0.05804219
v -0.04334546 0.30402324 0.05764633
v -0.04466452 0.30441424 0.05706444
v -0.04414890 0.30142805 0.05664441
v -0.04344912 0.30012849 0.05704451
v -0.04154292 0.30302316 0.05844656
v -0.04174574 0.30362278 0.05824510
v -0.04274460 0.30512273 0.05884694
v -0.04344298 0.30592260 0.05874897
v -0.04214318 0.30462393 0.05894923
v -0.04165046 0.30542737 0.06013578
v -0.04206232 0.30611509 0.06026007
v -0.04254357 0.30682266 0.06014886
v -0.04116579 0.30711308 0.06176013
v -0.04144326 0.30792180 0.06164704
v -0.04086513 0.30621979 0.06164566
v -0.04154323 0.30442384 0.05884908
v -0.04104296 0.30512375 0.05974844
v -0.04035013 0.30592734 0.06103474
v -0.03926187 0.30662113 0.06294302
v -0.03746947 0.30781218 0.06486024
v -0.03676106 0.30771777 0.06295241
v -0.03476945 0.30911222 0.06655975
v -0.03396999 0.30871215 0.06446026
v -0.03136605 0.31331295 0.06765515
v -0.03616386 0.31291232 0.06695268
v -0.03365428 0.30862141 0.06264623
v -0.03114711 0.30662709 0.05893344
v -0.02964566 0.30672303 0.05944372
v -0.03034556 0.30872214 0.06364051
v -0.02055994 0.30551815 0.06426300
v -0.02136075 0.30641750 0.06466246
v -0.02536112 0.30551744 0.05996316
v -0.02496088 0.30511776 0.05976364
v -0.01916125 0.30551830 0.06486475
v -0.02046139 0.30641755 0.06546330
v -0.02464636 0.30812207 0.06474532
v -0.02674679 0.30642170 0.06014605
v -0.02586116 0.30601722 0.06006281
v -0.02296186 0.30721700 0.06456265
v -0.02404627 0.30862242 0.06654529
v -0.02186744 0.30731550 0.06596255
v -0.03056537 0.30921358 0.06565478
v -0.01855324 0.34540758 -0.12270398
v -0.01794464 0.32879627 -0.12428810
v -0.03384446 0.33121318 -0.11196643
v -0.03384620 0.34451446 -0.11026597
v -0.03614852 0.30782938 0.06132901
v -0.03244781 0.30622852 0.05832995
v -0.04344638 0.34581521 -0.10146490
v -0.04284632 0.35451606 -0.09916300
v -0.03464679 0.35611659 -0.10576216
v -0.03080718 0.21926957 -0.05574798
v -0.02267463 0.20763692 -0.06310932
v -0.01706048 0.30531934 0.06596548
v -0.01876079 0.30671865 0.06636482
v -0.01596037 0.30402023 0.06566685
v -0.01536000 0.30382085 0.06586757
v -0.01646049 0.30532035 0.06606696
v -0.01786115 0.30671951 0.06636640
v -0.02086068 0.30791765 0.06675757
v -0.02016047 0.30821863 0.06725851
v -0.02344579 0.30982304 0.06814712
v -0.02364593 0.30912280 0.06784612
v -0.03086575 0.30991364 0.06765558
v -0.03084639 0.31082180 0.06794313
v -0.02304585 0.31042358 0.06754813
v -0.01965960 0.30851948 0.06665816
v -0.02264619 0.31112346 0.06684882
v -0.01955936 0.30941910 0.06625880
v -0.03054607 0.31232199 0.06664310
v -0.03074629 0.31172165 0.06734286
v -0.01876833 0.30191875 0.06607185
v -0.01654677 0.30212003 0.06584664
v -0.01926841 0.30231819 0.06587011
v -0.01684844 0.30251935 0.06554690
v -0.02035539 0.30271888 0.06475486
v -0.01616065 0.30292073 0.06546873
v -0.01544751 0.30262080 0.06574922
v -0.02113506 0.30292130 0.06423538
v -0.01576044 0.30522087 0.06576756
v -0.01455976 0.30352122 0.06596787
v -0.01466045 0.30562127 0.06506758
v -0.01385947 0.30362159 0.06566817
v -0.01686014 0.30792037 0.06536575
v -0.01726131 0.30692014 0.06576672
v -0.01444606 0.30242074 0.06584662
v -0.01493146 0.30192479 0.06583880
v -0.01384812 0.30222133 0.06585049
v -0.01433229 0.30152473 0.06583931
v -0.02144482 0.29902470 0.06735437
v -0.02113161 0.29823053 0.06735151
v -0.01813112 0.30032519 0.06673922
v -0.01753090 0.29972613 0.06664044
v -0.02944203 0.29542768 0.06676064
v -0.03246038 0.29553539 0.06559175
v -0.02906840 0.29421836 0.06678075
v -0.03225256 0.29413396 0.06551755
v -0.02415443 0.29461694 0.06745878
v -0.02476349 0.29572061 0.06747653
v -0.02661918 0.16700733 0.01554996
v -0.04254179 0.29732722 0.05825583
v -0.04357425 0.29621264 0.05767479
v -0.04184199 0.29542768 0.05935778
v -0.04114991 0.29683116 0.05964506
v -0.03955948 0.29643685 0.06120364
v -0.03984479 0.29492658 0.06115581
v -0.03764459 0.29452682 0.06285620
v -0.03765767 0.29603589 0.06289696
v -0.03565582 0.29573268 0.06420599
v -0.03534226 0.29412794 0.06425922
v -0.04566817 0.30091414 0.05536789
v -0.04696482 0.30411425 0.05516775
v -0.04746162 0.30041677 0.05406260
v -0.04916297 0.30381492 0.05316789
v -0.01316218 0.30642095 0.06546862
v -0.01265442 0.30392337 0.06546561
v -0.01146249 0.30712068 0.06676792
v -0.01124497 0.30432037 0.06654456
v -0.01286338 0.31011882 0.06776506
v -0.01466229 0.30922014 0.06606692
v -0.01304533 0.30212086 0.06584594
v -0.01363295 0.30122459 0.06593979
v -0.01184497 0.30202070 0.06624526
v -0.01273371 0.30062419 0.06623968
v -0.02065091 0.29732335 0.06736378
v -0.02005184 0.29631904 0.06735920
v -0.01693237 0.29902610 0.06674308
v -0.01604832 0.29813460 0.06682100
v -0.04468961 0.26426208 -0.07986374
v -0.04754424 0.30470142 -0.09797464
v -0.04343928 0.31712022 0.06483837
v -0.04126238 0.31431156 0.06545224
v -0.03776253 0.31541154 0.06755266
v -0.03974480 0.31901726 0.06773946
v -0.04594447 0.32101700 0.06263731
v -0.04823817 0.31731904 0.06013636
v -0.04593259 0.31462273 0.06204015
v -0.04363047 0.31252420 0.06314098
v -0.04756142 0.30701470 0.05606266
v -0.04574221 0.30702275 0.05764901
v -0.04563349 0.30882573 0.05904617
v -0.04754110 0.30932349 0.05764149
v -0.04986183 0.30701476 0.05416466
v -0.05004327 0.31012309 0.05574002
v -0.04693040 0.31172457 0.05984294
v -0.04482982 0.31052458 0.06094206
v -0.04953397 0.31342235 0.05803879
v -0.02076733 0.31481555 0.06956132
v -0.02146675 0.31311643 0.06806160
v -0.01826209 0.31121910 0.06686081
v -0.01686192 0.31201899 0.06756422
v -0.01956107 0.31641731 0.07125763
v -0.01486486 0.31301779 0.06916513
v -0.03336132 0.31951192 0.07065155
v -0.03236711 0.31621116 0.06925751
v -0.02234640 0.31152329 0.06654868
v -0.02024688 0.31042290 0.06624927
v -0.02224697 0.31172308 0.06654928
v -0.01966084 0.31021887 0.06615832
v -0.05214336 0.36701825 -0.08225816
v -0.05494573 0.37411451 -0.07016630
v -0.03984954 0.38581419 -0.07818060
v -0.03824975 0.37671649 -0.08988453
v -0.03754551 0.31082082 0.06414307
v -0.03814611 0.31122011 0.06454124
v -0.04054297 0.31002140 0.06314542
v -0.04004298 0.30962175 0.06304602
v -0.04174328 0.30842164 0.06164652
v -0.04234306 0.30892149 0.06164607
v -0.04354301 0.30782181 0.06004722
v -0.04294356 0.30752215 0.06024803
v -0.04364319 0.30672225 0.05914818
v -0.04414264 0.30672261 0.05874854
v -0.01994738 0.31112257 0.06664965
v -0.02214724 0.31202245 0.06704865
v -0.04514528 0.33421466 -0.10226525
v -0.04254952 0.35721630 0.05230406
v -0.04914853 0.35321692 0.04560534
v -0.04704006 0.34701335 0.05193262
v -0.03924599 0.31211969 0.06534024
v -0.04174342 0.31092119 0.06354486
v -0.04334287 0.30962130 0.06154593
v -0.04434249 0.30842155 0.05984719
v -0.04474262 0.30742195 0.05864803
v -0.06576145 0.26792577 -0.00387740
v -0.06646132 0.26782608 -0.00557518
v -0.07479078 0.27619192 -0.03026524
v -0.07288642 0.28290752 -0.02963885
v -0.07168308 0.28640500 -0.02851581
v -0.07344054 0.29581949 -0.01656386
v -0.07699261 0.29879653 -0.01968769
v -0.07806686 0.25870848 -0.02307347
v -0.07466197 0.25711492 -0.01937544
v -0.07806525 0.25950897 -0.02367331
v -0.08405139 0.29430908 -0.02986726
v -0.08446914 0.29260284 -0.03117644
v -0.08536804 0.29230297 -0.03087935
v -0.03768872 0.24474239 -0.06582569
v -0.04250908 0.25586814 -0.07415767
v -0.08486906 0.29060254 -0.03237526
v -0.06878974 0.27230728 -0.00815688
v -0.07609192 0.27548957 -0.03056341
v -0.07778805 0.27469113 -0.03246615
v -0.07858430 0.26959288 -0.03226881
v -0.07788606 0.27019218 -0.03136758
v -0.07758127 0.26509717 -0.02996728
v -0.07718591 0.26589483 -0.02946460
v -0.07977855 0.26189852 -0.02636359
v -0.08118060 0.26549700 -0.02876352
v -0.07829284 0.29909572 -0.02098759
v -0.07769262 0.29829583 -0.01948622
v -0.07889085 0.29889598 -0.02118592
v -0.06958640 0.27100903 -0.00935978
v -0.07154068 0.29401997 -0.01636224
v -0.07108346 0.29179618 -0.01506694
v -0.07078480 0.29219577 -0.01546697
v -0.06609091 0.27590755 -0.01315723
v -0.06609105 0.27680746 -0.01335713
v -0.06728935 0.27430806 -0.01295877
v -0.06978753 0.27290931 -0.01155998
v -0.06327880 0.26560923 -0.01117853
v -0.06267721 0.26430926 -0.01307862
v -0.06307584 0.26330996 -0.01247854
v -0.08095339 0.30481014 -0.02505974
v -0.07118305 0.29079628 -0.01476673
v -0.07258207 0.29189655 -0.01486715
v -0.07314164 0.29301929 -0.01516405
v -0.07978664 0.29839700 -0.02138405
v -0.07344125 0.29391891 -0.01546492
v -0.07254112 0.29401952 -0.01556366
v -0.07424070 0.29551905 -0.01646475
v -0.07194085 0.29401976 -0.01586301
v -0.07017837 0.26880553 -0.02497812
v -0.06857724 0.26870391 -0.02298189
v -0.06798921 0.28850806 -0.00564668
v -0.06869806 0.28630027 -0.00754489
v -0.07346253 0.25671536 -0.01727613
v -0.07109337 0.29299754 -0.02519506
v -0.07139696 0.29589507 -0.02688895
v -0.08278498 0.26979193 -0.03076670
v -0.07596786 0.26500645 -0.02068459
v -0.07366741 0.26440674 -0.01888524
v -0.07816145 0.26601255 -0.02238568
v -0.07987378 0.26840478 -0.02417785
v -0.06759433 0.28450337 -0.01935104
v -0.07869768 0.28839394 -0.02419105
v -0.07938132 0.28619877 -0.02528483
v -0.07709768 0.28859448 -0.02269113
v -0.07224286 0.29941410 -0.02546462
v -0.07214668 0.29951203 -0.02307241
v -0.07198495 0.29439840 -0.02358415
v -0.07174780 0.29781187 -0.02237406
v -0.06528056 0.26890910 -0.01168105
v -0.06455278 0.26293734 -0.01475367
v -0.06448085 0.26480994 -0.01556000
v -0.06566184 0.26282522 -0.01566961
v -0.06587517 0.26371226 -0.01696220
v -0.06637558 0.26510435 -0.01858408
v -0.06697755 0.26700303 -0.01988513
v -0.06738521 0.26940641 -0.02037812
v -0.06488930 0.27290809 -0.01255697
v -0.07254244 0.29991698 -0.01326344
v -0.06428844 0.27120844 -0.01225591
v -0.06638981 0.27450785 -0.01285777
v -0.06638859 0.27270842 -0.01235802
v -0.06598744 0.27090874 -0.01185708
v -0.07006086 0.26222381 -0.01287375
v -0.07096031 0.26362380 -0.01517209
v -0.06877051 0.26281384 -0.01217800
v -0.07206845 0.26390696 -0.01718505
v -0.06767162 0.26301253 -0.01188177
v -0.07168211 0.29429880 -0.02418099
v -0.07174697 0.29751185 -0.02437306
v -0.06566276 0.27142620 -0.00228049
v -0.05905363 0.28072584 0.04433325
v -0.06045130 0.28992480 0.03872739
v -0.02234552 0.23141143 0.06372574
v -0.02154544 0.22841403 0.06422709
v -0.05167158 0.26992029 0.05735564
v -0.04716535 0.26751792 0.06245467
v -0.02135238 0.23732531 0.07564392
v -0.02065258 0.23652583 0.07574462
v -0.01985234 0.23702529 0.07584421
v -0.02045289 0.23732579 0.07564320
v -0.01855241 0.23742694 0.07414698
v -0.01925206 0.23742601 0.07344621
v -0.01945245 0.23742591 0.07434523
v -0.01885231 0.23742610 0.07504590
v -0.02435245 0.25301084 0.07717527
v -0.02755028 0.25701270 0.07526577
v -0.03025394 0.25270975 0.07404729
v -0.02715561 0.24931000 0.07606617
v -0.02084859 0.23602153 0.06614325
v -0.02054824 0.23761413 0.06662365
v -0.01954714 0.23761447 0.07052449
v -0.01984151 0.23691781 0.07013231
v -0.02074955 0.23342381 0.06635264
v -0.01974682 0.23562399 0.06964629
v -0.02234591 0.23531124 0.06362525
v -0.02174748 0.23781204 0.06402484
v -0.02954977 0.23151785 0.07152304
v -0.02634892 0.23341793 0.07342447
v -0.02724879 0.23651786 0.07392541
v -0.03044317 0.23591933 0.07203238
v -0.02104275 0.26422048 0.07634579
v -0.02454564 0.26061442 0.07586432
v -0.02164626 0.25661466 0.07747118
v -0.01804233 0.26062447 0.07775338
v -0.01454271 0.26532793 0.07866041
v -0.01734332 0.26792595 0.07695622
v -0.01314418 0.27292424 0.08235423
v -0.01364496 0.26932308 0.08365238
v -0.01324596 0.26842156 0.08704899
v -0.01344507 0.27052274 0.08585127
v -0.01174538 0.26462165 0.08554939
v -0.01374467 0.26712349 0.08225343
v -0.00804339 0.26352164 0.08604997
v -0.00794550 0.26422173 0.08714963
v -0.01174425 0.26402286 0.08405229
v -0.01184348 0.26312548 0.08205777
v -0.00824238 0.26282296 0.08475291
v -0.00744652 0.26512104 0.08824810
v -0.01004671 0.26502073 0.08824731
v -0.01144717 0.26692045 0.08964657
v -0.00184527 0.26571614 0.09673794
v -0.00294580 0.26711565 0.09873681
v -0.00654298 0.29642484 0.08105585
v -0.00914250 0.29282501 0.07785635
v -0.00654206 0.29382503 0.08325589
v -0.00904247 0.29062456 0.08015513
v -0.01074752 0.26901963 0.09334483
v -0.01184598 0.27092135 0.09144877
v -0.00854772 0.27031928 0.09724385
v -0.00934416 0.27291834 0.09644277
v -0.00145247 0.31141797 0.08064948
v 0.00035522 0.26232284 0.09245194
v 0.00015583 0.26162386 0.09185287
v 0.00055417 0.26332238 0.09445017
v -0.01815416 0.36811367 -0.10919432
v -0.01914652 0.38191628 -0.09826262
v -0.01935408 0.39901292 -0.07600235
v -0.01736603 0.40411282 -0.06364488
v -0.00305843 0.24561651 0.09106826
v -0.00266417 0.24821307 0.09106378
v -0.00963716 0.24121708 0.07433716
v -0.00444569 0.24162401 0.07566606
v -0.00414185 0.23992024 0.08025625
v -0.00913328 0.23971815 0.07904216
v -0.01293778 0.23941857 0.07713691
v -0.01384812 0.24092366 0.07236802
v -0.00994967 0.24242316 0.07177005
v -0.00444660 0.24292463 0.07296814
v -0.00873734 0.23882274 0.08345304
v -0.00385539 0.23911926 0.08546124
v -0.00375344 0.24082029 0.08826804
v -0.00883726 0.24032307 0.08565315
v -0.01434253 0.25872526 0.08055738
v -0.01054278 0.25932556 0.08295842
v -0.00674138 0.25952542 0.08645860
v -0.00374181 0.25942501 0.08915775
v -0.00324261 0.26152456 0.08975668
v -0.00554198 0.26212370 0.08745484
v -0.00304332 0.26232457 0.09035649
v -0.00534293 0.26292384 0.08825500
v -0.00534392 0.26372388 0.08905482
v -0.00584442 0.26512232 0.08945148
v -0.00414455 0.26492420 0.09075551
v -0.00454488 0.26612350 0.09035385
v -0.00314414 0.26322407 0.09085526
v -0.00154758 0.28832757 0.09584586
v -0.00134431 0.29202339 0.09305442
v -0.00695597 0.24971753 0.08906190
v -0.00235483 0.25021458 0.09047903
v -0.00164401 0.25411621 0.09017700
v -0.00564446 0.25401741 0.08857793
v -0.00994144 0.25332394 0.08615422
v -0.01165634 0.24801934 0.08657270
v -0.00014360 0.26082432 0.09135341
v -0.00736297 0.24751440 0.08926576
v -0.00775863 0.24511704 0.08907068
v -0.01224963 0.24571729 0.08656326
v -0.01243254 0.24351878 0.08614294
v -0.01616064 0.24551903 0.08347869
v -0.01495037 0.25142065 0.08336245
v -0.02035731 0.24941891 0.08007231
v -0.01985112 0.24282108 0.08013277
v -0.02724960 0.23961678 0.07482819
v -0.02255241 0.23712292 0.07553609
v -0.02275067 0.23842235 0.07593754
v -0.02245078 0.23962231 0.07693643
v -0.02634645 0.24281825 0.07613307
v -0.03035119 0.24051058 0.07324967
v -0.02925213 0.24511051 0.07465022
v -0.02425240 0.24591015 0.07785172
v -0.02174919 0.24101667 0.07812248
v -0.02145218 0.23802480 0.07624322
v -0.02055253 0.23772526 0.07594315
v -0.02125234 0.23872481 0.07704270
v -0.02035243 0.23812495 0.07674272
v -0.02065229 0.23952441 0.07814176
v -0.01995225 0.23852438 0.07764193
v -0.01895225 0.23922406 0.07904112
v -0.01955256 0.24072427 0.07974007
v -0.01855160 0.23762377 0.07454327
v -0.01765128 0.23772287 0.07564210
v -0.01775173 0.23782341 0.07694159
v -0.01855193 0.23762402 0.07574250
v -0.01915177 0.23752466 0.07374517
v -0.01905221 0.23752476 0.07494340
v -0.01904696 0.23821358 0.07132439
v -0.01814881 0.23841871 0.07223857
v -0.01965107 0.23742414 0.07304361
v -0.01975213 0.23742519 0.07404508
v -0.01975271 0.23742548 0.07544313
v -0.01955231 0.23772478 0.07594297
v -0.01915214 0.23792425 0.07674221
v -0.01835198 0.23822372 0.07794131
v -0.01253249 0.24151815 0.08494297
v -0.01594108 0.24142326 0.08283421
v -0.01564020 0.23972219 0.08143505
v -0.01243803 0.23942080 0.08293723
v -0.01533937 0.23852126 0.07983583
v -0.01424913 0.24192506 0.06997387
v -0.01213724 0.23841858 0.08113755
v -0.01724653 0.23991209 0.06982443
v -0.01814608 0.24091144 0.06732477
v -0.01634992 0.23882075 0.07414089
v -0.02004765 0.23871338 0.06752373
v -0.01904587 0.23901141 0.06812499
v -0.02084747 0.23961291 0.06512365
v -0.01964529 0.24021256 0.06613970
v -0.01514578 0.23792297 0.07814292
v -0.01614159 0.24332324 0.08333348
v -0.00813267 0.24271844 0.08764275
v -0.00335838 0.24331780 0.08997079
v -0.00214472 0.28081810 0.10224237
v -0.00184941 0.28482869 0.09884467
v -0.01925251 0.23732609 0.07574456
v -0.00817887 0.15907969 0.02712770
v -0.02184554 0.23592527 0.07544551
v -0.02015132 0.23112513 0.06645380
v -0.01905136 0.23462558 0.07004260
v -0.02675213 0.22712089 0.07212184
v -0.02265153 0.22282241 0.07442374
v -0.02075118 0.22682010 0.07632244
v -0.02415122 0.23022069 0.07412242
v -0.01823594 0.23261929 0.07863945
v -0.02054786 0.23442547 0.07654563
v -0.01945110 0.23562682 0.07704644
v -0.01734430 0.23462762 0.07914823
v -0.01654278 0.23612796 0.07945042
v -0.01865268 0.23662621 0.07704471
v -0.01473684 0.23772472 0.07793986
v -0.01063574 0.23822978 0.08056313
v -0.00994341 0.23433410 0.07596576
v -0.01433973 0.23402099 0.07363568
v -0.01805218 0.23422708 0.07124045
v -0.01775266 0.23742735 0.07504684
v -0.01533673 0.23772442 0.07863990
v -0.01795270 0.23742670 0.07594576
v -0.01103702 0.23822884 0.08166037
v -0.01715823 0.16227341 0.02253995
v -0.01825251 0.23722626 0.07674494
v -0.01573602 0.23742439 0.07904077
v -0.01173733 0.23742807 0.08235862
v -0.01263703 0.23562746 0.08295750
v -0.01354085 0.23342398 0.08303514
v -0.01424178 0.23072337 0.08233406
v -0.01574756 0.22372518 0.07932903
v -0.01685195 0.21882945 0.07782762
v -0.01014301 0.22192584 0.08193472
v -0.01083075 0.21693321 0.08115412
v -0.00934334 0.22933416 0.08565408
v -0.00904199 0.23283111 0.08706651
v -0.00833927 0.23542920 0.08646040
v -0.00763892 0.23753004 0.08536211
v -0.00064310 0.25912464 0.09075341
v -0.00294482 0.26482391 0.09205487
v -0.00194519 0.26502341 0.09435374
v -0.00494601 0.26861575 0.09953696
v 0.00065361 0.26421842 0.09674262
v -0.00714655 0.27011630 0.09893800
v -0.00564655 0.26961586 0.10043712
v -0.00624650 0.27131614 0.10123772
v -0.00734528 0.27191743 0.09994075
v -0.00434681 0.26911595 0.10163721
v -0.00544684 0.27111581 0.10223686
v -0.00044764 0.26801738 0.10344017
v -0.00124726 0.27161694 0.10513933
v -0.00214599 0.27721798 0.10454185
v -0.00164797 0.27381986 0.10544553
v -0.00664550 0.27301705 0.10153981
v -0.00784456 0.27481750 0.09974100
v -0.00794334 0.27781779 0.09734181
v -0.00974380 0.27551910 0.09374449
v -0.00825610 0.41031790 -0.01893902
v -0.00693905 0.23853117 0.08446413
v -0.00613925 0.23853195 0.08256578
v -0.00954122 0.22441860 0.06933428
v -0.00974277 0.22852701 0.07185405
v -0.00524081 0.22833338 0.07326867
v -0.00513691 0.22443235 0.07095734
v -0.00244057 0.23862877 0.08336577
v -0.00214404 0.23462246 0.07825091
v -0.00555161 0.23462573 0.07755579
v -0.00264136 0.23872809 0.08556508
v -0.00314247 0.23752666 0.08686318
v -0.00364593 0.23532687 0.08835805
v -0.00185069 0.22822784 0.07385959
v -0.00184157 0.22413227 0.07155984
v -0.01865092 0.22962476 0.06754962
v -0.01914570 0.22611725 0.06542867
v -0.01444449 0.22851881 0.06992988
v -0.01454578 0.22491795 0.06772903
v -0.00503465 0.21643569 0.08376349
v -0.00444340 0.22123380 0.08386640
v -0.00394615 0.23213328 0.08885717
v -0.00414695 0.22832720 0.08734199
v -0.01954457 0.39151725 -0.08756042
v -0.05984896 0.35791615 0.02170866
v -0.05824821 0.35151541 0.03020873
v -0.05175118 0.35951763 0.03670155
v -0.05353571 0.36482170 0.02911731
v -0.06014207 0.36511225 0.01302996
v -0.05403256 0.37092000 0.02092372
v -0.03676535 0.40031517 -0.03823374
v -0.03726717 0.40011716 -0.02384156
v -0.01925456 0.40771726 -0.02023219
v -0.03206597 0.40091389 -0.05263481
v -0.04355467 0.39151365 -0.06118767
v -0.04556938 0.39411545 -0.04154020
v -0.04556844 0.39441693 -0.02633721
v -0.02298705 0.19312723 -0.06406613
v -0.04684635 0.31711537 -0.10066424
v -0.04435869 0.39411074 -0.01249871
v -0.03675665 0.39911303 -0.00990233
v -0.03656083 0.39701322 0.00279683
v -0.04336087 0.39271250 -0.00060222
v -0.01925502 0.40631658 -0.00529691
v -0.00835398 0.40881720 -0.00339480
v -0.01545403 0.27975994 -0.10948125
v -0.00135476 0.29549971 0.09043284
v -0.04088551 0.23231182 -0.04788365
v -0.05143647 0.23153317 -0.03229361
v -0.05127846 0.17989731 -0.01320198
v -0.06430615 0.25430778 -0.01713603
v -0.06410798 0.25490671 -0.01783523
v -0.05288839 0.21760309 -0.01554269
v -0.05439275 0.23104578 -0.01684019
v -0.03250242 0.23221967 -0.05900719
v -0.07409622 0.26449037 -0.02825906
v -0.07478403 0.26809514 -0.02967527
v -0.07529040 0.26369292 -0.02786130
v -0.07618223 0.26739547 -0.02957445
v -0.07628930 0.27139089 -0.03036568
v -0.07588411 0.26209626 -0.02696367
v -0.07244784 0.29961237 -0.02067331
v -0.07394188 0.30131498 -0.01996649
v -0.06349465 0.25303611 -0.01309719
v -0.06349784 0.25361490 -0.01473918
v -0.06279913 0.25333464 -0.01389239
v -0.06249921 0.25293517 -0.01269193
v -0.06300737 0.25234243 -0.01168128
v -0.06231202 0.25244170 -0.01157599
v -0.07474270 0.31551278 -0.01537052
v -0.06123620 0.25261748 -0.01478258
v -0.06331407 0.25450501 -0.01733209
v -0.06321248 0.25390634 -0.01593334
v -0.06219447 0.25323644 -0.01459552
v -0.06161860 0.25247884 -0.01264654
v -0.06141891 0.25168025 -0.01114530
v -0.06220096 0.25114575 -0.01078500
v -0.07597119 0.26100335 -0.02747120
v -0.06798366 0.25151831 -0.01595116
v -0.07298036 0.29190123 -0.02599332
v -0.07318559 0.29020020 -0.02719854
v -0.07547149 0.29180214 -0.02886886
v -0.07527737 0.29400003 -0.02778430
v -0.05447095 0.26660380 -0.06723042
v -0.05575334 0.27700374 -0.07375903
v -0.01082667 0.19628604 -0.06785609
v -0.01016347 0.20988062 -0.06819534
v -0.06974555 0.31001616 -0.06196571
v -0.07287712 0.29360187 -0.02468964
v -0.07527503 0.29570106 -0.02648411
v -0.07497760 0.27199841 -0.03037409
v -0.07187881 0.29300183 -0.02459169
v -0.07208066 0.29130155 -0.02589480
v -0.07647637 0.29730046 -0.02818543
v -0.07667742 0.29519972 -0.02968470
v -0.07667575 0.29269913 -0.03087995
v -0.07218697 0.28950050 -0.02710213
v -0.07214124 0.29781377 -0.02716629
v -0.07464205 0.34081584 -0.04066356
v -0.07284281 0.33411846 -0.05405840
v -0.07074931 0.35721460 -0.04537909
v -0.06904817 0.35121506 -0.05987253
v -0.06414397 0.34441805 -0.07535934
v -0.06804568 0.32621554 -0.06946574
v -0.07214683 0.29941204 -0.02177475
v -0.07483865 0.30231568 -0.02056679
v -0.06006446 0.37061903 0.00477497
v -0.06484560 0.36501306 -0.00207969
v -0.05382995 0.37612090 0.01342424
v -0.05316363 0.38052374 0.00626232
v -0.05886694 0.37602237 -0.00261797
v -0.06564420 0.36831546 -0.01407642
v -0.07574084 0.33301643 -0.02536228
v -0.07404314 0.34711692 -0.02727195
v -0.07174093 0.35191682 -0.01436070
v -0.06945092 0.36281508 -0.03059177
v -0.06115845 0.37701738 -0.02101769
v -0.06455435 0.37261724 -0.03510251
v -0.05456840 0.38561925 -0.02533247
v -0.05656445 0.38321772 -0.03971767
v -0.05635858 0.38021469 -0.05550543
v -0.06575032 0.36821604 -0.04968248
v -0.05656801 0.38082021 -0.00913038
v -0.05126838 0.38472271 0.00046456
v -0.05186814 0.38722107 -0.01283330
v -0.04896951 0.38842186 -0.00424216
v -0.06984268 0.35411179 -0.00767135
v -0.05656701 0.24696760 -0.01069906
v -0.05774514 0.24677144 -0.00621662
v -0.06259110 0.25772256 0.00019213
v -0.06306813 0.28301588 0.03262772
v -0.06286756 0.29541197 0.02954238
v -0.06585869 0.28732261 0.01973512
v -0.06366639 0.27282223 0.02194450
v -0.06167776 0.30881101 0.02693324
v -0.06498145 0.30129641 0.01770417
v -0.06646105 0.31501526 0.01491391
v -0.06285436 0.32301289 0.02581748
v -0.05554578 0.33821610 -0.09046313
v -0.05804590 0.32171595 -0.08776279
v -0.05874496 0.30951363 -0.08456500
v -0.04523981 0.34111360 0.05633325
v -0.01795221 0.35890535 -0.11600952
v -0.04475027 0.36441469 0.04401017
v -0.04804398 0.35862336 -0.09244787
v -0.03595414 0.36441740 -0.10038668
v -0.06424830 0.36241722 -0.06407556
v -0.06044292 0.35622266 -0.07684953
v -0.05234564 0.34902063 -0.09145396
v -0.05764607 0.29401028 -0.08076473
v -0.04426567 0.38952023 0.00736009
v -0.05226225 0.30691302 0.05115241
v -0.05146611 0.30251187 0.05055575
v -0.05243449 0.31162205 0.05243841
v -0.04965412 0.29791918 0.05215534
v -0.01244250 0.28962356 0.07535226
v -0.01194278 0.28762299 0.07745146
v -0.01164779 0.28512520 0.07944540
v -0.01504250 0.28492370 0.07515264
v -0.01444311 0.28192344 0.07705139
v -0.00854967 0.28552687 0.08494105
v -0.00895142 0.28812706 0.08243693
v -0.01105191 0.28262460 0.08163939
v -0.01055136 0.27942550 0.08354012
v -0.00844608 0.28232539 0.08724689
v -0.01414380 0.26692417 0.08005258
v -0.01514369 0.27152434 0.07805230
v -0.01294381 0.27582356 0.08025123
v -0.01785524 0.27901825 0.07555716
v -0.01675766 0.27561814 0.07696047
v -0.01374407 0.27922347 0.07885046
v -0.01905499 0.28241804 0.07355774
v -0.01124803 0.27582482 0.08594360
v -0.01214489 0.27271998 0.08904562
v -0.00894648 0.27882433 0.09054688
v -0.00734429 0.28102165 0.09384987
v -0.00664381 0.28462243 0.09055112
v -0.01574238 0.28712451 0.07335457
v -0.02024909 0.28492096 0.07205707
v -0.01995892 0.27211607 0.07606032
v -0.02414300 0.26881808 0.07543993
v -0.02215739 0.27651632 0.07445823
v -0.02615717 0.27371246 0.07395903
v -0.02335603 0.28011653 0.07285644
v -0.02755639 0.27761328 0.07215757
v -0.02794523 0.26531434 0.07495261
v -0.03115326 0.26140887 0.07396432
v -0.03406293 0.25660768 0.07225414
v -0.03406431 0.26639929 0.07227765
v -0.03735926 0.26110983 0.07046261
v -0.03606452 0.27129883 0.07038207
v -0.04006175 0.26650789 0.06846917
v -0.03046460 0.27039981 0.07327186
v -0.03216442 0.27459985 0.07137264
v -0.02895752 0.28141591 0.07055598
v -0.02475776 0.28341672 0.07125677
v -0.03775416 0.28241953 0.06676037
v -0.03726352 0.27690980 0.06857073
v -0.03315842 0.27931401 0.06946170
v -0.03394856 0.28382179 0.06785633
v -0.04196260 0.27321225 0.06656419
v -0.04196798 0.28071055 0.06506851
v -0.04136470 0.28572312 0.06365126
v -0.02826268 0.29221833 0.06737361
v -0.02354875 0.29291254 0.06804527
v -0.03164174 0.29192585 0.06625576
v -0.03754193 0.28652561 0.06535344
v -0.03434185 0.28722566 0.06665471
v -0.04527149 0.29331386 0.05756428
v -0.04304695 0.29252952 0.05964649
v -0.03764162 0.29182675 0.06365610
v -0.03494181 0.29182655 0.06505624
v -0.04054787 0.29212773 0.06184758
v -0.01906174 0.29452071 0.06800526
v -0.01464931 0.29653117 0.06812248
v -0.04990976 0.21855086 -0.02918902
v -0.00644552 0.28812608 0.08824250
v -0.00654642 0.29102775 0.08563561
v -0.01216117 0.31341788 0.07146060
v -0.01016305 0.31041783 0.07036205
v -0.00445005 0.31111479 0.07784101
v -0.01635264 0.31741577 0.07394605
v -0.01153559 0.29892164 0.06833687
v -0.00976316 0.30141929 0.06846431
v -0.00905685 0.30412018 0.06895710
v -0.00896177 0.30731815 0.06956173
v -0.02716614 0.33209357 0.07419909
v -0.02384766 0.32551345 0.07653905
v -0.05524729 0.34531415 0.03961302
v -0.05834822 0.33641532 0.03650973
v -0.04674357 0.32631510 0.05923242
v -0.04974089 0.32191768 0.05653422
v -0.05164121 0.31681815 0.05423650
v -0.05925032 0.32461798 0.03432459
v -0.05904812 0.31222555 0.03412519
v -0.05996126 0.30061153 0.03575274
v -0.04633371 0.37611830 0.02932810
v -0.04603362 0.38131791 0.02212749
v -0.04594969 0.37041947 0.03670106
v -0.03675962 0.39401653 0.01279064
v -0.03714034 0.39041591 0.02173779
v -0.04545950 0.38582417 0.01485678
v -0.03773981 0.38571328 0.02933251
v -0.03815911 0.38042012 0.03638237
v -0.03765106 0.37461755 0.04380169
v -0.03664691 0.36811385 0.05101410
v -0.03494466 0.35991088 0.05872505
v -0.03947829 0.21912339 -0.04461332
v -0.00474625 0.27702159 0.08704589
v -0.00414542 0.27712178 0.08774827
v -0.00374630 0.27662155 0.08654604
v -0.00304558 0.27672186 0.08714821
v -0.00264676 0.27542132 0.08694454
v -0.00414544 0.26801980 0.08934572
v -0.00254519 0.26991946 0.08814506
v -0.00204651 0.27332067 0.08704463
v -0.06080638 0.25125176 -0.00157897
v -0.05035865 0.18319951 -0.02572530
v -0.04644622 0.18636601 -0.03596037
v 0.05194670 0.18194945 -0.02651434
v 0.04834514 0.18509178 -0.03700710
v 0.01889160 0.15396921 0.01994058
v 0.02881454 0.15780416 0.01402841
v 0.03010635 0.14853176 0.01234279
v 0.01949013 0.14497814 0.01725161
v 0.05332777 0.16148619 -0.03231834
v 0.05246642 0.17134517 -0.02681757
v 0.04922299 0.17483801 -0.03997699
v 0.05154344 0.16484384 -0.04589515
v 0.04319534 0.17691280 -0.05173434
v 0.04573189 0.16678365 -0.05706318
v 0.03641889 0.16664608 -0.06568079
v 0.03463018 0.17861296 -0.06049155
v 0.02423109 0.17790046 -0.06680703
v 0.02593507 0.16516332 -0.07090377
v 0.03946858 0.16199264 0.00701650
v 0.04812844 0.16595139 -0.00278137
v 0.04769417 0.15557200 -0.00373352
v 0.03945405 0.15293323 0.00582747
v 0.05270841 0.16998595 -0.01417741
v 0.05315001 0.15965956 -0.01724610
v 0.01360284 0.16580737 -0.07392840
v 0.01276850 0.18071382 -0.06968989
v 0.02211287 0.12550017 0.01324652
v 0.01056596 0.12351257 0.01449940
v 0.01022906 0.13282093 0.01742557
v 0.02088232 0.13495310 0.01478421
v 0.04979075 0.12315750 -0.00458015
v 0.06251479 0.12853014 -0.01817472
v 0.06818431 0.12036914 -0.01415486
v 0.05448923 0.11367427 -0.00093350
v 0.06443155 0.09622388 0.01524290
v 0.08651468 0.10261993 0.00108327
v 0.08307546 0.08312568 0.01841586
v 0.06512154 0.07934874 0.02419742
v 0.08100386 0.06647885 0.03151044
v 0.06491620 0.06304729 0.03486950
v 0.07576381 0.01811443 0.06189134
v 0.06075501 0.01688224 0.06468979
v 0.06212188 0.03268700 0.05531937
v 0.07747980 0.03415970 0.05201560
v 0.08829650 -0.08248859 0.07821422
v 0.07727870 -0.07917210 0.08434649
v 0.08325944 -0.06250185 0.08717658
v 0.09308905 -0.06399980 0.08288819
v 0.13992192 0.03632472 0.03044074
v 0.14269571 0.05283230 0.02312535
v 0.15284796 0.04254737 0.02197007
v 0.14845869 0.02599491 0.02768483
v 0.10244660 0.13521540 -0.03908667
v 0.09678707 0.12241158 -0.01859332
v 0.08509778 0.12391633 -0.02520267
v 0.09079355 0.13653626 -0.04246601
v 0.12862983 -0.04733163 0.04424052
v 0.12403912 -0.05990312 0.05019375
v 0.12120005 -0.05086048 0.05789084
v 0.12500100 -0.03841973 0.05272461
v 0.10297441 -0.16108002 0.03952078
v 0.08986928 -0.16317718 0.05138472
v 0.09155547 -0.14277552 0.05241362
v 0.10433179 -0.14026098 0.04145474
v 0.13570729 -0.11226773 -0.00814420
v 0.13849148 -0.11317445 -0.02864021
v 0.13538289 -0.13006434 -0.02980069
v 0.13408765 -0.13121167 -0.00923627
v 0.10232330 0.01753678 0.05455720
v 0.08962505 0.01835605 0.05838522
v 0.09188885 0.03447483 0.04873656
v 0.10505946 0.03356866 0.04536891
v 0.31315783 0.04557676 -0.01088654
v 0.31436983 0.03036176 -0.01219201
v 0.29031360 0.03418959 -0.01148980
v 0.28890434 0.04904500 -0.00990988
v 0.12481654 -0.22961307 0.00004908
v 0.12442335 -0.22618034 -0.01887868
v 0.12823160 -0.24326353 -0.01614858
v 0.12781125 -0.24668589 0.00397618
v 0.17311539 0.09779109 -0.00026579
v 0.17431530 0.11461785 -0.01605825
v 0.18274716 0.10942601 -0.01540994
v 0.18298453 0.09212841 -0.00128303
v 0.13112839 0.00864487 0.04176677
v 0.13586156 0.02226546 0.03648454
v 0.14278564 0.01298059 0.03178264
v 0.13731991 0.00132040 0.03559076
v 0.14374432 -0.08391690 -0.02825294
v 0.14156497 -0.08240256 -0.01127705
v 0.14522018 -0.06685024 -0.01527368
v 0.14786033 -0.06861923 -0.03061926
v 0.13851063 -0.09750421 -0.00911559
v 0.14083400 -0.09889530 -0.02782311
v 0.12311469 0.01322275 0.04630954
v 0.11351041 0.01582091 0.05046388
v 0.11658184 0.03174659 0.04237017
v 0.12662530 0.02876149 0.03962657
v 0.08256242 -0.09817686 0.07083232
v 0.06933057 -0.09415480 0.07827570
v 0.12181289 -0.25080737 0.02336024
v 0.11091028 -0.25556794 0.03996894
v 0.10932551 -0.23738390 0.03508641
v 0.11961492 -0.23330478 0.01878085
v 0.07666996 -0.12597927 0.06032694
v 0.07819258 -0.11099488 0.06277070
v 0.09058468 -0.11040413 0.05558280
v 0.09022431 -0.12449255 0.05248109
v 0.09607164 -0.26007220 0.05315389
v 0.07974296 -0.26345322 0.06351410
v 0.07878394 -0.24398202 0.05796457
v 0.09521162 -0.24118140 0.04814973
v 0.07918506 0.05021577 0.04214252
v 0.06383280 0.04802394 0.04527921
v 0.10600922 -0.08068664 0.06545798
v 0.09797250 -0.08244387 0.07169728
v 0.10179917 -0.06419220 0.07722310
v 0.10901462 -0.06331506 0.07097732
v 0.15360300 0.01256900 0.02116212
v 0.16328907 0.02895390 0.01650386
v 0.16156596 0.00734707 0.00549447
v 0.15296283 -0.00166373 0.00975329
v 0.13286664 -0.25985333 -0.01265102
v 0.13188310 -0.26338121 0.00784072
v 0.09842922 -0.27861756 0.05768773
v 0.08169851 -0.28284347 0.06820568
v 0.17713721 -0.00622304 -0.03638628
v 0.18489496 0.00184331 -0.04110452
v 0.18819629 0.00115774 -0.05140594
v 0.18106464 -0.00688625 -0.04754626
v 0.04877266 -0.06120247 0.09086836
v 0.06195194 -0.05107722 0.09131299
v 0.06739660 -0.06875052 0.08964319
v 0.05670724 -0.08229022 0.08576524
v 0.10298588 -0.09577836 0.05729443
v 0.10162582 -0.10748643 0.04888226
v 0.09364767 -0.09805346 0.06383400
v 0.03520293 -0.07243879 0.08652812
v 0.04402861 -0.09911025 0.07831927
v 0.04770538 0.04484007 0.04818508
v 0.04645322 0.03057391 0.05776976
v 0.04803718 0.06022967 0.03925416
v 0.03120879 0.05628642 0.04312388
v 0.03009538 0.07171282 0.03528975
v 0.04721732 0.07528048 0.03061883
v 0.02798725 0.08671677 0.02928501
v 0.04505714 0.09066230 0.02390913
v 0.03556718 0.11844587 0.00572725
v 0.03871446 0.10980728 0.00936914
v 0.14639100 0.00157495 0.02405036
v 0.14084253 -0.00860323 0.02700598
v 0.11365988 -0.27354404 0.04447326
v 0.10790943 0.06362399 -0.11609539
v 0.10516089 0.04615639 -0.12012719
v 0.12129371 0.05008915 -0.11243457
v 0.12397917 0.06636603 -0.10931496
v 0.11295262 0.13708654 -0.03697596
v 0.11023156 0.12415987 -0.01541241
v 0.16212001 -0.00676866 -0.08345428
v 0.17131069 0.00216646 -0.08096538
v 0.17047675 0.01005586 -0.08520371
v 0.16069987 0.00194797 -0.08856156
v 0.19049191 0.01483119 -0.07141737
v 0.19115339 0.00837140 -0.06669225
v 0.20648448 0.01536754 -0.07021777
v 0.20529416 0.02177338 -0.07499126
v 0.12360536 -0.24039847 -0.03458978
v 0.11861143 -0.22310133 -0.03684307
v 0.11984645 -0.10047607 -0.08047426
v -0.00057222 0.15672328 -0.08005981
v -0.00000870 0.16999952 -0.07509538
v 0.12953040 -0.10731371 -0.06511331
v 0.13479668 -0.09187757 -0.06246698
v 0.12723458 -0.08539213 -0.07758979
v 0.01762640 0.03118845 -0.11433908
v 0.01786821 0.01549216 -0.11548752
v 0.03572952 0.02074312 -0.12022586
v 0.03571373 0.03597537 -0.11870467
v 0.07166164 0.06788054 -0.12195259
v 0.07290652 0.08372033 -0.11820278
v 0.05242599 0.07427651 -0.11909565
v 0.05264883 0.05923464 -0.12163796
v 0.08964530 0.05816598 -0.12189658
v 0.08808015 0.04030786 -0.12540746
v 0.14833151 -0.06722599 -0.04593276
v 0.14294668 -0.08188296 -0.04481440
v 0.15988807 -0.03678240 -0.03927872
v 0.16035162 -0.03613583 -0.05158567
v 0.15658061 -0.04516468 -0.04999498
v 0.15611634 -0.04554980 -0.03691044
v 0.08248890 0.14068443 -0.04578453
v 0.07982347 0.14481477 -0.06349446
v 0.09014109 0.14241439 -0.06142194
v 0.04720312 0.12120458 -0.09941576
v 0.04689942 0.11563678 -0.10348285
v 0.06016927 0.12085244 -0.09980650
v 0.05658044 0.12588072 -0.09575436
v 0.03914149 -0.04077039 -0.11802594
v 0.01939367 -0.04256355 -0.11621385
v 0.01991437 -0.06062493 -0.11200941
v 0.04091420 -0.06085150 -0.11385811
v 0.17261015 -0.01094153 -0.07049524
v 0.16410975 -0.02043927 -0.07110980
v 0.16510874 -0.02522936 -0.06300226
v 0.17292807 -0.01631823 -0.06354459
v 0.15529032 -0.04254910 -0.06141352
v 0.15931842 -0.03361882 -0.06206888
v 0.15764529 -0.02905110 -0.07135733
v 0.15261520 -0.03803030 -0.07186494
v 0.13489513 -0.07102639 -0.07488001
v 0.14020805 -0.07722688 -0.06032361
v 0.14675239 -0.06324662 -0.06037694
v 0.14273413 -0.05781196 -0.07378092
v 0.01899143 -0.12659387 -0.10028914
v 0.03637274 -0.12940681 -0.10370310
v 0.03774793 -0.10564692 -0.10685550
v 0.01932133 -0.10419773 -0.10491343
v 0.19703312 0.01526397 -0.02672380
v 0.19679071 0.02127730 -0.01616553
v 0.21026731 0.02094415 -0.02090671
v 0.21319765 0.01559903 -0.03263894
v 0.22147699 0.05275816 -0.08955070
v 0.21054861 0.04777921 -0.08923181
v 0.21203145 0.04183422 -0.08791608
v 0.22264880 0.04720816 -0.08913839
v 0.23538396 0.01091538 -0.04681402
v 0.23090690 0.01475214 -0.03634170
v 0.25158280 0.01315729 -0.03863591
v 0.25554416 0.00905921 -0.04971205
v 0.12408239 0.13744123 -0.06112949
v 0.12395231 0.13894126 -0.03537665
v 0.11468793 0.14003952 -0.06051484
v 0.23857784 0.00898460 -0.06451144
v 0.23798507 0.01333297 -0.07190369
v 0.22139658 0.01222106 -0.06835918
v 0.22183719 0.00959263 -0.06067438
v 0.28868315 0.06437844 -0.01650533
v 0.31268623 0.06115967 -0.01738393
v 0.28000197 0.00773155 -0.06084741
v 0.28151745 0.01007494 -0.06992570
v 0.25897250 0.00948012 -0.06721818
v 0.25825176 0.00731981 -0.05910379
v 0.11292842 -0.11611752 -0.08193098
v 0.12439097 -0.12316062 -0.06721333
v 0.10092814 -0.23604707 -0.06528465
v 0.11404152 -0.23799746 -0.05156266
v 0.10837984 -0.21943180 -0.05274554
v 0.09598068 -0.21607891 -0.06620885
v 0.12785119 -0.25773302 -0.03275289
v 0.10481725 -0.25564331 -0.06430143
v 0.11823923 -0.25634378 -0.05012162
v 0.06274094 0.15356334 -0.05969276
v 0.05206430 0.15201230 -0.07252615
v 0.06097096 0.14508078 -0.07602153
v 0.07101706 0.14741953 -0.06413695
v 0.15560140 -0.36625126 -0.03226681
v 0.15710975 -0.39391631 -0.03604543
v 0.16433565 -0.39393130 -0.01075571
v 0.16078664 -0.36742336 -0.00653611
v 0.03358224 0.13355418 -0.09013052
v 0.04829400 0.14018692 -0.08346062
v 0.04002731 0.14611098 -0.07975519
v 0.02788147 0.14125930 -0.08492761
v 0.15591654 -0.34312570 -0.00509320
v 0.15204690 -0.34044874 -0.02978452
v 0.07381610 0.14300445 -0.04627154
v 0.06465312 0.14671478 -0.04289936
v 0.06918608 0.13618617 -0.03151804
v 0.06131745 0.14117993 -0.02833254
v 0.05500461 0.13604386 -0.01414847
v 0.16618358 -0.39934748 0.01498076
v 0.16084419 -0.37319189 0.01708580
v 0.05000106 0.16006425 -0.06368019
v 0.03901074 0.15732145 -0.07219544
v 0.02512208 0.15377639 -0.07769307
v 0.01122726 0.15241824 -0.08058141
v 0.13133903 -0.27438179 -0.03056077
v 0.13565688 -0.27613726 -0.00937707
v 0.11564193 -0.50083172 -0.09904000
v 0.08966480 -0.50442564 -0.10605314
v 0.08799206 -0.51671112 -0.09683186
v 0.11794411 -0.51561695 -0.09009863
v 0.02631331 -0.48877180 -0.10511822
v 0.02401800 -0.49948031 -0.09122482
v 0.05592457 -0.51111597 -0.09695796
v 0.05893704 -0.49983650 -0.10848456
v 0.05746666 -0.37712300 -0.12381491
v 0.05658470 -0.35499337 -0.11579535
v 0.03047516 -0.35547248 -0.11659119
v 0.03036659 -0.37762538 -0.12387988
v 0.10855066 -0.27368572 -0.06381060
v 0.12197115 -0.27354050 -0.04902619
v 0.13420925 -0.27944431 0.01182489
v 0.17739241 -0.53328854 -0.01184616
v 0.17297745 -0.56892622 -0.01445664
v 0.16949964 -0.57506299 0.01939594
v 0.17233162 -0.53891236 0.02288056
v 0.14200900 -0.56285340 -0.06657201
v 0.14539339 -0.53389406 -0.06902768
v 0.11620662 -0.53592932 -0.08312418
v 0.11361123 -0.56045085 -0.07909513
v 0.06504309 -0.28639391 0.07760040
v 0.08279611 -0.30139071 0.07028393
v 0.06561275 -0.30557802 0.07978733
v 0.01710379 -0.29422548 0.09565732
v 0.03437796 -0.29166681 0.09162170
v 0.03255170 -0.31150612 0.09283166
v 0.01598115 -0.31390318 0.09597260
v 0.02345837 -0.42240360 0.08410653
v 0.01104326 -0.42276493 0.08638879
v 0.01234933 -0.40026939 0.08700756
v 0.02654740 -0.39876056 0.08431292
v 0.15385082 -0.37975702 0.03959440
v 0.13836557 -0.38647190 0.05657521
v 0.13185905 -0.36462504 0.05446710
v 0.14636047 -0.35768539 0.03832017
v 0.02276785 -0.50779504 -0.07444233
v 0.05238884 -0.52094489 -0.08271751
v 0.15501393 -0.57885665 0.04932044
v 0.15578975 -0.54322797 0.05337075
v 0.13011707 -0.58089346 0.07105780
v 0.10114783 -0.57910424 0.07968434
v 0.10264872 -0.54785681 0.08205203
v 0.13231239 -0.54735333 0.07378234
v 0.02919117 -0.49441794 0.05984430
v 0.01593616 -0.50868106 0.03797992
v 0.01204357 -0.50275880 0.04364580
v 0.02252323 -0.48299181 0.06682616
v 0.02796310 -0.47692817 -0.11445583
v 0.05911857 -0.48525605 -0.11804957
v 0.05827437 -0.46830925 -0.12476529
v 0.02851702 -0.46189138 -0.12204099
v 0.08917895 -0.25552654 -0.07433842
v 0.09250956 -0.27461615 -0.07462071
v 0.07248310 -0.25545397 -0.08082577
v 0.08591823 -0.23423967 -0.07501828
v 0.06964093 -0.23295639 -0.08075064
v 0.08094248 -0.09710211 -0.10182166
v 0.09843735 -0.10736609 -0.09350673
v 0.10634867 -0.09201328 -0.09354325
v 0.08982092 -0.08019556 -0.10364556
v 0.05286334 0.02718291 -0.12534143
v 0.05244424 0.04333748 -0.12394451
v 0.08089215 -0.55228448 -0.08197402
v 0.04546340 -0.53495950 -0.07169292
v 0.05300861 -0.57402378 -0.07224867
v 0.08345006 -0.58216357 -0.07991738
v 0.15788494 -0.59625220 -0.04531134
v 0.16338593 -0.56420738 -0.04465494
v 0.13885878 -0.59271502 -0.06542903
v 0.16754587 -0.60198736 -0.01648627
v 0.16578124 -0.60811454 0.01623395
v 0.12731430 -0.61342359 0.06814309
v 0.09826510 -0.61047214 0.07578925
v 0.02848526 -0.56857771 0.03720940
v 0.04720571 -0.57260484 0.05620954
v 0.04579100 -0.59824198 0.05046887
v 0.02785456 -0.59218866 0.02960825
v 0.05908092 -0.42699736 0.07923467
v 0.09007933 -0.40871111 0.07372788
v 0.09529418 -0.43448108 0.07564013
v 0.06933215 -0.45284036 0.07781478
v 0.02159539 -0.27314714 0.09138352
v 0.03497112 -0.27016088 0.08844273
v 0.04906096 -0.28916317 0.08600384
v 0.04855303 -0.26799810 0.08253849
v 0.06361897 -0.26610911 0.07340694
v 0.03776753 -0.18475837 0.07798694
v 0.05515430 -0.18527886 0.07150424
v 0.05090944 -0.20514578 0.07215145
v 0.03474338 -0.20477721 0.07893712
v 0.04083187 -0.16411710 0.07703084
v 0.05910582 -0.16443492 0.07124449
v 0.04271837 -0.12179510 0.07281350
v 0.06274915 -0.10828836 0.07042942
v 0.06063645 -0.12477944 0.06727583
v 0.03136636 0.04091246 0.05106011
v 0.03075616 0.02634781 0.05940053
v 0.16045499 -0.40551853 0.03962658
v 0.02060148 -0.53972429 -0.04827570
v 0.00935912 -0.54897660 -0.02635576
v 0.01461329 -0.57581371 -0.03341820
v 0.02789883 -0.57246518 -0.05505128
v 0.15379761 -0.34996220 0.01770734
v 0.12517376 -0.26808226 0.02768787
v 0.12718202 -0.28452834 0.03103654
v 0.12692547 -0.13194814 0.01167899
v 0.12693796 -0.10857427 0.01637615
v 0.07448646 -0.04514320 0.08942485
v 0.07557001 -0.05838269 0.08969273
v 0.16809481 -0.53076637 -0.04462168
v 0.11823069 -0.67288250 0.05894886
v 0.08908875 -0.67020130 0.06447060
v 0.09447094 -0.64043748 0.07068317
v 0.12306789 -0.64380234 0.06388753
v 0.02010458 -0.61487263 0.00124276
v 0.02873245 -0.61935502 0.02151209
v 0.03144872 -0.64850217 0.01392375
v 0.02491966 -0.64460611 -0.00701868
v 0.02926578 -0.67473769 -0.01310084
v 0.03300678 -0.67886770 0.00798852
v 0.03350585 -0.70918274 0.00087763
v 0.03186105 -0.70416439 -0.01952309
v 0.15082587 -0.61226177 0.04552006
v 0.15337461 -0.66807777 0.01190304
v 0.14106104 -0.67243552 0.03905826
v 0.14630537 -0.64277452 0.04236008
v 0.15918165 -0.63837767 0.01367952
v 0.11346669 -0.58909577 -0.07720289
v 0.01689476 -0.58752322 0.00959649
v 0.01572217 -0.56483805 0.01767522
v 0.03027662 -0.64071834 -0.04592687
v 0.04369282 -0.64032543 -0.06456896
v 0.03566398 -0.60772747 -0.06051934
v 0.02182698 -0.60846758 -0.03995853
v 0.13438717 -0.64983863 -0.06411890
v 0.14876717 -0.65427125 -0.04419834
v 0.15319461 -0.62600750 -0.04460270
v 0.13652901 -0.62172580 -0.06462699
v 0.15493329 -0.66120583 -0.01736179
v 0.16107419 -0.63227820 -0.01678078
v 0.14263183 -0.72559220 0.00883999
v 0.12983562 -0.72956640 0.03317462
v 0.13531488 -0.70163339 0.03623891
v 0.14793506 -0.69717687 0.01025798
v 0.14628252 -0.71824020 -0.01930762
v 0.15031050 -0.68971539 -0.01851867
v 0.14597201 -0.68278533 -0.04423128
v 0.14310075 -0.71110898 -0.04345767
v 0.12996569 -0.70479178 -0.06114518
v 0.13240187 -0.67719132 -0.06303201
v 0.11334289 -0.67365301 -0.07578714
v 0.11296115 -0.70052248 -0.07367031
v 0.09194248 -0.67102426 -0.08060921
v 0.06988193 -0.66941422 -0.07689605
v 0.07437614 -0.69663644 -0.07583494
v 0.09413965 -0.69807893 -0.07841157
v 0.04280002 -0.69853318 -0.05463060
v 0.05634465 -0.69699448 -0.06815006
v 0.05048615 -0.66947114 -0.06679276
v 0.03723220 -0.67059731 -0.05041000
v 0.05853909 -0.80760884 -0.07314166
v 0.07393500 -0.80581248 -0.07656163
v 0.06934030 -0.77741891 -0.07397969
v 0.05340688 -0.77925414 -0.06907707
v 0.08903798 -0.80462933 -0.07998547
v 0.10427166 -0.80422580 -0.07973969
v 0.10045744 -0.77772951 -0.07630742
v 0.08515771 -0.77721000 -0.07600919
v 0.12777178 -0.78482985 -0.05763154
v 0.11537278 -0.77986318 -0.07081598
v 0.11914654 -0.80644488 -0.07369386
v 0.13153023 -0.81155002 -0.06001455
v 0.14240666 -0.81756967 -0.04283991
v 0.14147036 -0.79141903 -0.04195175
v 0.14007916 -0.82443893 -0.02256677
v 0.14256038 -0.79869795 -0.02187479
v 0.12873971 -0.80544055 0.00189767
v 0.12785578 -0.83037734 0.00051117
v 0.03755499 -0.82042432 -0.03299689
v 0.03757140 -0.81513464 -0.05041299
v 0.03369725 -0.78718686 -0.04351801
v 0.03590339 -0.79270250 -0.02654237
v 0.05625543 -0.80357009 0.01152183
v 0.07017633 -0.80767578 0.03503080
v 0.06957273 -0.83319122 0.02373286
v 0.05835624 -0.82973313 -0.00033782
v 0.14354727 -0.74589533 -0.02029810
v 0.13758521 -0.75333536 0.00713084
v 0.12738933 -0.73160565 -0.05907023
v 0.14072752 -0.73833793 -0.04237643
v 0.04697077 -0.72536767 -0.05913278
v 0.06124744 -0.72352624 -0.06973668
v 0.03391709 -0.73799878 -0.00776674
v 0.03256258 -0.73239672 -0.02696850
v 0.10058371 -0.75660664 0.04420934
v 0.12154813 -0.75598359 0.03017007
v 0.11785330 -0.78288984 0.02815738
v 0.09691001 -0.78387123 0.04202148
v 0.14183821 -0.77210796 -0.02147143
v 0.14013629 -0.76487207 -0.04199309
v 0.12641485 -0.75821847 -0.05757981
v 0.11341013 -0.75348294 -0.07016653
v 0.09788045 -0.75118369 -0.07505941
v 0.08184112 -0.75020188 -0.07435485
v 0.06540065 -0.75014037 -0.07165829
v 0.05017570 -0.75188410 -0.06407998
v 0.03337690 -0.75971603 -0.03544706
v 0.03560629 -0.76542568 -0.01784302
v 0.09438950 -0.80986625 0.04043776
v 0.11680918 -0.80938679 0.02695885
v 0.11681245 -0.83350414 0.02166421
v 0.09278966 -0.83383060 0.03214047
v 0.09293745 -0.85588104 0.02034313
v 0.07264138 -0.85462707 0.01154700
v 0.09332245 -0.83211994 -0.08464654
v 0.10849627 -0.83169353 -0.08368287
v 0.12318706 -0.83411103 -0.07692003
v 0.14406268 -0.84336007 -0.04597080
v 0.13870987 -0.85117936 -0.02178925
v 0.12697367 -0.85630792 -0.00071398
v 0.11405520 -0.85538328 0.01565006
v 0.05174578 -0.87074685 -0.05918113
v 0.04508904 -0.84216553 -0.05462668
v 0.04353356 -0.84638214 -0.03886667
v 0.05082697 -0.87461120 -0.04359442
v 0.06808344 -0.86575067 -0.08185450
v 0.08131077 -0.86235577 -0.09063606
v 0.07891701 -0.83461070 -0.08010080
v 0.06579255 -0.83612007 -0.07402073
v 0.09723144 -0.86049318 -0.09430567
v 0.11405303 -0.86060899 -0.09137499
v 0.12988241 -0.86185044 -0.08375303
v 0.13650054 -0.83735377 -0.06446752
v 0.14265931 -0.86521363 -0.06927130
v 0.14581683 -0.87164193 -0.04760258
v 0.13955753 -0.87904137 -0.01894063
v 0.12342404 -0.91421503 -0.00343481
v 0.12030473 -0.88469404 0.00003111
v 0.14256211 -0.90828806 -0.02020941
v 0.09939830 -1.01152861 -0.01556840
v 0.12154111 -1.00952232 -0.01584756
v 0.11807725 -1.04383862 -0.02228410
v 0.09794521 -1.04615486 -0.02169551
v 0.05394761 -0.90344679 -0.04825705
v 0.05332596 -0.90099663 -0.06561629
v 0.06698398 -0.89622015 -0.09152696
v 0.08223733 -0.89271641 -0.10048074
v 0.15373620 -0.93201983 -0.05284202
v 0.15013441 -0.90109539 -0.04876801
v 0.14738110 -0.89484692 -0.07333584
v 0.15047453 -0.92656142 -0.07781443
v 0.05007767 -1.00158739 -0.05891558
v 0.04888517 -0.99957752 -0.07750946
v 0.04762669 -0.96599531 -0.07511208
v 0.04881036 -0.96800905 -0.05532335
v 0.06506618 -0.92843139 -0.09860964
v 0.06435001 -0.96168411 -0.10359248
v 0.08116631 -0.95887709 -0.11288407
v 0.08148743 -0.92551816 -0.10819724
v 0.14963685 -1.00045156 -0.05927570
v 0.15371650 -0.96521056 -0.05652815
v 0.15114641 -0.96065760 -0.08110566
v 0.14784503 -0.99701327 -0.08256921
v 0.14537279 -0.93849981 -0.02487865
v 0.14456998 -0.97057605 -0.02945648
v 0.12441970 -0.97619867 -0.01098484
v 0.12402367 -0.94401532 -0.00630620
v 0.10027430 -0.97758210 -0.01031916
v 0.09950905 -0.94550157 -0.00671134
v 0.00023040 -0.49755028 0.05120387
v -0.00000358 -0.50854725 0.03102889
v -0.00022425 -0.50897944 0.01595878
v 0.06051291 -1.07306564 -0.07778521
v 0.05489475 -1.03553009 -0.07754339
v 0.05508797 -1.03841865 -0.06054852
v 0.06069276 -1.07663751 -0.06280454
v 0.08264963 -0.99439287 -0.11304025
v 0.06606936 -0.99608845 -0.10482205
v 0.07025146 -1.03264761 -0.10177504
v 0.08475117 -1.03153443 -0.10938183
v 0.13839328 -1.07678044 -0.06266192
v 0.14434345 -1.03788519 -0.06112684
v 0.14227086 -1.03546226 -0.08269654
v 0.13536395 -1.07429123 -0.08295388
v 0.11496665 -1.08130169 -0.02890346
v 0.13702980 -1.04060328 -0.03696645
v 0.13199091 -1.07930291 -0.04197965
v 0.11067288 -1.11856496 -0.03250866
v 0.09450284 -1.12032080 -0.03166373
v 0.09650768 -1.08314633 -0.02793326
v 0.06568266 -1.11275756 -0.06407622
v 0.06399412 -1.10988975 -0.07785502
v 0.08417314 -1.10514283 -0.10397607
v 0.08539895 -1.06884193 -0.10600260
v 0.07256991 -1.07026970 -0.09881795
v 0.07275014 -1.10688853 -0.09688207
v 0.11622116 -1.07160199 -0.10488734
v 0.10069255 -1.06947970 -0.10836855
v 0.09848341 -1.10546362 -0.10584126
v 0.11250287 -1.10775626 -0.10197818
v 0.12803225 -1.10967386 -0.08216076
v 0.12787244 -1.07286155 -0.09639884
v 0.12158508 -1.10877597 -0.09408212
v 0.13186838 -1.11190021 -0.06313723
v 0.12643339 -1.11561167 -0.04409140
v 0.00834997 -0.51351488 -0.03175407
v 0.00575588 -0.52430528 -0.00798349
v 0.00785260 -0.53255159 -0.01709879
v 0.01606158 -0.51985437 -0.03938308
v 0.04475930 -0.62596464 0.04422678
v 0.04367501 -0.65574980 0.03686310
v 0.04145929 -0.71547866 0.02231436
v 0.04257103 -0.68639946 0.03002290
v 0.04222037 -0.74431551 0.01276948
v 0.04412791 -0.77271008 0.00217681
v 0.04483652 -0.79889375 -0.00940262
v 0.04591019 -0.82526582 -0.01827810
v 0.05064087 -0.85152322 -0.02349713
v 0.05717321 -0.87951559 -0.02592552
v 0.06110421 -0.93733507 -0.03445412
v 0.05153631 -0.93527448 -0.05173676
v 0.06169562 -0.90727842 -0.03098500
v 0.06023121 -1.00487709 -0.03944423
v 0.05948015 -0.97009331 -0.03684038
v 0.06335022 -1.04246247 -0.04338770
v 0.06785466 -1.08064425 -0.04784962
v 0.07233838 -1.11644340 -0.05013628
v 0.07610995 -0.52274477 0.07748955
v 0.05158127 -0.52744001 0.06495240
v 0.05302978 -0.50918037 0.06793887
v 0.07671858 -0.49892035 0.07758500
v 0.00997759 -0.51179636 0.02228505
v 0.00602809 -0.51051533 0.00938879
v 0.00502838 -0.50839078 0.01302427
v 0.00806939 -0.50863349 0.02633683
v 0.13255046 -0.77920938 0.00437317
v 0.11270817 -0.72687286 -0.07116168
v 0.09592886 -0.72463733 -0.07601274
v 0.07846368 -0.72337973 -0.07442964
v -0.00032641 -0.50447625 0.00085975
v 0.05569921 -0.75034463 0.03312617
v 0.07567142 -0.75438517 0.04530454
v 0.07267137 -0.78150785 0.04039155
v 0.05350110 -0.77846748 0.02512517
v 0.09726758 -0.91849798 -0.00376007
v 0.07893877 -0.94205689 -0.01938984
v 0.07722805 -0.91337878 -0.01462474
v 0.09642018 -0.89402103 0.00158249
v 0.11928665 -0.89012104 -0.09982886
v 0.13580799 -0.89116478 -0.09061569
v 0.12241399 -0.92186344 -0.10798494
v 0.10062731 -0.89037770 -0.10295663
v 0.10177523 -0.92244053 -0.11143064
v 0.06009650 -0.69481677 0.04880869
v 0.08415505 -0.69939691 0.05764980
v 0.07971556 -0.72719175 0.05063619
v 0.05742794 -0.72271121 0.04078161
v 0.10487425 -0.20077781 -0.05596723
v 0.09337969 -0.19596915 -0.06895762
v 0.11942795 -0.08223763 0.04499050
v 0.12142087 -0.09338426 0.03281329
v 0.11102142 -0.10214996 0.04152565
v 0.11176354 -0.09050900 0.05123611
v 0.12571694 -0.07128884 0.03975617
v 0.12800284 -0.08231200 0.02706805
v 0.13041437 -0.05856933 0.03393332
v -0.00035006 0.10335787 -0.09912916
v -0.00044435 0.11515146 -0.09621409
v 0.13289104 -0.06946777 0.02177165
v 0.15409704 -0.01151120 -0.00317519
v 0.16145487 -0.00406507 -0.00728533
v 0.04258693 -0.14336054 0.07519480
v 0.02299310 -0.14394493 0.07707588
v 0.02334258 -0.12421589 0.07552258
v 0.04863968 -0.30897412 0.08722911
v 0.03796684 -0.42375451 0.08111032
v 0.04284532 -0.39662915 0.08087704
v 0.06269921 -0.39301568 0.07711278
v 0.00749731 -0.48580948 0.06456596
v 0.05671985 -0.10970940 -0.10479148
v 0.05439815 -0.13363695 -0.10247294
v 0.03507787 0.05151552 -0.11674108
v 0.01727427 0.04607068 -0.11272155
v 0.03354868 0.07910462 -0.11170451
v 0.03227364 0.09104345 -0.10928079
v 0.01569721 0.08496185 -0.10604566
v 0.00161486 -0.18430999 0.08071280
v 0.00086099 -0.20381770 0.08228914
v 0.01653798 0.07319184 -0.10826886
v 0.01619547 0.13175783 -0.09167009
v 0.00306581 -0.12626532 0.07417642
v 0.00279487 -0.14509463 0.07561611
v 0.01339791 0.14238356 -0.08624618
v 0.00627963 -0.51421696 0.00637057
v 0.00342178 -0.50853455 -0.01271461
v 0.00321636 -0.50710785 -0.00539530
v 0.03004407 -0.54797304 0.04401838
v 0.01634520 -0.54690951 0.02530687
v 0.01779740 -0.53316975 0.03160376
v 0.03186360 -0.53134298 0.04919783
v 0.17262691 -0.50233805 0.02737169
v 0.17876707 -0.49652341 -0.00672800
v 0.08445459 -0.53142840 -0.08753336
v 0.32645521 0.00820019 -0.07214478
v 0.32800150 0.01597181 -0.08020467
v 0.30456534 0.01601477 -0.07948982
v 0.30340430 0.00916350 -0.07128541
v 0.06098914 -0.03933613 -0.11874674
v 0.06813765 -0.06329748 -0.11164232
v 0.07710245 0.13003977 -0.03014062
v 0.14577842 0.13690273 -0.03062193
v 0.14287093 0.12624574 -0.00711131
v 0.13302603 0.12701350 -0.01084028
v 0.13476372 0.13885266 -0.03339142
v -0.00043757 -0.49911439 -0.01306197
v 0.13839644 0.08470549 -0.09642735
v 0.14045084 0.10215552 -0.08757524
v 0.12953201 0.10279684 -0.09414281
v 0.12684540 0.08405256 -0.10321077
v 0.02970810 -0.40095472 -0.12850253
v 0.05707810 -0.40061218 -0.12963097
v 0.03417364 -0.20443115 -0.08944292
v 0.05122118 -0.20744437 -0.08779698
v 0.05097307 -0.18391275 -0.09357005
v -0.00002955 -0.49889418 -0.05042654
v 0.00012492 -0.49451765 -0.05900219
v 0.03412097 -0.17993702 -0.09485428
v 0.08982407 -0.05143731 -0.11226981
v 0.10304590 -0.06589986 -0.10285036
v 0.02966071 -0.02325385 0.08290875
v 0.04484576 -0.01843007 0.08311330
v 0.04576489 -0.03819368 0.08908898
v 0.03097928 -0.04549514 0.08785422
v 0.27251080 0.04241495 -0.08816384
v 0.25134858 0.03428394 -0.08663857
v 0.25613320 0.02255030 -0.08172555
v 0.27918956 0.02516047 -0.08468697
v 0.16888705 -0.49118686 -0.04535607
v 0.14575098 -0.50748783 -0.07488511
v 0.12273974 -0.16461180 -0.04829930
v 0.11276525 -0.15942599 -0.06602030
v 0.10790142 -0.18065032 -0.06160599
v 0.11855116 -0.18566352 -0.04483308
v 0.13576253 -0.11128538 -0.04789192
v 0.13123861 -0.12794638 -0.04923799
v 0.13911709 -0.09660719 -0.04585646
v 0.18300027 -0.00450724 -0.05706906
v 0.19011807 0.00326942 -0.06021642
v 0.18378437 0.00080951 -0.06417403
v 0.04936020 -0.54787928 0.06149147
v 0.04800965 -0.47450554 0.07374939
v 0.03963643 -0.45869708 0.07806247
v 0.00300138 -0.50477570 -0.00084928
v 0.05576297 0.14914781 -0.02316066
v 0.05073723 0.14558974 -0.00931386
v 0.22040880 0.01016190 -0.05190989
v 0.23790105 0.00863753 -0.05600679
v 0.16795371 -0.01817805 -0.03206878
v 0.17116474 -0.02045251 -0.04433734
v 0.16468631 -0.02883741 -0.04158595
v 0.16194621 -0.02596951 -0.02869157
v 0.17275766 -0.01965915 -0.05476819
v 0.16557638 -0.02839563 -0.05315330
v 0.11944319 0.04797027 0.03418180
v 0.12252638 0.06427716 0.02498023
v 0.13272248 0.06005472 0.02373039
v 0.13020660 0.04361405 0.03232183
v 0.10753877 0.04988443 0.03634884
v 0.09408271 0.05051036 0.03896343
v 0.09631555 0.06737774 0.02829643
v 0.11028151 0.06657406 0.02622756
v 0.06089588 0.10829777 0.00823671
v 0.07610651 0.11513124 -0.00647629
v 0.04256323 0.10257648 0.01726848
v 0.02613267 0.09913551 0.02344973
v 0.01730422 0.12072632 -0.09662996
v 0.01603649 0.10795039 -0.10044190
v 0.03461361 0.11188706 -0.10242919
v 0.03726337 0.12332810 -0.09698630
v 0.04468463 0.13435991 -0.00187439
v 0.03364776 0.12866028 0.00645327
v 0.02261479 0.11554301 0.01302947
v 0.28907889 0.07564348 -0.02809630
v 0.31231681 0.07143828 -0.02798741
v 0.05658984 0.15874460 -0.05156772
v 0.05760507 0.15361634 -0.03763283
v 0.28961530 0.08244750 -0.04251359
v 0.31332430 0.07751731 -0.04220764
v 0.12245295 0.12609242 -0.01325974
v 0.13002630 0.10736656 0.00523914
v 0.11894494 0.10567816 0.00318217
v 0.04149248 0.14410053 0.00235348
v 0.03191767 0.13836646 0.00948512
v 0.17576095 -0.45998985 0.00222279
v 0.17019081 -0.46612456 0.03179586
v 0.11876926 -0.21535775 0.01442463
v 0.12345349 -0.21184844 -0.00362677
v 0.01983704 -0.18455699 0.08072495
v 0.01820015 -0.20453548 0.08221077
v 0.00975894 0.14252341 0.02121079
v 0.03306119 -0.24772684 0.08375629
v 0.01574993 -0.25087872 0.08579739
v 0.01654964 -0.22619219 0.08324766
v 0.03297324 -0.22553031 0.08039822
v 0.00913414 -0.28661564 0.09489790
v 0.01021297 -0.27481633 0.09164121
v 0.00945030 -0.44117951 0.08493530
v 0.01884653 -0.44173744 0.08363579
v 0.21172574 0.06354522 -0.00300285
v 0.20910215 0.08186059 -0.00667055
v 0.22632088 0.07738971 -0.00990612
v 0.22803891 0.06030852 -0.00509002
v 0.04764382 -0.24602665 0.07747385
v 0.06283338 -0.24527371 0.06782733
v 0.14783758 -0.01982940 -0.00070551
v 0.14662910 -0.01066351 0.01233276
v 0.02303198 -0.10306142 0.07796657
v 0.06018133 -0.03281027 0.08843691
v 0.05964859 -0.01548937 0.08217387
v 0.07360586 -0.01365549 0.07951017
v 0.07369164 -0.02947001 0.08590945
v 0.00232694 -0.50374079 -0.00845224
v 0.20440580 0.07127558 -0.08712190
v 0.21617657 0.07492203 -0.08522748
v 0.21314169 0.08235426 -0.08100598
v 0.20161313 0.07977150 -0.08322547
v 0.00802757 -0.54259622 0.00554087
v 0.00921992 -0.55869740 -0.00286485
v 0.02082436 -0.51219672 -0.05719951
v 0.00761417 -0.50520831 -0.04763455
v 0.06921656 -0.60567862 0.06824046
v 0.07216322 -0.57648945 0.07331265
v 0.06665262 -0.63557220 0.06180024
v 0.06397761 -0.66586125 0.05535990
v 0.06327615 -0.85497653 -0.00769995
v 0.07341154 -0.88359988 -0.00785835
v 0.07951374 -0.97443461 -0.02327750
v 0.00036586 -0.49450427 -0.07121222
v 0.07966227 -1.00880909 -0.02719534
v 0.08020175 -1.04515791 -0.03193408
v 0.08098312 -1.08329201 -0.03663104
v 0.08216858 -1.11943996 -0.03862959
v 0.31553271 0.07681913 -0.05692989
v 0.29073191 0.08269335 -0.05868227
v 0.29431388 0.07469120 -0.07240179
v 0.31921443 0.07032724 -0.06973492
v 0.27707288 0.00887531 -0.05116936
v 0.27390221 0.01260691 -0.04025577
v 0.29531232 0.00958269 -0.04072598
v 0.29783589 0.00671857 -0.05176798
v 0.32017863 0.00298271 -0.05238608
v 0.32324332 0.00377866 -0.06263254
v 0.30051690 0.00646060 -0.06181139
v 0.32707128 0.02674286 -0.08592317
v 0.32553977 0.03876550 -0.08767281
v 0.30073664 0.04098019 -0.08817282
v 0.30322739 0.02621530 -0.08562350
v 0.32162920 0.06067638 -0.07965768
v 0.29764166 0.06308309 -0.08204026
v 0.29936144 0.05171853 -0.08698710
v 0.32360077 0.04959298 -0.08564527
v 0.31564686 0.01836451 -0.01927901
v 0.31662145 0.01011190 -0.02957013
v 0.29351258 0.01460490 -0.02945719
v 0.29201052 0.02262023 -0.01885805
v 0.20817271 0.09920619 -0.01690536
v 0.22571453 0.09274171 -0.02043802
v 0.17159544 0.01854437 -0.00364689
v 0.17293352 0.03052449 0.00684542
v 0.18412343 0.03251609 -0.00114718
v 0.17899720 0.01991812 -0.01094046
v 0.26522303 0.06837521 -0.01495081
v 0.24468085 0.07322036 -0.01264435
v 0.24473193 0.08590152 -0.02393484
v 0.26630515 0.07935306 -0.02662798
v 0.26868999 0.02651652 -0.01880361
v 0.00000087 -0.49846601 -0.04174192
v 0.27105892 0.01834666 -0.02925161
v 0.24847902 0.01986289 -0.02758926
v 0.24676237 0.02839422 -0.01749611
v 0.28099883 0.01576215 -0.07777651
v 0.25826651 0.01493591 -0.07495485
v 0.21305229 0.04629013 -0.00409043
v 0.22878860 0.04340382 -0.00706173
v 0.14149140 -0.02031549 0.01577822
v 0.15291306 -0.04244120 -0.02295660
v 0.15705340 -0.03355254 -0.02576073
v 0.11239446 -0.07703323 0.05996940
v 0.11437820 -0.06203787 0.06510442
v 0.13685167 -0.07743344 0.00581255
v 0.14068279 -0.06271160 0.00070928
v 0.11825437 -0.07045006 0.05509619
v 0.11797514 -0.06056222 0.06043192
v 0.07727794 -0.14421502 0.06154727
v 0.02398629 0.10728396 0.01668780
v 0.24628423 0.05661267 -0.00732042
v 0.24641433 0.04031723 -0.00990542
v 0.21918377 0.02552959 -0.08003377
v 0.22000942 0.01823513 -0.07459242
v 0.23689871 0.02068631 -0.07840873
v 0.00101027 -0.48666438 -0.08357929
v 0.00081788 -0.47624084 -0.09610373
v 0.23474512 0.02950787 -0.08394247
v 0.12195555 -0.02945474 -0.10655032
v 0.10733992 -0.03988925 -0.10986681
v 0.11712825 -0.05257610 -0.09998317
v 0.12926175 -0.04079892 -0.09709124
v 0.21209282 0.09506604 -0.07005087
v 0.21591797 0.09917158 -0.06225101
v 0.20101237 0.10261200 -0.06236681
v 0.19929160 0.09632868 -0.07123405
v 0.21995476 0.10235330 -0.05067027
v 0.22411883 0.10161261 -0.03546572
v 0.20663577 0.10845116 -0.03363360
v 0.20313893 0.10795972 -0.05019089
v 0.15869920 -0.42175272 -0.04237620
v 0.16784774 -0.42326221 -0.01684318
v 0.11515067 -0.29088834 0.04693960
v 0.09968889 -0.29660845 0.05966249
v 0.08757537 -0.38349655 0.07248024
v 0.03193020 -0.50609297 0.05631633
v 0.01681574 -0.51556128 0.03617608
v 0.01235264 -0.58200067 -0.01163501
v 0.17142786 -0.42676041 0.00914775
v 0.01818774 -0.61129761 -0.01902734
v 0.02472122 -0.64199364 -0.02625684
v 0.06508929 -0.64114982 -0.07713901
v 0.08954703 -0.64344984 -0.08148573
v 0.08680578 -0.61414391 -0.08128340
v 0.05943929 -0.60978365 -0.07556840
v 0.11354571 -0.64642119 -0.07690963
v 0.11362506 -0.61837035 -0.07712658
v 0.10773227 -0.72895432 0.04791883
v 0.10177734 -0.95713723 -0.11627887
v 0.12094028 -0.99392867 -0.11186060
v 0.12258390 -0.95623958 -0.11237743
v 0.10194248 -0.99374419 -0.11585050
v 0.13967171 -0.95745444 -0.10018716
v 0.13900174 -0.92296386 -0.09669428
v 0.14121301 -1.00461936 -0.03278771
v 0.10196485 -1.03146052 -0.11208260
v 0.11894223 -1.03272533 -0.10830850
v 0.13336185 -1.03360593 -0.09809630
v 0.13746457 -0.99463350 -0.10004843
v 0.00853246 -0.53136224 0.01289951
v 0.15492207 -0.50816351 0.05657259
v 0.15241058 -0.47557512 0.05906584
v 0.10017864 -0.46195579 0.07876381
v 0.07453889 -0.47610599 0.07779797
v 0.07980696 -0.22456503 0.05395333
v 0.09572419 -0.22265610 0.04386698
v 0.10044941 -0.18259183 0.03920570
v 0.11278084 -0.17930202 0.02563742
v 0.11020428 -0.20001535 0.02724360
v 0.09764133 -0.20338660 0.04066970
v 0.12845755 -0.17237553 -0.00884291
v 0.12830012 -0.16865808 -0.02923437
v 0.12473008 -0.18953687 -0.02603741
v 0.12510756 -0.19283067 -0.00659156
v 0.12239535 -0.20863870 -0.02201345
v 0.11566665 -0.20554620 -0.03987731
v 0.06869897 -0.16378161 -0.09361171
v 0.08320005 -0.16889642 -0.08557098
v 0.08660381 -0.14566894 -0.09085524
v 0.07136167 -0.13914022 -0.09807950
v 0.02892263 -0.44701207 0.08137500
v 0.00984824 -0.51692206 0.02064759
v 0.07468305 -0.54846013 0.07645634
v 0.10375083 -0.51849473 0.08282725
v 0.13150781 -0.51448435 0.07562697
v 0.21745652 0.01233942 -0.04262139
v 0.15384375 -0.01492486 -0.08628151
v 0.15204886 -0.00534680 -0.09234314
v 0.23922613 0.09563502 -0.05362793
v 0.24365541 0.09435545 -0.03921437
v 0.22796571 0.02941901 -0.01392549
v 0.19487630 0.08630894 -0.00344744
v 0.19706836 0.06656213 0.00074393
v 0.18414652 0.07016902 0.00546017
v 0.11619093 -0.39626250 0.06692232
v 0.14452367 -0.41258159 0.05858470
v 0.12148088 -0.42241427 0.06974316
v 0.00416463 -0.50348979 -0.03757656
v 0.05222273 -0.49161327 0.07093972
v 0.02998011 -0.67222255 -0.03202838
v 0.03406186 -0.70095974 -0.03783249
v 0.03700409 -0.72829455 -0.04415146
v 0.03885801 -0.75520337 -0.05104822
v 0.04033948 -0.78257507 -0.05834920
v 0.04524388 -0.81004155 -0.06421159
v 0.05338008 -0.83869094 -0.06653761
v 0.05827926 -0.86814654 -0.07176108
v 0.05014931 -0.93316287 -0.07092629
v 0.05485971 -0.93082029 -0.08581699
v 0.05728057 -0.89861649 -0.07953341
v 0.05313293 -0.96415752 -0.09050549
v 0.05485949 -0.99794483 -0.09241986
v 0.06046871 -1.03389740 -0.09086581
v 0.06678937 -1.10778868 -0.08838242
v 0.06483229 -1.07106006 -0.08931210
v 0.00209045 -0.50139737 -0.01888571
v 0.00275430 -0.50231802 -0.02789686
v 0.10541514 0.10278411 0.00103084
v 0.15828063 -0.01924294 -0.01587657
v 0.16446330 -0.01221372 -0.01972727
v 0.21170539 0.03108529 -0.01006000
v 0.27465025 0.06469326 -0.08353873
v 0.27094361 0.07849205 -0.07546693
v 0.22735775 0.02037968 -0.02457211
v 0.17664880 0.01127929 -0.02083341
v 0.17077968 0.00727153 -0.01383825
v 0.50811267 0.06052966 -0.04609907
v 0.50610811 0.06359936 -0.05787820
v 0.52670723 0.06055370 -0.05670122
v 0.52816409 0.05690428 -0.04583652
v 0.50936067 0.05207841 -0.03726364
v 0.52887195 0.04844402 -0.03840048
v 0.51167750 -0.00049177 -0.05549018
v 0.51038468 0.00702037 -0.04515639
v 0.53045750 0.00793497 -0.04917091
v 0.53161263 0.00117421 -0.05958782
v 0.54850292 0.03523240 -0.03690598
v 0.54859173 0.02552345 -0.03938475
v 0.52926475 0.02707125 -0.03630379
v 0.52920288 0.03792634 -0.03490145
v 0.51065695 0.00062822 -0.08149818
v 0.50820214 0.00868355 -0.09028374
v 0.48894599 0.00484083 -0.08801714
v 0.49149743 -0.00301444 -0.07792851
v 0.42909056 0.00085889 -0.03579186
v 0.43225592 -0.00806872 -0.04518599
v 0.41581976 -0.00742616 -0.03950502
v 0.41209739 0.00295183 -0.03113406
v 0.46683827 0.06745758 -0.04621148
v 0.46454537 0.06856558 -0.05941356
v 0.48504338 0.06606604 -0.05887641
v 0.48753038 0.06400266 -0.04617422
v 0.46834111 0.03346699 -0.02824067
v 0.46805984 0.01979968 -0.03161238
v 0.44588223 0.02254519 -0.03037374
v 0.44589561 0.03672576 -0.02789764
v 0.44445086 0.07075046 -0.04740203
v 0.44348809 0.06867105 -0.06017614
v 0.50978017 0.02898465 -0.03282029
v 0.50930381 0.01692111 -0.03777687
v 0.48887229 0.01778918 -0.03402433
v 0.48945031 0.03085996 -0.02993823
v 0.54895365 0.00753608 -0.08455216
v 0.54689282 0.01539484 -0.09124471
v 0.52758771 0.01221061 -0.09125966
v 0.52991915 0.00419095 -0.08356941
v 0.54900438 0.01676970 -0.04515375
v 0.54998958 0.00894072 -0.05269406
v 0.52941024 0.01688799 -0.04180826
v 0.54489100 0.05440704 -0.07793536
v 0.54586726 0.05793878 -0.06674084
v 0.52507734 0.05987164 -0.06875589
v 0.52370560 0.05509508 -0.08059115
v 0.47026724 -0.00210618 -0.04589993
v 0.46866134 0.00736498 -0.03721216
v 0.48969573 0.00636431 -0.04074942
v 0.49109623 -0.00169930 -0.05090587
v 0.46828225 0.05985052 -0.03516798
v 0.48916748 0.05575130 -0.03612982
v 0.50281709 0.05508498 -0.08264328
v 0.50395113 0.06154777 -0.07047103
v 0.48293298 0.06213677 -0.07139266
v 0.48167962 0.05397049 -0.08401848
v 0.46187446 0.03955505 -0.09264935
v 0.46362910 0.02542829 -0.09423450
v 0.48323891 0.02919233 -0.09512432
v 0.48182055 0.04266519 -0.09246717
v 0.44902629 -0.00092174 -0.04107836
v 0.45146433 -0.00797193 -0.05223040
v 0.47182253 -0.00584647 -0.07295673
v 0.46956515 0.00112604 -0.08455013
v 0.45062730 -0.00260125 -0.07971450
v 0.45234117 -0.00876022 -0.06663887
v 0.40379205 0.05461987 -0.02990715
v 0.40404153 0.06599516 -0.03815717
v 0.42438078 0.06710912 -0.03623949
v 0.42445123 0.05476812 -0.02857358
v 0.42392468 0.07231095 -0.04875999
v 0.40521860 0.07178111 -0.05125491
v 0.38030407 0.06275959 -0.06419156
v 0.38133478 0.05383951 -0.07193252
v 0.39168143 0.05262003 -0.07113398
v 0.39121839 0.06310198 -0.06432341
v 0.42464545 0.03051940 -0.09333374
v 0.42630768 0.01535606 -0.09045441
v 0.44449565 0.02063309 -0.09254523
v 0.44255358 0.03557111 -0.09329753
v 0.41414583 -0.00264994 -0.08011944
v 0.41789240 -0.01111300 -0.06863546
v 0.43294963 -0.00719746 -0.07404414
v 0.42942214 0.00237898 -0.08409122
v 0.36335495 -0.00114956 -0.06592662
v 0.36203054 -0.00411790 -0.05510569
v 0.37680626 -0.00891085 -0.05629069
v 0.37798280 -0.00531449 -0.06794611
v 0.35802367 0.00309488 -0.03166858
v 0.35707638 0.01201663 -0.02239107
v 0.37132245 0.00918931 -0.02382214
v 0.37238210 -0.00056644 -0.03227514
v 0.35687393 0.06220182 -0.02900144
v 0.35623515 0.06844025 -0.04183744
v 0.36831534 0.06779920 -0.04096090
v 0.36943725 0.05981883 -0.02903891
v 0.41016024 0.02653497 -0.09229316
v 0.40898892 0.00981839 -0.08820400
v 0.38659355 -0.00343686 -0.03359662
v 0.38454670 0.00655975 -0.02555236
v 0.39763489 0.00400294 -0.02785183
v 0.40080023 -0.00607254 -0.03580604
v 0.00036344 0.04376449 -0.11056208
v 0.00032148 0.05720984 -0.10885908
v 0.38072485 0.03202227 -0.02349545
v 0.38099897 0.04479847 -0.02484146
v 0.39331099 0.04358961 -0.02649293
v 0.39390221 0.02963482 -0.02593851
v 0.38066170 0.05861790 -0.02928186
v 0.37936023 0.06689903 -0.03978561
v 0.39196074 0.06686132 -0.03911996
v 0.39310187 0.05724697 -0.02959986
v 0.39160135 0.03368453 -0.08549477
v 0.39375699 0.02248238 -0.08994956
v -0.00138992 -0.29999477 0.09631862
v -0.00174518 -0.28776294 0.09496918
v 0.40118000 0.02484503 -0.09125067
v 0.39881188 0.03583967 -0.08636285
v 0.40232295 -0.00546241 -0.07514104
v 0.40412980 -0.01285550 -0.06335310
v -0.00013494 -0.31184047 -0.09972449
v -0.00014270 -0.29383296 -0.09318802
v 0.40794694 0.02777075 -0.02827809
v 0.40902176 0.01439428 -0.02792528
v 0.39603081 0.01679054 -0.02456137
v 0.39097476 0.06932782 -0.05262849
v 0.36458835 0.00474154 -0.07495293
v 0.36530548 0.01198369 -0.08265797
v 0.34964713 0.01445238 -0.08142679
v 0.34903228 0.00726736 -0.07355812
v 0.34688902 0.00221461 -0.06437210
v 0.34486371 0.00021970 -0.05388435
v 0.34020045 0.00696087 -0.03044529
v 0.33870769 0.01490507 -0.02058790
v 0.33795962 0.02763578 -0.01436296
v 0.33701542 0.04326344 -0.01354383
v 0.35614425 0.04058523 -0.01740947
v 0.35668188 0.02494862 -0.01730760
v 0.33627120 0.07203049 -0.04224522
v 0.33554223 0.06718250 -0.02835869
v 0.33899060 0.07018045 -0.05579177
v 0.35683349 0.06743238 -0.05400813
v 0.38869244 -0.01082791 -0.04520250
v -0.00001979 -0.37760815 0.08995616
v 0.00022314 -0.40136310 0.08817694
v 0.37464282 -0.00694086 -0.04356536
v 0.50236082 0.04501402 -0.09167606
v 0.50330752 0.03244808 -0.09511158
v 0.52367359 0.03482118 -0.09400310
v 0.52329952 0.04624706 -0.08969153
v 0.54498172 0.02572346 -0.09349353
v 0.52520633 0.02301102 -0.09450088
v 0.50965637 0.04100543 -0.03258171
v 0.48958811 0.04408285 -0.03037438
v 0.54850161 0.04568516 -0.03881733
v 0.40710533 0.04116237 -0.02784889
v 0.42414933 0.03912019 -0.02796182
v 0.38243061 0.04409759 -0.07931848
v 0.37134749 0.05447691 -0.07298291
v 0.37316889 0.04532044 -0.08054698
v 0.42341310 0.04517740 -0.08535162
v 0.42230433 0.05622053 -0.07159171
v 0.40452629 0.05043622 -0.07252159
v 0.40842780 0.04012907 -0.08608323
v 0.38614199 0.02132819 -0.08816306
v 0.38412198 0.03323352 -0.08489081
v 0.37502202 0.03400080 -0.08530026
v 0.37666783 0.02158950 -0.08718650
v 0.36950105 0.04740930 -0.02302706
v 0.35624072 0.05209828 -0.02109689
v 0.35992974 0.05550911 -0.07434821
v 0.35837114 0.06200180 -0.06481659
v 0.34281498 0.06475737 -0.06728580
v 0.34429809 0.05761755 -0.07696857
v 0.36980402 0.06194347 -0.06387337
v 0.36162373 0.04648445 -0.08202085
v 0.34607381 0.04837644 -0.08371552
v 0.33594012 0.05690939 -0.01844792
v 0.36461598 0.02309384 -0.08658960
v 0.36334309 0.03547070 -0.08596869
v 0.34757310 0.03717973 -0.08688306
v 0.34896314 0.02512017 -0.08633858
v 0.50547189 0.02000918 -0.09451232
v 0.48579648 0.01647014 -0.09333950
v 0.41838509 -0.01372744 -0.05344110
v 0.43409309 -0.01244275 -0.05969042
v 0.40309322 -0.01352422 -0.04845816
v 0.51217371 -0.00280003 -0.06874481
v 0.53154641 0.00001336 -0.07222391
v 0.47186303 -0.00740404 -0.05858700
v 0.49218377 -0.00529924 -0.06415429
v 0.46128869 0.05212679 -0.08466387
v 0.38993761 0.00100705 -0.07980926
v 0.39114484 -0.00679638 -0.07085967
v 0.39913815 0.00266657 -0.08402912
v 0.34134862 0.00165139 -0.04188391
v 0.36004406 -0.00269455 -0.04285414
v 0.40127596 0.01473807 -0.09133687
v 0.31836817 0.00563178 -0.04114784
v 0.40424442 0.06468148 -0.06341467
v 0.37986988 0.06908157 -0.05268138
v 0.36860764 0.06711764 -0.05315587
v 0.54704219 0.05824438 -0.05511446
v 0.46905598 0.04764654 -0.02888681
v 0.42452413 0.02500602 -0.02937729
v 0.42659342 0.01206991 -0.03115817
v 0.38803837 0.00952546 -0.08704908
v 0.37828690 0.01019656 -0.08439656
v 0.37858963 0.00229754 -0.07675702
v 0.36945191 0.03691031 -0.02056564
v 0.37055057 0.02190590 -0.01988311
v 0.55053085 0.00318143 -0.07430629
v 0.38290480 0.01905603 -0.02211872
v 0.42187524 0.06707598 -0.06160432
v 0.01685206 0.06024046 -0.11056560
v 0.13277075 -0.09206239 0.01026399
v 0.10212843 -0.12116218 0.04345003
v 0.11388157 -0.11625163 0.03244583
v 0.14762688 -0.03686284 -0.00957192
v 0.15227962 -0.02695910 -0.01300784
v 0.17284347 -0.00152000 -0.02480991
v 0.17989998 0.00452079 -0.03058538
v 0.13658498 -0.05581582 0.01540996
v 0.00846408 -0.26237178 0.08699235
v 0.04137022 -0.27719194 -0.08602502
v 0.02138325 -0.27721363 -0.08725595
v 0.02377982 -0.29496026 -0.09317432
v 0.04530779 -0.29511771 -0.09107791
v 0.02620458 -0.31429389 -0.09977029
v 0.14313196 -0.34266874 -0.05380560
v 0.13736597 -0.32170704 -0.05190648
v 0.12432726 -0.32478914 -0.07133514
v 0.12955146 -0.34680781 -0.07513769
v 0.14028732 -0.30429706 -0.02865873
v 0.13072245 -0.30429399 -0.04995733
v 0.14621261 -0.32070822 -0.02898204
v 0.14945935 -0.32341641 -0.00511436
v 0.14382978 -0.30649018 -0.00581426
v 0.14687562 -0.32970130 0.01685878
v 0.14144905 -0.31146687 0.01590741
v 0.13916574 -0.33731553 0.03648426
v 0.12577240 -0.34486952 0.05261281
v 0.11097854 -0.37298828 0.06467693
v 0.08545664 -0.36006817 0.07174619
v 0.10647054 -0.35249937 0.06362777
v 0.04512931 -0.37123546 0.08290081
v 0.06417068 -0.36670625 0.07786117
v 0.01348781 -0.37641048 0.08900557
v 0.02861571 -0.37434942 0.08651821
v 0.10004697 0.08438727 0.01554953
v 0.09454069 0.13394617 -0.07883299
v 0.10401235 0.14108586 -0.05972754
v 0.08213955 0.13692173 -0.07878045
v 0.11141971 0.08143448 -0.11109634
v 0.11428344 0.10112260 -0.10205670
v 0.09485115 0.09299553 -0.11132556
v 0.09229560 0.07552244 -0.11755931
v 0.07163886 0.12824664 -0.09142496
v 0.06532057 0.12981054 -0.09069796
v 0.08072933 0.12421887 -0.09387075
v 0.04941856 0.10752169 -0.10752429
v 0.06501275 0.11600501 -0.10418609
v 0.14524323 0.13360180 -0.05543438
v 0.14288038 0.12067607 -0.07529464
v 0.15303949 0.11874220 -0.07024910
v 0.15712695 0.13239868 -0.05104098
v 0.13687895 0.06836332 -0.10254346
v 0.13513990 0.05219357 -0.10606116
v 0.14525674 0.05438313 -0.10091814
v 0.14622462 0.06977986 -0.09734980
v 0.17402801 0.11992393 -0.03682992
v 0.17170522 0.11549254 -0.05604150
v 0.17901519 0.11389565 -0.05274929
v 0.18148735 0.11629182 -0.03466096
v 0.14705671 0.08571051 -0.09113977
v 0.08090629 -0.03393231 -0.11957201
v 0.11504512 -0.01747472 -0.11372732
v 0.09845498 -0.02642463 -0.11733778
v 0.14973669 0.00484429 -0.09711333
v 0.14031450 -0.00181675 -0.10196370
v 0.14312419 -0.01318717 -0.09661908
v 0.16814417 0.01868205 -0.08945142
v 0.15900713 0.01167420 -0.09297733
v 0.18553025 0.04990919 0.00558047
v 0.17423171 0.05097290 0.01232898
v 0.17300373 0.07429197 0.00846619
v 0.18031801 0.01814347 -0.07816469
v 0.18810612 0.02508028 -0.07796729
v 0.18660998 0.02998913 -0.08045705
v 0.17822748 0.02306414 -0.08118718
v 0.13405707 0.13519081 -0.05869713
v 0.16965368 0.10412395 -0.06943075
v 0.16783942 0.09330034 -0.07807235
v 0.17652698 0.09593415 -0.07551523
v 0.17727722 0.10523551 -0.06620339
v 0.16905153 0.08100658 -0.08572140
v 0.17056617 0.06827509 -0.09081919
v 0.17994845 0.07289122 -0.08793464
v 0.17795846 0.08450918 -0.08283313
v 0.18597415 0.03544827 -0.08393008
v 0.17574483 0.02858640 -0.08449660
v 0.19434887 0.10437139 -0.01550312
v 0.16352434 0.12879345 -0.02153105
v 0.15939961 0.11459570 0.00004980
v 0.15171121 0.12215099 -0.00281465
v 0.15602078 0.13468279 -0.02559931
v 0.20258212 0.00768451 -0.04700293
v 0.19943076 0.01065660 -0.03716423
v 0.20428255 0.00619327 -0.05612098
v 0.18109256 0.00519122 -0.07011501
v 0.20533279 0.00817518 -0.06380630
v 0.19737270 0.03249331 -0.00643893
v 0.19813637 0.04826034 -0.00045211
v 0.15463513 0.09005576 0.01024750
v 0.14669174 0.09898354 0.00966847
v 0.19240648 0.11285144 -0.03357591
v 0.18951091 0.11146315 -0.05092276
v 0.20258172 0.03141253 -0.08204374
v 0.21442333 0.03699809 -0.08619963
v 0.20054723 0.03567689 -0.08453561
v 0.17086796 -0.00576335 -0.07645027
v 0.18128604 0.01306550 -0.07447817
v 0.16428845 0.12955453 -0.04599881
v 0.18810385 0.10442453 -0.06394845
v 0.18706973 0.09631620 -0.07367867
v 0.16189742 0.07625693 -0.08906162
v 0.16135567 0.08969200 -0.08192854
v 0.15479565 0.08702142 -0.08630677
v 0.15449905 0.07226075 -0.09312988
v 0.18982765 0.07799023 -0.08565877
v 0.19244859 0.06660506 -0.08903800
v 0.16249123 0.06289251 -0.09370041
v 0.15431927 0.05801599 -0.09702986
v 0.19899577 0.04160020 -0.08695702
v 0.13885160 0.10534804 0.00757041
v 0.13548701 0.08065448 0.01476491
v 0.12624699 0.08388761 0.01461317
v 0.15314041 0.06506053 0.01588812
v 0.14382114 0.07393819 0.01541736
v 0.16372573 0.05591375 0.01539767
v 0.11444227 0.08417135 0.01471143
v 0.39618221 0.01165214 -0.08985030
v 0.22635686 0.04295215 -0.08844109
v 0.21753584 0.03225223 -0.08410443
v 0.23067458 0.03727825 -0.08698986
v 0.27592015 0.05412323 -0.08668856
v 0.39070040 0.04334100 -0.07849627
v 0.39740309 0.04286494 -0.07892618
v 0.44167033 0.04893339 -0.08485658
v 0.46212068 0.06203132 -0.07210414
v 0.44220132 0.06006123 -0.07185677
v 0.44646394 0.06420688 -0.03493887
v 0.44651747 0.05142550 -0.02816144
v 0.44769362 0.00989612 -0.03424133
v 0.44730994 0.00767699 -0.08801474
v 0.58686322 0.04902424 -0.04178388
v 0.58672619 0.05429630 -0.05069902
v 0.60662669 0.05223277 -0.04849406
v 0.60658014 0.04590543 -0.04061589
v 0.62533790 0.03377755 -0.03701331
v 0.60648263 0.03713530 -0.03801256
v 0.62602484 0.04322866 -0.03793587
v 0.62444961 0.02590003 -0.04077520
v 0.60612774 0.02902668 -0.04053187
v 0.62375033 0.02002393 -0.04724315
v 0.62354577 0.01432980 -0.05399877
v 0.60615396 0.01576926 -0.05244314
v 0.60596120 0.02188304 -0.04590878
v 0.60660565 0.01157876 -0.06033155
v 0.60659188 0.01023359 -0.06916668
v 0.58828443 0.00784993 -0.06742352
v 0.58802962 0.01094040 -0.05806450
v 0.62311506 0.01925637 -0.08428737
v 0.62277162 0.02695157 -0.08688396
v 0.60453975 0.02470500 -0.08847384
v 0.60526705 0.01666068 -0.08514390
v 0.58471519 0.04073543 -0.08763540
v 0.58472574 0.03114692 -0.09032720
v 0.60452414 0.03403425 -0.08846752
v 0.60448247 0.04317559 -0.08626604
v 0.62295794 0.04573838 -0.08607903
v 0.62364817 0.05104813 -0.07823103
v 0.60522538 0.04899454 -0.07961302
v 0.54791725 0.05389754 -0.04517709
v 0.56733698 0.05156324 -0.04354735
v 0.56772953 0.04300096 -0.03840094
v 0.56787002 0.02423914 -0.04196891
v 0.56771815 0.03317362 -0.03839367
v 0.58696294 0.03095068 -0.03945771
v 0.58703113 0.02296481 -0.04393262
v 0.55086201 0.00354491 -0.06289511
v 0.56907493 0.01017315 -0.05572687
v 0.56965417 0.00582890 -0.06540017
v 0.58746082 0.01641958 -0.05026268
v 0.56833208 0.01682826 -0.04811049
v 0.58776057 0.00853515 -0.07722043
v 0.60611165 0.01170533 -0.07814292
v 0.58657724 0.05463069 -0.06150277
v 0.58611995 0.05266720 -0.07215790
v 0.60611004 0.05206119 -0.06972501
v 0.60651338 0.05365271 -0.05897762
v 0.56929564 0.00600024 -0.07570393
v 0.56581229 0.05361111 -0.07494991
v 0.56638575 0.05630136 -0.06418505
v 0.58541536 0.04812765 -0.08156330
v 0.56521773 0.04731173 -0.08419062
v 0.62557411 0.05330319 -0.05661800
v 0.62589943 0.05080817 -0.04579820
v 0.56687027 0.05618078 -0.05297660
v 0.58671159 0.01341868 -0.08554179
v 0.58540636 0.02160876 -0.09000163
v 0.56625915 0.01852413 -0.09072589
v 0.56790942 0.01053753 -0.08504419
v 0.54404253 0.03677486 -0.09219494
v 0.56486470 0.02831566 -0.09186747
v 0.56455588 0.03847613 -0.08987779
v 0.62295198 0.03630983 -0.08783174
v 0.54446942 0.04671197 -0.08709805
v 0.70090622 0.01705962 -0.03876447
v 0.71012342 0.01009049 -0.04100242
v 0.70561934 0.01129021 -0.04959206
v 0.69703066 0.01740087 -0.04782821
v 0.67678046 0.03244324 -0.02459307
v 0.68496764 0.03259277 -0.01574455
v 0.68734217 0.02753145 -0.02217888
v 0.68132943 0.02950427 -0.03178230
v 0.70416605 0.01580371 -0.03092385
v 0.71340048 0.01161534 -0.03299439
v 0.72151291 0.01178526 -0.03399874
v 0.71373165 0.01778077 -0.02700985
v 0.72210693 0.01811769 -0.02991807
v 0.71861351 0.02846549 -0.03072545
v 0.72855097 0.02808268 -0.03444236
v 0.72944278 0.01972909 -0.03133692
v 0.70962566 0.03926257 -0.05380955
v 0.70626241 0.04019935 -0.06395584
v 0.72092038 0.03831986 -0.06471547
v 0.72357136 0.03638949 -0.05430250
v 0.71185869 0.03448045 -0.08218506
v 0.71754813 0.03594016 -0.07327694
v 0.70277929 0.03877455 -0.07195937
v 0.69848084 0.03685007 -0.07989687
v 0.69284958 0.01588976 -0.05725118
v 0.70129752 0.01225340 -0.05774704
v 0.69909370 0.01185539 -0.06344786
v 0.68981755 0.01344099 -0.06377545
v 0.71568871 0.02392018 -0.02455593
v 0.71265352 0.02233302 -0.01741530
v 0.71393490 0.02589431 -0.01569530
v 0.71281624 0.02955621 -0.02258240
v 0.65490305 0.00746031 -0.06628943
v 0.66542792 0.00638024 -0.06921293
v 0.66575515 0.00466865 -0.07629236
v 0.65408903 0.00621675 -0.07437360
v 0.65562201 0.01185915 -0.04704490
v 0.64995486 0.01884905 -0.03728940
v 0.65787637 0.02107476 -0.03189320
v 0.66162026 0.01737744 -0.03970910
v 0.66813970 0.02960222 -0.02606490
v 0.67984533 0.04049149 -0.01988287
v 0.66927183 0.02756558 -0.03247973
v 0.68932319 0.04069100 -0.01188166
v 0.66104865 0.00732851 -0.08784027
v 0.65254027 0.00974739 -0.08446862
v 0.75659662 -0.01969801 -0.04156926
v 0.75771010 -0.01776816 -0.03657052
v 0.76128441 -0.02223584 -0.03666929
v 0.76062876 -0.02397887 -0.04166543
v 0.65311825 0.03419573 -0.08990239
v 0.65222806 0.02520058 -0.09120913
v 0.65891588 0.02537715 -0.09318823
v 0.66018766 0.03420701 -0.09014822
v 0.66731632 0.02553328 -0.09616119
v 0.66903108 0.03437809 -0.09098972
v 0.76492894 -0.01175684 -0.03367017
v 0.76859987 -0.00947235 -0.03607473
v 0.77213109 -0.01454011 -0.03569816
v 0.76825207 -0.01684939 -0.03347140
v 0.71475065 0.00919310 -0.04959242
v 0.71906555 0.00805891 -0.04141466
v 0.72745073 0.00826689 -0.04003394
v 0.73451966 0.00883827 -0.03846429
v 0.73479891 0.00648766 -0.04450894
v 0.72598124 0.00833384 -0.04876408
v 0.71174991 0.01111371 -0.06051270
v 0.72258675 0.00965423 -0.06073819
v 0.71818215 0.01046521 -0.06742527
v 0.70775640 0.01136679 -0.06732327
v 0.71264344 0.00739987 -0.08564571
v 0.70429218 0.00719416 -0.08469415
v 0.70437139 0.00907294 -0.07888028
v 0.71426904 0.00892775 -0.07914426
v 0.73850518 0.00781968 -0.08013207
v 0.73221189 0.00978314 -0.07964659
v 0.73364538 0.00944703 -0.07474241
v 0.74024934 0.00716084 -0.07556035
v 0.64604831 0.03536750 -0.08952931
v 0.64555192 0.02610861 -0.08969516
v 0.70776266 0.02031735 -0.10782761
v 0.71181810 0.02719267 -0.10182630
v 0.70248121 0.02827211 -0.09837430
v 0.69823557 0.02154361 -0.10416592
v 0.66276664 0.04109194 -0.08379006
v 0.65517652 0.04207893 -0.08443279
v 0.77131999 -0.00851936 -0.04085731
v 0.77455825 -0.01348425 -0.04056453
v 0.68413979 0.04284917 -0.02145156
v 0.69635588 0.04424543 -0.01286141
v 0.67040867 0.03558129 -0.02820235
v 0.65113950 0.02967835 -0.03430570
v 0.66009927 0.03110206 -0.03260684
v 0.73042011 0.00813795 -0.05353466
v 0.70894867 0.01108402 -0.05643433
v 0.69732112 0.01127738 -0.06777550
v 0.68877822 0.00448530 -0.08630560
v 0.69550520 0.00486443 -0.08876494
v 0.69298249 0.00456796 -0.09550159
v 0.68528658 0.00473737 -0.09511585
v 0.70797980 0.00673446 -0.10383541
v 0.70646745 0.01223640 -0.10835890
v 0.69732571 0.01279757 -0.10565101
v 0.69961232 0.00659950 -0.10197359
v 0.71538579 0.03026740 -0.01164722
v 0.70900190 0.03360733 -0.01865204
v 0.65199584 0.01632451 -0.08970231
v 0.65901744 0.01565539 -0.09315684
v 0.64478624 0.01844680 -0.08670405
v 0.66723472 0.01008934 -0.05845361
v 0.67957675 0.01416241 -0.06257217
v 0.67754090 0.01100681 -0.06712423
v 0.66564107 0.00813859 -0.06434665
v 0.68736219 0.02414571 -0.04624344
v 0.67599034 0.02301152 -0.04218424
v 0.69099408 0.02533517 -0.03616527
v 0.65501767 0.00883153 -0.05846933
v 0.64646488 0.01129067 -0.05607489
v 0.64626187 0.01067594 -0.06459443
v 0.64552784 0.01048096 -0.07342008
v 0.64492762 0.01332765 -0.08179212
v 0.63713717 0.01302793 -0.05496972
v 0.63728517 0.01209974 -0.06321194
v 0.63707912 0.01282154 -0.07199786
v 0.63686740 0.01504813 -0.07962219
v 0.64686024 0.04409887 -0.08487885
v 0.63674498 0.04606575 -0.08560494
v 0.63634408 0.03649041 -0.08902158
v 0.64735836 0.01388682 -0.04715373
v 0.63789415 0.01704472 -0.04731402
v 0.63863444 0.02164911 -0.03909062
v 0.64039826 0.03081814 -0.03552917
v 0.70162839 0.01891704 -0.01477548
v 0.69829118 0.02172206 -0.02047787
v 0.69226688 0.02410835 -0.01538297
v 0.69712651 0.02079746 -0.00978496
v 0.73568016 0.01319197 -0.03405714
v 0.72848958 0.01322699 -0.03376291
v 0.73767936 0.01929210 -0.03299368
v 0.67396659 0.00407705 -0.08162042
v 0.66989130 0.00628204 -0.09141863
v 0.73638034 0.00577031 -0.04966258
v 0.75124401 0.00260735 -0.03456904
v 0.75586343 0.00529075 -0.03727780
v 0.76433480 -0.00392610 -0.03677119
v 0.76041615 -0.00644294 -0.03406535
v 0.74296868 -0.00607644 -0.04747780
v 0.74729896 -0.00515889 -0.05147529
v 0.74293935 0.00245264 -0.05299448
v 0.73906660 0.00097210 -0.04822775
v 0.73411191 0.00752081 -0.08616892
v 0.72935522 0.00899137 -0.08598922
v 0.73847622 0.03143539 -0.04414915
v 0.72586346 0.03546559 -0.04315373
v 0.73831230 0.02867635 -0.05536792
v 0.72379488 0.00915092 -0.07948516
v 0.71574867 0.00994521 -0.07357372
v 0.72522736 0.00965924 -0.07424349
v 0.73740399 0.00929070 -0.05951782
v 0.73050785 0.00916980 -0.06062296
v 0.73363751 0.00844183 -0.05589989
v 0.73798281 0.00695609 -0.05405085
v 0.68744034 0.02376205 -0.10138784
v 0.68649364 0.01245412 -0.10320901
v 0.76080376 -0.01466389 -0.03388588
v 0.76419014 -0.01961477 -0.03409503
v 0.63645875 0.02689907 -0.08763485
v 0.63675606 0.01972366 -0.08456568
v 0.70550352 0.01057551 -0.07298411
v 0.71344137 0.03658565 -0.04261814
v 0.69553703 0.01026362 -0.07254143
v 0.73463392 0.01395522 -0.09441729
v 0.73799080 0.01772312 -0.09323527
v 0.72966444 0.02365993 -0.09215418
v 0.72814095 0.01777278 -0.09601332
v 0.75861186 -0.01914954 -0.04657479
v 0.76248354 -0.01674114 -0.04987521
v 0.75708246 -0.01218123 -0.05036707
v 0.75308347 -0.01441074 -0.04676873
v 0.74288672 -0.00296531 -0.03779083
v 0.74162310 -0.00539317 -0.04248834
v 0.73736632 0.00187748 -0.04342657
v 0.73853981 0.00544674 -0.03832620
v 0.74085140 0.00826876 -0.03514150
v 0.74661005 -0.00028532 -0.03506820
v 0.75720507 0.00441657 -0.04906450
v 0.75337470 -0.00158007 -0.05217877
v 0.76226920 -0.00850741 -0.05126191
v 0.76614517 -0.00431125 -0.04756245
v 0.68574232 0.03966766 -0.07790680
v 0.68248123 0.03688816 -0.08588278
v 0.69496548 0.03391209 -0.08828739
v 0.70716459 0.03110799 -0.09089302
v 0.71927494 0.02667467 -0.09303020
v 0.72479475 0.03166985 -0.08443852
v 0.69133598 0.03056774 -0.09499239
v 0.74688202 0.01860961 -0.05984951
v 0.74593067 0.01176801 -0.05852951
v 0.74810779 0.01778875 -0.05185115
v 0.69397146 0.00835228 -0.07936310
v 0.75614333 -0.00963112 -0.03427747
v 0.66126335 0.04377964 -0.04262322
v 0.66075921 0.04847262 -0.05356329
v 0.67028213 0.04690756 -0.05424511
v 0.67067301 0.04222949 -0.04182147
v 0.75134832 -0.01466676 -0.04177256
v 0.75235033 -0.01322338 -0.03687732
v 0.73248327 0.00872231 -0.09510683
v 0.72866142 0.01097459 -0.09713446
v 0.72845483 0.00946871 -0.09237752
v 0.73284566 0.00858502 -0.09127216
v 0.67970043 0.03338751 -0.09249212
v 0.71998644 0.02635840 -0.10498449
v 0.71595299 0.02051150 -0.11018655
v 0.66516334 0.04500812 -0.07467146
v 0.67146999 0.03952358 -0.08430246
v 0.67430353 0.04273587 -0.07600912
v 0.73402077 0.02959592 -0.07459227
v 0.68941927 0.04162563 -0.07057322
v 0.67719829 0.04435914 -0.06879511
v 0.66705954 0.04689001 -0.06614792
v 0.65877730 0.04896341 -0.06497091
v 0.65726084 0.04685516 -0.07439360
v 0.77074206 -0.01002449 -0.04674619
v 0.76686001 -0.00289103 -0.04167707
v 0.64812094 0.04900495 -0.07466979
v 0.63739526 0.05106558 -0.07623462
v 0.64974630 0.05073005 -0.06487292
v 0.63870758 0.05212543 -0.06607145
v 0.68025714 0.04523322 -0.06063110
v 0.68338048 0.04446452 -0.05190551
v 0.69249016 0.04260325 -0.06279311
v 0.69614667 0.04155473 -0.05335428
v 0.73499978 0.03438757 -0.06541373
v 0.76719844 -0.02159352 -0.04974298
v 0.77370799 -0.02760491 -0.04915072
v 0.77719116 -0.02509982 -0.04825538
v 0.77140188 -0.01877886 -0.04915655
v 0.76707852 -0.01360004 -0.05014758
v 0.77427185 -0.01543660 -0.04603474
v 0.70092642 0.03905595 -0.04216195
v 0.74211121 0.00690794 -0.05902649
v 0.68735754 0.04096720 -0.03924424
v 0.70880830 0.03502054 -0.03005561
v 0.70044851 0.03759317 -0.02699098
v 0.67132509 0.04005723 -0.03268398
v 0.68629557 0.04368306 -0.02689473
v 0.65227252 0.03807400 -0.03668403
v 0.66102481 0.03807257 -0.03595051
v 0.64145124 0.03964987 -0.03679217
v 0.69980603 0.04392302 -0.01856185
v 0.76636314 -0.02861573 -0.03758064
v 0.76618052 -0.02976603 -0.04277920
v 0.64165556 0.04834268 -0.04361604
v 0.65255702 0.04536790 -0.04292646
v 0.69492763 0.02252168 -0.02762272
v 0.68625307 0.01028012 -0.07178429
v 0.68472391 0.00761716 -0.07703194
v 0.68199533 0.00433923 -0.08412288
v 0.67803913 0.00543878 -0.09408030
v 0.64037490 0.05262908 -0.05471089
v 0.62408286 0.01201754 -0.06216441
v 0.62395799 0.01247261 -0.07086047
v 0.62464565 0.05257076 -0.06786448
v 0.76926744 -0.02624167 -0.03457102
v 0.74385536 0.00740991 -0.07732230
v 0.74293220 0.00871297 -0.07951172
v 0.69040787 0.02942456 -0.00969188
v 0.69645244 0.02512559 -0.00519601
v 0.69458157 0.03550003 -0.00600796
v 0.70236194 0.04014070 -0.00627629
v 0.70714235 0.03266541 -0.00257634
v 0.70047456 0.02893676 -0.00261479
v 0.67651135 0.00844682 -0.07081327
v 0.67588890 0.00636612 -0.07541295
v 0.67620420 0.01417340 -0.10074315
v 0.67692578 0.02525597 -0.09884337
v 0.74476582 0.01201934 -0.03447254
v 0.73979622 0.02457213 -0.03661562
v 0.74863511 0.01437683 -0.03778045
v 0.75802135 0.00706231 -0.04297031
v 0.74749315 0.00559398 -0.05391834
v 0.74511033 0.00675876 -0.05772247
v 0.67133546 0.01454295 -0.05109728
v 0.68343461 0.01883865 -0.05550756
v 0.70567065 0.01859341 -0.02409209
v 0.70821011 0.01956617 -0.01850759
v 0.72700948 0.00962848 -0.06742530
v 0.74662066 0.02107417 -0.07318372
v 0.74736941 0.02506975 -0.06614602
v 0.73502851 0.00979746 -0.06723850
v 0.77705407 -0.02174075 -0.03567067
v 0.77315503 -0.02415618 -0.03377182
v 0.74993217 0.01893855 -0.04412591
v 0.72168893 0.00799698 -0.08606582
v 0.74175060 0.01967310 -0.07940902
v 0.74623251 0.01212980 -0.07623918
v 0.71251625 0.01298703 -0.10920297
v 0.65172631 0.05027886 -0.05353908
v 0.76857245 -0.02942213 -0.04747887
v 0.76269019 -0.02361722 -0.04698527
v 0.77886242 -0.02217404 -0.04539236
v 0.77911240 -0.02052081 -0.04059040
v 0.66726446 0.01531585 -0.09728655
v 0.68775547 0.01185086 -0.06790959
v 0.62352586 0.01459458 -0.07871030
v 0.71359289 0.03411355 -0.00607487
v 0.70827365 0.04065950 -0.01123558
v 0.74019134 0.00749709 -0.06748429
v 0.72460979 0.02307112 -0.09898505
v 0.74364150 0.01927185 -0.08842860
v 0.74667984 0.01408810 -0.08261783
v 0.73519677 0.02715029 -0.08649828
v 0.74605775 0.00902898 -0.08102711
v 0.78295296 -0.02717050 -0.04529245
v 0.78313005 -0.02582332 -0.04039074
v 0.78125817 -0.02713735 -0.03557065
v 0.77696222 -0.02913637 -0.03407137
v 0.77275461 -0.03073359 -0.03508121
v 0.78129607 -0.02980530 -0.04804970
v 0.77802449 -0.03197612 -0.04914884
v 0.77262485 -0.03339021 -0.04755005
v 0.78492796 -0.03434590 -0.04825041
v 0.78776395 -0.03285859 -0.04508432
v 0.78910297 -0.03536219 -0.03717798
v 0.79122996 -0.03863508 -0.03677557
v 0.78842998 -0.03873507 -0.03467557
v 0.78622091 -0.03325234 -0.03557783
v 0.79102999 -0.04323507 -0.03537557
v 0.79402995 -0.04233507 -0.03707557
v 0.78959537 -0.03396430 -0.04007790
v 0.79272997 -0.03763507 -0.04027557
v 0.79522997 -0.04193506 -0.04437557
v 0.79602998 -0.04163507 -0.04067557
v 0.79194045 -0.03821481 -0.04397354
v 0.78984952 -0.03489644 -0.04317138
v 0.78732502 -0.03092501 -0.04029130
v 0.79812998 -0.04513506 -0.04087557
v 0.79632998 -0.04793508 -0.04127557
v 0.79382998 -0.04653508 -0.03717557
v 0.79602998 -0.04493508 -0.03767557
v 0.78055000 -0.03377698 -0.03427318
v 0.78463000 -0.03963507 -0.03467557
v 0.78783000 -0.04443506 -0.03597557
v 0.79082996 -0.04783506 -0.03807557
v 0.78542995 -0.04583509 -0.03777557
v 0.78156638 -0.04134655 -0.03627213
v 0.78812999 -0.04833508 -0.03987557
v 0.78423005 -0.04683504 -0.04047557
v 0.77980322 -0.04307861 -0.03946925
v 0.77358770 -0.03629872 -0.03866782
v 0.77626950 -0.03484286 -0.03557142
v 0.78662997 -0.04823507 -0.04127557
v 0.79340988 -0.04882185 -0.04226784
v 0.79050809 -0.03801079 -0.04676426
v 0.79351169 -0.04247940 -0.04686601
v 0.78828442 -0.03924315 -0.04836690
v 0.79144901 -0.04359215 -0.04816278
v 0.79753000 -0.04453508 -0.04427557
v 0.79602998 -0.04623506 -0.04567557
v 0.76989442 -0.03240702 -0.03806936
v 0.76994646 -0.03323209 -0.04336469
v 0.77358079 -0.03727823 -0.04386218
v 0.77956539 -0.04387717 -0.04426431
v 0.77642620 -0.03687907 -0.04785595
v 0.78170377 -0.03576495 -0.04925338
v 0.78569788 -0.04083268 -0.04896661
v 0.78220636 -0.04248463 -0.04805884
v 0.78605777 -0.04639712 -0.04717279
v 0.78856152 -0.04508767 -0.04827181
v 0.78443980 -0.04722255 -0.04407470
v 0.79033613 -0.04792589 -0.04647489
v 0.79333067 -0.04733390 -0.04637548
v 0.78813815 -0.04792362 -0.04597475
v 0.78753024 -0.04843460 -0.04367554
v 0.79012996 -0.04903508 -0.04307557
v 0.76103282 -0.02072089 -0.07157470
v 0.76227254 -0.01993109 -0.06697384
v 0.76692224 -0.02552881 -0.06827446
v 0.76589382 -0.02639006 -0.07317266
v 0.76856059 -0.01461694 -0.06307180
v 0.77237636 -0.01073632 -0.06487419
v 0.77614772 -0.01645381 -0.06567005
v 0.77236778 -0.02051452 -0.06427133
v 0.77397376 -0.00844082 -0.07057817
v 0.77747214 -0.01449046 -0.07118157
v 0.75258291 0.00210194 -0.06093269
v 0.75630099 0.00687313 -0.06219839
v 0.76723945 -0.00473306 -0.06387201
v 0.76323313 -0.00899040 -0.06207414
v 0.74561089 -0.00150479 -0.07407328
v 0.74832886 -0.00126658 -0.07705557
v 0.76497769 -0.01780251 -0.06427229
v 0.76921332 -0.02352487 -0.06547061
v 0.76205772 -0.01999564 -0.07607130
v 0.76477754 -0.01801231 -0.07937811
v 0.75874943 -0.01191038 -0.07817072
v 0.75575131 -0.01420784 -0.07497203
v 0.74583322 -0.00265111 -0.06257480
v 0.74499071 -0.00171173 -0.06838363
v 0.74899459 -0.00138835 -0.06076145
v 0.75668585 0.00744557 -0.07421570
v 0.75327986 0.00246981 -0.07723960
v 0.76289827 -0.00859814 -0.07898401
v 0.76687717 -0.00456623 -0.07628273
v 0.75935024 -0.01206852 -0.06287199
v 0.75487483 -0.01474146 -0.07006964
v 0.75615925 -0.01436515 -0.06537148
v 0.77198642 -0.01089597 -0.07708324
v 0.76865363 -0.00242540 -0.06967659
v 0.76964653 -0.02343402 -0.08057901
v 0.77702510 -0.03046167 -0.08167548
v 0.77993810 -0.02712346 -0.08068005
v 0.77314395 -0.02033522 -0.08028483
v 0.76824957 -0.01495320 -0.07968276
v 0.77607602 -0.01644363 -0.07738315
v 0.77417034 -0.03373207 -0.07037060
v 0.77353305 -0.03440327 -0.07537054
v 0.77616364 -0.03194207 -0.06727152
v 0.75849390 0.01042367 -0.06777509
v 0.78223276 -0.02491222 -0.06717826
v 0.77875835 -0.02894820 -0.06617301
v 0.77437115 -0.03304703 -0.07955988
v 0.76694191 -0.02543046 -0.07766131
v 0.78242207 -0.02396368 -0.07788231
v 0.78359002 -0.02216781 -0.07218229
v 0.78704864 -0.02996375 -0.07857854
v 0.78857243 -0.02826865 -0.07356626
v 0.78744614 -0.03085568 -0.06847194
v 0.78356236 -0.03443597 -0.06737161
v 0.78047711 -0.03671101 -0.06857061
v 0.78497761 -0.03221277 -0.08116336
v 0.78211308 -0.03469003 -0.08215149
v 0.77860630 -0.03715989 -0.08035704
v 0.78951877 -0.03741133 -0.08234826
v 0.79255486 -0.03604168 -0.08005431
v 0.79805028 -0.04246432 -0.07357296
v 0.80185974 -0.04603287 -0.07447189
v 0.79945624 -0.04765318 -0.07287263
v 0.79614127 -0.04309819 -0.07107421
v 0.79580843 -0.03924910 -0.07317472
v 0.79321063 -0.03745702 -0.07047532
v 0.79561633 -0.03820901 -0.07597705
v 0.79899198 -0.04094777 -0.07717355
v 0.80166918 -0.04480723 -0.08206546
v 0.80348665 -0.04462528 -0.07846800
v 0.79734713 -0.04159530 -0.08037265
v 0.79497653 -0.03885073 -0.07897630
v 0.80268508 -0.05086547 -0.07566959
v 0.80457664 -0.04877734 -0.07566998
v 0.79304403 -0.03464682 -0.07497955
v 0.78814864 -0.03897876 -0.06857340
v 0.79284334 -0.04469636 -0.07037415
v 0.79676312 -0.04944183 -0.07297223
v 0.79989994 -0.05253988 -0.07636873
v 0.79418284 -0.05099923 -0.07417072
v 0.78966564 -0.04664359 -0.07167221
v 0.79712230 -0.05299451 -0.07736711
v 0.79233509 -0.05178040 -0.07686649
v 0.78722018 -0.04812373 -0.07466781
v 0.78162301 -0.04171326 -0.07256697
v 0.78427815 -0.04060917 -0.06957073
v 0.79524791 -0.05273807 -0.07836509
v 0.80523235 -0.05130845 -0.08006416
v 0.80195606 -0.05267166 -0.08056288
v 0.80720717 -0.04835651 -0.07936574
v 0.79554993 -0.04206030 -0.08197025
v 0.79970098 -0.04602352 -0.08336222
v 0.79387915 -0.04287449 -0.08376646
v 0.79804063 -0.04703340 -0.08475900
v 0.80504680 -0.04742563 -0.08276103
v 0.80347621 -0.04916376 -0.08365892
v 0.77820241 -0.03806106 -0.07156853
v 0.77748400 -0.03829453 -0.07626796
v 0.78053355 -0.04198285 -0.07716375
v 0.78641737 -0.04790411 -0.07925974
v 0.78195369 -0.04090099 -0.08126333
v 0.78612965 -0.03938380 -0.08296649
v 0.79105872 -0.04412175 -0.08416174
v 0.78796554 -0.04605749 -0.08295837
v 0.79285818 -0.04957975 -0.08355412
v 0.79555142 -0.04804678 -0.08465243
v 0.79170161 -0.05132728 -0.08056077
v 0.79832202 -0.05110648 -0.08385690
v 0.80120623 -0.05041119 -0.08405709
v 0.79573005 -0.05141995 -0.08315707
v 0.79548860 -0.05253374 -0.08086142
v 0.79867494 -0.05294690 -0.08076198
v 0.75146449 -0.01336693 -0.09397501
v 0.75484043 -0.01257803 -0.08997386
v 0.75853741 -0.01732739 -0.09187432
v 0.75526708 -0.01805822 -0.09597158
v 0.76143682 -0.00754096 -0.08817799
v 0.76307547 -0.00376832 -0.08998774
v 0.76675957 -0.00945558 -0.09239151
v 0.76511455 -0.01225740 -0.09047919
v 0.76253045 -0.00157022 -0.09519660
v 0.76668066 -0.00775357 -0.09700797
v 0.74963927 0.00344026 -0.08337354
v 0.75182658 0.00798162 -0.08527840
v 0.75893492 0.00125534 -0.08817281
v 0.75729209 -0.00289662 -0.08616790
v 0.75851828 -0.01057021 -0.08827130
v 0.76223421 -0.01512614 -0.09037470
v 0.75026566 -0.01250655 -0.09837049
v 0.75144380 -0.01055411 -0.10136508
v 0.74625415 -0.00567014 -0.09917375
v 0.74514866 -0.00781733 -0.09607369
v 0.73811835 0.00066667 -0.08818143
v 0.74168652 0.00067320 -0.08437361
v 0.74575859 0.00119093 -0.08316566
v 0.74582964 0.00960012 -0.09584447
v 0.74095839 0.00587744 -0.09667134
v 0.74953657 -0.00212223 -0.10087664
v 0.75397378 0.00201550 -0.09917997
v 0.75405258 -0.00624701 -0.08637062
v 0.74634498 -0.00911493 -0.09187479
v 0.74991733 -0.00854350 -0.08797459
v 0.75891125 -0.00307026 -0.10057656
v 0.75763947 0.00339754 -0.09348210
v 0.75594991 -0.01535134 -0.10374870
v 0.76431137 -0.02209958 -0.10669249
v 0.76734990 -0.01936762 -0.10671783
v 0.75936621 -0.01194564 -0.10451667
v 0.75461137 -0.00722149 -0.10291357
v 0.76353014 -0.00870774 -0.10201966
v 0.76475918 -0.02436604 -0.09507239
v 0.76218790 -0.02501215 -0.09926984
v 0.76804227 -0.02219997 -0.09357396
v 0.75053757 0.01087638 -0.09067859
v 0.73714691 0.00252632 -0.09568016
v 0.77281135 -0.01746842 -0.09527962
v 0.77083415 -0.01992155 -0.09357484
v 0.76191175 -0.02420619 -0.10386613
v 0.75432730 -0.01733258 -0.10055955
v 0.77062321 -0.01663944 -0.10415836
v 0.77306163 -0.01525232 -0.09938911
v 0.77517414 -0.02141235 -0.10571063
v 0.77733898 -0.02049672 -0.10109591
v 0.77735412 -0.02278325 -0.09686891
v 0.77484810 -0.02497665 -0.09547298
v 0.77185881 -0.02675607 -0.09547208
v 0.77208102 -0.02413696 -0.10804842
v 0.76947522 -0.02612562 -0.10795687
v 0.76625776 -0.02769818 -0.10526165
v 0.77547383 -0.02772715 -0.10962433
v 0.77937299 -0.02621795 -0.10711290
v 0.78594744 -0.03237434 -0.10137314
v 0.78963000 -0.03553507 -0.10257557
v 0.78852999 -0.03673507 -0.10097557
v 0.78523642 -0.03291363 -0.09937472
v 0.78384131 -0.02919365 -0.10087388
v 0.78202999 -0.02753506 -0.09877557
v 0.78336561 -0.02765411 -0.10339112
v 0.78665829 -0.03052792 -0.10477126
v 0.78723007 -0.03393493 -0.10957555
v 0.79007185 -0.03378065 -0.10616954
v 0.78377903 -0.03092913 -0.10798798
v 0.78211010 -0.02795640 -0.10640451
v 0.79112995 -0.03923506 -0.10337557
v 0.79202998 -0.03753508 -0.10397557
v 0.78089613 -0.02509437 -0.10246170
v 0.77862996 -0.02923507 -0.09677557
v 0.78262997 -0.03433508 -0.09827557
v 0.78602999 -0.03833506 -0.10027557
v 0.78832996 -0.04093508 -0.10317557
v 0.78312999 -0.03943507 -0.10097557
v 0.77932996 -0.03573508 -0.09877557
v 0.78512996 -0.04153506 -0.10357557
v 0.78062999 -0.04003508 -0.10257557
v 0.77642995 -0.03673507 -0.10057557
v 0.77163297 -0.03153099 -0.09857517
v 0.77512997 -0.03063507 -0.09697557
v 0.78292996 -0.04133508 -0.10417558
v 0.79178649 -0.03925292 -0.10776868
v 0.78859472 -0.04115240 -0.10786868
v 0.79287273 -0.03668115 -0.10736969
v 0.78171641 -0.03095737 -0.10986582
v 0.78512996 -0.03463507 -0.11107557
v 0.77907562 -0.03203769 -0.11089107
v 0.78294116 -0.03591488 -0.11167371
v 0.79008865 -0.03593467 -0.11006784
v 0.78880697 -0.03719145 -0.11096621
v 0.76848096 -0.02791373 -0.09707023
v 0.76621670 -0.02824509 -0.10086714
v 0.76963192 -0.03160636 -0.10206350
v 0.77471620 -0.03684424 -0.10426778
v 0.76958305 -0.03087263 -0.10638587
v 0.77253604 -0.02982720 -0.10900313
v 0.77663404 -0.03371216 -0.11039905
v 0.77462196 -0.03564977 -0.10817753
v 0.77893674 -0.03882480 -0.10927473
v 0.78074229 -0.03741482 -0.11107381
v 0.77912998 -0.04013506 -0.10587557
v 0.78373003 -0.03993500 -0.11037557
v 0.78622997 -0.03883508 -0.11107557
v 0.78173006 -0.04043502 -0.10917556
v 0.78252995 -0.04133508 -0.10667557
v 0.78522998 -0.04173506 -0.10727558
v 0.73682845 0.00184912 -0.09228138
v 0.73083556 0.00036264 -0.11577482
v 0.73373932 0.00047687 -0.11317577
v 0.73623013 -0.00273509 -0.11627556
v 0.73313785 -0.00283619 -0.11867465
v 0.74024296 0.00470883 -0.11247497
v 0.74153894 0.00813785 -0.11497314
v 0.74373055 0.00406534 -0.11837521
v 0.74272996 0.00106492 -0.11587557
v 0.73943895 0.01012503 -0.11946829
v 0.74163800 0.00576826 -0.12237065
v 0.73106962 0.01465904 -0.10225069
v 0.73129255 0.01956848 -0.10399427
v 0.73813361 0.01190670 -0.11086774
v 0.73687696 0.00814042 -0.10847282
v 0.72092187 0.00986911 -0.10988563
v 0.71980548 0.01260099 -0.11283175
v 0.71627623 0.01451827 -0.10984632
v 0.71779019 0.01038298 -0.10662884
v 0.73723418 0.00197289 -0.11197559
v 0.73973000 -0.00133506 -0.11537557
v 0.72885084 0.00126222 -0.11877392
v 0.72849220 0.00338365 -0.12177318
v 0.72522390 0.00678917 -0.11837588
v 0.72554851 0.00421611 -0.11547913
v 0.72690022 0.00978949 -0.10372084
v 0.72311944 0.00877714 -0.10679325
v 0.72052544 0.00902616 -0.10305192
v 0.72468251 0.00917977 -0.09943657
v 0.72897553 0.01137586 -0.10222192
v 0.72394490 0.02016378 -0.11345575
v 0.72091401 0.01623818 -0.11408556
v 0.72705770 0.01015191 -0.11987057
v 0.73134017 0.01316703 -0.11916830
v 0.73402494 0.00529930 -0.10837720
v 0.72746360 0.00308412 -0.11237635
v 0.73082268 0.00377639 -0.10968744
v 0.73465329 0.00898854 -0.12276763
v 0.73612612 0.01429990 -0.11526933
v 0.73086512 -0.00004515 -0.12507094
v 0.73466718 -0.00453262 -0.12937127
v 0.73666626 -0.00232941 -0.13076955
v 0.73296279 0.00285594 -0.12666859
v 0.73058403 0.00639594 -0.12347060
v 0.73715007 0.00516361 -0.12586777
v 0.73982996 -0.00743506 -0.12027557
v 0.73641306 -0.00735031 -0.12268357
v 0.74302989 -0.00613508 -0.11947557
v 0.72922218 0.02267355 -0.10879077
v 0.74693006 -0.00153506 -0.12237557
v 0.74583000 -0.00423507 -0.12017557
v 0.73475260 -0.00633341 -0.12617339
v 0.73125309 -0.00194039 -0.12187301
v 0.74057573 -0.00043279 -0.12977365
v 0.74479812 0.00020743 -0.12617461
v 0.74365479 -0.00436752 -0.13287118
v 0.74780065 -0.00348780 -0.12897460
v 0.74962997 -0.00543501 -0.12507558
v 0.74822992 -0.00753506 -0.12257557
v 0.74523002 -0.00913505 -0.12197557
v 0.73959953 -0.00625554 -0.13366668
v 0.73781246 -0.00793900 -0.13186847
v 0.73765624 -0.00892851 -0.12847306
v 0.74291480 -0.00962970 -0.13576618
v 0.74737173 -0.00837546 -0.13546550
v 0.75502998 -0.01303507 -0.13107558
v 0.75712997 -0.01563508 -0.13247557
v 0.75672996 -0.01683507 -0.13107558
v 0.75472999 -0.01363508 -0.12907557
v 0.75333178 -0.01023050 -0.13027531
v 0.75232989 -0.00923506 -0.12797557
v 0.75192356 -0.00895202 -0.13257325
v 0.75433159 -0.01153307 -0.13417521
v 0.75374347 -0.01482022 -0.13877331
v 0.75693005 -0.01403504 -0.13607556
v 0.75155276 -0.01191129 -0.13717134
v 0.75019062 -0.00962560 -0.13526861
v 0.75843000 -0.01903508 -0.13377558
v 0.75892997 -0.01723508 -0.13427557
v 0.75029123 -0.00691485 -0.13127059
v 0.75062996 -0.01063509 -0.12527558
v 0.75342995 -0.01483507 -0.12767556
v 0.75572997 -0.01863507 -0.13037558
v 0.75663000 -0.02083508 -0.13357557
v 0.75322998 -0.01923508 -0.13007557
v 0.75082999 -0.01553507 -0.12707558
v 0.75422996 -0.02113507 -0.13317557
v 0.75072998 -0.01933507 -0.13047557
v 0.74772996 -0.01593507 -0.12747557
v 0.74433053 -0.01213477 -0.12477551
v 0.74763000 -0.01163507 -0.12437557
v 0.75232995 -0.02083508 -0.13267557
v 0.75782996 -0.01933507 -0.13767557
v 0.75562996 -0.02093507 -0.13687557
v 0.75882995 -0.01663507 -0.13767557
v 0.74912214 -0.01248230 -0.13826860
v 0.75185275 -0.01601289 -0.13987237
v 0.74624687 -0.01345534 -0.13786897
v 0.74985462 -0.01741431 -0.13927275
v 0.75603408 -0.01653019 -0.13957489
v 0.75493419 -0.01833047 -0.13987498
v 0.74213022 -0.01003497 -0.12277554
v 0.73913431 -0.00993375 -0.12497514
v 0.74124223 -0.01233002 -0.12697443
v 0.74493557 -0.01603183 -0.12947509
v 0.73996848 -0.01172338 -0.13047183
v 0.74041712 -0.01083470 -0.13376784
v 0.74437398 -0.01470876 -0.13597125
v 0.74365944 -0.01581908 -0.13297309
v 0.74773753 -0.01922978 -0.13487491
v 0.74834967 -0.01852037 -0.13737369
v 0.74862999 -0.01943508 -0.13207558
v 0.75173080 -0.02053432 -0.13717549
v 0.75323254 -0.01993263 -0.13887528
v 0.75053024 -0.02063485 -0.13557555
v 0.75152999 -0.02093507 -0.13417557
v 0.75352997 -0.02133507 -0.13557558
v 0.71734792 0.01719974 -0.11146222
v 0.71932232 0.02008659 -0.00937767
v 0.72037989 0.02334794 -0.00547608
v 0.70597810 0.01309360 -0.00827090
v 0.71133208 0.01405994 -0.01107587
v 0.70264739 0.01477939 -0.00338119
v 0.70715159 0.02128249 0.00271220
v 0.70369989 0.01793071 0.00041543
v 0.71644479 0.01673244 -0.01146937
v 0.71876919 0.02574656 -0.00066871
v 0.71287757 0.02466123 0.00272460
v 0.72336251 0.01933133 0.00482509
v 0.71778548 0.01777475 0.00842456
v 0.71143049 0.01466307 0.00892434
v 0.70723248 0.01146017 0.00562411
v 0.70556903 0.00940378 0.00092028
v 0.72512811 0.01805923 -0.00077513
v 0.72363353 0.01556529 -0.00527141
v 0.71935689 0.01225390 -0.00766946
v 0.72983098 0.01226894 0.00382538
v 0.72982997 0.01066492 0.01122442
v 0.72233003 0.00376492 0.01972443
v 0.72492999 0.00116494 0.02252443
v 0.72203040 -0.00143498 0.02052446
v 0.71862996 0.00196492 0.01792443
v 0.72173005 0.00596493 0.01732443
v 0.71722996 0.00686493 0.01502442
v 0.72802997 0.00636493 0.01992443
v 0.72622997 0.00776493 0.01682442
v 0.73032999 0.00856494 0.01552443
v 0.73312992 0.00716494 0.01712443
v 0.73042995 0.00406495 0.02342443
v 0.73245585 0.00049624 0.02492836
v 0.72783715 -0.00083013 0.02452522
v 0.72688013 -0.00350571 0.02262895
v 0.72383046 0.01016444 0.01402438
v 0.71123010 0.00566460 0.01052442
v 0.71552998 0.00016492 0.01442443
v 0.00007821 0.08273676 -0.10442971
v -0.00001862 0.09404151 -0.10190202
v 0.72053576 -0.00393378 0.01722483
v 0.72640860 -0.00569250 0.01883062
v 0.72110277 -0.00521594 0.01242920
v 0.71473491 -0.00184170 0.00922429
v 0.72653437 -0.00587780 0.01433257
v 0.72312999 -0.00483508 0.00882443
v 0.71732998 -0.00203506 0.00422443
v 0.71083230 0.00426388 -0.00127541
v 0.70866877 0.00430376 0.00472026
v 0.72652996 -0.00543509 0.01132443
v 0.73331434 -0.00324235 0.02283449
v 0.73251659 -0.00475064 0.01833349
v 0.73453110 0.00686810 0.01292486
v 0.73704392 0.00349951 0.01592820
v 0.73533088 0.00486705 0.02002469
v 0.73413682 0.00648184 0.00802670
v 0.73665398 0.00181319 0.01192954
v 0.73605275 0.00231027 0.02262946
v 0.73727661 0.00005144 0.01963309
v 0.70813024 0.00876461 -0.00437559
v 0.71345294 0.00981457 -0.00737434
v 0.71659845 0.00595087 -0.00436872
v 0.72253352 0.00006060 0.00123219
v 0.72317612 0.00817922 -0.00446738
v 0.72814465 0.01098881 -0.00136916
v 0.73235500 0.00480490 0.00393003
v 0.72828931 0.00251368 0.00123272
v 0.73110706 -0.00136035 0.00683372
v 0.73448229 0.00003970 0.00863268
v 0.72703594 -0.00317103 0.00703406
v 0.73400557 -0.00294591 0.01213378
v 0.73638678 -0.00204969 0.01563282
v 0.73181880 -0.00304861 0.01003436
v 0.72953266 -0.00445721 0.01083407
v 0.73102385 -0.00495482 0.01413355
v 0.71386820 0.00746877 -0.10516481
v 0.71674418 0.00616593 -0.10000795
v 0.71001470 0.00534153 -0.09848949
v 0.70154089 0.00458204 -0.09686695
v 0.69260985 0.00655484 -0.10060219
v 0.70329577 0.00527490 -0.09071197
v 0.71192539 0.00569571 -0.09245183
v 0.72115833 0.00726565 -0.09401461
v 0.69784713 0.00662522 -0.08405211
v 0.01429559 0.06832413 0.03790992
v 0.01500689 0.05240673 0.04598794
v 0.26729867 0.03750914 -0.01137611
v 0.26595277 0.05225931 -0.00880652
v 0.26599994 0.08764061 -0.04182848
v 0.26294076 0.08942875 -0.06061177
v 0.04831302 -0.22503608 0.07354860
v 0.09590709 -0.17461818 -0.07498781
v 0.10041952 -0.15276349 -0.08026210
v 0.03516554 -0.15453410 -0.09969660
v 0.05240564 -0.15878633 -0.09863186
v 0.11994117 -0.19603056 0.01126298
v 0.12269051 -0.17571275 0.00983904
v 0.08288313 -0.20541196 0.05119300
v 0.08663987 -0.18467531 0.05094406
v 0.10925978 -0.21906699 0.03034443
v 0.06806370 -0.20971394 -0.08314997
v 0.08252132 -0.21283489 -0.07632557
v 0.08104703 -0.19120361 -0.07979485
v 0.06705169 -0.18731105 -0.08835593
v 0.01829190 -0.15099666 -0.09598477
v 0.01726533 -0.17553957 -0.09222610
v 0.13186227 -0.15123492 -0.00935562
v 0.13215746 -0.14845836 -0.03000929
v 0.11790204 -0.14024952 -0.06751732
v 0.10578969 -0.13347989 -0.08206473
v 0.09118225 -0.12523335 -0.09214222
v 0.07468402 -0.11695631 -0.09948864
v 0.07559709 -0.16423801 0.06232078
v 0.06086516 -0.14410795 0.06970519
v 0.12539379 -0.15410624 0.01006133
v 0.02189643 -0.16409312 0.07906083
v 0.06059316 -0.08748655 -0.10757665
v 0.03940959 -0.08302730 -0.11039120
v 0.12712415 -0.14498900 -0.04957901
v 0.02927554 0.01196203 0.06821413
v 0.04519476 0.01509035 0.06672930
v 0.04485446 -0.00123012 0.07534016
v 0.02920079 -0.00531309 0.07598764
v 0.05993408 0.00090339 0.07380582
v 0.07443191 0.00208503 0.07112233
v 0.08778856 0.00237321 0.06751688
v 0.11919440 -0.00187917 0.05356932
v 0.11016312 0.00036879 0.05862446
v 0.13279606 -0.01059586 0.04077364
v 0.12666067 -0.00516764 0.04764118
v 0.13635832 -0.02017616 0.03149666
v 0.13771363 -0.03165011 0.02061021
v 0.14333816 -0.02984790 0.00303052
v 0.13998389 -0.04273364 0.00893207
v 0.13437173 -0.04473129 0.02731354
v 0.13238551 -0.03325808 0.03754485
v 0.12877449 -0.02429228 0.04672515
v 0.01886550 -0.07874768 0.08317291
v 0.01631576 -0.05263118 0.08468026
v 0.01352435 0.08334076 0.03058997
v 0.46627107 0.01253468 -0.09116296
v 0.58712906 0.04029243 -0.03784257
v 0.01496556 0.09614394 -0.10354878
v 0.03204565 0.10222989 -0.10606980
v 0.08893084 0.11857500 -0.09772189
v 0.10548450 0.13078777 -0.08158625
v 0.06916904 0.10866055 -0.10896635
v 0.04992436 0.09911465 -0.11172649
v 0.11631814 -0.13627072 0.02855183
v 0.03449602 0.06531400 -0.11435127
v 0.05143309 0.08789767 -0.11563145
v 0.07192901 0.09798536 -0.11310251
v 0.09404467 0.10898926 -0.10372821
v 0.11723987 0.12250686 -0.08735156
v 0.13230841 0.12166305 -0.08055702
v 0.14914040 0.10169975 -0.08242373
v 0.15998605 0.10514165 -0.07295652
v 0.16503944 0.11666715 -0.06075788
v 0.16017993 0.11697611 -0.06557534
v 0.15573657 0.10189144 -0.07758894
v 0.23088670 0.09542052 -0.06456469
v 0.25375482 0.08054800 -0.07902219
v 0.24526474 0.08904461 -0.07035398
v 0.25711259 0.06772572 -0.08518332
v 0.25780356 0.05869523 -0.08723473
v 0.25300869 0.04985357 -0.08811026
v 0.24280129 0.04267371 -0.08824029
v 0.20408177 0.02717935 -0.07941855
v 0.18943143 0.02106466 -0.07558353
v 0.16216281 -0.01508125 -0.07773502
v 0.15503439 -0.02317841 -0.07940355
v 0.13636021 -0.05097574 -0.08623666
v 0.12628950 -0.06408641 -0.08796316
v -0.00093908 0.12947811 -0.09196487
v 0.11621819 -0.07753234 -0.09148851
v 0.00113200 -0.06115509 -0.11038321
v 0.00118507 -0.04328934 -0.11480053
v 0.00162851 -0.12394771 -0.09451452
v 0.00153196 -0.10381716 -0.10127802
v 0.10214514 -0.30887613 -0.08078796
v 0.09627116 -0.29177931 -0.07604808
v 0.07945269 -0.29373169 -0.08379673
v -0.00066275 -0.27709398 -0.08569758
v -0.00037230 -0.25457016 -0.08001068
v 0.00055180 -0.19887717 -0.08319858
v 0.00113456 -0.17276424 -0.08790059
v 0.08521657 -0.31147528 -0.08984077
v 0.03833889 -0.25497681 -0.08498470
v 0.00081809 -0.01650677 -0.11647945
v 0.00076301 -0.00358442 -0.11359352
v 0.00061042 0.01336998 -0.11341543
v 0.01932902 -0.25494212 -0.08433443
v 0.13476256 -0.28944182 -0.02868951
v 0.13871905 -0.29106286 -0.00715692
v 0.11196859 -0.29006764 -0.06445891
v 0.12532945 -0.28933585 -0.04824487
v 0.13684697 -0.29469147 0.01409789
v 0.08365526 -0.31993124 0.07181163
v 0.06576824 -0.32467040 0.08035141
v 0.03121768 -0.33085954 0.09232132
v 0.01496986 -0.33282223 0.09539136
v 0.12983194 -0.30066639 0.03364614
v 0.04809147 -0.32816029 0.08735478
v 0.11771989 -0.30782694 0.04933306
v 0.10145423 -0.31435448 0.06175983
v 0.05592983 -0.25501728 -0.08366501
v 0.05884768 -0.27612808 -0.08466513
v -0.00045033 0.13096051 0.01784139
v -0.00058284 0.12187859 0.01422585
v 0.07554323 -0.27561149 -0.08167277
v 0.05574230 -0.02109306 -0.12343623
v 0.03683737 -0.02364418 -0.12182645
v 0.07481724 -0.01730299 -0.12458514
v 0.08992387 0.00527757 -0.12616506
v 0.09332746 -0.01062147 -0.12286565
v 0.10970494 -0.00362983 -0.11870122
v 0.00004557 0.14044286 0.02200308
v -0.00001322 0.06627486 0.03848629
v 0.00011649 0.05044371 0.04686018
v 0.10632116 0.01172927 -0.12172123
v 0.00177152 -0.05670954 0.08257684
v 0.00227018 -0.08287321 0.08076899
v -0.00031104 0.08155812 0.03076798
v 0.00287692 -0.10624165 0.07647163
v 0.13454746 0.02312449 -0.10748973
v 0.13679251 0.01012241 -0.10580456
v 0.14758611 0.01582056 -0.10046801
v 0.14563905 0.02737605 -0.10243368
v 0.16619454 0.02835407 -0.09240822
v 0.15729590 0.02142115 -0.09642716
v 0.17472985 0.03612695 -0.08759750
v 0.18543357 0.04261491 -0.08733086
v 0.18138283 0.06287818 -0.09071940
v 0.17181399 0.05718442 -0.09234343
v 0.13385509 0.03657055 -0.10778941
v 0.11986066 0.03302615 -0.11477886
v 0.03628485 0.00403247 -0.12046161
v 0.01854168 -0.00071919 -0.11602239
v 0.14436442 -0.04927900 -0.00456766
v 0.14874324 -0.05427787 -0.01945788
v 0.15168461 -0.05650852 -0.03397426
v 0.15164872 -0.05564088 -0.04744241
v 0.15134844 -0.05270734 -0.06076971
v 0.14802840 -0.04791877 -0.07264128
v 0.14895633 -0.03187986 -0.08164810
v 0.14340694 -0.04104968 -0.08367353
v 0.00067665 -0.46677670 -0.10529576
v 0.14584088 -0.02343170 -0.08986948
v 0.13819063 -0.03239084 -0.09349711
v 0.12842557 -0.00979189 -0.10803504
v 0.13309415 -0.02167767 -0.10141132
v 0.12394653 0.00344932 -0.11264602
v 0.12102015 0.01815352 -0.11490510
v 0.10464785 0.02879161 -0.12221662
v 0.08868749 0.02264551 -0.12722453
v 0.07120267 0.05145825 -0.12538758
v 0.07107056 0.03401957 -0.12774079
v 0.07142096 0.01629379 -0.12864743
v 0.07147276 -0.00104315 -0.12788180
v 0.06956458 0.13851069 -0.08057293
v 0.05318052 0.13199377 -0.09022266
v 0.23547792 0.04792259 -0.08900116
v 0.24115898 0.05357546 -0.08879942
v 0.00043651 -0.42402774 -0.12554738
v 0.00035731 -0.40167779 -0.12684041
v 0.23152584 0.05491198 -0.08922662
v 0.23020056 0.05073714 -0.08931828
v 0.24301040 0.06055541 -0.08797383
v 0.24254449 0.06951135 -0.08642655
v 0.23062934 0.06906785 -0.08732280
v 0.23179241 0.06034137 -0.08908452
v 0.23943102 0.07953063 -0.08172410
v 0.22778910 0.07790320 -0.08361891
v 0.23338743 0.08764750 -0.07577328
v 0.22403650 0.09268635 -0.07134821
v 0.21967942 0.08982200 -0.07507296
v 0.22366607 0.08534959 -0.07901670
v 0.18825841 0.08745824 -0.08035180
v 0.19956309 0.08914413 -0.07767079
v 0.21105415 0.08957196 -0.07570362
v 0.19750297 0.04869303 -0.08895323
v 0.20929062 0.05493378 -0.08980867
v 0.22049363 0.05932789 -0.08957199
v 0.21890208 0.06733040 -0.08826818
v 0.20734778 0.06281908 -0.08920977
v 0.00070005 -0.44299927 -0.12001098
v 0.19531760 0.05712375 -0.08985394
v 0.05392372 -0.00560497 -0.12621260
v 0.03666720 -0.01114638 -0.12182109
v 0.00051757 -0.44256392 0.08548996
v 0.00060292 -0.45833504 0.08136174
v 0.16436389 0.03800741 -0.09396248
v 0.00032921 -0.47254026 0.07393475
v 0.00027855 -0.48587173 0.06427358
v 0.15591140 0.03290396 -0.09827518
v 0.17306942 0.04440642 -0.09062386
v 0.18370788 0.05166268 -0.08982018
v 0.16366701 0.05067892 -0.09506565
v 0.15491037 0.04494479 -0.09845395
v 0.14490689 0.04036664 -0.10249405
v 0.05339485 0.00990960 -0.12593816
v 0.01865249 -0.01498534 -0.11824244
v -0.00012127 -0.35519323 -0.11658192
v -0.00011560 -0.33305070 -0.10849494
v -0.00027374 -0.35484019 0.09380267
v 0.00050442 0.14944617 0.02557475
v 0.00068349 0.18371023 -0.07069463
v -0.00061494 0.11076020 0.01163649
v -0.00056948 0.10026285 0.01527195
v -0.00025598 -0.49903643 -0.02320688
v -0.00040493 0.09147406 0.02396014
v -0.00009690 -0.49968946 -0.03181115
v 0.00160432 -0.14803582 -0.09030718
v 0.16275944 0.08134528 0.00955424
v 0.16542244 0.10515840 0.00044054
v 0.16825111 0.12100793 -0.01767813
v 0.16762367 0.12440804 -0.04081606
v 0.39040428 -0.01218041 -0.05919408
v 0.01712510 -0.20130624 -0.08725238
v 0.01802554 -0.22742380 -0.08422542
v 0.03565571 -0.22926852 -0.08597836
v 0.01957820 -0.08207934 -0.10853088
v 0.01861776 -0.02600041 -0.12017891
v 0.09594502 -0.02915598 0.07812127
v 0.08582523 -0.02875107 0.08241977
v 0.08649178 -0.01313017 0.07581124
v 0.09729930 -0.01367255 0.07138712
v 0.11279883 -0.03071026 0.06659003
v 0.10516545 -0.02994956 0.07261368
v 0.10718051 -0.01465896 0.06615210
v 0.11588167 -0.01640648 0.06041937
v 0.11975729 -0.03322247 0.05999140
v 0.12301705 -0.01920163 0.05408722
v 0.10358077 -0.04621254 0.07708491
v 0.09508694 -0.04578566 0.08276088
v 0.08542258 -0.04514270 0.08687621
v 0.11667604 -0.04729933 0.06447443
v 0.11097130 -0.04638099 0.07094402
v 0.00977598 0.15130231 0.02464631
v 0.01141286 0.10425972 0.01714696
v 0.01079925 0.11391001 0.01364269
v 0.01481999 -0.02985149 0.08173628
v 0.01410443 0.00712476 0.06909218
v 0.01510396 0.01968594 0.05981421
v 0.01542373 0.03567225 0.05285603
v 0.01247448 0.09456673 0.02406648
v 0.01428343 -0.01073302 0.07605080
v 0.15418397 -0.47359294 -0.06746928
v 0.13845991 -0.49075228 -0.08541402
v 0.14279869 -0.46516296 -0.08212981
v 0.13057014 -0.47809815 -0.09454960
v 0.14648907 -0.39586121 -0.05916596
v 0.14743745 -0.42183474 -0.06511662
v 0.14565000 -0.36873499 -0.05582516
v 0.11215031 -0.48610410 -0.10627703
v 0.08822593 -0.48880413 -0.11431490
v 0.08591304 -0.47053546 -0.12087412
v 0.13242838 -0.37250853 -0.07725742
v 0.13392925 -0.39883283 -0.08028506
v 0.14721937 -0.44571367 -0.07278309
v 0.13586825 -0.44581944 -0.08823919
v 0.13538830 -0.46038717 -0.09037713
v 0.10875419 -0.46949986 -0.11177757
v 0.12545003 -0.46574545 -0.10016513
v 0.02879394 -0.33455244 -0.10813748
v 0.05370611 -0.33471140 -0.10642265
v 0.04919970 -0.31497860 -0.09795947
v 0.10863838 -0.32803187 -0.08623170
v 0.11805671 -0.30581024 -0.06800053
v 0.12295424 -0.44847319 -0.10230938
v 0.10594359 -0.44973201 -0.11518402
v 0.08353714 -0.44961539 -0.12505990
v 0.08072201 -0.37687755 -0.11873912
v 0.08175024 -0.40077496 -0.12371588
v 0.10221175 -0.40162772 -0.11329725
v 0.10080355 -0.37658545 -0.10877699
v 0.11406070 -0.35016471 -0.09140210
v 0.11750212 -0.37529740 -0.09504285
v 0.07851763 -0.35398272 -0.11139999
v 0.09738168 -0.35231075 -0.10310088
v 0.09187698 -0.33065888 -0.09640327
v 0.11935212 -0.40151078 -0.09846135
v 0.05635767 -0.42476749 -0.13184035
v 0.08203699 -0.42598915 -0.12658183
v 0.02881500 -0.42366752 -0.12958923
v 0.07390592 -0.33280426 -0.10302245
v 0.06803530 -0.31319976 -0.09490289
v 0.06300903 -0.29424831 -0.08840478
v 0.05278752 -0.23134921 -0.08378276
v 0.11266587 -0.70224696 0.05377202
v 0.00569006 -0.51865274 0.00110590
v 0.00457067 -0.51113260 -0.02104270
v 0.16521332 -0.43448490 0.03690407
v 0.17069638 -0.45488685 -0.02745828
v 0.15941927 -0.44907382 -0.05239863
v 0.03291905 -0.51804811 0.05307369
v 0.01802451 -0.52320337 0.03499617
v 0.14944035 -0.44268742 0.06008645
v 0.10323033 -0.48961276 0.08164016
v 0.00947760 -0.52314377 0.01827009
v 0.13529877 -0.42368940 -0.08436180
v 0.12137606 -0.42665416 -0.10115778
v 0.10372222 -0.42693987 -0.11564866
v 0.05685505 -0.44771862 -0.12983951
v 0.02862148 -0.44432402 -0.12708837
v 0.01919600 -0.46402866 0.07793390
v 0.01531974 -0.45396850 0.08168072
v 0.00833622 -0.45651916 0.08150329
v 0.00892268 -0.47086689 0.07504942
v 0.08434763 -0.33951080 0.07186827
v 0.06532625 -0.34483102 0.07968945
v 0.02995919 -0.35153386 0.09004581
v 0.01433340 -0.35363308 0.09272877
v 0.13375203 -0.31851217 0.03509653
v 0.04688758 -0.34869349 0.08573904
v 0.12109993 -0.32599390 0.05087286
v 0.10341132 -0.33315447 0.06274112
v 0.06943768 -1.14492691 -0.06224624
v 0.06907526 -1.17370546 -0.05799977
v 0.07040332 -1.17192852 -0.07242771
v 0.06783388 -1.14257932 -0.07631768
v 0.08218840 -1.13769424 -0.10235091
v 0.07190129 -1.13985097 -0.09492451
v 0.09579086 -1.13753355 -0.10426216
v 0.09255964 -1.16753101 -0.10331847
v 0.10236326 -1.16826522 -0.09648041
v 0.10790059 -1.13891113 -0.09954987
v 0.11592057 -1.13997281 -0.09127491
v 0.11886211 -1.17096376 -0.06196892
v 0.12495120 -1.14283144 -0.06259515
v 0.12155956 -1.14093590 -0.08055127
v 0.11722837 -1.17022073 -0.07903537
v 0.11983029 -1.14708197 -0.04378805
v 0.11414701 -1.17382145 -0.04296418
v 0.10539040 -1.15020049 -0.03288813
v 0.07387011 -1.14771664 -0.04737206
v 0.07147464 -1.17540896 -0.04170506
v 0.08038943 -1.16758704 -0.10205001
v 0.07224439 -1.16914403 -0.09267543
v 0.06778752 -1.14140511 -0.08590282
v 0.07174163 -1.17057300 -0.08261600
v 0.06674820 -1.20024586 -0.06814452
v 0.05943940 -1.20173073 -0.05281285
v 0.07822898 -1.19680250 -0.10267366
v 0.07493182 -1.19840479 -0.08997677
v 0.09688170 -1.19685030 -0.09334028
v 0.08932401 -1.19609034 -0.10505884
v 0.11775055 -1.19789636 -0.07794122
v 0.11081190 -1.16911781 -0.08845275
v 0.10799424 -1.19725692 -0.08595808
v 0.11806997 -1.19794703 -0.06151858
v 0.11243656 -1.19956362 -0.03889816
v 0.06657472 -1.20099950 -0.03489127
v 0.07028832 -1.19874048 -0.07913070
v 0.11964165 -1.28267205 0.11815667
v 0.12417500 -1.28265440 0.11714210
v 0.12560327 -1.28706467 0.11775159
v 0.11873902 -1.28787565 0.11926327
v 0.07643757 -1.27932644 0.13014354
v 0.08521552 -1.27752626 0.13201961
v 0.08732390 -1.28662598 0.13002546
v 0.07556674 -1.28902268 0.12796886
v 0.11069481 -1.29182851 0.12450083
v 0.10591434 -1.29172027 0.12500742
v 0.10491113 -1.28792644 0.12877803
v 0.11278281 -1.28781009 0.12788726
v 0.14920908 -1.28807759 0.08298498
v 0.14516555 -1.28841197 0.08450823
v 0.14506941 -1.28391421 0.08690575
v 0.15029302 -1.28435934 0.08417033
v 0.13701829 -1.29106879 0.10105254
v 0.13315289 -1.29168355 0.10256095
v 0.13283251 -1.28728509 0.10545760
v 0.13895649 -1.28755081 0.10284089
v 0.08763553 -1.27422655 0.10784043
v 0.08742198 -1.27462327 0.12232297
v 0.07476171 -1.27732766 0.12016949
v 0.07336853 -1.27304900 0.10560557
v 0.06831422 -1.28633630 0.11663464
v 0.07589187 -1.29173207 0.11410452
v 0.07461113 -1.29225981 0.09976565
v 0.06732419 -1.28409088 0.10090999
v 0.08814865 -1.29202557 0.11604773
v 0.08796354 -1.29183221 0.10287606
v 0.09462234 -1.28342938 0.10692768
v 0.09651572 -1.28322542 0.12131403
v 0.11380414 -1.28341937 0.10739695
v 0.11727663 -1.28542769 0.11939975
v 0.11119783 -1.27961779 0.12089863
v 0.10870502 -1.27612042 0.10829531
v 0.10300914 -1.27991438 0.12211357
v 0.09803199 -1.27661324 0.11002268
v 0.09483393 -1.28592372 0.10923304
v 0.09732100 -1.28672123 0.12232088
v 0.10274220 -1.29210794 0.11852798
v 0.09966473 -1.29130781 0.10564777
v 0.10873885 -1.29030669 0.10491948
v 0.11160713 -1.29191744 0.11721078
v 0.11766427 -1.28137100 0.11226755
v 0.11520551 -1.27751231 0.10278822
v 0.12540816 -1.27619374 0.10046761
v 0.12523238 -1.28051543 0.11123469
v 0.11723035 -1.29110396 0.10040503
v 0.11200758 -1.28662121 0.10310295
v 0.11360894 -1.28861797 0.11270218
v 0.11883086 -1.29240072 0.11080063
v 0.12601028 -1.29207671 0.10978278
v 0.12623553 -1.28998518 0.09888896
v 0.13020936 -1.28289557 0.10027727
v 0.13023363 -1.28606188 0.11086658
v 0.13957740 -1.28047597 0.09709565
v 0.14069745 -1.27576637 0.08722432
v 0.14420056 -1.28257716 0.08634013
v 0.14243856 -1.28641987 0.09582392
v 0.13289320 -1.27669513 0.09095432
v 0.13379562 -1.28020906 0.09907895
v 0.13241744 -1.28999066 0.08937716
v 0.12979491 -1.28280890 0.09297387
v 0.12898262 -1.28502595 0.09988059
v 0.13140255 -1.29181039 0.09738323
v 0.13873886 -1.29172492 0.09543677
v 0.14022508 -1.28976655 0.08575664
v 0.15430127 -1.28354263 0.07739952
v 0.15258726 -1.27786469 0.07890460
v 0.15326621 -1.27533245 0.07025135
v 0.15447730 -1.28200734 0.06743313
v 0.14676386 -1.27507520 0.07510171
v 0.14627711 -1.27769172 0.08133380
v 0.14459564 -1.28827882 0.07354158
v 0.14448415 -1.28097773 0.07652748
v 0.14258154 -1.28280461 0.08165366
v 0.14378813 -1.28930449 0.07966074
v 0.15037760 -1.28896821 0.07737848
v 0.15069725 -1.28764379 0.06910209
v 0.07359944 -1.26984811 0.09134713
v 0.09109551 -1.27397120 0.09374804
v 0.07846308 -1.29132926 0.12326998
v 0.06797120 -1.28250694 0.08658774
v 0.08523051 -1.29113448 0.12423640
v 0.09206082 -1.29135191 0.09039926
v 0.07579699 -1.29095268 0.08545154
v 0.09363028 -1.28373015 0.10034554
v 0.11097336 -1.28253233 0.12749599
v 0.11100989 -1.28431892 0.09790903
v 0.11134949 -1.29100752 0.08863295
v 0.10609461 -1.28262627 0.12798923
v 0.10938175 -1.27394032 0.09149357
v 0.12666093 -1.27442396 0.08254879
v 0.12071191 -1.29167783 0.11647857
v 0.12473140 -1.29128456 0.11597650
v 0.12893513 -1.29048133 0.08168364
v 0.13010171 -1.28189611 0.09086706
v 0.13824226 -1.28311276 0.10251679
v 0.14468820 -1.28086853 0.07672054
v 0.14240885 -1.28945839 0.07043289
v 0.13459502 -1.28287363 0.10364877
v 0.14223042 -1.27268314 0.07097483
v 0.14948702 -1.28128457 0.08333650
v 0.15107828 -1.28831708 0.05875112
v 0.15560348 -1.28067946 0.05571715
v 0.14667408 -1.28060758 0.08515135
v 0.15298171 -1.27262759 0.05975589
v 0.08095952 -1.15075827 -0.03604086
v 0.07897452 -1.17650533 -0.03071644
v 0.09163793 -1.15172005 -0.03117171
v 0.10176246 -1.17644477 -0.03060579
v 0.08999440 -1.17759061 -0.02693483
v 0.07742218 -1.20082450 -0.02236695
v 0.10055377 -1.20126569 -0.02480132
v 0.09028222 -1.20084262 -0.01885029
v 0.11989778 -1.21816337 -0.07983196
v 0.12115361 -1.21941781 -0.06390569
v 0.10588204 -1.21720755 -0.08760723
v 0.08815883 -1.21652496 -0.10903788
v 0.09631039 -1.21677160 -0.09783772
v 0.07634046 -1.21929240 -0.01086913
v 0.06739824 -1.22188759 -0.02861775
v 0.09037812 -1.21799994 -0.00531648
v 0.10439944 -1.21878374 -0.01347243
v 0.06937141 -1.26444542 0.07505006
v 0.06993949 -1.26296830 0.05454741
v 0.08361098 -1.25298500 0.05708634
v 0.08746877 -1.26279831 0.07567360
v 0.10136198 -1.25381875 0.05304074
v 0.10508568 -1.26565063 0.07169123
v 0.11728865 -1.25777674 0.04511204
v 0.12165011 -1.26711762 0.06391039
v 0.13205460 -1.26134682 0.03613841
v 0.13727994 -1.26777470 0.05418259
v 0.14503889 -1.26680088 0.02716786
v 0.15058178 -1.26971269 0.04530469
v 0.15294670 -1.27623439 0.02250814
v 0.15698251 -1.27875280 0.04113580
v 0.06407930 -1.28092885 0.07003105
v 0.06594173 -1.27824271 0.04954982
v 0.07473570 -1.29233646 0.06740806
v 0.07576132 -1.29129863 0.04701629
v 0.09171534 -1.29278362 0.06599461
v 0.09156560 -1.29202330 0.04512869
v 0.14970557 -1.28788686 0.02445747
v 0.15154603 -1.28947616 0.04355735
v 0.10979764 -1.29170346 0.06158501
v 0.10872037 -1.29021311 0.04076148
v 0.12617144 -1.29226351 0.05550513
v 0.12457387 -1.29094994 0.03483072
v 0.14003700 -1.29211545 0.04901494
v 0.13837117 -1.29111338 0.02887376
v 0.07910882 -1.24514246 0.03490334
v 0.09695590 -1.24057412 0.03302819
v -0.00081935 0.14397097 -0.08565674
v 0.00012794 0.07020672 -0.10689711
v 0.11247581 -1.24538851 0.02404852
v 0.12630340 -1.25250781 0.01389166
v 0.13754538 -1.26246035 0.00469875
v 0.14722016 -1.27231348 0.00043754
v 0.12442501 -1.24012566 -0.01410536
v 0.13119972 -1.25939310 -0.02101063
v 0.13856202 -1.27125800 -0.02237677
v 0.12632930 -1.25709474 -0.04682722
v 0.13126895 -1.27014899 -0.04627867
v 0.00059746 -0.45711738 -0.11294822
v 0.00053389 0.02840180 -0.11274058
v 0.11639826 -1.25686157 -0.08748417
v 0.00016109 -0.37831634 -0.12323891
v -0.00009880 0.03232956 0.05341145
v 0.00007678 0.01615158 0.06033280
v 0.00060558 0.00422400 0.07006471
v 0.00091776 -0.01411562 0.07615250
v -0.00144833 -0.27520913 0.08934692
v -0.00129347 -0.26152080 0.08212404
v -0.00005397 -0.22585531 -0.07953792
v -0.00091376 -0.31575736 0.09702364
v -0.00075455 -0.24663633 0.08256201
v 0.00127352 -0.08180409 -0.10632278
v 0.00135244 -0.03401782 0.08077105
v -0.00057210 -0.33441198 0.09626123
v 0.00117499 -0.02749195 -0.11903585
v 0.00029720 -0.22523464 0.08265432
v 0.00046407 -0.42362174 0.08724283
v 0.00241468 -0.16471180 0.07808118
v -0.01759112 0.15441523 0.02012289
v -0.02755947 0.15858135 0.01446956
v -0.02956276 0.14924034 0.01287565
v -0.01898829 0.14557956 0.01762901
v -0.05301950 0.16371320 -0.03129558
v -0.05138276 0.17310400 -0.02602517
v -0.04826601 0.17668143 -0.03908954
v -0.05128415 0.16712976 -0.04463905
v -0.04232743 0.17853351 -0.05067489
v -0.04593502 0.16865803 -0.05613428
v -0.03664713 0.16822892 -0.06463373
v -0.03411027 0.17991960 -0.05960820
v -0.02375650 0.17899367 -0.06622842
v -0.02632459 0.16641971 -0.06993392
v -0.03830064 0.16272089 0.00751563
v -0.04683521 0.16671172 -0.00223401
v -0.04716237 0.15642408 -0.00320915
v -0.03900456 0.15365444 0.00641175
v -0.05136016 0.17051752 -0.01356152
v -0.05265892 0.16050167 -0.01659381
v -0.01360064 0.16645274 -0.07338703
v -0.01164760 0.18073437 -0.06958407
v -0.02247396 0.12584914 0.01375579
v -0.01122860 0.12387719 0.01502336
v -0.01056493 0.13326296 0.01774170
v -0.02120357 0.13556987 0.01525041
v -0.05042653 0.12298598 -0.00451080
v -0.06309814 0.12822106 -0.01804669
v -0.06858198 0.11974190 -0.01457603
v -0.05497611 0.11318908 -0.00126933
v -0.06483223 0.09479877 0.01478600
v -0.08631916 0.10093520 -0.00040048
v -0.08331421 0.08180733 0.01718413
v -0.06551586 0.07771632 0.02399871
v -0.08126350 0.06490677 0.03077023
v -0.06517564 0.06172038 0.03487695
v -0.07530320 0.01559289 0.06238423
v -0.05985835 0.01508621 0.06512565
v -0.06198870 0.03095209 0.05549077
v -0.07758332 0.03197122 0.05215307
v -0.08274908 -0.08467954 0.07991981
v -0.07168340 -0.08115816 0.08563764
v -0.07869980 -0.06459525 0.08855832
v -0.08861080 -0.06641430 0.08462701
v -0.13953851 0.03493844 0.02896550
v -0.14143029 0.05192233 0.02118013
v -0.15120611 0.04172428 0.02009274
v -0.14783025 0.02434939 0.02630296
v -0.10205168 0.13287096 -0.04182679
v -0.09614399 0.12058224 -0.02087295
v -0.08542895 0.12321262 -0.02657428
v -0.09108649 0.13502453 -0.04409940
v -0.12584017 -0.05128826 0.04619282
v -0.12030054 -0.06401167 0.05238513
v -0.11887044 -0.05442363 0.06005824
v -0.12369350 -0.04199282 0.05475443
v -0.09710767 -0.16124813 0.04105648
v -0.08358701 -0.16308643 0.05253111
v -0.08456838 -0.14343566 0.05328735
v -0.09775176 -0.14132078 0.04287492
v -0.12981297 -0.11516173 -0.00640470
v -0.13267389 -0.11568139 -0.02718110
v -0.13087265 -0.13135359 -0.02835371
v -0.12929644 -0.13285029 -0.00739493
v -0.10236969 0.01455176 0.05497948
v -0.08911897 0.01576961 0.05880332
v -0.09191847 0.03232338 0.04867269
v -0.10540978 0.03104048 0.04508954
v -0.31319448 0.04637977 -0.01350098
v -0.31476253 0.03133612 -0.01399719
v -0.29051068 0.03486787 -0.01309245
v -0.28879547 0.04958154 -0.01222060
v -0.12446690 -0.22819428 0.00125231
v -0.12425748 -0.22479644 -0.01763717
v -0.12877567 -0.24229723 -0.01516971
v -0.12860288 -0.24570397 0.00485717
v -0.16971523 0.09623206 -0.00295735
v -0.17142427 0.11207242 -0.01900763
v -0.17986542 0.10739285 -0.01861197
v -0.18010826 0.09100978 -0.00441692
v -0.13160019 0.00596035 0.04173199
v -0.13607407 0.02016208 0.03565890
v -0.14272575 0.01057008 0.03111327
v -0.13775770 -0.00150261 0.03586001
v -0.13953492 -0.08714432 -0.02757795
v -0.13735312 -0.08587450 -0.01022765
v -0.14218655 -0.07043641 -0.01440586
v -0.14388272 -0.07246206 -0.03005167
v -0.13400570 -0.10059541 -0.00770856
v -0.13625938 -0.10156616 -0.02675279
v -0.12364506 0.01055082 0.04623863
v -0.11383913 0.01309023 0.05067056
v -0.11715318 0.02949105 0.04181601
v -0.12714982 0.02667567 0.03892975
v -0.07627761 -0.10021058 0.07276715
v -0.06311969 -0.09588020 0.07962126
v -0.12233881 -0.24987198 0.02447609
v -0.11150046 -0.25480688 0.04111565
v -0.10908733 -0.23612009 0.03655322
v -0.11933561 -0.23198934 0.02009902
v -0.06993442 -0.12666348 0.06133020
v -0.07109527 -0.11244550 0.06432515
v -0.08374978 -0.11230382 0.05760983
v -0.08370424 -0.12571923 0.05411467
v -0.09683061 -0.25920630 0.05414998
v -0.08086844 -0.26290733 0.06434450
v -0.07889266 -0.24288175 0.05892990
v -0.09491155 -0.24010937 0.04940924
v -0.07955141 0.04810842 0.04183023
v -0.06387658 0.04653866 0.04545683
v -0.10059205 -0.08378425 0.06793418
v -0.09247293 -0.08521624 0.07389926
v -0.09744328 -0.06717009 0.07916804
v -0.10463421 -0.06667553 0.07304867
v -0.15252039 0.01016637 0.01990319
v -0.16101429 0.02737321 0.01499768
v -0.15962577 0.00473618 0.00455585
v -0.15203387 -0.00456963 0.00911474
v -0.13398460 -0.25945261 -0.01187705
v -0.13317887 -0.26300427 0.00891092
v -0.09969014 -0.27830303 0.05857944
v -0.08344752 -0.28259802 0.06893792
v -0.17442748 -0.00997276 -0.03768580
v -0.18239963 -0.00192723 -0.04198282
v -0.18530227 -0.00352883 -0.05231001
v -0.17805828 -0.01129569 -0.04894424
v -0.04420279 -0.06244535 0.09134801
v -0.05838288 -0.05303346 0.09224922
v -0.06235708 -0.07058387 0.09057549
v -0.05090037 -0.08365558 0.08658295
v -0.09712657 -0.09857674 0.05990833
v -0.09528775 -0.10964525 0.05140875
v -0.08752050 -0.10037317 0.06624165
v -0.03000270 -0.07311621 0.08680838
v -0.03769382 -0.09981522 0.07877976
v -0.04750729 0.04355161 0.04853193
v -0.04592327 0.02922956 0.05814430
v -0.04822449 0.05847630 0.03955649
v -0.03137621 0.05531634 0.04348422
v -0.03039966 0.07062642 0.03568772
v -0.04744815 0.07382517 0.03083409
v -0.02861829 0.08616769 0.02943071
v -0.04580962 0.08974048 0.02381383
v -0.03611890 0.11859832 0.00602770
v -0.03928146 0.10946183 0.00920151
v -0.14614730 -0.00129710 0.02367530
v -0.14095864 -0.01155965 0.02741175
v -0.11494489 -0.27317560 0.04537043
v -0.10677925 0.06104602 -0.11770402
v -0.10415474 0.04337107 -0.12146590
v -0.11992099 0.04742051 -0.11423417
v -0.12273525 0.06410454 -0.11135395
v -0.11198048 0.13471647 -0.03966329
v -0.10928402 0.12250361 -0.01774746
v -0.15949938 -0.01088918 -0.08490904
v -0.16859414 -0.00247384 -0.08240464
v -0.16788694 0.00579750 -0.08667178
v -0.15810016 -0.00170168 -0.09001733
v -0.18806097 0.00958096 -0.07219863
v -0.18802765 0.00243469 -0.06752911
v -0.20442940 0.01070704 -0.07071503
v -0.20366707 0.01747510 -0.07539065
v -0.12396204 -0.23922645 -0.03370048
v -0.11840259 -0.22169323 -0.03534819
v -0.11561974 -0.10097425 -0.08002142
v -0.12494995 -0.10822567 -0.06413005
v -0.13061097 -0.09352628 -0.06199586
v -0.12294722 -0.08632000 -0.07745103
v -0.01645697 0.03102447 -0.11444987
v -0.01623129 0.01553133 -0.11550938
v -0.03400702 0.02000450 -0.12048189
v -0.03384246 0.03566848 -0.11940666
v -0.07102104 0.06513868 -0.12332477
v -0.07209417 0.08080654 -0.11963710
v -0.05182451 0.07195790 -0.12071806
v -0.05180508 0.05767881 -0.12308158
v -0.08879849 0.05517553 -0.12350474
v -0.08678203 0.03787645 -0.12683338
v -0.14550258 -0.06992187 -0.04524809
v -0.13893212 -0.08465465 -0.04417900
v -0.15745726 -0.03984201 -0.03999645
v -0.15776719 -0.03960891 -0.05263333
v -0.15388727 -0.04816208 -0.05066524
v -0.15372574 -0.04830390 -0.03752892
v -0.08337516 0.13741465 -0.04698998
v -0.08085936 0.14142345 -0.06445092
v -0.09069843 0.13839775 -0.06294701
v -0.04910063 0.11877187 -0.09986458
v -0.04883645 0.11246701 -0.10450410
v -0.06140897 0.11797855 -0.10067131
v -0.05839572 0.12326944 -0.09644001
v -0.03695122 -0.04099282 -0.11787567
v -0.01735900 -0.04264425 -0.11643337
v -0.01768882 -0.06123113 -0.11232785
v -0.03820764 -0.06077036 -0.11377259
v -0.16925158 -0.01634581 -0.07186154
v -0.16114509 -0.02492390 -0.07248226
v -0.16213952 -0.02956954 -0.06417623
v -0.16935694 -0.02153710 -0.06466091
v -0.15252843 -0.04584614 -0.06213053
v -0.15672721 -0.03731638 -0.06309285
v -0.15510251 -0.03280631 -0.07247968
v -0.15003662 -0.04129162 -0.07279388
v -0.13072290 -0.07268964 -0.07482327
v -0.13632125 -0.07927492 -0.05984833
v -0.14360328 -0.06530395 -0.05964715
v -0.13931432 -0.05907330 -0.07279309
v -0.01601355 -0.12646049 -0.10007786
v -0.03361925 -0.12921554 -0.10325590
v -0.03506846 -0.10556238 -0.10668709
v -0.01647766 -0.10412237 -0.10467591
v -0.19525707 0.01271503 -0.02766524
v -0.19484138 0.01958562 -0.01702544
v -0.20897019 0.01941976 -0.02150225
v -0.21175781 0.01337825 -0.03293757
v -0.21978757 0.04774053 -0.09057002
v -0.20867641 0.04280898 -0.09001338
v -0.21019146 0.03686837 -0.08840968
v -0.22100614 0.04227391 -0.08970464
v -0.23430222 0.00820540 -0.04663433
v -0.22977380 0.01256329 -0.03630255
v -0.25084841 0.01154588 -0.03853058
v -0.25450715 0.00682068 -0.04920687
v -0.12363026 0.13576442 -0.06391752
v -0.12333349 0.13796774 -0.03802603
v -0.11359259 0.13739295 -0.06348206
v -0.23760538 0.00571208 -0.06420416
v -0.23709203 0.00969137 -0.07174423
v -0.21997087 0.00824369 -0.06833312
v -0.22001170 0.00560650 -0.06064502
v -0.28783241 0.06446355 -0.01974922
v -0.31196842 0.06106187 -0.02065293
v -0.27912673 0.00460786 -0.06048036
v -0.28043899 0.00649208 -0.06965533
v -0.25940853 0.00620048 -0.06724118
v -0.25799686 0.00443189 -0.05883054
v -0.10834807 -0.11652468 -0.08097859
v -0.11934300 -0.12384197 -0.06574132
v -0.10144468 -0.23506235 -0.06438859
v -0.11445526 -0.23697184 -0.05058066
v -0.10809747 -0.21798797 -0.05168223
v -0.09578807 -0.21475592 -0.06514490
v -0.12870245 -0.25725538 -0.03210366
v -0.10559585 -0.25533041 -0.06366494
v -0.11892942 -0.25587115 -0.04947546
v -0.06406568 0.14949030 -0.05974928
v -0.05374982 0.14907587 -0.07242216
v -0.06211642 0.14271504 -0.07626630
v -0.07196493 0.14524102 -0.06457348
v -0.15567890 -0.36736852 -0.03133950
v -0.15641771 -0.39514366 -0.03464552
v -0.16336495 -0.39508164 -0.00978224
v -0.16088802 -0.36866486 -0.00533913
v -0.03495839 0.13209255 -0.09038687
v -0.04948959 0.13836771 -0.08374070
v -0.04132073 0.14512934 -0.07966635
v -0.02797618 0.14224194 -0.08468613
v -0.15629931 -0.34456229 -0.00407559
v -0.15273203 -0.34171313 -0.02911079
v -0.07445803 0.14110899 -0.04661436
v -0.06530460 0.14869845 -0.04216934
v -0.06984232 0.13579382 -0.03116268
v -0.06200163 0.14137796 -0.02780849
v -0.05541189 0.13633059 -0.01378905
v -0.16573496 -0.40024078 0.01562519
v -0.16042617 -0.37421468 0.01803558
v -0.05087560 0.16008990 -0.06310803
v -0.04007860 0.15810220 -0.07153142
v -0.02639987 0.15395628 -0.07743488
v -0.01243570 0.15316708 -0.08038568
v -0.13262598 -0.27459702 -0.03030532
v -0.13694498 -0.27639815 -0.00904575
v -0.11471094 -0.50187653 -0.09794422
v -0.08857124 -0.50521880 -0.10511549
v -0.08739120 -0.51730865 -0.09610708
v -0.11754473 -0.51638538 -0.08901598
v -0.02483362 -0.48902351 -0.10445724
v -0.02263749 -0.49983349 -0.09065078
v -0.05512418 -0.51153296 -0.09624188
v -0.05789282 -0.50029176 -0.10769475
v -0.05775446 -0.37803078 -0.12362554
v -0.05713089 -0.35580340 -0.11543740
v -0.03041850 -0.35566103 -0.11655700
v -0.03035927 -0.37823328 -0.12367421
v -0.10918661 -0.27391866 -0.06390008
v -0.12271083 -0.27364114 -0.04913799
v -0.13554414 -0.27960509 0.01232845
v -0.17781632 -0.53372920 -0.01108312
v -0.17383602 -0.56911081 -0.01374060
v -0.17040278 -0.57530922 0.02025967
v -0.17324819 -0.53929877 0.02374003
v -0.14317486 -0.56281197 -0.06588111
v -0.14582649 -0.53418320 -0.06841547
v -0.11642730 -0.53579700 -0.08243351
v -0.11476222 -0.56000817 -0.07814780
v -0.06710070 -0.28625923 0.07855179
v -0.08444329 -0.30171287 0.07092294
v -0.06744960 -0.30593792 0.08009008
v -0.01959822 -0.29433355 0.09546895
v -0.03687415 -0.29173338 0.09228481
v -0.03472139 -0.31193766 0.09296438
v -0.01816132 -0.31417930 0.09601526
v -0.02250285 -0.42295980 0.08466753
v -0.01011252 -0.42298552 0.08681128
v -0.01205962 -0.40047374 0.08742641
v -0.02621416 -0.39918363 0.08504759
v -0.15334757 -0.38089877 0.04019548
v -0.13771410 -0.38739994 0.05733789
v -0.13150258 -0.36575073 0.05527996
v -0.14636953 -0.35891044 0.03931657
v -0.02179069 -0.50851822 -0.07378744
v -0.05187131 -0.52126330 -0.08230032
v -0.15571281 -0.57944381 0.05047810
v -0.15653251 -0.54334176 0.05457708
v -0.13152564 -0.58237243 0.07235934
v -0.10178352 -0.58032715 0.08036231
v -0.10342805 -0.54909289 0.08272966
v -0.13269992 -0.54781556 0.07484179
v -0.02980411 -0.49488461 0.05996190
v -0.01664242 -0.50907791 0.03791748
v -0.01215078 -0.50314802 0.04365755
v -0.02221172 -0.48321995 0.06704478
v -0.02636726 -0.47731000 -0.11388393
v -0.05785846 -0.48565024 -0.11707456
v -0.05677906 -0.46895829 -0.12404396
v -0.02703964 -0.46232960 -0.12167435
v -0.08979560 -0.25533661 -0.07401215
v -0.09317128 -0.27496761 -0.07459577
v -0.07341392 -0.25521404 -0.08012920
v -0.08660340 -0.23329097 -0.07381739
v -0.07048293 -0.23208442 -0.07957714
v -0.07758837 -0.09725469 -0.10174926
v -0.09443419 -0.10763082 -0.09297296
v -0.10261624 -0.09192626 -0.09335373
v -0.08639742 -0.08005942 -0.10356785
v -0.05183890 0.02568582 -0.12623291
v -0.05152449 0.04189780 -0.12495669
v -0.08142647 -0.55190015 -0.08132538
v -0.04590492 -0.53473336 -0.07142277
v -0.05404449 -0.57352775 -0.07202358
v -0.08486009 -0.58167368 -0.07918436
v -0.15904738 -0.59596395 -0.04462302
v -0.16419126 -0.56430286 -0.04393863
v -0.14041997 -0.59230870 -0.06489399
v -0.16859381 -0.60205168 -0.01568428
v -0.16681138 -0.60834479 0.01713364
v -0.12896219 -0.61416417 0.06934387
v -0.09886249 -0.61103696 0.07647379
v -0.02962630 -0.56853092 0.03759711
v -0.04803017 -0.57235545 0.05635822
v -0.04648837 -0.59845704 0.05067332
v -0.02874996 -0.59222794 0.03011136
v -0.05876871 -0.42760006 0.07948965
v -0.09002977 -0.40954307 0.07436214
v -0.09549662 -0.43489754 0.07629942
v -0.06940437 -0.45329386 0.07855417
v -0.02417201 -0.27305335 0.09137687
v -0.03723440 -0.27011791 0.08861863
v -0.05137006 -0.28929445 0.08662763
v -0.05060200 -0.26772252 0.08316146
v -0.06536570 -0.26554081 0.07424211
v -0.03355146 -0.18408838 0.07836634
v -0.05064211 -0.18430512 0.07207304
v -0.04825845 -0.20392023 0.07310433
v -0.03237953 -0.20390287 0.07969119
v -0.03528325 -0.16364357 0.07705524
v -0.05316724 -0.16399264 0.07156909
v -0.03618520 -0.12197960 0.07276777
v -0.05586215 -0.10931636 0.07137200
v -0.05359947 -0.12527490 0.06754957
v -0.03100544 0.03988342 0.05147941
v -0.03002578 0.02539061 0.05979735
v -0.15938005 -0.40621659 0.04024740
v -0.02152194 -0.53959179 -0.04794173
v -0.01062495 -0.54883379 -0.02612923
v -0.01601395 -0.57545215 -0.03327139
v -0.02910800 -0.57198960 -0.05494079
v -0.15404303 -0.35121012 0.01872766
v -0.12651634 -0.26756850 0.02851173
v -0.12862177 -0.28465533 0.03192249
v -0.12179476 -0.13396622 0.01364546
v -0.12115494 -0.11207245 0.01830898
v -0.07108230 -0.04744001 0.09055321
v -0.07130151 -0.06065098 0.09096678
v -0.16858663 -0.53104520 -0.04392782
v -0.11938400 -0.67376733 0.05974591
v -0.09026230 -0.67106372 0.06502637
v -0.09541000 -0.64142615 0.07125944
v -0.12371366 -0.64433324 0.06480156
v -0.02115243 -0.61464810 0.00156794
v -0.02958445 -0.61930251 0.02169262
v -0.03210623 -0.64791250 0.01393969
v -0.02601839 -0.64418018 -0.00691119
v -0.03007915 -0.67420489 -0.01316617
v -0.03359462 -0.67864817 0.00779999
v -0.03395259 -0.70830905 0.00077764
v -0.03261256 -0.70304179 -0.01963917
v -0.15247887 -0.61384034 0.04688860
v -0.15512371 -0.66918987 0.01280324
v -0.14288305 -0.67341238 0.03994630
v -0.14778605 -0.64447385 0.04356356
v -0.16072384 -0.63954645 0.01471948
v -0.11504214 -0.58845723 -0.07645164
v -0.01799554 -0.58722568 0.00976500
v -0.01718879 -0.56464076 0.01782940
v -0.03181009 -0.63980216 -0.04616093
v -0.04519060 -0.63941693 -0.06494956
v -0.03705526 -0.60705644 -0.06059349
v -0.02325739 -0.60783768 -0.03989581
v -0.13604134 -0.64936823 -0.06388270
v -0.15030769 -0.65450966 -0.04379645
v -0.15466201 -0.62577504 -0.04402192
v -0.13822278 -0.62119502 -0.06431953
v -0.15625326 -0.66162539 -0.01671406
v -0.16235574 -0.63228011 -0.01599126
v -0.14381313 -0.72630000 0.00934943
v -0.12994079 -0.73031139 0.03365918
v -0.13686952 -0.70215857 0.03680955
v -0.14944978 -0.69803619 0.01087304
v -0.14725551 -0.71852022 -0.01906233
v -0.15155493 -0.69017005 -0.01783770
v -0.14710191 -0.68254107 -0.04372736
v -0.14389686 -0.71067876 -0.04305783
v -0.13105284 -0.70429897 -0.06104182
v -0.13372399 -0.67689168 -0.06279460
v -0.11500117 -0.67325777 -0.07588115
v -0.11436937 -0.70006090 -0.07367928
v -0.09358809 -0.67039812 -0.08062758
v -0.07151310 -0.66890937 -0.07708036
v -0.07580063 -0.69605947 -0.07588576
v -0.09573149 -0.69746590 -0.07846466
v -0.04378730 -0.69785005 -0.05477016
v -0.05749280 -0.69636208 -0.06838121
v -0.05200705 -0.66893375 -0.06697556
v -0.03879793 -0.66992563 -0.05045287
v -0.05919254 -0.80697286 -0.07368644
v -0.07469331 -0.80514044 -0.07707931
v -0.06993359 -0.77662766 -0.07420140
v -0.05382666 -0.77839100 -0.06951025
v -0.08969489 -0.80381870 -0.08057369
v -0.10529621 -0.80411959 -0.08047349
v -0.10084550 -0.77685809 -0.07659665
v -0.08564272 -0.77628106 -0.07619773
v -0.12786409 -0.78398275 -0.05781389
v -0.11545152 -0.77895445 -0.07110116
v -0.12009884 -0.80615067 -0.07427761
v -0.13169342 -0.81100774 -0.06069899
v -0.14313160 -0.81749243 -0.04369440
v -0.14174885 -0.79073155 -0.04247433
v -0.14041358 -0.82406932 -0.02343420
v -0.14266124 -0.79772347 -0.02259663
v -0.12866667 -0.80441451 0.00108513
v -0.12819304 -0.82965165 -0.00047012
v -0.03781164 -0.81954205 -0.03396194
v -0.03784257 -0.81351316 -0.05104823
v -0.03369632 -0.78618520 -0.04411019
v -0.03586156 -0.79145229 -0.02708697
v -0.05576663 -0.80241096 0.01059020
v -0.06975545 -0.80650944 0.03416328
v -0.06951939 -0.83231324 0.02283353
v -0.05858057 -0.82850683 -0.00170039
v -0.14393686 -0.74527800 -0.02029392
v -0.13788722 -0.75297141 0.00711581
v -0.12815188 -0.73093700 -0.05887717
v -0.14128754 -0.73772132 -0.04227659
v -0.04757334 -0.72459430 -0.05955463
v -0.06227741 -0.72291315 -0.07006065
v -0.03421427 -0.73707932 -0.00795847
v -0.03311155 -0.73148137 -0.02711891
v -0.10058881 -0.75687283 0.04441280
v -0.12279375 -0.75676757 0.03051451
v -0.11801235 -0.78291613 0.02816114
v -0.09681061 -0.78320032 0.04196063
v -0.14264095 -0.77144331 -0.02179558
v -0.14042918 -0.76406640 -0.04223582
v -0.12660263 -0.75725722 -0.05751241
v -0.11374109 -0.75256240 -0.07015295
v -0.09854276 -0.75039989 -0.07514831
v -0.08273546 -0.74944741 -0.07448900
v -0.06632964 -0.74952471 -0.07190002
v -0.05061758 -0.75111163 -0.06445400
v -0.03347988 -0.75879669 -0.03565731
v -0.03539310 -0.76477242 -0.01807349
v -0.09429134 -0.80904078 0.04010801
v -0.11676766 -0.80848622 0.02637509
v -0.11720414 -0.83271652 0.02083614
v -0.09280200 -0.83311397 0.03132965
v -0.09339917 -0.85517585 0.01920691
v -0.07310965 -0.85398644 0.01042144
v -0.09436027 -0.83226174 -0.08518455
v -0.10955582 -0.83209044 -0.08418437
v -0.12454974 -0.83405215 -0.07739119
v -0.14481564 -0.84313059 -0.04653837
v -0.13921818 -0.85071236 -0.02267342
v -0.12777057 -0.85588068 -0.00192805
v -0.11488967 -0.85490423 0.01448208
v -0.05250868 -0.87050670 -0.05986807
v -0.04574701 -0.84180784 -0.05532202
v -0.04458903 -0.84632695 -0.03947606
v -0.05154775 -0.87447011 -0.04423235
v -0.06903521 -0.86556786 -0.08214235
v -0.08213980 -0.86266345 -0.09103090
v -0.07986050 -0.83416295 -0.08059108
v -0.06666226 -0.83657676 -0.07479897
v -0.09896377 -0.86011708 -0.09470487
v -0.11566038 -0.86042887 -0.09146456
v -0.13142285 -0.86174709 -0.08383478
v -0.13772154 -0.83733124 -0.06481395
v -0.14380988 -0.86505580 -0.06965122
v -0.14709955 -0.87116003 -0.04829154
v -0.14065446 -0.87887561 -0.01964096
v -0.12472693 -0.91400552 -0.00406203
v -0.12129489 -0.88459361 -0.00100013
v -0.14396830 -0.90801120 -0.02081609
v -0.10144943 -1.01094079 -0.01591922
v -0.12345921 -1.00893319 -0.01623373
v -0.12023930 -1.04327846 -0.02265112
v -0.10011777 -1.04559648 -0.02224058
v -0.05492099 -0.90341729 -0.04864621
v -0.05411655 -0.90089554 -0.06606153
v -0.06863622 -0.89551455 -0.09174667
v -0.08385911 -0.89242429 -0.10074510
v -0.15554211 -0.93162876 -0.05310980
v -0.15191723 -0.90071458 -0.04924201
v -0.14884610 -0.89467907 -0.07371075
v -0.15206121 -0.92628771 -0.07808426
v -0.05196082 -1.00101745 -0.05896311
v -0.05073725 -0.99891818 -0.07745823
v -0.04951833 -0.96540564 -0.07519402
v -0.05047269 -0.96773219 -0.05556651
v -0.06721819 -0.92777604 -0.09859805
v -0.06659098 -0.96093881 -0.10337733
v -0.08314777 -0.95821673 -0.11277752
v -0.08344695 -0.92448384 -0.10801009
v -0.15168245 -0.99997091 -0.05959736
v -0.15565006 -0.96472138 -0.05669165
v -0.15286882 -0.96028191 -0.08116969
v -0.14968953 -0.99646229 -0.08267219
v -0.14709367 -0.93823636 -0.02525049
v -0.14632088 -0.97010946 -0.02982392
v -0.12605962 -0.97577834 -0.01152330
v -0.12555127 -0.94370544 -0.00662462
v -0.10215229 -0.97707635 -0.01061270
v -0.10124242 -0.94511652 -0.00678869
v -0.06246439 -1.07239735 -0.07751922
v -0.05660840 -1.03505993 -0.07738910
v -0.05721105 -1.03783834 -0.06049640
v -0.06275281 -1.07606339 -0.06273706
v -0.08469288 -0.99373090 -0.11291092
v -0.06802806 -0.99548399 -0.10467787
v -0.07194768 -1.03213096 -0.10173711
v -0.08653883 -1.03096902 -0.10925294
v -0.14061779 -1.07618952 -0.06296218
v -0.14646259 -1.03723276 -0.06141943
v -0.14435683 -1.03483534 -0.08270335
v -0.13770577 -1.07360160 -0.08304887
v -0.11712404 -1.08071375 -0.02936396
v -0.13896184 -1.04000056 -0.03733270
v -0.13412930 -1.07863760 -0.04236555
v -0.11347415 -1.11762798 -0.03291981
v -0.09741998 -1.11936927 -0.03206109
v -0.09880462 -1.08253372 -0.02846231
v -0.06836873 -1.11177981 -0.06418993
v -0.06646737 -1.10882258 -0.07787307
v -0.08637641 -1.10443592 -0.10358879
v -0.08744253 -1.06819332 -0.10564335
v -0.07442476 -1.06956995 -0.09845210
v -0.07496203 -1.10612559 -0.09649090
v -0.11837544 -1.07093990 -0.10474165
v -0.10291296 -1.06875980 -0.10788447
v -0.10083842 -1.10469413 -0.10534136
v -0.11500624 -1.10705590 -0.10190421
v -0.13060258 -1.10905635 -0.08206236
v -0.13030079 -1.07221818 -0.09623505
v -0.12417408 -1.10812414 -0.09403048
v -0.13437055 -1.11125433 -0.06338807
v -0.12906991 -1.11498916 -0.04431774
v -0.00912326 -0.51369500 -0.03158573
v -0.00712406 -0.52431107 -0.00780486
v -0.00906568 -0.53244191 -0.01666648
v -0.01665882 -0.51967114 -0.03907150
v -0.04554670 -0.62643576 0.04428110
v -0.04484361 -0.65671486 0.03705508
v -0.04184038 -0.71559602 0.02212994
v -0.04337808 -0.68689257 0.02992477
v -0.04263878 -0.74322075 0.01239880
v -0.04387159 -0.77047920 0.00141195
v -0.04468345 -0.79732698 -0.01026357
v -0.04636046 -0.82455510 -0.01911963
v -0.05185537 -0.85168827 -0.02421200
v -0.05819483 -0.87925196 -0.02667648
v -0.06226463 -0.93719232 -0.03488704
v -0.05303109 -0.93496609 -0.05202041
v -0.06275331 -0.90712339 -0.03150641
v -0.06212483 -1.00425696 -0.03950326
v -0.06115521 -0.96966833 -0.03708534
v -0.06557591 -1.04175365 -0.04343712
v -0.07001562 -1.08005762 -0.04808318
v -0.07502130 -1.11557710 -0.05044974
v -0.07726622 -0.52289772 0.07781556
v -0.05284464 -0.52756125 0.06495894
v -0.05413630 -0.50937605 0.06824961
v -0.07761763 -0.49919632 0.07806813
v -0.01097252 -0.51218766 0.02223843
v -0.00700363 -0.51100105 0.00946062
v -0.00561125 -0.50846761 0.01309476
v -0.00857888 -0.50898868 0.02636973
v -0.13248833 -0.77823400 0.00398680
v -0.11357164 -0.72638482 -0.07112040
v -0.09713504 -0.72402018 -0.07603701
v -0.07957511 -0.72272199 -0.07454859
v -0.05590258 -0.75019252 0.03284850
v -0.07560202 -0.75436383 0.04533507
v -0.07171366 -0.78055000 0.03996062
v -0.05354851 -0.77782756 0.02490153
v -0.09869082 -0.91819584 -0.00427525
v -0.08029557 -0.94184107 -0.01995184
v -0.07835822 -0.91315901 -0.01530092
v -0.09755284 -0.89381605 0.00087740
v -0.12126510 -0.89003593 -0.09988673
v -0.13746101 -0.89114809 -0.09069276
v -0.12418269 -0.92150795 -0.10785862
v -0.10227197 -0.89052707 -0.10319572
v -0.10387859 -0.92239690 -0.11136208
v -0.06063362 -0.69524199 0.04901631
v -0.08455354 -0.69994563 0.05800873
v -0.07963382 -0.72745883 0.05077277
v -0.05767360 -0.72240984 0.04063771
v -0.10358031 -0.19950308 -0.05416982
v -0.09225859 -0.19420521 -0.06728524
v -0.11468923 -0.08590996 0.04740240
v -0.11670565 -0.09705245 0.03527594
v -0.10659807 -0.10485840 0.04380829
v -0.10603005 -0.09390309 0.05363892
v -0.12168352 -0.07529598 0.04200752
v -0.12373301 -0.08600577 0.02913409
v -0.12736751 -0.06265830 0.03602388
v -0.12953819 -0.07338805 0.02354642
v -0.15295684 -0.01425456 -0.00380029
v -0.15973118 -0.00665638 -0.00830214
v -0.03615291 -0.14307916 0.07528844
v -0.01697907 -0.14360052 0.07721523
v -0.01703252 -0.12412501 0.07546312
v -0.05084328 -0.30937302 0.08758213
v -0.03750052 -0.42437357 0.08211867
v -0.04276629 -0.39746344 0.08216783
v -0.06289925 -0.39416724 0.07838188
v -0.00695271 -0.48579898 0.06452925
v -0.05402298 -0.10949157 -0.10442817
v -0.05168119 -0.13337460 -0.10167401
v -0.03450800 0.05012524 -0.11763626
v -0.01631846 0.04604110 -0.11288432
v -0.03397460 0.07682672 -0.11307760
v -0.03311583 0.08866391 -0.11034484
v -0.01570917 0.08435103 -0.10649507
v -0.01626663 0.07245535 -0.10903230
v -0.01760675 0.13151614 -0.09144432
v -0.01507986 0.14200801 -0.08611929
v -0.00745647 -0.51455677 0.00618551
v -0.00438904 -0.50892842 -0.01270811
v -0.00399214 -0.50741410 -0.00536131
v -0.03138031 -0.54792166 0.04395872
v -0.01795384 -0.54662597 0.02529234
v -0.01939431 -0.53320295 0.03133668
v -0.03346660 -0.53149283 0.04887616
v -0.17321654 -0.50293767 0.02857851
v -0.17899191 -0.49707755 -0.00555604
v -0.08426602 -0.53159374 -0.08656877
v -0.32798588 0.00672639 -0.07251365
v -0.32919770 0.01371525 -0.08102481
v -0.30498531 0.01288600 -0.08001039
v -0.30394813 0.00640993 -0.07151745
v -0.05866626 -0.03947461 -0.11885408
v -0.06539780 -0.06326018 -0.11178754
v -0.07741346 0.12809975 -0.03079538
v -0.14419290 0.13599597 -0.03310432
v -0.14097726 0.12507656 -0.00964684
v -0.13187945 0.12659200 -0.01324906
v -0.13371009 0.13822263 -0.03604814
v -0.13738830 0.08249118 -0.09851547
v -0.13942593 0.09990701 -0.08975312
v -0.12875752 0.10053346 -0.09623529
v -0.12593475 0.08178253 -0.10523759
v -0.02931435 -0.40109244 -0.12833263
v -0.05708222 -0.40149868 -0.12955919
v -0.03313651 -0.20371629 -0.08930813
v -0.05049716 -0.20658657 -0.08689047
v -0.04953678 -0.18304440 -0.09246832
v -0.03248498 -0.17937928 -0.09438492
v -0.08694456 -0.05173467 -0.11229088
v -0.09959319 -0.06621893 -0.10265006
v -0.02725163 -0.02443254 0.08317997
v -0.04228826 -0.02001034 0.08354668
v -0.04274803 -0.03998125 0.08960452
v -0.02743930 -0.04639377 0.08799581
v -0.27196792 0.03840939 -0.08946145
v -0.25054541 0.02971573 -0.08715399
v -0.25624332 0.01836603 -0.08194499
v -0.27903727 0.02151458 -0.08522632
v -0.16872935 -0.49229488 -0.04436539
v -0.14564978 -0.50844669 -0.07387531
v -0.11930962 -0.16407689 -0.04681616
v -0.10939781 -0.15872914 -0.06461871
v -0.10542824 -0.17954010 -0.06005044
v -0.11580242 -0.18458979 -0.04314850
v -0.13026091 -0.11303423 -0.04628313
v -0.12741950 -0.12821691 -0.04764144
v -0.13468806 -0.09867194 -0.04493921
v -0.17956908 -0.00993942 -0.05837373
v -0.18696211 -0.00248988 -0.06099152
v -0.18009135 -0.00541950 -0.06558394
v -0.05019670 -0.54860634 0.06163995
v -0.04811710 -0.47494429 0.07440126
v -0.03945362 -0.45897269 0.07811745
v -0.00362656 -0.50502503 -0.00082522
v -0.05615154 0.14971758 -0.02257320
v -0.05078261 0.14631340 -0.00886595
v -0.21854413 0.00640486 -0.05206301
v -0.23691854 0.00550635 -0.05587068
v -0.16567397 -0.02126474 -0.03332666
v -0.16851145 -0.02411465 -0.04534726
v -0.16213085 -0.03238742 -0.04252846
v -0.15974018 -0.02914521 -0.02967579
v -0.16952614 -0.02402428 -0.05589592
v -0.16269471 -0.03230149 -0.05416248
v -0.11972006 0.04616383 0.03318904
v -0.12188266 0.06283500 0.02345830
v -0.13203043 0.05877492 0.02214258
v -0.13012302 0.04211335 0.03097119
v -0.10774196 0.04768966 0.03542067
v -0.09420779 0.04867956 0.03831429
v -0.09628409 0.06568465 0.02689804
v -0.10996441 0.06480470 0.02469210
v -0.06136580 0.10747475 0.00778011
v -0.07637911 0.11420541 -0.00767078
v -0.04313798 0.10167560 0.01709731
v -0.02691193 0.09830762 0.02355594
v -0.01949646 0.11793175 -0.09692470
v -0.01640362 0.10661733 -0.10080318
v -0.03364805 0.11215834 -0.10276856
v -0.03837178 0.12117490 -0.09738725
v -0.04483242 0.13483563 -0.00123861
v -0.03401449 0.12913735 0.00714227
v -0.02317833 0.11572059 0.01337108
v -0.28891367 0.07449862 -0.03179028
v -0.31183454 0.07091635 -0.03171105
v -0.05728663 0.15882395 -0.05086368
v -0.05824684 0.15437993 -0.03687003
v -0.28907141 0.08040838 -0.04632563
v -0.31275648 0.07570764 -0.04585835
v -0.12134748 0.12540005 -0.01575231
v -0.12872782 0.10620771 0.00323450
v -0.11771814 0.10418695 0.00109125
v -0.04157067 0.14482521 0.00283867
v -0.03215745 0.13906527 0.01001035
v -0.17572400 -0.46058095 0.00339511
v -0.17023383 -0.46676451 0.03337517
v -0.11698693 -0.21402478 0.01579964
v -0.12186334 -0.21057020 -0.00214077
v -0.01611988 -0.18414186 0.08093859
v -0.01633240 -0.20408568 0.08247943
v -0.00934479 0.14289179 0.02135840
v -0.03440809 -0.24731149 0.08414268
v -0.01773229 -0.25084248 0.08590171
v -0.01677370 -0.22581159 0.08344728
v -0.03259243 -0.22479042 0.08107565
v -0.01211911 -0.28655115 0.09509044
v -0.01322303 -0.27467379 0.09168426
v -0.00826016 -0.44156525 0.08539197
v -0.01778147 -0.44209415 0.08391568
v -0.21030124 0.06323117 -0.00523325
v -0.20753092 0.08125543 -0.00974213
v -0.22514857 0.07697702 -0.01309699
v -0.22704779 0.06011597 -0.00739436
v -0.04871671 -0.24539375 0.07835529
v -0.06344792 -0.24429439 0.06883068
v -0.14710458 -0.02264604 -0.00078480
v -0.14636870 -0.01354582 0.01235763
v -0.01691487 -0.10320995 0.07806937
v -0.05702130 -0.03473354 0.08902056
v -0.05719941 -0.01747519 0.08263760
v -0.07135940 -0.01603911 0.08027169
v -0.07054590 -0.03186116 0.08671993
v -0.00321996 -0.50387388 -0.00837264
v -0.20186913 0.06679092 -0.08966455
v -0.21382998 0.07067879 -0.08810019
v -0.21061863 0.07833869 -0.08425693
v -0.19894594 0.07545882 -0.08614860
v -0.00941783 -0.54245275 0.00565288
v -0.01066201 -0.55844229 -0.00284937
v -0.02113858 -0.51241124 -0.05642119
v -0.00760002 -0.50574923 -0.04739372
v -0.07000103 -0.60580790 0.06887458
v -0.07301819 -0.57660031 0.07370918
v -0.06699803 -0.63474113 0.06211111
v -0.06408631 -0.66522515 0.05580876
v -0.06375854 -0.85437298 -0.00879521
v -0.07454286 -0.88338482 -0.00862277
v -0.08099793 -0.97402197 -0.02374890
v -0.08157545 -1.00810218 -0.02747010
v -0.08223258 -1.04457736 -0.03240366
v -0.08362234 -1.08235419 -0.03708484
v -0.08488111 -1.11854172 -0.03903828
v -0.31491882 0.07394720 -0.06047565
v -0.28984621 0.07943595 -0.06235677
v -0.29370362 0.07138017 -0.07557739
v -0.31891063 0.06792495 -0.07297397
v -0.27746332 0.00670360 -0.05113606
v -0.27427751 0.01134318 -0.04050968
v -0.29587981 0.00849053 -0.04099035
v -0.29839095 0.00497036 -0.05184510
v -0.32099617 0.00188330 -0.05272892
v -0.32403937 0.00198078 -0.06294853
v -0.30117485 0.00413065 -0.06202099
v -0.32817149 0.02430531 -0.08724767
v -0.32626957 0.03622726 -0.08949468
v -0.30083048 0.03716878 -0.08974172
v -0.30378419 0.02263744 -0.08657339
v -0.32189792 0.05847479 -0.08258249
v -0.29770711 0.06033271 -0.08465088
v -0.29969394 0.04882072 -0.08919705
v -0.32420173 0.04718243 -0.08800690
v -0.31618953 0.01880424 -0.02054776
v -0.31736749 0.01016189 -0.03038026
v -0.29316345 0.01403902 -0.02994957
v -0.29209241 0.02305401 -0.01993939
v -0.20588538 0.09799413 -0.02080940
v -0.22379982 0.09156748 -0.02395668
v -0.16900928 0.01588940 -0.00490105
v -0.17032045 0.02856118 0.00531109
v -0.18196744 0.03092340 -0.00238444
v -0.17675784 0.01768059 -0.01202183
v -0.26447242 0.06785613 -0.01819033
v -0.24341378 0.07225671 -0.01592775
v -0.24378204 0.08431458 -0.02765120
v -0.26595071 0.07843386 -0.03049745
v -0.26851705 0.02588393 -0.01982677
v -0.27072501 0.01744364 -0.02982176
v -0.24793316 0.01859608 -0.02802034
v -0.24614803 0.02771225 -0.01823618
v -0.28193495 0.01262045 -0.07823856
v -0.25857556 0.01110768 -0.07515312
v -0.21209030 0.04589208 -0.00556335
v -0.22811460 0.04301932 -0.00828041
v -0.14156911 -0.02335696 0.01640665
v -0.15105386 -0.04559925 -0.02340313
v -0.15488447 -0.03683067 -0.02661498
v -0.10763377 -0.08019413 0.06272020
v -0.11020312 -0.06535054 0.06752941
v -0.13318291 -0.08117124 0.00740245
v -0.13779788 -0.06635337 0.00191160
v -0.11402091 -0.07403708 0.05770457
v -0.11404300 -0.06413427 0.06266124
v -0.07014879 -0.14436723 0.06228800
v -0.02461679 0.10694584 0.01681749
v -0.24461269 0.05637243 -0.00927329
v -0.24500880 0.04027318 -0.01079240
v -0.21760684 0.02110784 -0.08007490
v -0.21860883 0.01417698 -0.07474995
v -0.23561172 0.01639642 -0.07842389
v -0.23316854 0.02499435 -0.08402725
v -0.11916561 -0.03072693 -0.10636302
v -0.10371125 -0.04174587 -0.10971668
v -0.11270254 -0.05393179 -0.09955119
v -0.12597267 -0.04149279 -0.09666678
v -0.21003057 0.09084406 -0.07362794
v -0.21343924 0.09564248 -0.06606375
v -0.19815096 0.09899253 -0.06608388
v -0.19707644 0.09186509 -0.07474490
v -0.21804042 0.09937758 -0.05485767
v -0.22233981 0.09931170 -0.03959309
v -0.20396543 0.10609338 -0.03754262
v -0.20036340 0.10484163 -0.05403899
v -0.15796126 -0.42305356 -0.04119259
v -0.16686006 -0.42456946 -0.01565417
v -0.11666396 -0.29111791 0.04806634
v -0.10111582 -0.29688042 0.06049944
v -0.08723731 -0.38458997 0.07324231
v -0.03307372 -0.50655264 0.05614367
v -0.01832072 -0.51569247 0.03584604
v -0.01359463 -0.58161473 -0.01121869
v -0.17062794 -0.42751193 0.01017425
v -0.01935703 -0.61079139 -0.01879232
v -0.02599523 -0.64144611 -0.02610993
v -0.06676437 -0.64037716 -0.07726362
v -0.09125579 -0.64266878 -0.08166452
v -0.08844996 -0.61334532 -0.08092008
v -0.06081614 -0.60899252 -0.07558629
v -0.11535302 -0.64576179 -0.07685509
v -0.11536942 -0.61758167 -0.07673983
v -0.10663470 -0.72973788 0.04836306
v -0.10377539 -0.95656598 -0.11595030
v -0.12285201 -0.99341375 -0.11187182
v -0.12458089 -0.95568782 -0.11214649
v -0.10386854 -0.99301100 -0.11564343
v -0.14137751 -0.95703197 -0.10015333
v -0.14067839 -0.92264026 -0.09676494
v -0.14308636 -1.00404561 -0.03321080
v -0.10393546 -1.03083694 -0.11196765
v -0.12112291 -1.03193009 -0.10819618
v -0.13554044 -1.03293312 -0.09810010
v -0.13938379 -0.99403673 -0.10006260
v -0.01042802 -0.53144598 0.01274410
v -0.15574057 -0.50836325 0.05764096
v -0.15297627 -0.47562206 0.06040641
v -0.10040081 -0.46213368 0.07940424
v -0.07511073 -0.47623354 0.07834014
v -0.07835396 -0.22337742 0.05495096
v -0.09422332 -0.22131059 0.04511195
v -0.09572304 -0.18208146 0.04079926
v -0.10823362 -0.17901365 0.02727288
v -0.10716779 -0.19895585 0.02866857
v -0.09441154 -0.20220697 0.04199409
v -0.12478523 -0.17215362 -0.00704746
v -0.12480325 -0.16834942 -0.02741714
v -0.12194932 -0.18843700 -0.02429570
v -0.12209535 -0.19178957 -0.00502391
v -0.12078144 -0.20711657 -0.02074930
v -0.11432800 -0.20382041 -0.03876612
v -0.06641328 -0.16286157 -0.09247378
v -0.08086251 -0.16790132 -0.08412495
v -0.08366509 -0.14508893 -0.08934227
v -0.06853714 -0.13882582 -0.09680551
v -0.02836647 -0.44740859 0.08165457
v -0.01136015 -0.51715165 0.02033418
v -0.07563561 -0.54848671 0.07679625
v -0.10467079 -0.51848984 0.08336622
v -0.13211147 -0.51451957 0.07663054
v -0.21558903 0.00930405 -0.04293576
v -0.15121549 -0.01874145 -0.08767269
v -0.14948194 -0.00910105 -0.09393221
v -0.23748156 0.09277080 -0.05756336
v -0.24194556 0.09175571 -0.04293154
v -0.22709355 0.02879077 -0.01451498
v -0.19256917 0.08585770 -0.00641719
v -0.19525078 0.06634536 -0.00192619
v -0.18165383 0.06975501 0.00285169
v -0.11578997 -0.39710936 0.06759386
v -0.14405122 -0.41319901 0.05933491
v -0.12148254 -0.42280143 0.07045584
v -0.00415657 -0.50367141 -0.03738537
v -0.05308616 -0.49201614 0.07121549
v -0.03118602 -0.67157942 -0.03191061
v -0.03497602 -0.70021605 -0.03792627
v -0.03739291 -0.72746217 -0.04443313
v -0.03884566 -0.75447565 -0.05145259
v -0.04056004 -0.78186297 -0.05900903
v -0.04559918 -0.80924159 -0.06499216
v -0.05378644 -0.83782476 -0.06719448
v -0.05914121 -0.86779547 -0.07224805
v -0.05186814 -0.93265212 -0.07111807
v -0.05683421 -0.93031013 -0.08599912
v -0.05885353 -0.89829040 -0.07981731
v -0.05507524 -0.96316993 -0.09054346
v -0.05643638 -0.99738169 -0.09206781
v -0.06204213 -1.03343165 -0.09072939
v -0.06901559 -1.10703039 -0.08799122
v -0.06681247 -1.07037663 -0.08894212
v -0.00285935 -0.50159943 -0.01894337
v -0.00309378 -0.50250477 -0.02781494
v -0.10459532 0.10153155 -0.00109946
v -0.15616621 -0.02224953 -0.01688628
v -0.16182156 -0.01530829 -0.02106157
v -0.21075633 0.03011259 -0.01083857
v -0.27477151 0.06139754 -0.08595134
v -0.27068028 0.07505771 -0.07852702
v -0.22640716 0.01871274 -0.02498531
v -0.17416990 0.00816179 -0.02175202
v -0.16823393 0.00439463 -0.01493636
v -0.51061398 0.05862822 -0.04538438
v -0.50840831 0.06246352 -0.05694755
v -0.52919692 0.05902060 -0.05579414
v -0.53098404 0.05469226 -0.04518537
v -0.51207906 0.04980785 -0.03696828
v -0.53179181 0.04591034 -0.03805962
v -0.51377940 -0.00265842 -0.05647448
v -0.51267803 0.00441638 -0.04586006
v -0.53349155 0.00552816 -0.04991601
v -0.53446853 -0.00058889 -0.06046865
v -0.55159760 0.03200869 -0.03685093
v -0.55154437 0.02223120 -0.03981108
v -0.53199458 0.02382750 -0.03653529
v -0.53225702 0.03485443 -0.03470390
v -0.51315653 0.00033770 -0.08237974
v -0.51083404 0.00881238 -0.09093672
v -0.49146533 0.00515400 -0.08877265
v -0.49340171 -0.00360118 -0.07891578
v -0.43098074 0.00049486 -0.03654018
v -0.43383807 -0.00884019 -0.04588870
v -0.41733196 -0.00810835 -0.04005122
v -0.41369599 0.00278388 -0.03197218
v -0.46814138 0.06520694 -0.04549285
v -0.46525031 0.06642494 -0.05868853
v -0.48719773 0.06503794 -0.05782385
v -0.48962814 0.06236134 -0.04532995
v -0.47075018 0.03182670 -0.02833396
v -0.47064799 0.01805125 -0.03199943
v -0.44791394 0.02110273 -0.03062206
v -0.44890714 0.03547365 -0.02764350
v -0.44777897 0.06983932 -0.04608093
v -0.44373399 0.06712508 -0.05949588
v -0.51220918 0.02573725 -0.03293609
v -0.51192713 0.01429126 -0.03809927
v -0.49146831 0.01527784 -0.03435630
v -0.49198991 0.02808882 -0.02990907
v -0.55166507 0.00694457 -0.08534741
v -0.54980153 0.01536953 -0.09180002
v -0.53024644 0.01232120 -0.09190901
v -0.53251928 0.00383539 -0.08435622
v -0.55222642 0.01398147 -0.04550679
v -0.55304939 0.00629231 -0.05344678
v -0.53194875 0.01388520 -0.04220633
v -0.54712039 0.05368730 -0.07740737
v -0.54794687 0.05640297 -0.06614728
v -0.52699739 0.05872456 -0.06806731
v -0.52590764 0.05463141 -0.07990875
v -0.47222555 -0.00376178 -0.04677883
v -0.47087097 0.00522042 -0.03765021
v -0.49211863 0.00416872 -0.04148986
v -0.49392644 -0.00289123 -0.05185059
v -0.46947438 0.05702810 -0.03469281
v -0.49067697 0.05282433 -0.03581787
v -0.50519675 0.05495089 -0.08213187
v -0.50633883 0.06084607 -0.06955966
v -0.48484391 0.06101299 -0.07057154
v -0.48388702 0.05417076 -0.08343134
v -0.46410787 0.04021757 -0.09234900
v -0.46609178 0.02582877 -0.09422729
v -0.48593834 0.02970036 -0.09512939
v -0.48407039 0.04321251 -0.09215275
v -0.45106071 -0.00225756 -0.04173506
v -0.45311272 -0.00899494 -0.05303524
v -0.47364900 -0.00642918 -0.07398324
v -0.47199881 0.00150965 -0.08550581
v -0.45290804 -0.00237198 -0.08066554
v -0.45472515 -0.00883146 -0.06779653
v -0.40790004 0.05376752 -0.02925520
v -0.40761289 0.06508487 -0.03765249
v -0.42720026 0.06604505 -0.03561106
v -0.42557731 0.05196678 -0.02848999
v -0.42425454 0.07002008 -0.04828898
v -0.40607923 0.07045971 -0.05064509
v -0.38159484 0.06245343 -0.06562087
v -0.38248146 0.05333675 -0.07344795
v -0.39300334 0.05255724 -0.07177016
v -0.39217266 0.06315895 -0.06485252
v -0.42683905 0.03095686 -0.09311490
v -0.42816678 0.01565114 -0.09089480
v -0.44662830 0.02089651 -0.09285867
v -0.44488585 0.03580487 -0.09292535
v -0.41635847 -0.00198447 -0.08087357
v -0.41975766 -0.01074591 -0.06953738
v -0.43489522 -0.00691558 -0.07507183
v -0.43133757 0.00287403 -0.08493684
v -0.36444026 -0.00290876 -0.06647288
v -0.36392438 -0.00492114 -0.05545078
v -0.37922719 -0.00899030 -0.05684801
v -0.38012528 -0.00563494 -0.06859036
v -0.35998449 0.00420431 -0.03266841
v -0.35889217 0.01355004 -0.02404854
v -0.37239367 0.01017176 -0.02519332
v -0.37489805 0.00096074 -0.03304793
v -0.35702929 0.06221697 -0.03166465
v -0.35652190 0.06791626 -0.04463705
v -0.36990109 0.06900895 -0.04312180
v -0.36989713 0.05967641 -0.03098474
v -0.41240284 0.02729959 -0.09212907
v -0.41112101 0.01059566 -0.08863623
v -0.38910779 -0.00219407 -0.03428566
v -0.38549286 0.00683921 -0.02653590
v -0.39892900 0.00414441 -0.02853749
v -0.40183011 -0.00627049 -0.03630958
v -0.38167322 0.03236857 -0.02485436
v -0.38223204 0.04529226 -0.02576533
v -0.39312270 0.04432948 -0.02721638
v -0.39236170 0.02920777 -0.02714748
v -0.38073450 0.05958515 -0.03067250
v -0.38095105 0.06721249 -0.04082531
v -0.39247489 0.06774180 -0.03920430
v -0.39325839 0.05756373 -0.02999210
v -0.39352205 0.03453736 -0.08607740
v -0.39556894 0.02334665 -0.09048653
v -0.40329826 0.02584304 -0.09113279
v -0.40065435 0.03673539 -0.08635034
v -0.40469530 -0.00476963 -0.07584607
v -0.40637082 -0.01248690 -0.06406734
v -0.40845141 0.02830775 -0.02890389
v -0.41092193 0.01462098 -0.02843887
v -0.39633551 0.01784501 -0.02591148
v -0.39189732 0.07060891 -0.05255830
v -0.36621886 0.00344167 -0.07591388
v -0.36679533 0.01052624 -0.08393432
v -0.35079414 0.01258663 -0.08247734
v -0.35027167 0.00555623 -0.07436132
v -0.34878838 0.00099236 -0.06486284
v -0.34652191 -0.00039656 -0.05429612
v -0.34080893 0.00685810 -0.03143058
v -0.34018058 0.01595030 -0.02220983
v -0.33896306 0.02868965 -0.01643802
v -0.33730885 0.04404257 -0.01616279
v -0.35647139 0.04175679 -0.01969701
v -0.35789832 0.02698554 -0.01925398
v -0.33662006 0.07158710 -0.04539027
v -0.33576012 0.06733586 -0.03154140
v -0.33916911 0.06892641 -0.05891777
v -0.35736537 0.06684350 -0.05678543
v -0.39104259 -0.01042096 -0.04577751
v -0.37727469 -0.00637900 -0.04395558
v -0.50476187 0.04523955 -0.09139768
v -0.50641716 0.03285958 -0.09513891
v -0.52681684 0.03498914 -0.09408145
v -0.52537179 0.04623243 -0.08951355
v -0.54807860 0.02574132 -0.09394507
v -0.52817732 0.02324122 -0.09492455
v -0.51280338 0.03865265 -0.03237339
v -0.49236968 0.04204689 -0.03032286
v -0.55123824 0.04198113 -0.03869069
v -0.40768576 0.04164422 -0.02787720
v -0.42546412 0.03879678 -0.02810588
v -0.38356048 0.04399851 -0.08076827
v -0.37273389 0.05460483 -0.07521024
v -0.37434527 0.04507611 -0.08276670
v -0.42566389 0.04526500 -0.08487100
v -0.42490733 0.05609094 -0.07102741
v -0.40674332 0.05076116 -0.07260196
v -0.41045535 0.04053937 -0.08571409
v -0.38772616 0.02153842 -0.08950656
v -0.38561803 0.03348447 -0.08649766
v -0.37603262 0.03309321 -0.08736945
v -0.37792811 0.02072692 -0.08883224
v -0.36977923 0.04744145 -0.02467935
v -0.35697004 0.05329277 -0.02351021
v -0.36059695 0.05439526 -0.07710324
v -0.35908484 0.06123266 -0.06752855
v -0.34306452 0.06320291 -0.07041946
v -0.34490287 0.05604550 -0.08006606
v -0.37071621 0.06143693 -0.06617630
v -0.36221716 0.04510088 -0.08446708
v -0.34654707 0.04659442 -0.08646192
v -0.33602726 0.05750148 -0.02143947
v -0.36582968 0.02161231 -0.08827916
v -0.36397803 0.03360431 -0.08818445
v -0.34830606 0.03526423 -0.08898385
v -0.34995896 0.02302956 -0.08786502
v -0.50826740 0.02041007 -0.09491909
v -0.48849192 0.01695852 -0.09384445
v -0.42028531 -0.01357224 -0.05437050
v -0.43584612 -0.01244379 -0.06078165
v -0.40530622 -0.01306435 -0.04907839
v -0.51461768 -0.00376248 -0.06978321
v -0.53408271 -0.00109233 -0.07310196
v -0.47390935 -0.00840719 -0.05956886
v -0.49421492 -0.00653420 -0.06523044
v -0.46360976 0.05261666 -0.08404330
v -0.39179084 0.00125365 -0.08066941
v -0.39274830 -0.00673259 -0.07143760
v -0.40120125 0.00337114 -0.08445098
v -0.34290218 0.00201682 -0.04239814
v -0.36072597 -0.00354696 -0.04318460
v -0.40324751 0.01574352 -0.09133826
v -0.31961262 0.00544733 -0.04153894
v -0.40638205 0.06471010 -0.06292573
v -0.38076001 0.06793238 -0.05402431
v -0.36943701 0.06663481 -0.05546956
v -0.54950887 0.05596355 -0.05451906
v -0.47100237 0.04577274 -0.02886455
v -0.42571580 0.02451254 -0.02993596
v -0.42774525 0.01162170 -0.03164917
v -0.38983771 0.00971332 -0.08796623
v -0.37981310 0.00931490 -0.08552594
v -0.38051751 0.00180505 -0.07762265
v -0.37044823 0.03819801 -0.02266009
v -0.37206820 0.02382452 -0.02162816
v -0.55316597 0.00199138 -0.07520276
v -0.38385278 0.01922102 -0.02358898
v -0.42461330 0.06666119 -0.06085634
v -0.01639217 0.05904038 -0.11140228
v -0.12809591 -0.09598931 0.01223237
v -0.09578848 -0.12387663 0.04527451
v -0.10831280 -0.11953561 0.03449669
v -0.14671060 -0.03977126 -0.00922284
v -0.15114836 -0.03012927 -0.01324866
v -0.17164043 -0.00447660 -0.02597534
v -0.17879340 0.00171023 -0.03171714
v -0.13391177 -0.05953713 0.01713915
v -0.01165545 -0.26214412 0.08718544
v -0.04236167 -0.27763873 -0.08584641
v -0.02238298 -0.27768269 -0.08659332
v -0.02424749 -0.29556891 -0.09288471
v -0.04590226 -0.29594675 -0.09083085
v -0.02618486 -0.31459835 -0.09972327
v -0.14356282 -0.34406707 -0.05312180
v -0.13816538 -0.32304406 -0.05166697
v -0.12531145 -0.32625636 -0.07113766
v -0.13016646 -0.34861967 -0.07445507
v -0.14132102 -0.30529481 -0.02868837
v -0.13171555 -0.30528858 -0.05001795
v -0.14677128 -0.32211772 -0.02869475
v -0.15000433 -0.32486135 -0.00445648
v -0.14475432 -0.30752444 -0.00539924
v -0.14728791 -0.33110535 0.01784272
v -0.14222921 -0.31244168 0.01653457
v -0.13954008 -0.33862564 0.03749917
v -0.12577280 -0.34598115 0.05333541
v -0.11079085 -0.37425762 0.06557051
v -0.08585260 -0.36106962 0.07272060
v -0.10672156 -0.35349724 0.06470921
v -0.04562531 -0.37205607 0.08368232
v -0.06477161 -0.36781341 0.07892065
v -0.01370286 -0.37658152 0.08933992
v -0.02892086 -0.37489969 0.08706145
v -0.09972276 0.08257361 0.01359760
v -0.09352157 0.13093953 -0.08177547
v -0.10271015 0.13707413 -0.06273958
v -0.08158069 0.13403757 -0.08054928
v -0.11023726 0.07908153 -0.11293268
v -0.11346766 0.09882342 -0.10446296
v -0.09351581 0.09040952 -0.11385333
v -0.09063633 0.07307644 -0.11961930
v -0.07157300 0.12551032 -0.09303487
v -0.06571335 0.12752454 -0.09189840
v -0.08021627 0.12094003 -0.09624776
v -0.04845302 0.10711431 -0.10885192
v -0.06558621 0.11226052 -0.10607705
v -0.14383721 0.13297276 -0.05776910
v -0.14222488 0.11891514 -0.07741532
v -0.15044506 0.11712683 -0.07251446
v -0.15422128 0.13105033 -0.05361946
v -0.13558175 0.06617818 -0.10471718
v -0.13355049 0.05002834 -0.10822468
v -0.14369236 0.05234450 -0.10302029
v -0.14473976 0.06765775 -0.09951933
v -0.17266765 0.11659326 -0.03983875
v -0.16995418 0.11172649 -0.05875690
v -0.17676182 0.10989529 -0.05581655
v -0.17954236 0.11255832 -0.03790892
v -0.14549832 0.08361434 -0.09311020
v -0.07858501 -0.03549265 -0.12040482
v -0.11295097 -0.01989945 -0.11432608
v -0.09593195 -0.02825858 -0.11795589
v -0.14736675 0.00150670 -0.09880567
v -0.13815601 -0.00483626 -0.10354519
v -0.14131714 -0.01627632 -0.09772998
v -0.16507605 0.01441054 -0.09067409
v -0.15621997 0.00775113 -0.09438275
v -0.18282050 0.04848310 0.00422606
v -0.17138225 0.04950717 0.01058045
v -0.17008463 0.07223462 0.00605217
v -0.17814901 0.01357181 -0.07936014
v -0.18621388 0.02063497 -0.07857235
v -0.18411998 0.02505352 -0.08128124
v -0.17545193 0.01820182 -0.08244476
v -0.13303892 0.13436629 -0.06123363
v -0.16841841 0.09958375 -0.07199288
v -0.16581143 0.08836096 -0.08066427
v -0.17432229 0.09075002 -0.07841331
v -0.17603436 0.09987871 -0.06910627
v -0.16671993 0.07607785 -0.08754450
v -0.16746557 0.06339212 -0.09289101
v -0.17683987 0.06772400 -0.08987333
v -0.17536122 0.07966375 -0.08484383
v -0.18332648 0.03055646 -0.08383289
v -0.17242314 0.02357352 -0.08566673
v -0.19177735 0.10171448 -0.01896045
v -0.16167393 0.12746127 -0.02383322
v -0.15685584 0.11301384 -0.00249537
v -0.14949849 0.12065253 -0.00482433
v -0.15391783 0.13307029 -0.02852381
v -0.20162104 0.00541859 -0.04803209
v -0.19773111 0.00783056 -0.03803430
v -0.20404178 0.00424207 -0.05717136
v -0.18181966 0.00278100 -0.07174829
v -0.20528659 0.00602862 -0.06477874
v -0.19571130 0.03109372 -0.00745940
v -0.19630295 0.04707267 -0.00223679
v -0.15176941 0.08850122 0.00784073
v -0.14455712 0.09749192 0.00720328
v -0.18970734 0.10957622 -0.03709764
v -0.18679534 0.10765015 -0.05443516
v -0.20089903 0.02717599 -0.08219466
v -0.21299514 0.03265642 -0.08661070
v -0.19854331 0.03123154 -0.08472645
v -0.17068455 -0.00855935 -0.07782993
v -0.18004882 0.00943079 -0.07593906
v -0.16223647 0.12798126 -0.04862704
v -0.18485963 0.10003172 -0.06699542
v -0.18480653 0.09138449 -0.07694459
v -0.15937972 0.07246345 -0.09147416
v -0.15902090 0.08605002 -0.08427783
v -0.15240437 0.08451599 -0.08859965
v -0.15216894 0.06969699 -0.09544290
v -0.18722799 0.07302287 -0.08783890
v -0.18965721 0.06153766 -0.09099296
v -0.15957533 0.05910170 -0.09564772
v -0.15193374 0.05541600 -0.09906765
v -0.19680722 0.03674175 -0.08770382
v -0.13697569 0.10373022 0.00518442
v -0.13405147 0.07948857 0.01272812
v -0.12492716 0.08279470 0.01261093
v -0.15028457 0.06356708 0.01375104
v -0.14191580 0.07254685 0.01336267
v -0.16064721 0.05438027 0.01343813
v -0.11363696 0.08254014 0.01253660
v -0.39807051 0.01242804 -0.09036484
v -0.22512786 0.03849171 -0.08903612
v -0.21640033 0.02807834 -0.08427884
v -0.22968309 0.03303353 -0.08727132
v -0.27504492 0.05025351 -0.08845738
v -0.39217779 0.04360977 -0.07915040
v -0.39936033 0.04315223 -0.07913603
v -0.44368976 0.04976238 -0.08454034
v -0.46430901 0.06201116 -0.07128263
v -0.44377890 0.06024747 -0.07136025
v -0.44761923 0.06160210 -0.03448579
v -0.44854698 0.04992521 -0.02809849
v -0.44937783 0.00778991 -0.03474554
v -0.44979361 0.00841167 -0.08878630
v -0.59023887 0.04549208 -0.04153886
v -0.59005564 0.05113990 -0.05024259
v -0.61011797 0.04887775 -0.04811675
v -0.60997605 0.04223730 -0.04046787
v -0.62851620 0.02999241 -0.03723636
v -0.60976291 0.03346952 -0.03804790
v -0.62936425 0.03946480 -0.03811223
v -0.62746412 0.02212060 -0.04119410
v -0.60936379 0.02530894 -0.04093027
v -0.62686491 0.01625830 -0.04774344
v -0.62683624 0.01113585 -0.05472531
v -0.60928023 0.01248386 -0.05296269
v -0.60899758 0.01830001 -0.04634852
v -0.60975617 0.00891460 -0.06105971
v -0.60985553 0.00800434 -0.07001702
v -0.59136301 0.00577642 -0.06818018
v -0.59108502 0.00820171 -0.05874230
v -0.62647218 0.01791547 -0.08509292
v -0.62614197 0.02568542 -0.08737242
v -0.60782987 0.02383799 -0.08898641
v -0.60852593 0.01540317 -0.08614198
v -0.58820254 0.04008951 -0.08783332
v -0.58799446 0.03057200 -0.09066418
v -0.60786915 0.03317505 -0.08876723
v -0.60795927 0.04215951 -0.08626647
v -0.62645835 0.04437752 -0.08593732
v -0.62719327 0.04929698 -0.07785222
v -0.60867953 0.04756331 -0.07935366
v -0.55079246 0.05051477 -0.04472666
v -0.57068026 0.04823010 -0.04334079
v -0.57094067 0.03953962 -0.03841468
v -0.57099688 0.02100763 -0.04236523
v -0.57091898 0.02979941 -0.03866009
v -0.59014165 0.02741661 -0.03964556
v -0.59014255 0.01945695 -0.04431016
v -0.55366808 0.00154573 -0.06381428
v -0.57204330 0.00738468 -0.05633776
v -0.57256097 0.00378314 -0.06614147
v -0.59050739 0.01310415 -0.05077318
v -0.57101542 0.01324282 -0.04846859
v -0.59089267 0.00703929 -0.07812615
v -0.60936064 0.00992429 -0.07912659
v -0.58914530 0.05218142 -0.06105037
v -0.58842742 0.05105679 -0.07174823
v -0.60961014 0.05004146 -0.06919302
v -0.60998887 0.05079008 -0.05853175
v -0.57217574 0.00472358 -0.07660512
v -0.56798095 0.05234022 -0.07454499
v -0.56864691 0.05424056 -0.06361231
v -0.58769375 0.04718150 -0.08148876
v -0.56729859 0.04679489 -0.08407664
v -0.62897670 0.05049605 -0.05614222
v -0.62929118 0.04734832 -0.04547865
v -0.56931037 0.05344250 -0.05252039
v -0.58986026 0.01237411 -0.08635086
v -0.58867437 0.02095355 -0.09059119
v -0.56935710 0.01814538 -0.09139883
v -0.57095242 0.00978408 -0.08594167
v -0.54721308 0.03667685 -0.09223822
v -0.56803823 0.02814138 -0.09226124
v -0.56781501 0.03825986 -0.08999863
v -0.62620550 0.03507247 -0.08805537
v -0.54669952 0.04640394 -0.08694042
v -0.70452952 0.01470628 -0.03928251
v -0.71363068 0.00767875 -0.04180300
v -0.70922101 0.00885037 -0.05036128
v -0.70072675 0.01478430 -0.04861451
v -0.68094003 0.03045369 -0.02521271
v -0.68939698 0.03080432 -0.01638808
v -0.69154048 0.02544186 -0.02285006
v -0.68536931 0.02737791 -0.03244307
v -0.70777565 0.01359914 -0.03135291
v -0.71698129 0.00932168 -0.03371242
v -0.72516364 0.00950097 -0.03483583
v -0.71728206 0.01568975 -0.02783879
v -0.72567797 0.01598018 -0.03086360
v -0.72242171 0.02646055 -0.03175701
v -0.73228312 0.02593815 -0.03543401
v -0.73313445 0.01759403 -0.03242250
v -0.71331334 0.03696683 -0.05472741
v -0.70993406 0.03787454 -0.06485739
v -0.72463942 0.03609969 -0.06579100
v -0.72720838 0.03408860 -0.05528460
v -0.71539533 0.03195157 -0.08332049
v -0.72119236 0.03359339 -0.07433634
v -0.70643103 0.03638785 -0.07294296
v -0.70216501 0.03441599 -0.08095242
v -0.69640851 0.01340204 -0.05788402
v -0.70468467 0.00981194 -0.05848367
v -0.70257461 0.00935773 -0.06417049
v -0.69325000 0.01091072 -0.06437286
v -0.71923906 0.02202305 -0.02548565
v -0.71621025 0.02062307 -0.01816848
v -0.71766597 0.02428572 -0.01634724
v -0.71641648 0.02775719 -0.02350510
v -0.65834087 0.00475457 -0.06687360
v -0.66892117 0.00368563 -0.06976586
v -0.66929197 0.00189409 -0.07662625
v -0.65750641 0.00355767 -0.07492988
v -0.65916449 0.00881790 -0.04766757
v -0.65381730 0.01580203 -0.03771570
v -0.66202420 0.01821180 -0.03233161
v -0.66562372 0.01447966 -0.04033455
v -0.67219228 0.02734606 -0.02677784
v -0.68409443 0.03882848 -0.02080886
v -0.67321098 0.02522963 -0.03317940
v -0.69360316 0.03919134 -0.01255525
v -0.66455853 0.00463738 -0.08818168
v -0.65593863 0.00726185 -0.08504627
v -0.76067019 -0.02179870 -0.04244177
v -0.76187813 -0.01986062 -0.03744231
v -0.76525587 -0.02451334 -0.03784114
v -0.76448935 -0.02606803 -0.04284333
v -0.65667284 0.03183207 -0.09044202
v -0.65577245 0.02276565 -0.09172965
v -0.66244185 0.02277782 -0.09383286
v -0.66378295 0.03160652 -0.09075987
v -0.67095894 0.02280454 -0.09685138
v -0.67249477 0.03171698 -0.09167258
v -0.76939923 -0.01393161 -0.03463713
v -0.77313232 -0.01152238 -0.03723781
v -0.77642751 -0.01679607 -0.03673856
v -0.77243257 -0.01921318 -0.03453866
v -0.71835989 0.00686250 -0.05048571
v -0.72261924 0.00568818 -0.04232974
v -0.73118329 0.00596259 -0.04099202
v -0.73844737 0.00637201 -0.03926466
v -0.73872942 0.00391436 -0.04511273
v -0.72968400 0.00597954 -0.04971671
v -0.71532887 0.00872905 -0.06129119
v -0.72627437 0.00739509 -0.06166583
v -0.72181708 0.00811591 -0.06843409
v -0.71128446 0.00891150 -0.06818421
v -0.71620673 0.00476821 -0.08673169
v -0.70779252 0.00451965 -0.08563782
v -0.70794469 0.00634232 -0.07983280
v -0.71791321 0.00626651 -0.08024489
v -0.74195313 0.00510761 -0.08144298
v -0.73595107 0.00721817 -0.08093844
v -0.73738605 0.00704010 -0.07593472
v -0.74394518 0.00462002 -0.07657558
v -0.64949346 0.03336649 -0.08987209
v -0.64896685 0.02403405 -0.09017779
v -0.71142489 0.01763686 -0.10901588
v -0.71537620 0.02456224 -0.10304705
v -0.70610708 0.02574882 -0.09954357
v -0.70174193 0.01888771 -0.10520450
v -0.66599059 0.03856836 -0.08439120
v -0.65846044 0.03970627 -0.08482350
v -0.77571934 -0.01055657 -0.04213722
v -0.77882969 -0.01565823 -0.04163926
v -0.68814099 0.04111872 -0.02252584
v -0.70047140 0.04283368 -0.01372138
v -0.67426175 0.03315193 -0.02896161
v -0.65450168 0.02665305 -0.03483437
v -0.66382641 0.02837305 -0.03318897
v -0.73424160 0.00584045 -0.05450931
v -0.71248204 0.00860918 -0.05720490
v -0.70077842 0.00859936 -0.06849590
v -0.69237447 0.00180405 -0.08696882
v -0.69908714 0.00212623 -0.08946169
v -0.69667780 0.00178237 -0.09628742
v -0.68897808 0.00199191 -0.09576825
v -0.71161556 0.00414097 -0.10489037
v -0.71009058 0.00967265 -0.10941800
v -0.70100921 0.01005062 -0.10657183
v -0.70318151 0.00396242 -0.10288767
v -0.71909618 0.02886619 -0.01232430
v -0.71278894 0.03214176 -0.01947650
v -0.65564579 0.01390523 -0.09020024
v -0.66265512 0.01306388 -0.09354577
v -0.64842391 0.01622963 -0.08729713
v -0.67078739 0.00717458 -0.05898071
v -0.68310875 0.01145561 -0.06317838
v -0.68104243 0.00834823 -0.06770018
v -0.66908324 0.00537172 -0.06483644
v -0.69094682 0.02153877 -0.04687595
v -0.67976868 0.02035448 -0.04280976
v -0.69485551 0.02326913 -0.03683023
v -0.65835768 0.00594518 -0.05897818
v -0.64972806 0.00824317 -0.05679961
v -0.64949107 0.00787941 -0.06531209
v -0.64886832 0.00808107 -0.07411296
v -0.64864206 0.01108482 -0.08246748
v -0.64040667 0.00995073 -0.05605058
v -0.64067388 0.00934815 -0.06439099
v -0.64043880 0.01053790 -0.07323967
v -0.64006907 0.01322834 -0.08080871
v -0.64992744 0.04206888 -0.08501218
v -0.63975620 0.04446822 -0.08563862
v -0.63946545 0.03509750 -0.08923425
v -0.65058911 0.01061667 -0.04786190
v -0.64110696 0.01354855 -0.04814497
v -0.64237279 0.01782783 -0.03968573
v -0.64371300 0.02694343 -0.03578256
v -0.70531195 0.01713930 -0.01554290
v -0.70225978 0.01981198 -0.02125222
v -0.69635063 0.02220622 -0.01605175
v -0.70081365 0.01892666 -0.01064341
v -0.73960453 0.01088639 -0.03476004
v -0.73227477 0.01093042 -0.03473782
v -0.74157834 0.01707341 -0.03380647
v -0.67756671 0.00134001 -0.08206050
v -0.67348826 0.00358668 -0.09184793
v -0.74023181 0.00331760 -0.05016592
v -0.75521916 0.00022536 -0.03513754
v -0.75999922 0.00293202 -0.03793911
v -0.76841277 -0.00630772 -0.03773788
v -0.76468533 -0.00872335 -0.03503514
v -0.74676758 -0.00833444 -0.04775099
v -0.75107402 -0.00737156 -0.05184784
v -0.74658936 0.00004317 -0.05329239
v -0.74280292 -0.00160475 -0.04830647
v -0.73739493 0.00480261 -0.08746849
v -0.73308951 0.00651478 -0.08726253
v -0.74234283 0.02944317 -0.04497575
v -0.72967374 0.03332054 -0.04404565
v -0.74200082 0.02633556 -0.05630659
v -0.72750586 0.00668711 -0.08062579
v -0.71933573 0.00752810 -0.07467169
v -0.72888428 0.00715564 -0.07539541
v -0.74121881 0.00696559 -0.06052338
v -0.73426825 0.00694645 -0.06168771
v -0.73750275 0.00610322 -0.05688882
v -0.74178779 0.00459454 -0.05485713
v -0.69100332 0.02102413 -0.10227814
v -0.69012058 0.00963944 -0.10398052
v -0.76528466 -0.01682684 -0.03473905
v -0.76843828 -0.02202711 -0.03513978
v -0.63937372 0.02554625 -0.08815400
v -0.63978112 0.01813724 -0.08545216
v -0.70901465 0.00793877 -0.07384100
v -0.71719277 0.03435651 -0.04354756
v -0.69912440 0.00755279 -0.07325231
v -0.73805189 0.01159972 -0.09590639
v -0.74136329 0.01540421 -0.09452477
v -0.73340863 0.02138187 -0.09333716
v -0.73172307 0.01551115 -0.09748097
v -0.76257145 -0.02129523 -0.04744519
v -0.76648134 -0.01893268 -0.05084439
v -0.76085335 -0.01450559 -0.05104434
v -0.75695068 -0.01673732 -0.04734385
v -0.74687171 -0.00523571 -0.03815018
v -0.74556470 -0.00782338 -0.04285175
v -0.74112815 -0.00054900 -0.04351271
v -0.74233842 0.00303648 -0.03842085
v -0.74479675 0.00589082 -0.03523087
v -0.75048971 -0.00265989 -0.03553873
v -0.76138759 0.00227309 -0.04982897
v -0.75722188 -0.00374292 -0.05264641
v -0.76614094 -0.01086394 -0.05214173
v -0.77021474 -0.00667872 -0.04863984
v -0.68929112 0.03716242 -0.07879021
v -0.68609905 0.03425767 -0.08675177
v -0.69846171 0.03144263 -0.08931941
v -0.71074736 0.02865140 -0.09209177
v -0.72284508 0.02415065 -0.09418458
v -0.72838938 0.02933419 -0.08562261
v -0.69491225 0.02797846 -0.09600778
v -0.75039780 0.01617652 -0.06077639
v -0.74939716 0.00934280 -0.05924169
v -0.75183958 0.01547265 -0.05248138
v -0.69755119 0.00561607 -0.08016251
v -0.76030850 -0.01181620 -0.03503924
v -0.66480386 0.04096607 -0.04326215
v -0.66397202 0.04577114 -0.05405759
v -0.67429417 0.04444076 -0.05495560
v -0.67472821 0.03962938 -0.04256709
v -0.75515884 -0.01691964 -0.04243983
v -0.75639379 -0.01543741 -0.03753967
v -0.73568618 0.00610844 -0.09659782
v -0.73225749 0.00862734 -0.09860410
v -0.73210341 0.00704526 -0.09374540
v -0.73626316 0.00600164 -0.09266572
v -0.68326050 0.03078171 -0.09324161
v -0.72372341 0.02406834 -0.10642707
v -0.71982169 0.01831226 -0.11171307
v -0.66871786 0.04239129 -0.07526516
v -0.67500979 0.03697941 -0.08498591
v -0.67784244 0.04008960 -0.07681083
v -0.73772269 0.02727241 -0.07570894
v -0.69297624 0.03903962 -0.07148290
v -0.68081665 0.04167578 -0.06952331
v -0.67069399 0.04419838 -0.06676215
v -0.66238743 0.04635962 -0.06542243
v -0.66078377 0.04452161 -0.07473399
v -0.77513456 -0.01189613 -0.04793859
v -0.77100652 -0.00499375 -0.04283348
v -0.65149355 0.04671841 -0.07472248
v -0.64078248 0.04906250 -0.07584533
v -0.65270537 0.04828335 -0.06513901
v -0.64174497 0.04994718 -0.06566776
v -0.68387794 0.04260431 -0.06136196
v -0.68704444 0.04204941 -0.05277085
v -0.69613326 0.04020339 -0.06361458
v -0.69987136 0.03924861 -0.05419503
v -0.73877138 0.03219403 -0.06654255
v -0.77111220 -0.02325965 -0.05084507
v -0.77770096 -0.02938323 -0.05054449
v -0.78117555 -0.02680167 -0.04954379
v -0.77548057 -0.02026482 -0.05014388
v -0.77116567 -0.01548771 -0.05124204
v -0.77852672 -0.01733593 -0.04721639
v -0.70472693 0.03667743 -0.04301360
v -0.74566054 0.00430643 -0.05994631
v -0.69139981 0.03855310 -0.04011566
v -0.71243840 0.03298266 -0.03104653
v -0.70419741 0.03581224 -0.02794738
v -0.67555892 0.03759177 -0.03347101
v -0.69039035 0.04146872 -0.02799457
v -0.65555608 0.03520198 -0.03728513
v -0.66477132 0.03530895 -0.03655117
v -0.64487612 0.03641118 -0.03676466
v -0.70356417 0.04212209 -0.01956512
v -0.77035737 -0.03100003 -0.03893759
v -0.76999700 -0.03204460 -0.04404147
v -0.64499056 0.04499814 -0.04360474
v -0.65589952 0.04241965 -0.04342775
v -0.69889003 0.02060470 -0.02818772
v -0.68970543 0.00744596 -0.07246692
v -0.68832195 0.00489194 -0.07759267
v -0.68566799 0.00164405 -0.08476533
v -0.68178803 0.00267927 -0.09461764
v -0.64375043 0.04983611 -0.05436204
v -0.62727606 0.00926990 -0.06302958
v -0.62727028 0.01011075 -0.07179296
v -0.62808269 0.05042341 -0.06736711
v -0.77333802 -0.02872771 -0.03573853
v -0.74725425 0.00490327 -0.07832742
v -0.74622881 0.00603510 -0.08061199
v -0.69470412 0.02783353 -0.01025128
v -0.70040709 0.02321968 -0.00604338
v -0.69885159 0.03399254 -0.00664418
v -0.70622498 0.03864470 -0.00703887
v -0.71078128 0.03091408 -0.00334163
v -0.70449603 0.02710226 -0.00344310
v -0.68006170 0.00568158 -0.07126529
v -0.67950135 0.00352262 -0.07595211
v -0.67981732 0.01138144 -0.10137393
v -0.68055403 0.02248414 -0.09968564
v -0.74886370 0.00979277 -0.03475648
v -0.74381244 0.02250093 -0.03732279
v -0.75285906 0.01217028 -0.03825427
v -0.76215875 0.00484250 -0.04373050
v -0.75125754 0.00321767 -0.05440842
v -0.74855751 0.00428374 -0.05852648
v -0.67496884 0.01158669 -0.05167437
v -0.68712765 0.01594133 -0.05617718
v -0.70944017 0.01656264 -0.02474139
v -0.71180403 0.01780547 -0.01927073
v -0.73080027 0.00726670 -0.06848047
v -0.75024343 0.01879250 -0.07410836
v -0.75097388 0.02277566 -0.06707831
v -0.73894501 0.00740932 -0.06833643
v -0.78122771 -0.02432129 -0.03683922
v -0.77722859 -0.02673600 -0.03493861
v -0.75418860 0.01690373 -0.04461566
v -0.72538579 0.00549496 -0.08729431
v -0.74516189 0.01720165 -0.08032110
v -0.74968714 0.00981106 -0.07713790
v -0.71619540 0.01066979 -0.11049082
v -0.65508181 0.04752148 -0.05384744
v -0.77241957 -0.03149272 -0.04884396
v -0.76661396 -0.02571432 -0.04814551
v -0.78324920 -0.02424557 -0.04664226
v -0.78343230 -0.02289114 -0.04164018
v -0.67094481 0.01251514 -0.09769353
v -0.69122034 0.00918279 -0.06849620
v -0.62680703 0.01272024 -0.07976228
v -0.71714097 0.03258687 -0.00663766
v -0.71214014 0.03939539 -0.01199796
v -0.74388635 0.00484091 -0.06850576
v -0.72826195 0.02072567 -0.10054415
v -0.74702573 0.01694943 -0.08961114
v -0.75001717 0.01163037 -0.08369052
v -0.73895335 0.02490591 -0.08759910
v -0.74938452 0.00644818 -0.08200505
v -0.78706372 -0.02961648 -0.04644207
v -0.78733641 -0.02829083 -0.04164009
v -0.78522795 -0.02993158 -0.03673990
v -0.78113222 -0.03183071 -0.03533870
v -0.77702677 -0.03335831 -0.03644016
v -0.78518492 -0.03188979 -0.04934401
v -0.78191459 -0.03415851 -0.05034533
v -0.77651101 -0.03571037 -0.04884513
v -0.78860325 -0.03645086 -0.04914343
v -0.79146433 -0.03522902 -0.04604189
v -0.79281825 -0.03786377 -0.03844003
v -0.79482090 -0.04115679 -0.03813957
v -0.79221559 -0.04137678 -0.03594038
v -0.79011410 -0.03587746 -0.03664053
v -0.79472667 -0.04564817 -0.03673944
v -0.79763204 -0.04472511 -0.03853847
v -0.79323047 -0.03642506 -0.04124041
v -0.79633409 -0.04000724 -0.04163752
v -0.79860234 -0.04411542 -0.04584183
v -0.79940230 -0.04391542 -0.04214183
v -0.79545635 -0.04045272 -0.04523912
v -0.79344738 -0.03727790 -0.04434077
v -0.79113406 -0.03351261 -0.04124117
v -0.80160230 -0.04741540 -0.04244183
v -0.79980230 -0.05021542 -0.04284183
v -0.79750234 -0.04901540 -0.03874183
v -0.79960233 -0.04731542 -0.03924183
v -0.78462046 -0.03656562 -0.03523992
v -0.78862137 -0.04216597 -0.03584006
v -0.79163241 -0.04694071 -0.03733933
v -0.79455560 -0.05008403 -0.03953755
v -0.78934675 -0.04811351 -0.03913859
v -0.78563046 -0.04395065 -0.03743969
v -0.79206848 -0.05056267 -0.04123705
v -0.78816611 -0.04907630 -0.04173757
v -0.78375530 -0.04550572 -0.04053920
v -0.77776933 -0.03908438 -0.03964038
v -0.78043306 -0.03764305 -0.03653925
v -0.79047650 -0.05034939 -0.04263673
v -0.79690230 -0.05131543 -0.04374183
v -0.79397815 -0.04029969 -0.04783968
v -0.79688787 -0.04467307 -0.04813630
v -0.79190361 -0.04135399 -0.04944056
v -0.79481047 -0.04583551 -0.04933661
v -0.80087864 -0.04647809 -0.04573332
v -0.79949564 -0.04814826 -0.04713297
v -0.77385706 -0.03490057 -0.03953783
v -0.77399617 -0.03574291 -0.04474204
v -0.77761132 -0.04001742 -0.04464300
v -0.78349149 -0.04623013 -0.04523620
v -0.78034508 -0.03954001 -0.04864503
v -0.78534025 -0.03830228 -0.05004451
v -0.78932530 -0.04303351 -0.04994182
v -0.78583193 -0.04485188 -0.04894196
v -0.78981572 -0.04836834 -0.04833799
v -0.79222006 -0.04713872 -0.04943757
v -0.78839207 -0.04932519 -0.04523765
v -0.79401612 -0.04984296 -0.04783463
v -0.79691124 -0.04933144 -0.04773327
v -0.79191029 -0.04997026 -0.04733592
v -0.79139370 -0.05050856 -0.04493575
v -0.79389292 -0.05099989 -0.04453502
v -0.76424181 -0.02353924 -0.07224225
v -0.76545829 -0.02279180 -0.06754125
v -0.77047664 -0.02795403 -0.06874204
v -0.76935899 -0.02870829 -0.07374359
v -0.77193350 -0.01739484 -0.06353923
v -0.77582759 -0.01334828 -0.06533807
v -0.77992117 -0.01892559 -0.06594007
v -0.77593940 -0.02299474 -0.06454025
v -0.77741808 -0.01085175 -0.07113849
v -0.78142416 -0.01647681 -0.07153923
v -0.75586116 -0.00035731 -0.06161491
v -0.75956470 0.00450876 -0.06288347
v -0.77061218 -0.00731045 -0.06443927
v -0.76651812 -0.01164539 -0.06274022
v -0.74883652 -0.00425517 -0.07497029
v -0.75141442 -0.00393668 -0.07794468
v -0.76825130 -0.02068027 -0.06473920
v -0.77268511 -0.02600310 -0.06594026
v -0.76536006 -0.02269666 -0.07674228
v -0.76826483 -0.02035732 -0.08004192
v -0.76194870 -0.01470426 -0.07894357
v -0.75894827 -0.01702779 -0.07564285
v -0.74907112 -0.00537615 -0.06335732
v -0.74814552 -0.00456598 -0.06917915
v -0.75229824 -0.00392430 -0.06153816
v -0.76018876 0.00533780 -0.07498915
v -0.75645119 -0.00009771 -0.07812855
v -0.76623112 -0.01100256 -0.07974292
v -0.77031410 -0.00689238 -0.07694069
v -0.76261824 -0.01486885 -0.06354018
v -0.75803381 -0.01765649 -0.07074150
v -0.75932431 -0.01726788 -0.06604064
v -0.77552301 -0.01319006 -0.07764024
v -0.77210814 -0.00471547 -0.07033714
v -0.77339429 -0.02539228 -0.08124440
v -0.78049529 -0.03249104 -0.08234391
v -0.78358197 -0.02907551 -0.08134278
v -0.77687752 -0.02207439 -0.08084340
v -0.77195084 -0.01704477 -0.08034164
v -0.77994835 -0.01829446 -0.07784013
v -0.77753025 -0.03635506 -0.07094113
v -0.77685499 -0.03681160 -0.07594246
v -0.77963793 -0.03452693 -0.06784078
v -0.76201349 0.00839196 -0.06845342
v -0.78592134 -0.02724395 -0.06754053
v -0.78233051 -0.03143189 -0.06664047
v -0.77768022 -0.03555778 -0.08034430
v -0.77047819 -0.02786639 -0.07824556
v -0.78615558 -0.02580932 -0.07844137
v -0.78723234 -0.02427936 -0.07264029
v -0.79056865 -0.03209405 -0.07944245
v -0.79193777 -0.03088045 -0.07424051
v -0.79092044 -0.03354808 -0.06933898
v -0.78711700 -0.03707243 -0.06824017
v -0.78391713 -0.03937804 -0.06934050
v -0.78829449 -0.03455480 -0.08204367
v -0.78530502 -0.03716937 -0.08304451
v -0.78188789 -0.03963976 -0.08124434
v -0.79290122 -0.03984628 -0.08364370
v -0.79596728 -0.03841310 -0.08144224
v -0.80161309 -0.04467864 -0.07504043
v -0.80541682 -0.04826687 -0.07604003
v -0.80301452 -0.04997845 -0.07444052
v -0.79970890 -0.04549449 -0.07264106
v -0.79931414 -0.04157361 -0.07464018
v -0.79671139 -0.03998403 -0.07194058
v -0.79922652 -0.04033463 -0.07744088
v -0.80262345 -0.04313805 -0.07863878
v -0.80535322 -0.04684123 -0.08363613
v -0.80713129 -0.04680995 -0.07993778
v -0.80104494 -0.04367869 -0.08193949
v -0.79854327 -0.04088700 -0.08044140
v -0.80642682 -0.05314139 -0.07733926
v -0.80822605 -0.05103680 -0.07733896
v -0.79663694 -0.03679726 -0.07624136
v -0.79161072 -0.04169127 -0.07004094
v -0.79640746 -0.04720117 -0.07204134
v -0.80031335 -0.05188533 -0.07464083
v -0.80363137 -0.05473564 -0.07813919
v -0.79781753 -0.05337724 -0.07594061
v -0.79330945 -0.04929755 -0.07324124
v -0.80083340 -0.05533586 -0.07913931
v -0.79602212 -0.05426846 -0.07854039
v -0.79091430 -0.05078814 -0.07624099
v -0.78502238 -0.04456979 -0.07374036
v -0.78771544 -0.04338269 -0.07084072
v -0.79893225 -0.05514148 -0.08003952
v -0.80890232 -0.05361542 -0.08174183
v -0.80565161 -0.05497531 -0.08223714
v -0.81080234 -0.05061543 -0.08094183
v -0.79925710 -0.04415458 -0.08344081
v -0.80326134 -0.04813494 -0.08493761
v -0.79738343 -0.04489458 -0.08524140
v -0.80168128 -0.04908967 -0.08633724
v -0.80865824 -0.04952095 -0.08433458
v -0.80727082 -0.05119498 -0.08523393
v -0.78162646 -0.04066003 -0.07233997
v -0.78075629 -0.04080802 -0.07704249
v -0.78394508 -0.04472052 -0.07833882
v -0.78994220 -0.05063117 -0.08084093
v -0.78530234 -0.04331189 -0.08244529
v -0.78951919 -0.04153891 -0.08424515
v -0.79458874 -0.04630534 -0.08564276
v -0.79157269 -0.04856251 -0.08444262
v -0.79645896 -0.05208026 -0.08513959
v -0.79917085 -0.05043823 -0.08623936
v -0.79530281 -0.05391452 -0.08214187
v -0.80190629 -0.05360655 -0.08544212
v -0.80480522 -0.05280833 -0.08574203
v -0.79920506 -0.05390963 -0.08484203
v -0.79910231 -0.05511539 -0.08254183
v -0.80230230 -0.05541542 -0.08244183
v -0.75493675 -0.01605061 -0.09514262
v -0.75851172 -0.01505436 -0.09124191
v -0.76250875 -0.01940064 -0.09294155
v -0.75911885 -0.02048832 -0.09684300
v -0.76513076 -0.00967472 -0.08963993
v -0.76671231 -0.00592223 -0.09144044
v -0.77060747 -0.01138850 -0.09374184
v -0.76900542 -0.01420287 -0.09174144
v -0.76590729 -0.00405337 -0.09654169
v -0.77031159 -0.00976027 -0.09834292
v -0.75291198 0.00086083 -0.08434016
v -0.75519997 0.00561580 -0.08624091
v -0.76240689 -0.00132374 -0.08913941
v -0.76066566 -0.00567007 -0.08713683
v -0.76228690 -0.01273948 -0.08963990
v -0.76620597 -0.01710401 -0.09154132
v -0.75393558 -0.01525930 -0.09934392
v -0.75521040 -0.01318849 -0.10234652
v -0.74952781 -0.00846177 -0.10014538
v -0.74852031 -0.01058768 -0.09714282
v -0.74121720 -0.00220917 -0.08935944
v -0.74478561 -0.00210484 -0.08545263
v -0.74903685 -0.00148074 -0.08413792
v -0.74898815 0.00716291 -0.09713300
v -0.74428594 0.00336424 -0.09794068
v -0.75294787 -0.00463365 -0.10204183
v -0.75742269 -0.00029399 -0.10033978
v -0.75752687 -0.00902102 -0.08723955
v -0.74971747 -0.01198852 -0.09284171
v -0.75339121 -0.01131885 -0.08894221
v -0.76235014 -0.00540933 -0.10194034
v -0.76120216 0.00112074 -0.09454162
v -0.75954288 -0.01784682 -0.10444730
v -0.76783788 -0.02464679 -0.10734562
v -0.77083606 -0.02163250 -0.10754550
v -0.76284057 -0.01432458 -0.10534758
v -0.75809872 -0.00962558 -0.10394558
v -0.76712263 -0.01083379 -0.10324526
v -0.76880628 -0.02660600 -0.09584147
v -0.76611203 -0.02749723 -0.09994200
v -0.77210492 -0.02420784 -0.09454150
v -0.75387400 0.00854579 -0.09183817
v -0.74026036 -0.00013067 -0.09685323
v -0.77660561 -0.01950197 -0.09644141
v -0.77480423 -0.02190865 -0.09474152
v -0.76562631 -0.02677476 -0.10444394
v -0.75813282 -0.01976904 -0.10134510
v -0.77422363 -0.01864375 -0.10534409
v -0.77671158 -0.01737563 -0.10064232
v -0.77852803 -0.02353499 -0.10694399
v -0.78091329 -0.02247443 -0.10224240
v -0.78100604 -0.02460153 -0.09804148
v -0.77860451 -0.02690819 -0.09644153
v -0.77570510 -0.02880763 -0.09634152
v -0.77533978 -0.02642506 -0.10904549
v -0.77264631 -0.02892753 -0.10874616
v -0.76983088 -0.03036551 -0.10574444
v -0.77844298 -0.03052377 -0.11054648
v -0.78231192 -0.02897675 -0.10835322
v -0.78930330 -0.03491208 -0.10234170
v -0.79291409 -0.03797548 -0.10344025
v -0.79200232 -0.03921542 -0.10174184
v -0.78870231 -0.03531542 -0.10034183
v -0.78720105 -0.03171795 -0.10194190
v -0.78540176 -0.02991641 -0.09994186
v -0.78649998 -0.03031586 -0.10454684
v -0.78981006 -0.03328710 -0.10574067
v -0.79035670 -0.03663816 -0.11033518
v -0.79333329 -0.03650406 -0.10703731
v -0.78682894 -0.03373398 -0.10894060
v -0.78521621 -0.03057605 -0.10744327
v -0.79452455 -0.04164552 -0.10413920
v -0.79532772 -0.03992977 -0.10483849
v -0.78413123 -0.02754854 -0.10375037
v -0.78210229 -0.03151542 -0.09784183
v -0.78610229 -0.03661540 -0.09904183
v -0.78960317 -0.04081298 -0.10104174
v -0.79171842 -0.04337048 -0.10384023
v -0.78650320 -0.04201309 -0.10154176
v -0.78280228 -0.03811541 -0.09944183
v -0.78850234 -0.04411542 -0.10414183
v -0.78400230 -0.04271543 -0.10304184
v -0.77980232 -0.03921542 -0.10114183
v -0.77520496 -0.03370953 -0.09934166
v -0.77860320 -0.03281309 -0.09784174
v -0.78630233 -0.04391542 -0.10464183
v -0.79490232 -0.04211542 -0.10844183
v -0.79185271 -0.04387609 -0.10843692
v -0.79604584 -0.03936304 -0.10813581
v -0.78472263 -0.03376475 -0.11074387
v -0.78811371 -0.03758737 -0.11174288
v -0.78202993 -0.03495444 -0.11154468
v -0.78601688 -0.03898313 -0.11234319
v -0.79317290 -0.03878269 -0.11083277
v -0.79187727 -0.04008566 -0.11163319
v -0.77240598 -0.03020672 -0.09784150
v -0.77001572 -0.03069080 -0.10144253
v -0.77281910 -0.03418609 -0.10274324
v -0.77790576 -0.03970948 -0.10474219
v -0.77263588 -0.03375803 -0.10694533
v -0.77564484 -0.03263390 -0.10974672
v -0.77973264 -0.03685636 -0.11084500
v -0.77772403 -0.03857736 -0.10864413
v -0.78216857 -0.04176274 -0.10973681
v -0.78386205 -0.04026635 -0.11153667
v -0.78230238 -0.04291540 -0.10624183
v -0.78680265 -0.04291472 -0.11084187
v -0.78940302 -0.04181376 -0.11164190
v -0.78490257 -0.04331503 -0.10964186
v -0.78580230 -0.04411542 -0.10714183
v -0.78850234 -0.04451540 -0.10784183
v -0.74001956 -0.00092083 -0.09356073
v -0.73390639 -0.00211151 -0.11734167
v -0.73681194 -0.00210333 -0.11484196
v -0.73940319 -0.00521410 -0.11784175
v -0.73640466 -0.00521283 -0.12034168
v -0.74361503 0.00202436 -0.11384244
v -0.74500966 0.00554759 -0.11634308
v -0.74730599 0.00149504 -0.11974349
v -0.74610376 -0.00161275 -0.11724214
v -0.74300516 0.00774282 -0.12094589
v -0.74520755 0.00301658 -0.12395773
v -0.73467994 0.01238137 -0.10402317
v -0.73505938 0.01731936 -0.10586858
v -0.74179655 0.00961747 -0.11263768
v -0.74044508 0.00575877 -0.11024061
v -0.72440487 0.00775085 -0.11174993
v -0.72325343 0.01024726 -0.11469975
v -0.72001708 0.01244070 -0.11148283
v -0.72145379 0.00829707 -0.10804240
v -0.74040645 -0.00071007 -0.11344242
v -0.74300337 -0.00391401 -0.11684192
v -0.73209608 -0.00114812 -0.12044279
v -0.73181337 0.00095650 -0.12344830
v -0.72869754 0.00446186 -0.12024820
v -0.72901815 0.00185119 -0.11734687
v -0.73048556 0.00771391 -0.10528237
v -0.72661805 0.00657652 -0.10865477
v -0.72411907 0.00692902 -0.10447265
v -0.72830033 0.00705303 -0.10086992
v -0.73255491 0.00910538 -0.10399373
v -0.72755951 0.01765050 -0.11551768
v -0.72454566 0.01396579 -0.11606432
v -0.73060465 0.00758430 -0.12174954
v -0.73490500 0.01089024 -0.12104887
v -0.73759246 0.00282127 -0.11014564
v -0.73092270 0.00069647 -0.11424458
v -0.73438960 0.00129848 -0.11145655
v -0.73800737 0.00623512 -0.12445647
v -0.73979235 0.01211715 -0.11714494
v -0.73422951 -0.00221137 -0.12684941
v -0.73798919 -0.00694185 -0.13124612
v -0.74015623 -0.00489989 -0.13255131
v -0.73652947 0.00059414 -0.12845097
v -0.73394835 0.00412185 -0.12515090
v -0.74091899 0.00290365 -0.12754977
v -0.74300277 -0.01001486 -0.12184184
v -0.73970735 -0.00981222 -0.12424269
v -0.74630255 -0.00871506 -0.12104182
v -0.73288774 0.02050001 -0.11077008
v -0.75056028 -0.00419529 -0.12373842
v -0.74920261 -0.00691486 -0.12154183
v -0.73801780 -0.00870803 -0.12794504
v -0.73450714 -0.00421057 -0.12364153
v -0.74407506 -0.00305460 -0.13155481
v -0.74854827 -0.00230822 -0.12772930
v -0.74678463 -0.00713540 -0.13455427
v -0.75136966 -0.00616649 -0.13053061
v -0.75285989 -0.00809597 -0.12643826
v -0.75140268 -0.01021461 -0.12404179
v -0.74840277 -0.01171456 -0.12344179
v -0.74299866 -0.00891922 -0.13544945
v -0.74091023 -0.01040517 -0.13364518
v -0.74080908 -0.01140696 -0.13034146
v -0.74595237 -0.01231098 -0.13745125
v -0.75056070 -0.01108116 -0.13695529
v -0.75810283 -0.01561391 -0.13224176
v -0.76030231 -0.01821542 -0.13354182
v -0.75970232 -0.01941541 -0.13214183
v -0.75780267 -0.01621446 -0.13024180
v -0.75642830 -0.01275991 -0.13154490
v -0.75542700 -0.01176293 -0.12924503
v -0.75501460 -0.01177848 -0.13385400
v -0.75752336 -0.01426573 -0.13534945
v -0.75696599 -0.01758230 -0.14004759
v -0.76013339 -0.01665033 -0.13714479
v -0.75463670 -0.01473219 -0.13855237
v -0.75336349 -0.01237760 -0.13675590
v -0.76150233 -0.02161542 -0.13474184
v -0.76210231 -0.01981542 -0.13514182
v -0.75337625 -0.00965334 -0.13265555
v -0.75360233 -0.01301542 -0.12654182
v -0.75640231 -0.01731541 -0.12884182
v -0.75870234 -0.02111542 -0.13144183
v -0.75970232 -0.02331543 -0.13464183
v -0.75620234 -0.02171540 -0.13124183
v -0.75370234 -0.01791543 -0.12834182
v -0.75720233 -0.02361542 -0.13424182
v -0.75370234 -0.02181542 -0.13174182
v -0.75060230 -0.01831540 -0.12894183
v -0.74720234 -0.01451543 -0.12624183
v -0.75060230 -0.01391542 -0.12564182
v -0.75530231 -0.02331543 -0.13384184
v -0.76100230 -0.02191541 -0.13874182
v -0.75880229 -0.02361542 -0.13794184
v -0.76210225 -0.01931554 -0.13874182
v -0.75224864 -0.01521081 -0.13965121
v -0.75499874 -0.01871817 -0.14124614
v -0.74931580 -0.01618796 -0.13934863
v -0.75289857 -0.02002277 -0.14064199
v -0.75926238 -0.01929361 -0.14074354
v -0.75810230 -0.02101541 -0.14104185
v -0.74510229 -0.01251543 -0.12434183
v -0.74220234 -0.01241541 -0.12674183
v -0.74420232 -0.01461540 -0.12854183
v -0.74780238 -0.01851534 -0.13104184
v -0.74299169 -0.01413633 -0.13214225
v -0.74348587 -0.01344141 -0.13545045
v -0.74746835 -0.01728886 -0.13764296
v -0.74660343 -0.01831387 -0.13454178
v -0.75070232 -0.02171540 -0.13624182
v -0.75140232 -0.02111542 -0.13884184
v -0.75160277 -0.02201471 -0.13354181
v -0.75480229 -0.02321541 -0.13844183
v -0.75630230 -0.02261540 -0.14004183
v -0.75360233 -0.02321541 -0.13684183
v -0.75450230 -0.02351541 -0.13544184
v -0.75660229 -0.02391541 -0.13674185
v -0.72115076 0.01519283 -0.11320958
v -0.72297394 0.01857155 -0.01004558
v -0.72387689 0.02191765 -0.00604188
v -0.70940250 0.01138427 -0.00904183
v -0.71490437 0.01237971 -0.01184190
v -0.70620346 0.01298150 -0.00414199
v -0.71060228 0.01938447 0.00185817
v -0.70720363 0.01617910 -0.00034206
v -0.72001094 0.01504100 -0.01214358
v -0.72215760 0.02429314 -0.00124050
v -0.71620166 0.02298002 0.00195810
v -0.72621769 0.01733291 0.00413227
v -0.72090286 0.01597999 0.00755803
v -0.71460289 0.01238282 0.00785809
v -0.71060485 0.00967975 0.00465789
v -0.70920289 0.00768352 -0.00004193
v -0.72821492 0.01632516 -0.00156802
v -0.72708863 0.01425227 -0.00594459
v -0.72290307 0.01107919 -0.00834270
v -0.73240983 0.01042131 0.00303146
v -0.73225367 0.00848774 0.01044792
v -0.72530234 0.00108459 0.01865817
v -0.72780234 -0.00151542 0.02135817
v -0.72520232 -0.00411540 0.01935817
v -0.72180229 -0.00081542 0.01675817
v -0.72470230 0.00318458 0.01625817
v -0.72030228 0.00398457 0.01395817
v -0.73069280 0.00386654 0.01885680
v -0.72900230 0.00528450 0.01585816
v -0.73290199 0.00628393 0.01455403
v -0.73564810 0.00507736 0.01615468
v -0.73300231 0.00158459 0.02225817
v -0.73500234 -0.00181541 0.02375817
v -0.73060232 -0.00341541 0.02335817
v -0.72980231 -0.00601542 0.02135817
v -0.72648847 0.00766928 0.01304212
v -0.71460235 0.00278456 0.00925817
v -0.71890229 -0.00261542 0.01325817
v -0.72390229 -0.00651542 0.01595817
v -0.72950232 -0.00781542 0.01755817
v -0.72460234 -0.00751543 0.01125817
v -0.71840256 -0.00431550 0.00805817
v -0.72970229 -0.00801543 0.01305817
v -0.72670233 -0.00671542 0.00755817
v -0.72110242 -0.00401548 0.00305815
v -0.71462601 0.00223494 -0.00235053
v -0.71250701 0.00177479 0.00355651
v -0.72990233 -0.00731543 0.01015817
v -0.73600233 -0.00541541 0.02155817
v -0.73540229 -0.00671542 0.01715817
v -0.73709178 0.00496374 0.01205354
v -0.73969579 0.00177158 0.01495789
v -0.73780227 0.00278442 0.01895816
v -0.73684031 0.00486102 0.00725140
v -0.73940015 0.00028028 0.01105808
v -0.73860234 0.00028458 0.02155817
v -0.73980230 -0.00181541 0.01855817
v -0.71170253 0.00718426 -0.00514186
v -0.71710235 0.00858449 -0.00804185
v -0.72031707 0.00444844 -0.00524850
v -0.72600484 -0.00151887 0.00025731
v -0.72651786 0.00693022 -0.00525249
v -0.73102814 0.00945294 -0.00206311
v -0.73517329 0.00332683 0.00315283
v -0.73150277 0.00108376 0.00045793
v -0.73420233 -0.00281543 0.00575817
v -0.73730230 -0.00131542 0.00775817
v -0.73030233 -0.00491542 0.00585817
v -0.73690230 -0.00451541 0.01105817
v -0.73910230 -0.00371543 0.01455817
v -0.73480231 -0.00471541 0.00895817
v -0.73260230 -0.00621543 0.00965817
v -0.73400229 -0.00681541 0.01295817
v -0.71750462 0.00509577 -0.10634334
v -0.72027737 0.00384751 -0.10119694
v -0.71368694 0.00277817 -0.09955369
v -0.70515919 0.00197797 -0.09778661
v -0.69625431 0.00374727 -0.10139216
v -0.70693338 0.00257006 -0.09164834
v -0.71547860 0.00317331 -0.09352537
v -0.72476166 0.00480661 -0.09523734
v -0.70149869 0.00386491 -0.08496658
v -0.01456040 0.06770466 0.03773529
v -0.01500072 0.05195900 0.04593663
v -0.26675937 0.03771416 -0.01251782
v -0.26570082 0.05288092 -0.01098610
v -0.26538727 0.08615775 -0.04568833
v -0.26185787 0.08708810 -0.06459874
v -0.04769935 -0.22348997 0.07517784
v -0.09363496 -0.17372055 -0.07316449
v -0.09731437 -0.15200298 -0.07882544
v -0.03261542 -0.15458679 -0.09911760
v -0.05016050 -0.15867780 -0.09770257
v -0.11684937 -0.19468673 0.01319274
v -0.11870937 -0.17512669 0.01168108
v -0.07975644 -0.20360474 0.05311365
v -0.08176406 -0.18372385 0.05244157
v -0.10766180 -0.21720442 0.03225148
v -0.06778668 -0.20887521 -0.08155560
v -0.08250709 -0.21165632 -0.07473907
v -0.07984088 -0.19009531 -0.07787984
v -0.06582595 -0.18640080 -0.08653034
v -0.01542805 -0.15115112 -0.09573249
v -0.01537256 -0.17587759 -0.09171711
v -0.12762207 -0.15178028 -0.00778240
v -0.12820831 -0.14860991 -0.02868181
v -0.11412759 -0.13965631 -0.06645904
v -0.10227648 -0.13281956 -0.08113755
v -0.08800441 -0.12465669 -0.09158159
v -0.07180460 -0.11646691 -0.09913292
v -0.06921130 -0.16420558 0.06265336
v -0.05393474 -0.14459804 0.06956311
v -0.12054959 -0.15470754 0.01168534
v -0.01665063 -0.16408189 0.07892933
v -0.05815686 -0.08711725 -0.10766989
v -0.03699256 -0.08275361 -0.11044976
v -0.12316570 -0.14483042 -0.04848365
v -0.02845004 0.01120841 0.06814260
v -0.04418382 0.01402664 0.06689582
v -0.04320445 -0.00251803 0.07550987
v -0.02749123 -0.00613161 0.07604907
v -0.05838198 -0.00082191 0.07416996
v -0.07304930 -0.00015036 0.07162511
v -0.08672309 -0.00028319 0.06821357
v -0.11841910 -0.00487313 0.05427499
v -0.10990902 -0.00261366 0.05953415
v -0.13304782 -0.01367128 0.04176094
v -0.12703665 -0.00809937 0.04857177
v -0.13644449 -0.02326630 0.03279329
v -0.13743402 -0.03490666 0.02218946
v -0.14305180 -0.03285765 0.00377874
v -0.13904002 -0.04591023 0.01047402
v -0.13175222 -0.04883299 0.02914338
v -0.13168624 -0.03656579 0.03934933
v -0.12857993 -0.02747413 0.04831641
v -0.01427699 -0.07974685 0.08312682
v -0.01235044 -0.05357441 0.08478586
v -0.01352084 0.08287057 0.03063082
v -0.46876442 0.01309639 -0.09168674
v -0.59037191 0.03670135 -0.03772108
v -0.01571117 0.09537940 -0.10395647
v -0.03219406 0.10063601 -0.10690902
v -0.08850784 0.11678253 -0.10006879
v -0.10400154 0.12794535 -0.08464719
v -0.06878573 0.10690549 -0.11029948
v -0.04969534 0.09773015 -0.11318873
v -0.11041821 -0.13801475 0.03004153
v -0.03347769 0.06433604 -0.11560738
v -0.05089195 0.08660775 -0.11705383
v -0.07183906 0.09482330 -0.11497465
v -0.09361154 0.10593908 -0.10566288
v -0.11641477 0.12015530 -0.08962569
v -0.13135950 0.12023912 -0.08272345
v -0.14747411 0.09952583 -0.08449990
v -0.16063508 0.10011253 -0.07565989
v -0.16400450 0.11372700 -0.06322679
v -0.15776365 0.11520284 -0.06798942
v -0.15397844 0.09949763 -0.07989995
v -0.22930862 0.09269640 -0.06834752
v -0.25268152 0.07678910 -0.08213909
v -0.24442592 0.08655857 -0.07430708
v -0.25635394 0.06360310 -0.08730273
v -0.25771749 0.05496415 -0.08892284
v -0.25321072 0.04525870 -0.08963519
v -0.24185419 0.03830833 -0.08901145
v -0.20270613 0.02286088 -0.07984365
v -0.18769793 0.01657311 -0.07633712
v -0.16064449 -0.01855423 -0.07903413
v -0.15328497 -0.02661062 -0.08060726
v -0.13263896 -0.05133729 -0.08627729
v -0.12176896 -0.06447973 -0.08804243
v -0.11218867 -0.07776908 -0.09126611
v -0.10308272 -0.30993557 -0.08066950
v -0.09686077 -0.29245910 -0.07677182
v -0.08011748 -0.29428068 -0.08432569
v -0.08629593 -0.31229052 -0.08963507
v -0.03953810 -0.25510377 -0.08417566
v -0.02002997 -0.25524110 -0.08357573
v -0.13576910 -0.28998762 -0.02847506
v -0.13979031 -0.29181227 -0.00654971
v -0.11275478 -0.29059753 -0.06456306
v -0.12627231 -0.28984958 -0.04797278
v -0.13779692 -0.29536143 0.01471151
v -0.08479888 -0.32050693 0.07269812
v -0.06699654 -0.32523638 0.08096351
v -0.03268824 -0.33139399 0.09248735
v -0.01629014 -0.33334613 0.09536207
v -0.13075641 -0.30112210 0.03427905
v -0.04954594 -0.32882074 0.08782878
v -0.11870713 -0.30822077 0.04987745
v -0.10241348 -0.31481636 0.06265020
v -0.05674749 -0.25506034 -0.08293431
v -0.05967066 -0.27657568 -0.08441779
v -0.07643016 -0.27596876 -0.08118055
v -0.05375924 -0.02155340 -0.12387408
v -0.03466693 -0.02417351 -0.12199801
v -0.07292535 -0.01833913 -0.12520215
v -0.08798582 0.00294226 -0.12760150
v -0.09012472 -0.01280214 -0.12393284
v -0.10760955 -0.00612086 -0.12006911
v -0.10411106 0.00907779 -0.12330207
v -0.13244610 0.02014115 -0.10924545
v -0.13452581 0.00703299 -0.10759753
v -0.14489883 0.01250979 -0.10207846
v -0.14338961 0.02445906 -0.10414003
v -0.16271140 0.02390000 -0.09376993
v -0.15418084 0.01759241 -0.09794806
v -0.17111227 0.03111641 -0.08868413
v -0.18233281 0.03738523 -0.08810809
v -0.17825839 0.05719642 -0.09241532
v -0.16842198 0.05172202 -0.09362942
v -0.13222218 0.03446479 -0.10979016
v -0.11853521 0.03061595 -0.11652142
v -0.03444001 0.00312893 -0.12081601
v -0.01655474 -0.00116645 -0.11604152
v -0.14266844 -0.05234544 -0.00369754
v -0.14684185 -0.05711966 -0.01894150
v -0.14965095 -0.05916082 -0.03380957
v -0.14834154 -0.05931345 -0.04769539
v -0.14839309 -0.05487561 -0.06086650
v -0.14513797 -0.04998380 -0.07315996
v -0.14703941 -0.03480815 -0.08243204
v -0.14059190 -0.04305157 -0.08428509
v -0.14375354 -0.02647558 -0.09095173
v -0.13577646 -0.03441454 -0.09413427
v -0.12620822 -0.01245465 -0.10915702
v -0.13091829 -0.02397694 -0.10216966
v -0.12182534 0.00045246 -0.11434524
v -0.11914080 0.01501288 -0.11675597
v -0.10296357 0.02572107 -0.12383343
v -0.08657540 0.01988539 -0.12879167
v -0.06945275 0.04879558 -0.12681487
v -0.06798060 0.03203568 -0.12914841
v -0.06967933 0.01386807 -0.12993923
v -0.07092834 -0.00239059 -0.12861975
v -0.07010552 0.13585258 -0.08151403
v -0.05399635 0.12980549 -0.09097789
v -0.23463213 0.04343496 -0.08995105
v -0.24034502 0.04907193 -0.09013026
v -0.23049703 0.05031061 -0.09063563
v -0.22919010 0.04611749 -0.09044911
v -0.24227297 0.05603709 -0.08981161
v -0.24159482 0.06540285 -0.08876015
v -0.22948153 0.06496607 -0.08963393
v -0.23055917 0.05621208 -0.09039623
v -0.23837098 0.07597768 -0.08472072
v -0.22660734 0.07463860 -0.08639077
v -0.23199840 0.08444662 -0.07934631
v -0.22228444 0.08962861 -0.07505667
v -0.21796086 0.08659417 -0.07835934
v -0.22224931 0.08219195 -0.08215609
v -0.18598759 0.08264655 -0.08290833
v -0.19733307 0.08485278 -0.08050220
v -0.20903490 0.08601415 -0.07865546
v -0.19506145 0.04367381 -0.08989577
v -0.20752928 0.05017509 -0.09115460
v -0.21954444 0.05492794 -0.09115145
v -0.21769179 0.06332451 -0.09036089
v -0.20527452 0.05826080 -0.09123458
v -0.19269340 0.05200622 -0.09137189
v -0.05201495 -0.00650443 -0.12663889
v -0.03467882 -0.01185601 -0.12203356
v -0.16089138 0.03365598 -0.09545004
v -0.15290108 0.02937331 -0.09979730
v -0.16942966 0.03921261 -0.09168771
v -0.18025953 0.04611584 -0.09101173
v -0.16033167 0.04633135 -0.09678985
v -0.15227824 0.04172622 -0.10031213
v -0.14290814 0.03791760 -0.10435501
v -0.05253422 0.00847141 -0.12659109
v -0.01676281 -0.01554879 -0.11828087
v -0.15935749 0.07978956 0.00748131
v -0.16283092 0.10335645 -0.00201084
v -0.16721404 0.11883635 -0.02040842
v -0.16742218 0.12193726 -0.04362119
v -0.39235437 -0.01264032 -0.05967083
v -0.01604826 -0.20126864 -0.08671439
v -0.01790877 -0.22754288 -0.08338848
v -0.03580569 -0.22928444 -0.08474329
v -0.01701506 -0.08194639 -0.10882257
v -0.01647404 -0.02642387 -0.12030976
v -0.09324385 -0.03264452 0.07964785
v -0.08325584 -0.03185727 0.08374049
v -0.08453584 -0.01598764 0.07679034
v -0.09557535 -0.01667120 0.07271037
v -0.11144800 -0.03442460 0.06864629
v -0.10336207 -0.03357888 0.07454319
v -0.10636104 -0.01799565 0.06770597
v -0.11522245 -0.01973095 0.06205234
v -0.11839837 -0.03675165 0.06198627
v -0.12265293 -0.02248203 0.05564997
v -0.10031275 -0.05025608 0.07918422
v -0.09142763 -0.04957644 0.08445647
v -0.08175302 -0.04878094 0.08840030
v -0.11358518 -0.05146892 0.06653024
v -0.10759955 -0.05054914 0.07298828
v -0.00838888 0.15150279 0.02463024
v -0.01219221 0.10407636 0.01708665
v -0.01159476 0.11387251 0.01368597
v -0.01217023 -0.03067805 0.08179235
v -0.01358842 0.00676325 0.06911866
v -0.01469060 0.01914665 0.06003435
v -0.01532705 0.03483663 0.05298744
v -0.01276416 0.09439579 0.02373761
v -0.01229449 -0.01111473 0.07620227
v -0.15341206 -0.47505131 -0.06615347
v -0.13741976 -0.49189809 -0.08419535
v -0.14148737 -0.46665329 -0.08102062
v -0.12948784 -0.47941667 -0.09357826
v -0.14606616 -0.39739066 -0.05796654
v -0.14646436 -0.42365643 -0.06350802
v -0.14578742 -0.37027502 -0.05486443
v -0.11085334 -0.48729822 -0.10531029
v -0.08702534 -0.48972830 -0.11347146
v -0.08452368 -0.47177607 -0.11970769
v -0.13260995 -0.37423941 -0.07625273
v -0.13345042 -0.40071768 -0.07882991
v -0.14624043 -0.44741341 -0.07120260
v -0.13475080 -0.44749299 -0.08689064
v -0.13409559 -0.46195096 -0.08917540
v -0.10735013 -0.47101671 -0.11081441
v -0.12422734 -0.46726552 -0.09907997
v -0.02928860 -0.33484784 -0.10806448
v -0.05458369 -0.33512533 -0.10614033
v -0.04977819 -0.31553331 -0.09785847
v -0.10987492 -0.32875249 -0.08589914
v -0.11884195 -0.30700710 -0.06761239
v -0.12182178 -0.45031807 -0.10106725
v -0.10479060 -0.45128846 -0.11390084
v -0.08255955 -0.45071387 -0.12432670
v -0.08125897 -0.37780046 -0.11811691
v -0.08151120 -0.40190440 -0.12310407
v -0.10215590 -0.40289739 -0.11242390
v -0.10106378 -0.37776780 -0.10795443
v -0.11479730 -0.35135993 -0.09052672
v -0.11775640 -0.37664703 -0.09400229
v -0.07904027 -0.35487285 -0.11072355
v -0.09803597 -0.35340023 -0.10241382
v -0.09292083 -0.33148810 -0.09612873
v -0.11922926 -0.40305796 -0.09724315
v -0.05560481 -0.42518356 -0.13167976
v -0.08154762 -0.42690876 -0.12566251
v -0.02798739 -0.42374286 -0.12947015
v -0.07466115 -0.33355483 -0.10262532
v -0.06870397 -0.31390932 -0.09482334
v -0.06380279 -0.29500219 -0.08751797
v -0.05367814 -0.23085599 -0.08243208
v -0.11296312 -0.70220298 0.05420612
v -0.00716859 -0.51872176 0.00085498
v -0.00548380 -0.51123601 -0.02104673
v -0.16527764 -0.43497097 0.03818133
v -0.16992819 -0.45594043 -0.02649110
v -0.15841496 -0.45063621 -0.05133491
v -0.03451809 -0.51823801 0.05294646
v -0.01982401 -0.52331156 0.03467846
v -0.14934668 -0.44276264 0.06085573
v -0.10394061 -0.49007168 0.08229828
v -0.01119152 -0.52320611 0.01813668
v -0.13424823 -0.42566788 -0.08283624
v -0.12049484 -0.42834368 -0.09979776
v -0.10318201 -0.42837557 -0.11486328
v -0.05543635 -0.44872558 -0.12950902
v -0.02725430 -0.44493294 -0.12700148
v -0.01860622 -0.46421680 0.07795647
v -0.01425795 -0.45428485 0.08168277
v -0.00734396 -0.45657140 0.08147879
v -0.00804687 -0.47079661 0.07507563
v -0.08495794 -0.34016991 0.07288671
v -0.06610171 -0.34541637 0.08053813
v -0.03069397 -0.35219750 0.09047170
v -0.01497473 -0.35391489 0.09304039
v -0.13448296 -0.31928608 0.03588651
v -0.04770944 -0.34933230 0.08635983
v -0.12161972 -0.32682133 0.05191552
v -0.10387601 -0.33397019 0.06375165
v -0.07254194 -1.14393604 -0.06260458
v -0.07252458 -1.17302358 -0.05847080
v -0.07371395 -1.17059743 -0.07295594
v -0.07072888 -1.14139807 -0.07658396
v -0.08478214 -1.13690805 -0.10212281
v -0.07477551 -1.13868129 -0.09480431
v -0.09836622 -1.13674307 -0.10396630
v -0.09584533 -1.16635334 -0.10328550
v -0.10588206 -1.16714394 -0.09642410
v -0.11074624 -1.13818216 -0.09952033
v -0.11878163 -1.13930535 -0.09122292
v -0.12202593 -1.17036009 -0.06193765
v -0.12784393 -1.14230037 -0.06261379
v -0.12446418 -1.14033568 -0.08047511
v -0.12060203 -1.16933942 -0.07902242
v -0.12259084 -1.14661920 -0.04400236
v -0.11763892 -1.17361414 -0.04312230
v -0.10874544 -1.14959097 -0.03335612
v -0.07721459 -1.14710188 -0.04796091
v -0.07517716 -1.17530811 -0.04240240
v -0.08365761 -1.16624713 -0.10212494
v -0.07561944 -1.16832125 -0.09277318
v -0.07059993 -1.14028704 -0.08588593
v -0.07497483 -1.16920519 -0.08285876
v -0.07068092 -1.20033240 -0.06826691
v -0.06255706 -1.20109141 -0.05301400
v -0.08203084 -1.19566405 -0.10287143
v -0.07826354 -1.19737494 -0.09002225
v -0.10101213 -1.19585109 -0.09319571
v -0.09330896 -1.19484317 -0.10495882
v -0.12154977 -1.19742525 -0.07779495
v -0.11433691 -1.16813064 -0.08824341
v -0.11186016 -1.19659770 -0.08576043
v -0.12179977 -1.19768071 -0.06132665
v -0.11608899 -1.19939291 -0.03880667
v -0.06961118 -1.20091224 -0.03514779
v -0.07549758 -1.19872069 -0.07948460
v -0.12116165 -1.28350306 0.11900545
v -0.12568112 -1.28350306 0.11810510
v -0.12724969 -1.28780198 0.11870237
v -0.12040060 -1.28886163 0.12015497
v -0.07812524 -1.28005290 0.13071613
v -0.08680177 -1.27837408 0.13260217
v -0.08890872 -1.28737020 0.13061017
v -0.07714227 -1.28975368 0.12852542
v -0.11231357 -1.29245126 0.12526855
v -0.10742141 -1.29234719 0.12577543
v -0.10637458 -1.28860950 0.12946561
v -0.11441655 -1.28828251 0.12861136
v -0.15137574 -1.28897679 0.08423107
v -0.14699577 -1.28927946 0.08564170
v -0.14707513 -1.28477895 0.08813341
v -0.15197495 -1.28537107 0.08542386
v -0.13848045 -1.29154706 0.10196657
v -0.13487729 -1.29218733 0.10347821
v -0.13427606 -1.28773725 0.10635345
v -0.14052087 -1.28854644 0.10394964
v -0.08932273 -1.27497196 0.10869069
v -0.08902144 -1.27545011 0.12302708
v -0.07658079 -1.27791083 0.12087812
v -0.07502348 -1.27379990 0.10633650
v -0.06988248 -1.28706098 0.11726575
v -0.07744733 -1.29246140 0.11474628
v -0.07625085 -1.29291046 0.10038612
v -0.06884529 -1.28473651 0.10151496
v -0.08970395 -1.29256058 0.11664747
v -0.08954076 -1.29237664 0.10362072
v -0.09622477 -1.28405738 0.10774831
v -0.09779441 -1.28390634 0.12202740
v -0.11541372 -1.28405976 0.10825995
v -0.11870021 -1.28600752 0.12031353
v -0.11257517 -1.28007615 0.12171333
v -0.11012093 -1.27674234 0.10913076
v -0.10463147 -1.28073764 0.12284488
v -0.09972161 -1.27735794 0.11087714
v -0.09653080 -1.28655314 0.10995237
v -0.09889206 -1.28745091 0.12308241
v -0.10429068 -1.29276443 0.11928242
v -0.10135604 -1.29184258 0.10640689
v -0.11031716 -1.29081595 0.10576720
v -0.11337424 -1.29256451 0.11796939
v -0.11916592 -1.28207803 0.11321675
v -0.11670738 -1.27786875 0.10380299
v -0.12682679 -1.27666008 0.10149232
v -0.12669326 -1.28137875 0.11221117
v -0.11900148 -1.29164302 0.10137568
v -0.11369796 -1.28725100 0.10407027
v -0.11515543 -1.28909934 0.11353312
v -0.12040510 -1.29303682 0.11167160
v -0.12761758 -1.29284024 0.11076537
v -0.12800449 -1.29053128 0.09996521
v -0.13170920 -1.28324556 0.10127942
v -0.13165601 -1.28678215 0.11181560
v -0.14094551 -1.28150654 0.09819709
v -0.14218627 -1.27664089 0.08831348
v -0.14600357 -1.28314900 0.08742698
v -0.14383027 -1.28732121 0.09691221
v -0.13448918 -1.27745163 0.09203240
v -0.13511337 -1.28089178 0.10010342
v -0.13420086 -1.29045701 0.09045497
v -0.13136451 -1.28330493 0.09389972
v -0.13055293 -1.28536320 0.10067806
v -0.13328522 -1.29235613 0.09836067
v -0.14047013 -1.29255807 0.09654828
v -0.14212331 -1.29034400 0.08684201
v -0.15609801 -1.28404963 0.07860487
v -0.15439218 -1.27845454 0.08020519
v -0.15504193 -1.27595448 0.07156507
v -0.15633976 -1.28275657 0.06876254
v -0.14846155 -1.27576447 0.07629664
v -0.14789456 -1.27836609 0.08262312
v -0.14647204 -1.28877473 0.07472961
v -0.14637288 -1.28156376 0.07771923
v -0.14459667 -1.28317249 0.08273496
v -0.14569767 -1.28967547 0.08084009
v -0.15250099 -1.28986287 0.07862784
v -0.15266801 -1.28816152 0.07040759
v -0.07535768 -1.27069163 0.09206109
v -0.09288215 -1.27461243 0.09463938
v -0.08002289 -1.29205310 0.12382129
v -0.06959171 -1.28335285 0.08706456
v -0.08679687 -1.29186070 0.12483022
v -0.09372360 -1.29200554 0.09114322
v -0.07731156 -1.29171371 0.08595221
v -0.09531669 -1.28437650 0.10119880
v -0.11241692 -1.28309655 0.12820309
v -0.11270636 -1.28496575 0.09877209
v -0.11291733 -1.29157615 0.08959590
v -0.10761180 -1.28334248 0.12886676
v -0.11107776 -1.27448571 0.09256338
v -0.12856436 -1.27488017 0.08372676
v -0.12231425 -1.29244649 0.11736614
v -0.12630564 -1.29204845 0.11686274
v -0.13090625 -1.29096091 0.08276362
v -0.13169588 -1.28255224 0.09194262
v -0.13954292 -1.28423035 0.10363607
v -0.14637442 -1.28155589 0.07791185
v -0.14447473 -1.28986943 0.07152942
v -0.13613370 -1.28347278 0.10468284
v -0.14443031 -1.27327585 0.07217631
v -0.15107226 -1.28186929 0.08451870
v -0.15303117 -1.28898239 0.05997533
v -0.15765262 -1.28139627 0.05688699
v -0.14827020 -1.28117824 0.08642694
v -0.15506366 -1.27329361 0.06110448
v -0.08434278 -1.14999866 -0.03681513
v -0.08240743 -1.17682600 -0.03126893
v -0.09492549 -1.15129256 -0.03171195
v -0.10499047 -1.17601371 -0.03093819
v -0.09334408 -1.17739022 -0.02713482
v -0.08029506 -1.20179188 -0.02233724
v -0.10418787 -1.20158899 -0.02464131
v -0.09197519 -1.20162928 -0.01845442
v -0.12320986 -1.21871591 -0.07962494
v -0.12508757 -1.21957123 -0.06351460
v -0.10920414 -1.21807528 -0.08731767
v -0.09217472 -1.21678197 -0.10877409
v -0.09990581 -1.21725166 -0.09748247
v -0.07873289 -1.22003639 -0.01077580
v -0.07036486 -1.22223866 -0.02869620
v -0.09258933 -1.21836734 -0.00511497
v -0.10722444 -1.21911800 -0.01330113
v -0.07125674 -1.26536441 0.07563232
v -0.07162695 -1.26388240 0.05489375
v -0.08554276 -1.25379682 0.05769494
v -0.08938497 -1.26352882 0.07660809
v -0.10344490 -1.25455427 0.05389294
v -0.10697401 -1.26630497 0.07264850
v -0.11948262 -1.25825334 0.04600759
v -0.12363704 -1.26770210 0.06499518
v -0.13446443 -1.26179028 0.03699122
v -0.13949865 -1.26840591 0.05530877
v -0.14745520 -1.26711369 0.02788044
v -0.15288031 -1.27031648 0.04638917
v -0.15502369 -1.27660477 0.02326385
v -0.15915929 -1.27921283 0.04215545
v -0.06557171 -1.28176928 0.07027258
v -0.06726967 -1.27917707 0.04966456
v -0.07622711 -1.29321468 0.06767125
v -0.07715564 -1.29218233 0.04715673
v -0.09332919 -1.29357767 0.06651026
v -0.09318152 -1.29294372 0.04552296
v -0.15172914 -1.28844237 0.02527272
v -0.15358859 -1.29010415 0.04462867
v -0.11152039 -1.29242373 0.06243411
v -0.11055608 -1.29116905 0.04130739
v -0.12800519 -1.29300034 0.05638319
v -0.12662140 -1.29173422 0.03561885
v -0.14196515 -1.29269731 0.05002693
v -0.14044715 -1.29173279 0.02972006
v -0.08090456 -1.24581480 0.03526959
v -0.09890193 -1.24106765 0.03357724
v -0.11465283 -1.24572849 0.02465005
v -0.12860024 -1.25270796 0.01434466
v -0.13973922 -1.26272988 0.00520797
v -0.14917494 -1.27275085 0.00110812
v -0.12678251 -1.24043727 -0.01386060
v -0.13340835 -1.25978398 -0.02061661
v -0.14058945 -1.27173626 -0.02182697
v -0.12885424 -1.25766885 -0.04641720
v -0.13347563 -1.27052808 -0.04566998
v -0.11918835 -1.25723922 -0.08700965
v -0.12534584 -1.27150762 -0.08854959
v -0.12929416 -1.26966369 -0.06934176
v -0.12391169 -1.25665057 -0.06928270
v -0.12448638 -1.23943353 -0.04298442
v -0.12177049 -1.23845863 -0.06617454
v -0.11606701 -1.23738837 -0.08222976
v -0.11944726 -1.27249897 -0.10175209
v -0.11430777 -1.25748694 -0.09993898
v -0.10724453 -1.25661922 -0.11186088
v -0.10940783 -1.27254713 -0.11172689
v -0.09137385 -1.25778294 -0.11832708
v -0.09326182 -1.27413177 -0.11645447
v -0.07701337 -1.26033294 -0.10888645
v -0.07759501 -1.27601171 -0.10828772
v -0.10316940 -1.23628628 -0.10479695
v -0.10879302 -1.23744416 -0.09329841
v -0.09216294 -1.23619604 -0.11286575
v -0.07908995 -1.23850024 -0.10508318
v -0.07619193 -1.23999810 -0.08845963
v -0.07235511 -1.26139200 -0.09004845
v -0.07002817 -1.27673995 -0.09088277
v -0.07236930 -1.26160598 0.03062104
v -0.07182916 -1.27437234 0.02608219
v -0.11172450 -1.23135495 0.00463989
v -0.09484076 -1.22847342 0.01322638
v -0.07680175 -1.23641241 0.00627197
v -0.06937591 -1.25829208 0.00383414
v -0.07388943 -1.27240050 -0.00019442
v -0.07367337 -1.27240050 -0.02403257
v -0.06761050 -1.25953805 -0.02190379
v -0.08002181 -1.28489983 0.02311020
v -0.08267879 -1.27921748 -0.00257278
v -0.08175658 -1.27893841 -0.02609712
v -0.07111226 -1.27383888 -0.04515542
v -0.06704627 -1.26073527 -0.04355535
v -0.07003736 -1.27474940 -0.06213650
v -0.06976532 -1.26048982 -0.06141767
v -0.07124818 -1.26077461 -0.07536166
v -0.06892484 -1.27590048 -0.07610498
v -0.07091860 -1.24135017 -0.06286705
v -0.07344296 -1.24046803 -0.07523095
v -0.06748321 -1.24233437 -0.04469014
v -0.06806063 -1.24076307 -0.02190496
v -0.14712586 -1.28464615 0.00232853
v -0.14059666 -1.28164446 -0.02085633
v -0.13265827 -1.27946556 -0.04399480
v -0.12738681 -1.28064060 -0.06709114
v -0.12203281 -1.28261495 -0.08559641
v -0.11586067 -1.28348494 -0.09699757
v -0.09418180 -1.28327632 -0.10869326
v -0.10731597 -1.28340340 -0.10578644
v -0.08258325 -1.28433740 -0.10340939
v -0.07699890 -1.28636909 -0.08946431
v -0.07551721 -1.28665543 -0.07647030
v -0.07831703 -1.28239882 -0.04707165
v -0.07587930 -1.28552818 -0.06338286
v -0.06242228 -1.22341192 -0.04892366
v -0.06763998 -1.22212195 -0.06549799
v -0.07372829 -1.22077358 -0.07696735
v -0.08096189 -1.21797073 -0.10305074
v -0.07833657 -1.21961641 -0.08791795
v -0.09357095 -1.28836966 0.02062976
v -0.10984315 -1.28787386 0.01648761
v -0.12498489 -1.28842258 0.01115405
v -0.13747698 -1.28832448 0.00630504
v -0.13292564 -1.28553104 -0.01788154
v -0.12191229 -1.28596556 -0.01422436
v -0.10769495 -1.28605044 -0.00994399
v -0.09361672 -1.28342915 -0.00542360
v -0.12629877 -1.28426063 -0.04091204
v -0.11689495 -1.28559005 -0.03755039
v -0.10353671 -1.28621709 -0.03424671
v -0.09159242 -1.28407240 -0.02922592
v -0.08747088 -1.28727436 -0.05040563
v -0.09781958 -1.28820145 -0.05563421
v -0.11060913 -1.28702259 -0.05883865
v -0.11933342 -1.28536105 -0.06309430
v -0.11367115 -1.28623664 -0.08019657
v -0.10507506 -1.28748834 -0.07524803
v -0.09373552 -1.28885877 -0.07173940
v -0.08496839 -1.28856039 -0.06684956
v -0.10886019 -1.28642333 -0.09003232
v -0.09518693 -1.28666055 -0.10083786
v -0.10316086 -1.28649056 -0.09736062
v -0.08756511 -1.28757489 -0.09811158
v -0.08462311 -1.28846169 -0.08833744
v -0.08418235 -1.28888881 -0.07792778
v -0.09220067 -1.28844571 -0.08094206
v -0.09128779 -1.28808856 -0.08833501
v -0.10160330 -1.28749311 -0.08448258
v -0.09859466 -1.28714991 -0.09126465
v -0.09131954 -1.28757393 -0.09425277
v -0.09520819 -1.28717458 -0.09561357
v -0.11630850 -1.22176993 -0.03487215
v -0.09569275 -0.87353820 0.00750801
v -0.08258619 -0.86967880 0.00192615
v -0.11070680 -0.87189054 0.00870908
v -0.12661757 -0.45159683 0.07493100
v -0.06302434 -0.22354138 0.06493672
v -0.06692995 -0.18454903 0.06262998
v -0.06422915 -0.20405547 0.06301830
v -0.13004667 -0.48302585 0.07707108
v -0.10974105 -0.15821706 0.02768276
v -0.09874187 -0.00097484 0.06418481
v 0.12304538 -1.27124918 -0.08922259
v 0.12711293 -1.26926196 -0.06982899
v 0.12124168 -1.25626230 -0.06965745
v -0.00394707 0.27542156 0.08604395
v -0.05998379 0.24943841 0.01897112
v -0.05899409 0.24175306 0.01220332
v -0.05599575 0.23068890 0.01911505
v -0.05757459 0.23935929 0.02646217
v -0.05109705 0.22082761 0.02673506
v -0.05446423 0.23087995 0.03226287
v -0.04500560 0.21332356 0.03509960
v -0.04976477 0.22319752 0.03908397
v -0.04010056 0.20909040 0.04427674
v -0.04477692 0.21862808 0.04670127
v -0.02767079 0.20562372 0.06499839
v -0.02629529 0.20069346 0.06175825
v -0.02046352 0.19794247 0.06894569
v -0.02105618 0.20190941 0.07240296
v -0.01385360 0.19610576 0.07500624
v -0.01435140 0.19990306 0.07809789
v -0.00644703 0.19529811 0.07832327
v -0.00654595 0.19879436 0.08161236
v 0.00213591 0.19518444 0.07949337
v 0.00203962 0.19867773 0.08288296
v 0.00214969 0.20744783 0.08556324
v -0.00604010 0.20766370 0.08457770
v -0.00644408 0.20309407 0.08370670
v 0.00204755 0.20265250 0.08466545
v -0.01284959 0.20845890 0.08105255
v -0.01394911 0.20380139 0.07989232
v -0.01873686 0.21085896 0.07636785
v -0.02035326 0.20620659 0.07469629
v -0.02603921 0.21515174 0.07036190
v -0.02766306 0.21020138 0.06767897
v -0.03165787 0.22054426 0.06663170
v -0.03406092 0.21738428 0.06235871
v -0.00566770 0.19236048 0.07288197
v 0.00213985 0.19222625 0.07495366
v -0.01237661 0.19308396 0.06959594
v -0.01838622 0.19470459 0.06431057
v -0.02319945 0.19680856 0.05780417
v -0.03429407 0.20620358 0.05327318
v -0.02804050 0.19928963 0.04937630
v -0.03413364 0.20336640 0.04135777
v -0.03945148 0.20729031 0.03128866
v -0.04653008 0.21500534 0.02162808
v -0.05322666 0.22534946 0.01239951
v -0.05691523 0.23738153 0.00535330
v -0.06050207 0.24962287 0.00688933
v -0.01193203 0.21253493 0.08105709
v -0.00553399 0.21193831 0.08436743
v -0.01764006 0.21445465 0.07715780
v -0.02424236 0.21894890 0.07255017
v -0.02914675 0.22382556 0.06973560
v -0.03385160 0.23532283 0.06943189
v -0.03255345 0.22932905 0.06893159
v -0.03245424 0.24740963 0.07244923
v -0.03365814 0.24141307 0.07073604
v -0.03976311 0.25411379 0.06773208
v -0.04106147 0.24561666 0.06453022
v -0.03736249 0.24301691 0.06784819
v -0.03616145 0.25031397 0.07013411
v -0.04336283 0.25951335 0.06504165
v -0.04486391 0.24981439 0.06083093
v -0.00457769 0.19097506 0.06740537
v 0.00212927 0.19065708 0.06859568
v -0.01028405 0.19148712 0.06411165
v -0.01522181 0.19235414 0.05847020
v -0.01864817 0.19350627 0.05182944
v -0.02216971 0.19513544 0.04437202
v -0.02651766 0.19696724 0.03600693
v -0.03303741 0.20014995 0.02680914
v -0.04110318 0.20807780 0.01655736
v -0.04998120 0.22109224 0.00658767
v -0.05455250 0.23353155 -0.00047416
v -0.01448808 0.18838710 0.03719292
v -0.01142407 0.18963577 0.04350630
v -0.00886581 0.18996423 0.04931554
v -0.00634395 0.18963274 0.05387204
v -0.00264240 0.18913852 0.05309454
v 0.00215126 0.18915282 0.05272622
v -0.00193215 0.18731017 0.04420879
v 0.00217390 0.18729647 0.04450531
v -0.00368231 0.18433091 0.03956556
v 0.00210192 0.18362352 0.03938495
v -0.00545814 0.18037352 0.03637200
v 0.00153979 0.17858987 0.03672513
v -0.03575569 0.22743681 0.06543592
v -0.03896026 0.22646001 0.06103444
v -0.04095750 0.23623390 0.06192106
v -0.04476317 0.23902652 0.05713017
v -0.04276244 0.22727711 0.05544971
v -0.03746113 0.23511378 0.06615772
v -0.04797150 0.23057452 0.04855650
v -0.04926457 0.24343835 0.05172736
v -0.04896946 0.25541523 0.05702697
v -0.05287014 0.24862993 0.04712922
v -0.05236482 0.23595458 0.04194111
v -0.05257257 0.25961748 0.05283235
v -0.05567187 0.26371989 0.04873694
v -0.05556976 0.25342610 0.04312623
v -0.05536538 0.24204680 0.03763625
v -0.03727072 0.21444699 0.05630653
v -0.05766789 0.24824218 0.03264622
v -0.05807014 0.26781893 0.04454799
v -0.05786843 0.25842828 0.03863661
v -0.06037124 0.27341527 0.03914758
v -0.06037031 0.26432428 0.03114500
v -0.05986720 0.25603643 0.02454876
v -0.06208788 0.25772303 0.01047084
v 0.00216351 0.21183689 0.08557073
v 0.12164497 -1.23880064 -0.04316572
v 0.11865191 -1.23849785 -0.06647600
v 0.11326207 -1.23729765 -0.08260120
v 0.11718576 -1.27207220 -0.10249242
v 0.11178058 -1.25723016 -0.10054045
v 0.10483992 -1.25641263 -0.11232805
v 0.10716990 -1.27220297 -0.11230258
v 0.08882329 -1.25765371 -0.11870713
v 0.09099925 -1.27415931 -0.11693285
v 0.07442494 -1.26035547 -0.10926991
v 0.07538833 -1.27610493 -0.10865969
v 0.09976268 -1.23597860 -0.10529070
v 0.10574353 -1.23704708 -0.09368461
v 0.08886796 -1.23592985 -0.11320758
v 0.07576718 -1.23800254 -0.10538540
v 0.07290912 -1.23962009 -0.08852801
v 0.06963956 -1.26117492 -0.09024264
v 0.06785828 -1.27681875 -0.09109836
v 0.07075588 -1.26083565 0.03039818
v 0.07032251 -1.27358282 0.02597231
v 0.10944997 -1.23097694 0.00435668
v 0.09283696 -1.22801220 0.01290012
v 0.07486220 -1.23602366 0.00604257
v 0.06764592 -1.25779784 0.00365253
v 0.07208603 -1.27197301 -0.00028305
v 0.07171266 -1.27222228 -0.02420071
v 0.06546793 -1.25930274 -0.02205775
v 0.07836999 -1.28406620 0.02298555
v 0.08081927 -1.27873933 -0.00279802
v 0.07984021 -1.27871251 -0.02640177
v 0.06904058 -1.27371359 -0.04539104
v 0.06490348 -1.26054442 -0.04379203
v 0.06784922 -1.27466953 -0.06235725
v 0.06711493 -1.26011491 -0.06160866
v 0.06848333 -1.26038170 -0.07557758
v 0.06685212 -1.27575004 -0.07631809
v 0.06761093 -1.24081326 -0.06302053
v 0.07019103 -1.23997176 -0.07548863
v 0.06485721 -1.24135804 -0.04484362
v 0.06577200 -1.24003434 -0.02203278
v 0.14527100 -1.28418994 0.00158544
v 0.13864256 -1.28114831 -0.02149997
v 0.13064119 -1.27893639 -0.04460680
v 0.12542386 -1.28037429 -0.06769023
v 0.11996276 -1.28240085 -0.08624268
v 0.11372103 -1.28332210 -0.09760249
v 0.09203495 -1.28353775 -0.10924701
v 0.10521135 -1.28333819 -0.10643282
v 0.08037737 -1.28463614 -0.10387896
v 0.07492626 -1.28638053 -0.08981089
v 0.07340943 -1.28696144 -0.07677957
v 0.07629860 -1.28223598 -0.04743455
v 0.07386465 -1.28550911 -0.06372069
v 0.05902430 -1.22277272 -0.04905792
v 0.06468756 -1.22196400 -0.06568656
v 0.06992882 -1.22084939 -0.07690448
v 0.07759371 -1.21802223 -0.10318821
v 0.07489067 -1.21994936 -0.08784453
v 0.09173401 -1.28759420 0.02025218
v 0.10798895 -1.28714895 0.01593776
v 0.12301295 -1.28784728 0.01053456
v 0.13556735 -1.28781009 0.00562161
v 0.13104446 -1.28504765 -0.01857402
v 0.11997049 -1.28551769 -0.01485084
v 0.10584985 -1.28566360 -0.01049422
v 0.09167498 -1.28290462 -0.00580113
v 0.12434690 -1.28383851 -0.04157989
v 0.11489101 -1.28529823 -0.03815420
v 0.10154824 -1.28588533 -0.03476893
v 0.08969523 -1.28369737 -0.02968410
v 0.08554582 -1.28733456 -0.05090554
v 0.09596668 -1.28824639 -0.05609401
v 0.10860217 -1.28695357 -0.05939256
v 0.11734031 -1.28500450 -0.06372063
v 0.11166429 -1.28603828 -0.08078679
v 0.10301270 -1.28739381 -0.07586625
v 0.09179935 -1.28874409 -0.07219583
v 0.08299211 -1.28881252 -0.06721587
v 0.10683972 -1.28641891 -0.09058023
v 0.09317362 -1.28678668 -0.10138898
v 0.10126187 -1.28656662 -0.09786447
v 0.08543123 -1.28779161 -0.09860132
v 0.08258048 -1.28876162 -0.08870405
v 0.08212595 -1.28916192 -0.07838991
v 0.09016989 -1.28856766 -0.08146417
v 0.08928534 -1.28833818 -0.08884989
v 0.09957302 -1.28735912 -0.08499469
v -0.05715848 0.24817391 -0.01499540
v -0.01754236 0.25362226 0.08044991
v -0.01284304 0.25562194 0.08304995
v 0.09659885 -1.28725779 -0.09183540
v 0.08923313 -1.28785408 -0.09476630
v -0.00824224 0.25642174 0.08624948
v -0.00464265 0.25672194 0.08875062
v -0.00104161 0.25662169 0.09035066
v 0.09319484 -1.28730619 -0.09616373
v 0.11312568 -1.22137523 -0.03524599
v 0.09471489 -0.87374502 0.00839609
v 0.08164798 -0.87002748 0.00281811
v 0.00121068 0.16463795 0.03179359
v 0.00227820 0.32582811 0.08074335
v 0.00154225 0.17241432 0.03503247
v 0.00225790 0.22393073 0.07176068
v 0.00193440 0.40991509 -0.00205851
v 0.00216449 0.21643449 0.08536661
v 0.00226099 0.22852859 0.07426521
v 0.00215051 0.28552702 0.10033992
v 0.00225697 0.22103104 0.08468509
v 0.00216061 0.23172700 0.08935368
v 0.00216076 0.23732489 0.08725802
v 0.00216168 0.36291784 0.07004322
v 0.00215813 0.23502512 0.08886250
v 0.00235623 0.25892186 0.09084525
v 0.00215321 0.28151879 0.10364196
v 0.00226072 0.23882549 0.08585921
v 0.00211600 0.23107281 -0.07490798
v 0.00215407 0.22832544 0.08796827
v 0.00225627 0.23512606 0.07855985
v 0.00225669 0.23862511 0.08386418
v 0.00255176 0.24282180 0.07326103
v 0.00245818 0.25622129 0.09024979
v 0.00224341 0.30269787 0.08684415
v 0.00251902 0.26628524 -0.10385950
v 0.00214305 0.29979414 0.08924551
v 0.00206945 0.38771927 0.05092475
v 0.00217511 0.37322330 0.06402691
v 0.00215223 0.28942624 0.09724075
v 0.00255654 0.32679760 -0.12938119
v 0.00244942 0.34560719 -0.13219661
v 0.00215004 0.34550712 0.07620273
v 0.00214997 0.40561962 -0.06686319
v 0.00225284 0.27781877 0.10614342
v 0.00235327 0.26372117 0.09684847
v 0.00194690 0.40392396 0.02391453
v 0.00285349 0.29448327 -0.11748187
v 0.00225835 0.39281029 -0.09117370
v 0.00243830 0.24061537 0.08886148
v 0.00205203 0.40742332 0.01142056
v 0.00244987 0.23902059 0.08586228
v 0.00225162 0.26751935 0.10404434
v 0.00264396 0.27824235 -0.11178271
v 0.00255548 0.30738741 -0.12238324
v 0.00245281 0.24990487 0.09029023
v 0.00245881 0.25362134 0.08985005
v 0.00225648 0.40041932 -0.07945589
v 0.00228144 0.33242890 0.07964272
v 0.00245593 0.24771148 0.09128217
v 0.00226703 0.31152457 0.08184461
v 0.00232910 0.24510995 0.09156343
v 0.00082335 0.15711866 0.02851956
v 0.00234837 0.37040854 -0.11400043
v 0.00243267 0.24271207 0.09046257
v 0.00244757 0.24022059 0.08076459
v 0.00215652 0.29322121 0.09424990
v 0.00245083 0.24142149 0.07626188
v 0.00216032 0.35311997 0.07374757
v 0.00235502 0.26141977 0.09244387
v 0.00235458 0.26201937 0.09314384
v 0.00226682 0.30852425 0.08284415
v 0.00217090 0.38082206 0.05762836
v 0.00236876 0.31432548 0.08144464
v 0.00235344 0.26062384 0.09174442
v 0.00243875 0.36210606 -0.12323508
v 0.00205024 0.41021007 -0.04919331
v 0.00205824 0.41161126 -0.03568825
v 0.00224299 0.30549908 0.08464896
v 0.00214234 0.29679337 0.09155278
v 0.00219994 0.22352429 -0.07189818
v 0.00225156 0.27112043 0.10634649
v 0.00225164 0.27402025 0.10694591
v 0.00194526 0.39922279 0.03460965
v 0.00228720 0.25666684 -0.09716672
v 0.00205298 0.41161612 -0.01798477
v 0.00195304 0.39372072 0.04331341
v 0.00209361 0.24079828 -0.08246295
v 0.00237173 0.24936210 -0.09096099
v 0.00225131 0.26612040 0.10244653
v 0.00226750 0.31772724 0.08125008
v 0.00235200 0.26462039 0.09944666
v 0.00224202 0.38360888 -0.10212484
v 0.00235374 0.26282084 0.09464588
v 0.10973462 -0.87215668 0.00960427
v 0.12648027 -0.45137274 0.07410000
v 0.06363732 -0.22471015 0.06451556
v 0.07168439 -0.18537144 0.06207531
v 0.06686962 -0.20529261 0.06268303
v 0.12945880 -0.48265499 0.07615096
v 0.11506948 -0.15782663 0.02571689
v 0.09924301 0.00175474 0.06335708
v 0.00855552 0.27542382 0.08594771
v 0.06475608 0.24980989 0.01917045
v 0.06374810 0.24200282 0.01227127
v 0.06073707 0.23090382 0.01928473
v 0.06235341 0.23971082 0.02667262
v 0.05592219 0.22092032 0.02691430
v 0.05924821 0.23111616 0.03258453
v 0.04969084 0.21336052 0.03516397
v 0.05454248 0.22342502 0.03939819
v -0.00194658 0.26741588 0.10163716
v -0.00094627 0.26581573 0.09913696
v 0.04470136 0.20917593 0.04444644
v 0.04953125 0.21884693 0.04690632
v -0.01275205 0.30302149 0.06565776
v -0.00564419 0.26462233 0.08935148
v -0.00405007 0.28683043 0.09354387
v -0.01153679 0.30312264 0.06634090
v 0.03212459 0.20568386 0.06511817
v 0.03069770 0.20062402 0.06195754
v 0.02481954 0.19800094 0.06903390
v 0.02532838 0.20197107 0.07240252
v -0.00764619 0.26482102 0.08794761
v 0.01812695 0.19607203 0.07500274
v 0.01863027 0.19997196 0.07819875
v 0.01073398 0.19538231 0.07831911
v 0.01073566 0.19887921 0.08161316
v -0.00385771 0.29369721 0.08834902
v -0.00555678 0.30222154 0.07576384
v 0.01024502 0.20764290 0.08457755
v 0.01063778 0.20317785 0.08370706
v -0.00394401 0.29032418 0.09105447
v -0.01244633 0.26752073 0.08814684
v -0.01094615 0.26492068 0.08704697
v -0.00424678 0.27341923 0.10354438
v -0.00494450 0.27621692 0.10233979
v 0.01714407 0.20853503 0.08116567
v -0.00504654 0.27021581 0.10203692
v -0.00244688 0.26861572 0.10253671
v 0.01823376 0.20387226 0.07999294
v -0.01435240 0.30302134 0.06595812
v -0.02466206 0.30441830 0.05956681
v -0.00354674 0.27151665 0.10363878
v -0.00084750 0.26951692 0.10433922
v -0.01746206 0.30391985 0.06346901
v -0.01375657 0.30302191 0.06576570
v -0.00894581 0.27171832 0.09704220
v -0.00424289 0.30122459 0.08005475
v 0.02314274 0.21093652 0.07646530
v 0.02473254 0.20627102 0.07469662
v 0.03044244 0.21523051 0.07048964
v 0.03203222 0.21026398 0.06768994
v -0.01124651 0.27012005 0.09254566
v 0.03614785 0.22062680 0.06676451
v 0.03853866 0.21755314 0.06257102
v 0.01001698 0.19225337 0.07287780
v -0.01515989 0.30312100 0.06576854
v -0.01576111 0.30342048 0.06556894
v -0.00465140 0.28303128 0.09654196
v 0.01670246 0.19305941 0.06968438
v 0.02279340 0.19465803 0.06439064
v 0.02768698 0.19664265 0.05798476
v 0.03880061 0.20630690 0.05335878
v -0.01996141 0.30421913 0.06356711
v -0.00064587 0.26422259 0.09435134
v -0.00734550 0.27111673 0.09943905
v -0.00604624 0.27061576 0.10093689
v -0.00114502 0.26372328 0.09235349
v 0.03254476 0.19917312 0.04954813
v 0.03865808 0.20332080 0.04151905
v -0.00926612 0.30281967 0.06876791
v 0.04394049 0.20728415 0.03133702
v -0.00405581 0.29920232 0.08364161
v -0.00395768 0.29659873 0.08634413
v 0.05118166 0.21502447 0.02177258
v 0.05790899 0.22558928 0.01252738
v -0.00064593 0.26501578 0.09673709
v 0.06163852 0.23768535 0.00538764
v 0.06535238 0.24990892 0.00706977
v 0.01634817 0.21271956 0.08115374
v 0.00984973 0.21202588 0.08436327
v 0.02204525 0.21453321 0.07715860
v -0.00514375 0.27951735 0.09994087
v 0.02874465 0.21903072 0.07258210
v 0.03364831 0.22402704 0.06986444
v 0.03855149 0.23551977 0.06964973
v -0.00344448 0.26432368 0.09085444
v 0.03715070 0.22952144 0.06905469
v 0.03715403 0.24771966 0.07265690
v 0.03845226 0.24172080 0.07095913
v 0.04445469 0.25441846 0.06774255
v 0.04565485 0.24582045 0.06474666
v 0.04205285 0.24322246 0.06805419
v 0.00225133 0.26912019 0.10534607
v -0.00294695 0.26991573 0.10323677
v 0.04085436 0.25061935 0.07024716
v 0.04795656 0.25981930 0.06504888
v 0.04945443 0.25012070 0.06094718
v 0.00900282 0.19086547 0.06749779
v -0.02686543 0.31761372 0.07085937
v -0.02686834 0.31511384 0.06906267
v 0.01469432 0.19146325 0.06420118
v 0.01965626 0.19241196 0.05866691
v 0.02302300 0.19333020 0.05201661
v 0.02660159 0.19501457 0.04453951
v 0.03096434 0.19678423 0.03616507
v 0.03735820 0.20000142 0.02695598
v -0.01985708 0.32120934 0.07554151
v -0.00225249 0.32171822 0.08035092
v -0.00735114 0.32181084 0.07925075
v 0.04541253 0.20812076 0.01668197
v -0.02684556 0.31112286 0.06754839
v -0.02704583 0.30912170 0.06614561
v -0.02666298 0.31291676 0.06755839
v -0.02714575 0.30952179 0.06774586
v -0.02714553 0.31032231 0.06814684
v 0.05456871 0.22115891 0.00648466
v -0.02644618 0.31222272 0.06654873
v 0.05931306 0.23364379 -0.00047890
v -0.02644562 0.31202307 0.06644890
v 0.01868700 0.18836384 0.03732020
v -0.02486078 0.32021195 0.07305003
v 0.01585383 0.18948385 0.04373387
v 0.01331880 0.18984106 0.04943633
v -0.02654545 0.31172323 0.06674864
v -0.02724589 0.30872139 0.06434524
v 0.01084122 0.18963048 0.05409940
v -0.02804598 0.30672178 0.05994694
v 0.00714058 0.18914464 0.05321828
v 0.00227028 0.32172808 0.08094949
v -0.01865720 0.33250111 0.07758255
v -0.04774317 0.33061647 0.05583750
v 0.00644553 0.18721974 0.04435331
v -0.05044354 0.32501826 0.05313903
v 0.00799894 0.18430042 0.03970372
v -0.04385640 0.28913531 0.06033839
v -0.04637028 0.29022652 0.05794780
v -0.01595854 0.32620466 0.07886227
v 0.00962878 0.18031228 0.03651972
v 0.04034806 0.22762269 0.06565993
v 0.04355019 0.22663409 0.06116418
v 0.04555455 0.23642306 0.06215258
v 0.04945501 0.23922203 0.05745382
v -0.02415030 0.35260347 0.06855942
v -0.02884268 0.39771977 0.01681583
v -0.02235618 0.34519455 0.07180396
v -0.03615344 0.33701196 0.06584053
v 0.04744885 0.22743848 0.05566806
v -0.02913412 0.39381862 0.02652803
v 0.04205144 0.23542073 0.06625503
v 0.05274976 0.23073207 0.04877716
v 0.05395683 0.24372260 0.05196716
v 0.05345539 0.25572038 0.05715422
v 0.05756063 0.24891748 0.04736542
v -0.04344249 0.33521605 0.05993620
v 0.05715419 0.23622045 0.04227759
v -0.05114406 0.29542577 0.05105192
v -0.00417119 0.33869269 0.07804047
v -0.05286398 0.30081549 0.04876220
v 0.05715795 0.26001811 0.05296029
v -0.01207186 0.33869147 0.07733107
v -0.02485499 0.40461409 -0.04753431
v 0.06026188 0.26401338 0.04896362
v 0.06026180 0.25371423 0.04336248
v 0.06015619 0.24231802 0.03786977
v 0.04172742 0.21467514 0.05640606
v -0.01075306 0.31761178 0.07664189
v 0.06235775 0.24851534 0.03286238
v -0.03464178 0.28982767 0.06575877
v -0.03754181 0.28942755 0.06435805
v 0.06265860 0.26821396 0.04466002
v -0.02855799 0.40431541 -0.03613515
v -0.05005665 0.29303205 0.05313549
v -0.02784822 0.37071061 0.05662887
v -0.00695868 0.31081483 0.07445094
v -0.00846123 0.31381556 0.07475519
v -0.02855241 0.37771118 0.04963489
v 0.06246330 0.25881290 0.03875873
v 0.06505524 0.27371657 0.03926077
v 0.06505889 0.26471105 0.03125865
v -0.02893760 0.38381636 0.04242225
v 0.06465896 0.25641096 0.02476087
v 0.06695647 0.25811175 0.01077177
v -0.02885335 0.40071875 0.00560290
v -0.01826274 0.29292065 0.06860714
v 0.06203631 0.24812105 -0.01495134
v 0.02236109 0.25382930 0.08066783
v 0.01766214 0.25582924 0.08316804
v -0.05254421 0.31871969 0.05104117
v -0.05354254 0.31222335 0.04953867
v -0.02915918 0.40411797 -0.02194507
v -0.02766499 0.29061875 0.06797761
v -0.05356700 0.30641299 0.04876064
v -0.01336290 0.40661317 -0.05594464
v 0.01316159 0.25652793 0.08636504
v -0.04856689 0.29131612 0.05546561
v 0.00945495 0.25682920 0.08884904
v 0.00585406 0.25662768 0.09044551
v -0.02896127 0.33809897 0.07078605
v -0.03124176 0.29012716 0.06685849
v -0.00635848 0.30762094 0.07356381
v -0.01374660 0.29503053 0.06901507
v -0.01065162 0.29792115 0.06985526
v -0.02913537 0.38911769 0.03482574
v -0.00826804 0.30071899 0.07106885
v -0.00656199 0.30422005 0.07276525
v -0.02285048 0.29141212 0.06864785
v -0.02634737 0.36160752 0.06374089
v -0.02885403 0.40291756 -0.00759415
v -0.04075569 0.28923419 0.06254130
v 0.00205282 0.40771610 -0.05897256
v 0.00217721 0.33862880 0.07814693
v -0.00726608 0.30241919 0.07216733
v -0.01325465 0.32171029 0.07774541
v -0.02066714 0.33849046 0.07491847
v 0.00225816 0.22492826 0.08586844
v -0.02275170 0.24312134 0.07822932
v -0.02415236 0.24092145 0.07672013
v -0.02365359 0.23492132 0.07472001
v -0.01586136 0.24831674 0.08347420
v -0.02005947 0.24552028 0.08046752
v -0.01494818 0.22753285 0.08093897
v -0.02465598 0.23892063 0.07562155
v -0.00973686 0.22593112 0.08385183
v -0.02455449 0.23692113 0.07492042
v -0.00424738 0.22503047 0.08544572
v 0.00246002 0.25182337 0.09005460
v -0.00624192 0.25202033 0.08876359
v -0.00194821 0.25220504 0.09030875
v -0.01094001 0.25062424 0.08625510
v -0.02204966 0.23262228 0.07562455
v -0.01944668 0.23003013 0.07757099
v 0.00645095 0.26742131 0.10164139
v 0.00555211 0.26582071 0.09914300
v 0.01745991 0.30322632 0.06576812
v 0.01025541 0.26472208 0.08924840
v 0.00845007 0.28683084 0.09354173
v 0.01625888 0.30332869 0.06646840
v 0.01235730 0.26492208 0.08785151
v 0.00824256 0.29379734 0.08845037
v 0.01015453 0.30232888 0.07585058
v 0.00835593 0.29032394 0.09105606
v 0.01705761 0.26762104 0.08824942
v 0.01565797 0.26502153 0.08705050
v 0.00875174 0.27342156 0.10364291
v 0.00945026 0.27622411 0.10243940
v 0.00955161 0.27022058 0.10204048
v 0.00695046 0.26862136 0.10264051
v 0.01895990 0.30322617 0.06596847
v 0.02926037 0.30462226 0.05976431
v 0.00805066 0.27142152 0.10364061
v 0.00534958 0.26952198 0.10434071
v 0.02216023 0.30412331 0.06356575
v 0.01836022 0.30322525 0.06586752
v 0.01355248 0.27182332 0.09704299
v 0.00885302 0.30142972 0.08014772
v 0.01595478 0.27022436 0.09264939
v 0.01986011 0.30332473 0.06586700
v 0.02035992 0.30362368 0.06566554
v 0.00914941 0.28313091 0.09664024
v 0.02455988 0.30442294 0.06376410
v 0.00535289 0.26422244 0.09434570
v 0.01185265 0.27112168 0.09954257
v 0.01055232 0.27062044 0.10094055
v 0.00585330 0.26372221 0.09234565
v 0.01395475 0.30302981 0.06895647
v 0.00854540 0.29921231 0.08371171
v 0.00844427 0.29661092 0.08641087
v 0.00525290 0.26502067 0.09674355
v 0.00965039 0.27952582 0.10003873
v 0.00815403 0.26432249 0.09074667
v 0.00745028 0.26982129 0.10324014
v 0.03135741 0.31792641 0.07095767
v 0.03145541 0.31542611 0.06915697
v 0.02436373 0.32132518 0.07545114
v 0.00676182 0.32172841 0.08034766
v 0.01175437 0.32182491 0.07934902
v 0.03145637 0.31142533 0.06775878
v 0.03165671 0.30942553 0.06635916
v 0.03125634 0.31322527 0.06755864
v 0.03165663 0.30982527 0.06785861
v 0.03165632 0.31062531 0.06825864
v 0.03105660 0.31252560 0.06665935
v 0.03105686 0.31232551 0.06655926
v 0.02936039 0.32042485 0.07295334
v 0.03115674 0.31202561 0.06695943
v 0.03175687 0.30892563 0.06455950
v 0.03265705 0.30692524 0.06015864
v 0.02296695 0.33262944 0.07743724
v 0.05226823 0.33091778 0.05585555
v 0.05496425 0.32532158 0.05324885
v 0.04845825 0.28952703 0.06046045
v 0.05095958 0.29052317 0.05797139
v 0.02026278 0.32622591 0.07874391
v 0.02844260 0.35282823 0.06826132
v 0.03264400 0.39772725 0.01676804
v 0.02666090 0.34552932 0.07168893
v 0.04066814 0.33731541 0.06605667
v 0.03294741 0.39382672 0.02637215
v 0.04775297 0.33552808 0.05989181
v 0.05575489 0.29582718 0.05115990
v 0.00845170 0.33872566 0.07793879
v 0.05735692 0.30132541 0.04875677
v 0.01626093 0.33882365 0.07713996
v 0.02907046 0.40450934 -0.04737857
v 0.01535603 0.31762442 0.07665369
v 0.03935662 0.29013312 0.06586569
v 0.04225696 0.28973255 0.06446676
v 0.03266973 0.40421265 -0.03597376
v 0.05465193 0.29342678 0.05325757
v 0.03187786 0.37082401 0.05662839
v 0.01165626 0.31092501 0.07455422
v 0.01305640 0.31392509 0.07485436
v 0.03257667 0.37782320 0.04952803
v 0.03297163 0.38402316 0.04232420
v 0.03283932 0.40092346 0.00570569
v 0.02296128 0.29313001 0.06876978
v 0.05706434 0.31912175 0.05114983
v 0.05817220 0.31281880 0.04973298
v 0.03316651 0.40431425 -0.02177743
v 0.03225570 0.29093009 0.06796150
v 0.05806254 0.30691913 0.04885966
v 0.01755916 0.40651032 -0.05578378
v 0.05315739 0.29172397 0.05556848
v 0.03335650 0.33832952 0.07078906
v 0.03595667 0.29043254 0.06696226
v 0.01105696 0.30782607 0.07385476
v 0.01845980 0.29523113 0.06917175
v 0.01525748 0.29822931 0.06996252
v 0.03305068 0.38932490 0.03478069
v 0.01295418 0.30102980 0.07115421
v 0.01125643 0.30442706 0.07295497
v 0.02756358 0.29172456 0.06877491
v 0.03055095 0.36182362 0.06378098
v 0.03294039 0.40312126 -0.00739267
v 0.04535694 0.28962848 0.06266085
v 0.01185510 0.30272889 0.07225440
v 0.01775996 0.32172459 0.07785040
v 0.02497858 0.33872724 0.07493695
v 0.02755796 0.24332474 0.07836732
v 0.02885917 0.24112558 0.07686818
v 0.02835135 0.23502478 0.07486194
v 0.02076220 0.24842173 0.08345190
v 0.02486120 0.24572197 0.08055569
v 0.01944917 0.22762117 0.08105595
v 0.02945137 0.23912433 0.07576314
v 0.01424474 0.22592066 0.08397526
v 0.02925136 0.23702452 0.07506276
v 0.00854923 0.22512968 0.08545563
v 0.01116055 0.25212494 0.08875832
v 0.00686082 0.25222495 0.09025835
v 0.01586199 0.25082615 0.08636131
v 0.02674883 0.23272176 0.07576183
v 0.02405646 0.23012450 0.07777885
v 0.03295931 0.30502218 0.05476198
v -0.02836299 0.30482078 0.05443221
v 0.03125487 0.30521032 0.06762551
v 0.02975486 0.30521032 0.06712551
v 0.02825486 0.30521032 0.06632551
v 0.02705486 0.30521032 0.06532551
v 0.03135487 0.30551031 0.06762551
v 0.02975486 0.30581033 0.06712551
v 0.02835487 0.30611032 0.06632551
v 0.02725486 0.30631033 0.06532551
v 0.03145487 0.30591032 0.06762551
v 0.02995486 0.30641031 0.06712551
v 0.02865486 0.30701032 0.06632551
v 0.02755487 0.30741033 0.06532551
v 0.03155486 0.30611032 0.06762551
v 0.03025487 0.30701032 0.06712551
v 0.02905486 0.30781031 0.06632551
v 0.02805487 0.30841032 0.06532551
v 0.03175487 0.30641031 0.06762551
v 0.03065486 0.30751032 0.06712551
v 0.02965487 0.30851033 0.06632551
v 0.02885486 0.30931032 0.06522551
v 0.03205486 0.30661032 0.06762551
v 0.03115487 0.30791032 0.06702551
v 0.03035487 0.30911031 0.06622551
v 0.02965487 0.31011033 0.06522551
v 0.03225487 0.30671033 0.06762551
v 0.03175487 0.30821031 0.06702551
v 0.03115487 0.30951032 0.06622551
v 0.03065486 0.31061032 0.06522551
v 0.03265487 0.30681032 0.06762551
v 0.03225487 0.30841032 0.06702551
v 0.03205486 0.30981031 0.06622551
v 0.03175487 0.31091031 0.06522551
v 0.03295486 0.30691031 0.06762551
v 0.03295486 0.30841032 0.06702551
v 0.03295486 0.30991033 0.06622551
v 0.03295486 0.31101033 0.06522551
v 0.03325486 0.30681032 0.06762551
v 0.03355487 0.30841032 0.06702551
v 0.03385486 0.30981031 0.06622551
v 0.03405487 0.31091031 0.06522551
v 0.03355487 0.30671033 0.06762551
v 0.03415486 0.30821031 0.06712551
v 0.03465486 0.30951032 0.06632551
v 0.03515486 0.31061032 0.06522551
v 0.03385486 0.30661032 0.06762551
v 0.03465486 0.30791032 0.06712551
v 0.03545486 0.30911031 0.06632551
v 0.03615487 0.31001031 0.06532551
v 0.03405487 0.30641031 0.06762551
v 0.03515486 0.30751032 0.06712551
v 0.03615487 0.30851033 0.06632551
v 0.03705487 0.30931032 0.06532551
v 0.03425486 0.30611032 0.06762551
v 0.03555486 0.30701032 0.06712551
v 0.03675486 0.30781031 0.06632551
v 0.03775486 0.30841032 0.06532551
v 0.03445487 0.30581033 0.06762551
v 0.03585486 0.30641031 0.06712551
v 0.03725486 0.30701032 0.06632551
v 0.03835487 0.30741033 0.06532551
v 0.03455486 0.30551031 0.06762551
v 0.03605486 0.30581033 0.06712551
v 0.03745487 0.30611032 0.06642551
v 0.03865486 0.30631033 0.06542551
v 0.03455486 0.30521032 0.06762551
v 0.03615487 0.30521032 0.06712551
v 0.03755487 0.30521032 0.06642551
v 0.03875487 0.30521032 0.06542551
v 0.03455486 0.30491033 0.06762551
v 0.03605486 0.30461031 0.06722551
v 0.03745487 0.30431032 0.06642551
v 0.03865486 0.30401033 0.06542551
v 0.03445487 0.30461031 0.06762551
v 0.03585486 0.30401033 0.06722551
v 0.03715486 0.30341032 0.06642551
v 0.03835487 0.30291033 0.06542551
v 0.03425486 0.30431032 0.06762551
v 0.03555486 0.30341032 0.06722551
v 0.03675486 0.30261031 0.06642551
v 0.03775486 0.30191031 0.06552551
v 0.03405487 0.30411032 0.06762551
v 0.03515486 0.30291033 0.06722551
v 0.03615487 0.30191031 0.06652551
v 0.03705487 0.30101031 0.06552551
v 0.03385486 0.30391032 0.06762551
v 0.03465486 0.30251032 0.06722551
v 0.03545486 0.30131033 0.06652551
v 0.03615487 0.30031031 0.06552551
v 0.03355487 0.30371031 0.06762551
v 0.03415486 0.30221033 0.06722551
v 0.03465486 0.30091032 0.06652551
v 0.03515486 0.29971033 0.06552551
v 0.03325486 0.30361032 0.06762551
v 0.03355487 0.30211031 0.06722551
v 0.03385486 0.30061033 0.06652551
v 0.03405487 0.29941031 0.06552551
v 0.03295486 0.30361032 0.06762551
v 0.03295486 0.30201033 0.06722551
v 0.03295486 0.30051032 0.06652551
v 0.03295486 0.29931033 0.06552551
v 0.03255486 0.30361032 0.06762551
v 0.03225487 0.30211031 0.06722551
v 0.03205486 0.30061033 0.06652551
v 0.03175487 0.29941031 0.06552551
v 0.03225487 0.30371031 0.06762551
v 0.03165486 0.30221033 0.06722551
v 0.03115487 0.30091032 0.06652551
v 0.03065486 0.29971033 0.06552551
v 0.03205486 0.30391032 0.06762551
v 0.03115487 0.30251032 0.06722551
v 0.03035487 0.30131033 0.06642551
v 0.02965487 0.30031031 0.06552551
v 0.03175487 0.30411032 0.06762551
v 0.03065486 0.30291033 0.06722551
v 0.02965487 0.30191031 0.06642551
v 0.02875487 0.30101031 0.06552551
v 0.03155486 0.30431032 0.06762551
v 0.03025487 0.30341032 0.06722551
v 0.02905486 0.30261031 0.06642551
v 0.02805487 0.30191031 0.06542551
v 0.03295486 0.30521032 0.06782551
v 0.03145487 0.30461031 0.06762551
v 0.02995486 0.30401033 0.06712551
v 0.02865486 0.30341032 0.06642551
v 0.02755487 0.30291033 0.06542551
v 0.03135487 0.30491033 0.06762551
v 0.02975486 0.30461031 0.06712551
v 0.02835487 0.30431032 0.06642551
v 0.02725486 0.30401033 0.06542551
v 0.02595486 0.30511031 0.06452551
v 0.02415486 0.30511031 0.06302551
v 0.02255487 0.30511031 0.06112551
v 0.02145487 0.30501032 0.05892551
v 0.02075487 0.30491033 0.05662551
v 0.02045486 0.30491033 0.05422551
v 0.02075487 0.30481032 0.05172551
v 0.02145487 0.30471033 0.04942551
v 0.02265486 0.30471033 0.04722551
v 0.02425487 0.30461031 0.04532551
v 0.02615486 0.30461031 0.04382551
v 0.02825486 0.30451033 0.04262551
v 0.03065486 0.30451033 0.04192550
v 0.02605487 0.30651033 0.06442551
v 0.02425487 0.30681032 0.06302551
v 0.02275487 0.30711031 0.06112551
v 0.02165487 0.30731031 0.05892551
v 0.02095487 0.30731031 0.05652551
v 0.02075487 0.30731031 0.05412551
v 0.02095487 0.30721033 0.05172551
v 0.02165487 0.30701032 0.04932550
v 0.02285486 0.30671033 0.04722551
v 0.02435486 0.30641031 0.04532551
v 0.02625487 0.30591032 0.04382551
v 0.02835487 0.30551031 0.04262551
v 0.03065486 0.30501032 0.04192550
v 0.02645487 0.30791032 0.06442551
v 0.02475487 0.30851033 0.06292551
v 0.02335487 0.30911031 0.06102551
v 0.02225487 0.30951032 0.05882551
v 0.02165487 0.30971032 0.05652551
v 0.02145487 0.30971032 0.05402551
v 0.02165487 0.30951032 0.05162551
v 0.02235486 0.30921033 0.04932550
v 0.02345486 0.30871031 0.04712550
v 0.02485486 0.30801031 0.04522551
v 0.02665487 0.30731031 0.04372551
v 0.02865486 0.30641031 0.04262551
v 0.03085486 0.30551031 0.04192550
v 0.02715487 0.30911031 0.06442551
v 0.02555487 0.31011033 0.06292551
v 0.02435486 0.31091031 0.06102551
v 0.02335487 0.31151032 0.05882551
v 0.02275487 0.31181031 0.05642551
v 0.02265486 0.31191033 0.05402551
v 0.02285486 0.31171033 0.05152550
v 0.02345486 0.31121033 0.04922551
v 0.02435486 0.31051031 0.04712550
v 0.02565486 0.30961031 0.04522551
v 0.02725486 0.30851033 0.04372551
v 0.02905486 0.30721033 0.04262551
v 0.03105486 0.30591032 0.04192550
v 0.02795487 0.31011033 0.06442551
v 0.02665487 0.31141031 0.06292551
v 0.02565486 0.31251031 0.06092551
v 0.02485486 0.31321031 0.05872551
v 0.02435486 0.31371033 0.05642551
v 0.02415486 0.31381032 0.05392551
v 0.02435486 0.31351033 0.05152550
v 0.02485486 0.31301031 0.04922551
v 0.02565486 0.31211030 0.04702551
v 0.02675486 0.31091031 0.04522551
v 0.02815487 0.30951032 0.04372551
v 0.02965487 0.30791032 0.04262551
v 0.03135487 0.30631033 0.04192550
v 0.02905486 0.31101033 0.06432551
v 0.02805487 0.31251031 0.06282551
v 0.02715487 0.31381032 0.06092551
v 0.02655486 0.31471032 0.05872551
v 0.02615486 0.31521031 0.05642551
v 0.02605487 0.31531033 0.05392551
v 0.02625487 0.31511033 0.05152550
v 0.02665487 0.31441033 0.04912551
v 0.02725486 0.31341031 0.04702551
v 0.02815487 0.31201032 0.04522551
v 0.02915487 0.31041032 0.04372551
v 0.03045486 0.30851033 0.04262551
v 0.03175487 0.30661032 0.04192550
v 0.03025487 0.31171033 0.06432551
v 0.02955486 0.31331033 0.06282551
v 0.02895487 0.31471032 0.06092551
v 0.02855487 0.31571031 0.05872551
v 0.02825486 0.31631032 0.05632551
v 0.02825486 0.31651032 0.05392551
v 0.02835487 0.31621033 0.05152550
v 0.02865486 0.31551033 0.04912551
v 0.02905486 0.31431031 0.04702551
v 0.02965487 0.31281033 0.04512551
v 0.03035487 0.31101033 0.04362550
v 0.03125487 0.30901033 0.04252551
v 0.03215487 0.30681032 0.04192550
v 0.03155486 0.31211030 0.06432551
v 0.03125487 0.31381032 0.06282551
v 0.03095487 0.31531033 0.06092551
v 0.03075487 0.31641033 0.05872551
v 0.03055487 0.31701031 0.05632551
v 0.03055487 0.31721032 0.05392551
v 0.03065486 0.31691033 0.05152550
v 0.03075487 0.31611031 0.04912551
v 0.03105486 0.31491032 0.04702551
v 0.03135487 0.31331033 0.04512551
v 0.03175487 0.31141031 0.04362550
v 0.03215487 0.30931032 0.04252551
v 0.03255486 0.30691031 0.04192550
v 0.03295486 0.31221032 0.06432551
v 0.03295486 0.31401032 0.06282551
v 0.03295486 0.31551033 0.06092551
v 0.03295486 0.31661031 0.05872551
v 0.03295486 0.31731033 0.05632551
v 0.03305487 0.31751031 0.05392551
v 0.03305487 0.31711033 0.05152550
v 0.03305487 0.31641033 0.04912551
v 0.03305487 0.31511033 0.04702551
v 0.03305487 0.31351033 0.04512551
v 0.03305487 0.31161031 0.04362550
v 0.03305487 0.30941033 0.04252551
v 0.03305487 0.30701032 0.04192550
v 0.03435487 0.31211030 0.06432551
v 0.03465486 0.31381032 0.06282551
v 0.03495486 0.31531033 0.06092551
v 0.03525487 0.31641033 0.05872551
v 0.03535487 0.31701031 0.05642551
v 0.03545486 0.31721032 0.05392551
v 0.03545486 0.31691033 0.05152550
v 0.03525487 0.31611031 0.04912551
v 0.03505486 0.31491032 0.04702551
v 0.03475486 0.31331033 0.04522551
v 0.03445487 0.31141031 0.04372551
v 0.03395487 0.30931032 0.04262551
v 0.03355487 0.30691031 0.04192550
v 0.03565487 0.31171033 0.06442551
v 0.03635486 0.31331033 0.06292551
v 0.03695486 0.31471032 0.06092551
v 0.03735486 0.31571031 0.05872551
v 0.03765486 0.31631032 0.05642551
v 0.03775486 0.31651032 0.05392551
v 0.03775486 0.31621033 0.05152550
v 0.03745487 0.31551033 0.04922551
v 0.03705487 0.31431031 0.04702551
v 0.03645486 0.31281033 0.04522551
v 0.03575487 0.31101033 0.04372551
v 0.03485487 0.30901033 0.04262551
v 0.03395487 0.30681032 0.04192550
v 0.03685486 0.31101033 0.06442551
v 0.03785487 0.31251031 0.06292551
v 0.03875487 0.31371033 0.06102551
v 0.03935486 0.31471032 0.05882551
v 0.03975487 0.31521031 0.05642551
v 0.03995486 0.31531033 0.05402551
v 0.03985486 0.31511033 0.05152550
v 0.03945486 0.31441033 0.04922551
v 0.03885487 0.31341031 0.04712550
v 0.03795487 0.31201032 0.04522551
v 0.03695486 0.31041032 0.04372551
v 0.03575487 0.30851033 0.04262551
v 0.03445487 0.30661032 0.04192550
v 0.03795487 0.31011033 0.06442551
v 0.03915486 0.31141031 0.06292551
v 0.04035486 0.31241032 0.06102551
v 0.04115486 0.31321031 0.05882551
v 0.04165486 0.31361032 0.05652551
v 0.04185487 0.31381032 0.05402551
v 0.04165486 0.31351033 0.05162551
v 0.04115486 0.31291032 0.04932550
v 0.04035486 0.31211030 0.04712550
v 0.03925487 0.31091031 0.04522551
v 0.03795487 0.30951032 0.04372551
v 0.03645486 0.30791032 0.04262551
v 0.03475486 0.30621031 0.04192550
v 0.03875487 0.30911031 0.06442551
v 0.04025486 0.31001031 0.06302551
v 0.04155486 0.31091031 0.06112551
v 0.04255486 0.31141031 0.05892551
v 0.04315487 0.31181031 0.05652551
v 0.04335486 0.31181031 0.05412551
v 0.04325487 0.31161031 0.05172551
v 0.04265486 0.31121033 0.04932550
v 0.04165486 0.31051031 0.04722551
v 0.04035486 0.30951032 0.04532551
v 0.03885487 0.30841032 0.04382551
v 0.03705487 0.30721033 0.04262551
v 0.03505486 0.30591032 0.04192550
v 0.03945486 0.30781031 0.06452551
v 0.04115486 0.30851033 0.06302551
v 0.04255486 0.30901033 0.06112551
v 0.04365487 0.30941033 0.05892551
v 0.04435486 0.30961031 0.05662551
v 0.04455487 0.30971032 0.05422551
v 0.04435486 0.30951032 0.05172551
v 0.04365487 0.30921033 0.04942551
v 0.04265486 0.30871031 0.04722551
v 0.04125486 0.30801031 0.04532551
v 0.03945486 0.30721033 0.04382551
v 0.03745487 0.30641031 0.04262551
v 0.03535487 0.30551031 0.04192550
v 0.03985486 0.30651033 0.06452551
v 0.04165486 0.30681032 0.06312551
v 0.04315487 0.30711031 0.06122551
v 0.04425486 0.30721033 0.05902551
v 0.04505487 0.30731031 0.05672551
v 0.04525486 0.30731031 0.05422551
v 0.04505487 0.30721033 0.05182551
v 0.04435486 0.30701032 0.04942551
v 0.04325487 0.30671033 0.04732551
v 0.04175486 0.30631033 0.04542550
v 0.03985486 0.30591032 0.04382551
v 0.03775486 0.30551031 0.04272550
v 0.03545486 0.30501032 0.04202551
v 0.03995486 0.30511031 0.06452551
v 0.04175486 0.30511031 0.06312551
v 0.04335486 0.30501032 0.06122551
v 0.04455487 0.30501032 0.05912551
v 0.04525486 0.30491033 0.05672551
v 0.04545487 0.30481032 0.05432551
v 0.04525486 0.30481032 0.05182551
v 0.04455487 0.30471033 0.04952551
v 0.04345486 0.30461031 0.04732551
v 0.04185487 0.30461031 0.04542550
v 0.03995486 0.30461031 0.04392551
v 0.03785487 0.30451033 0.04272550
v 0.03555486 0.30451033 0.04202551
v 0.03985486 0.30371031 0.06462551
v 0.04165486 0.30331030 0.06322551
v 0.04315487 0.30301031 0.06132551
v 0.04425486 0.30271032 0.05912551
v 0.04505487 0.30251032 0.05682551
v 0.04525486 0.30241030 0.05442551
v 0.04505487 0.30241030 0.05192551
v 0.04435486 0.30241030 0.04962551
v 0.04325487 0.30261031 0.04742551
v 0.04175486 0.30291033 0.04552551
v 0.03985486 0.30321032 0.04392551
v 0.03775486 0.30361032 0.04272550
v 0.03545486 0.30401033 0.04202551
v 0.03945486 0.30241030 0.06462551
v 0.04115486 0.30171031 0.06322551
v 0.04255486 0.30101031 0.06132551
v 0.04365487 0.30051032 0.05922551
v 0.04435486 0.30021033 0.05682551
v 0.04455487 0.30001032 0.05442551
v 0.04435486 0.30001032 0.05202550
v 0.04365487 0.30021033 0.04962551
v 0.04265486 0.30061033 0.04742551
v 0.04125486 0.30121031 0.04552551
v 0.03945486 0.30191031 0.04392551
v 0.03745487 0.30271032 0.04272550
v 0.03535487 0.30361032 0.04202551
v 0.03875487 0.30121031 0.06462551
v 0.04025486 0.30011031 0.06322551
v 0.04155486 0.29921031 0.06142551
v 0.04255486 0.29851031 0.05922551
v 0.04315487 0.29801032 0.05692551
v 0.04335486 0.29781032 0.05452551
v 0.04315487 0.29791033 0.05202550
v 0.04265486 0.29821032 0.04972551
v 0.04165486 0.29881033 0.04752551
v 0.04035486 0.29961032 0.04552551
v 0.03885487 0.30071032 0.04402550
v 0.03705487 0.30181032 0.04282551
v 0.03505486 0.30311033 0.04202551
v 0.03785487 0.30011031 0.06472551
v 0.03915486 0.29881033 0.06332551
v 0.04025486 0.29761031 0.06142551
v 0.04115486 0.29671031 0.05932551
v 0.04165486 0.29621032 0.05692551
v 0.04185487 0.29591033 0.05452551
v 0.04165486 0.29601032 0.05212551
v 0.04115486 0.29651031 0.04972551
v 0.04035486 0.29721031 0.04752551
v 0.03925487 0.29831031 0.04562551
v 0.03795487 0.29961032 0.04402550
v 0.03645486 0.30111033 0.04282551
v 0.03475486 0.30281031 0.04202551
v 0.03685486 0.29931033 0.06472551
v 0.03785487 0.29771033 0.06332551
v 0.03875487 0.29631031 0.06142551
v 0.03935486 0.29531032 0.05932551
v 0.03975487 0.29461032 0.05702551
v 0.03995486 0.29441032 0.05452551
v 0.03985486 0.29451030 0.05212551
v 0.03945486 0.29501033 0.04972551
v 0.03875487 0.29591033 0.04752551
v 0.03795487 0.29721031 0.04562551
v 0.03695486 0.29871032 0.04402550
v 0.03575487 0.30051032 0.04282551
v 0.03445487 0.30251032 0.04202551
v 0.03305487 0.30451033 0.04172551
v 0.03565487 0.29861033 0.06472551
v 0.03635486 0.29691032 0.06332551
v 0.03695486 0.29541031 0.06142551
v 0.03735486 0.29421031 0.05932551
v 0.03765486 0.29351032 0.05702551
v 0.03775486 0.29321033 0.05462551
v 0.03765486 0.29341033 0.05212551
v 0.03745487 0.29401031 0.04972551
v 0.03705487 0.29501033 0.04762550
v 0.03645486 0.29641032 0.04562551
v 0.03575487 0.29811031 0.04402550
v 0.03485487 0.30011031 0.04282551
v 0.03395487 0.30221033 0.04202551
v 0.03425486 0.29821032 0.06472551
v 0.03465486 0.29641032 0.06332551
v 0.03495486 0.29481032 0.06142551
v 0.03525487 0.29361030 0.05932551
v 0.03535487 0.29281032 0.05702551
v 0.03545486 0.29251033 0.05462551
v 0.03535487 0.29271033 0.05212551
v 0.03525487 0.29331031 0.04972551
v 0.03505486 0.29441032 0.04762550
v 0.03475486 0.29591033 0.04562551
v 0.03445487 0.29771033 0.04402550
v 0.03395487 0.29981032 0.04282551
v 0.03355487 0.30211031 0.04202551
v 0.03295486 0.29811031 0.06472551
v 0.03295486 0.29621032 0.06332551
v 0.03295486 0.29461032 0.06142551
v 0.03295486 0.29331031 0.05932551
v 0.03295486 0.29261032 0.05702551
v 0.03295486 0.29231033 0.05462551
v 0.03295486 0.29241031 0.05212551
v 0.03305487 0.29311031 0.04972551
v 0.03305487 0.29421031 0.04762550
v 0.03305487 0.29571033 0.04562551
v 0.03305487 0.29761031 0.04402550
v 0.03305487 0.29971033 0.04282551
v 0.03305487 0.30211031 0.04202551
v 0.03155486 0.29821032 0.06472551
v 0.03125487 0.29641032 0.06332551
v 0.03095487 0.29481032 0.06142551
v 0.03075487 0.29361030 0.05932551
v 0.03055487 0.29281032 0.05702551
v 0.03055487 0.29251033 0.05452551
v 0.03065486 0.29271033 0.05212551
v 0.03075487 0.29331031 0.04972551
v 0.03095487 0.29441032 0.04752551
v 0.03135487 0.29591033 0.04562551
v 0.03165486 0.29771033 0.04402550
v 0.03215487 0.29981032 0.04282551
v 0.03255486 0.30211031 0.04202551
v 0.03025487 0.29861033 0.06472551
v 0.02955486 0.29691032 0.06332551
v 0.02895487 0.29541031 0.06142551
v 0.02855487 0.29421031 0.05932551
v 0.02825486 0.29351032 0.05692551
v 0.02825486 0.29321033 0.05452551
v 0.02835487 0.29341033 0.05212551
v 0.02855487 0.29401031 0.04972551
v 0.02905486 0.29501033 0.04752551
v 0.02965487 0.29641032 0.04562551
v 0.03035487 0.29811031 0.04402550
v 0.03125487 0.30011031 0.04282551
v 0.03215487 0.30221033 0.04202551
v 0.02905486 0.29931033 0.06462551
v 0.02805487 0.29771033 0.06322551
v 0.02715487 0.29631031 0.06142551
v 0.02655486 0.29531032 0.05922551
v 0.02615486 0.29471031 0.05692551
v 0.02605487 0.29441032 0.05452551
v 0.02615486 0.29451030 0.05202550
v 0.02655486 0.29501033 0.04972551
v 0.02725486 0.29601032 0.04752551
v 0.02815487 0.29721031 0.04552551
v 0.02915487 0.29871032 0.04402550
v 0.03035487 0.30051032 0.04282551
v 0.03175487 0.30251032 0.04202551
v 0.02795487 0.30011031 0.06462551
v 0.02665487 0.29881033 0.06322551
v 0.02555487 0.29761031 0.06132551
v 0.02475487 0.29681033 0.05922551
v 0.02435486 0.29621032 0.05682551
v 0.02415486 0.29601032 0.05442551
v 0.02435486 0.29611033 0.05202550
v 0.02485486 0.29651031 0.04962551
v 0.02565486 0.29731032 0.04742551
v 0.02675486 0.29831031 0.04552551
v 0.02815487 0.29961032 0.04392551
v 0.02965487 0.30111033 0.04272550
v 0.03135487 0.30281031 0.04202551
v 0.02705486 0.30121031 0.06462551
v 0.02555487 0.30021033 0.06322551
v 0.02435486 0.29921031 0.06132551
v 0.02335487 0.29851031 0.05912551
v 0.02275487 0.29811031 0.05682551
v 0.02255487 0.29791033 0.05442551
v 0.02285486 0.29791033 0.05192551
v 0.02345486 0.29831031 0.04962551
v 0.02435486 0.29891032 0.04742551
v 0.02565486 0.29971033 0.04552551
v 0.02725486 0.30071032 0.04392551
v 0.02905486 0.30191031 0.04272550
v 0.03105486 0.30311033 0.04202551
v 0.02645487 0.30241030 0.06452551
v 0.02475487 0.30171031 0.06312551
v 0.02335487 0.30101031 0.06122551
v 0.02225487 0.30051032 0.05912551
v 0.02165487 0.30021033 0.05672551
v 0.02145487 0.30001032 0.05432551
v 0.02165487 0.30011031 0.05182551
v 0.02235486 0.30031031 0.04952551
v 0.02345486 0.30071032 0.04732551
v 0.02485486 0.30121031 0.04542550
v 0.02665487 0.30191031 0.04392551
v 0.02865486 0.30271032 0.04272550
v 0.03085486 0.30361032 0.04202551
v 0.02605487 0.30381033 0.06452551
v 0.02425487 0.30341032 0.06312551
v 0.02275487 0.30301031 0.06122551
v 0.02165487 0.30271032 0.05902551
v 0.02095487 0.30251032 0.05672551
v 0.02075487 0.30241030 0.05422551
v 0.02095487 0.30241030 0.05182551
v 0.02165487 0.30251032 0.04942551
v 0.02285486 0.30261031 0.04732551
v 0.02435486 0.30291033 0.04542550
v 0.02625487 0.30321032 0.04382551
v 0.02835487 0.30361032 0.04272550
v 0.03065486 0.30401033 0.04202551
v -0.02954514 0.30511031 0.06772551
v -0.03114513 0.30511031 0.06732551
v -0.03264514 0.30511031 0.06652551
v -0.03384513 0.30511031 0.06562551
v -0.02954514 0.30541033 0.06772551
v -0.03104514 0.30571032 0.06732551
v -0.03254513 0.30601031 0.06652551
v -0.03374513 0.30621031 0.06552551
v -0.02944514 0.30571032 0.06772551
v -0.03094514 0.30631033 0.06722551
v -0.03224514 0.30691031 0.06652551
v -0.03344513 0.30731031 0.06552551
v -0.02924514 0.30601031 0.06772551
v -0.03064514 0.30691031 0.06722551
v -0.03184514 0.30771032 0.06642551
v -0.03284514 0.30831033 0.06542551
v -0.02904514 0.30631033 0.06772551
v -0.03024513 0.30741033 0.06722551
v -0.03124514 0.30841032 0.06642551
v -0.03214514 0.30921033 0.06542551
v -0.02884513 0.30651033 0.06772551
v -0.02974514 0.30781031 0.06722551
v -0.03054514 0.30891031 0.06642551
v -0.03124514 0.30991033 0.06532551
v -0.02854514 0.30661032 0.06762551
v -0.02914513 0.30811033 0.06712551
v -0.02974514 0.30941033 0.06632551
v -0.03024513 0.31041032 0.06532551
v -0.02824513 0.30671033 0.06762551
v -0.02854514 0.30821031 0.06712551
v -0.02884513 0.30961031 0.06632551
v -0.02914513 0.31081033 0.06532551
v -0.02794514 0.30681032 0.06762551
v -0.02794514 0.30831033 0.06712551
v -0.02794514 0.30971032 0.06632551
v -0.02794514 0.31091031 0.06522551
v -0.02764514 0.30671033 0.06762551
v -0.02734513 0.30821031 0.06712551
v -0.02704514 0.30961031 0.06632551
v -0.02684514 0.31081033 0.06522551
v -0.02734513 0.30661032 0.06762551
v -0.02674513 0.30811033 0.06712551
v -0.02614514 0.30941033 0.06632551
v -0.02574514 0.31041032 0.06522551
v -0.02704514 0.30651033 0.06762551
v -0.02614514 0.30781031 0.06712551
v -0.02534513 0.30891031 0.06632551
v -0.02474513 0.30991033 0.06522551
v -0.02674513 0.30631033 0.06762551
v -0.02564513 0.30741033 0.06712551
v -0.02464514 0.30831033 0.06632551
v -0.02384513 0.30921033 0.06522551
v -0.02654514 0.30601031 0.06762551
v -0.02524514 0.30691031 0.06712551
v -0.02414514 0.30761033 0.06632551
v -0.02314513 0.30831033 0.06522551
v -0.02644513 0.30571032 0.06762551
v -0.02494513 0.30631033 0.06712551
v -0.02364513 0.30681032 0.06632551
v -0.02254513 0.30731031 0.06532551
v -0.02634514 0.30541033 0.06772551
v -0.02484514 0.30571032 0.06712551
v -0.02344513 0.30601031 0.06632551
v -0.02224513 0.30621031 0.06532551
v -0.02634514 0.30511031 0.06772551
v -0.02474513 0.30511031 0.06722551
v -0.02334513 0.30511031 0.06642551
v -0.02214514 0.30501032 0.06532551
v -0.02634514 0.30481032 0.06772551
v -0.02484514 0.30451033 0.06722551
v -0.02344513 0.30421031 0.06642551
v -0.02224513 0.30391032 0.06542551
v -0.02644513 0.30451033 0.06772551
v -0.02494513 0.30391032 0.06722551
v -0.02364513 0.30331030 0.06642551
v -0.02254513 0.30281031 0.06542551
v -0.02654514 0.30421031 0.06772551
v -0.02524514 0.30331030 0.06722551
v -0.02414514 0.30251032 0.06652551
v -0.02314513 0.30181032 0.06552551
v -0.02674513 0.30401033 0.06772551
v -0.02564513 0.30281031 0.06732551
v -0.02464514 0.30181032 0.06652551
v -0.02384513 0.30091032 0.06552551
v -0.02704514 0.30381033 0.06772551
v -0.02614514 0.30241030 0.06732551
v -0.02544514 0.30121031 0.06662551
v -0.02474513 0.30021033 0.06562551
v -0.02734513 0.30361032 0.06772551
v -0.02674513 0.30211031 0.06732551
v -0.02624513 0.30081031 0.06662551
v -0.02574514 0.29961032 0.06562551
v -0.02764514 0.30351031 0.06782551
v -0.02734513 0.30201033 0.06732551
v -0.02704514 0.30051032 0.06662551
v -0.02684514 0.29931033 0.06572551
v -0.02794514 0.30351031 0.06782551
v -0.02794514 0.30191031 0.06732551
v -0.02794514 0.30041033 0.06662551
v -0.02804513 0.29921031 0.06572551
v -0.02824513 0.30351031 0.06782551
v -0.02854514 0.30201033 0.06742551
v -0.02884513 0.30051032 0.06662551
v -0.02914513 0.29931033 0.06572551
v -0.02854514 0.30361032 0.06782551
v -0.02914513 0.30221033 0.06742551
v -0.02974514 0.30081031 0.06662551
v -0.03024513 0.29961032 0.06572551
v -0.02884513 0.30381033 0.06782551
v -0.02974514 0.30251032 0.06742551
v -0.03054514 0.30121031 0.06662551
v -0.03124514 0.30021033 0.06572551
v -0.02904514 0.30401033 0.06782551
v -0.03024513 0.30291033 0.06732551
v -0.03124514 0.30181032 0.06662551
v -0.03214514 0.30091032 0.06572551
v -0.02934513 0.30421031 0.06782551
v -0.03064514 0.30331030 0.06732551
v -0.03184514 0.30251032 0.06662551
v -0.03284514 0.30181032 0.06572551
v -0.02794514 0.30511031 0.06792551
v -0.02944514 0.30451033 0.06772551
v -0.03094514 0.30391032 0.06732551
v -0.03224514 0.30331030 0.06662551
v -0.03344513 0.30281031 0.06562551
v -0.02954514 0.30481032 0.06772551
v -0.03104514 0.30451033 0.06732551
v -0.03254513 0.30421031 0.06662551
v -0.03374513 0.30391032 0.06562551
v -0.03504514 0.30501032 0.06472551
v -0.03694513 0.30501032 0.06332551
v -0.03854514 0.30491033 0.06152551
v -0.03974514 0.30481032 0.05932551
v -0.04054514 0.30471033 0.05702551
v -0.04084513 0.30471033 0.05452551
v -0.04064514 0.30461031 0.05212551
v -0.04004513 0.30451033 0.04972551
v -0.03894514 0.30441031 0.04752551
v -0.03744514 0.30431032 0.04562551
v -0.03554513 0.30421031 0.04402550
v -0.03344513 0.30421031 0.04282551
v -0.03114513 0.30421031 0.04212551
v -0.03494514 0.30641031 0.06472551
v -0.03674514 0.30671033 0.06332551
v -0.03834514 0.30691031 0.06142551
v -0.03954513 0.30711031 0.05922551
v -0.04034513 0.30711031 0.05692551
v -0.04064514 0.30711031 0.05442551
v -0.04044513 0.30701032 0.05202550
v -0.03984514 0.30671033 0.04962551
v -0.03874514 0.30641031 0.04752551
v -0.03724514 0.30601031 0.04552551
v -0.03544514 0.30561033 0.04402550
v -0.03334513 0.30511031 0.04282551
v -0.03104514 0.30461031 0.04212551
v -0.03454514 0.30771032 0.06462551
v -0.03624514 0.30841032 0.06322551
v -0.03774513 0.30891031 0.06132551
v -0.03884514 0.30931032 0.05912551
v -0.03964514 0.30941033 0.05682551
v -0.03984514 0.30941033 0.05432551
v -0.03974514 0.30931032 0.05192551
v -0.03914513 0.30891031 0.04952551
v -0.03814513 0.30841032 0.04742551
v -0.03674514 0.30771032 0.04552551
v -0.03504514 0.30691031 0.04392551
v -0.03304514 0.30601031 0.04282551
v -0.03094514 0.30511031 0.04202551
v -0.03384513 0.30891031 0.06462551
v -0.03544514 0.30991033 0.06312551
v -0.03674514 0.31071031 0.06122551
v -0.03784513 0.31131032 0.05902551
v -0.03844514 0.31161031 0.05672551
v -0.03874514 0.31161031 0.05422551
v -0.03854514 0.31141031 0.05182551
v -0.03804514 0.31091031 0.04942551
v -0.03714514 0.31021032 0.04732551
v -0.03594513 0.30921033 0.04542550
v -0.03434514 0.30811033 0.04392551
v -0.03264514 0.30691031 0.04272550
v -0.03064514 0.30551031 0.04202551
v -0.03294513 0.31001031 0.06452551
v -0.03434514 0.31121033 0.06302551
v -0.03544514 0.31231031 0.06112551
v -0.03634514 0.31301031 0.05892551
v -0.03694513 0.31341031 0.05662551
v -0.03714514 0.31351033 0.05412551
v -0.03704514 0.31321031 0.05172551
v -0.03664514 0.31261033 0.04942551
v -0.03584514 0.31171033 0.04722551
v -0.03484514 0.31061032 0.04532551
v -0.03354514 0.30921033 0.04382551
v -0.03204513 0.30761033 0.04272550
v -0.03034514 0.30591032 0.04202551
v -0.03194514 0.31091031 0.06452551
v -0.03294513 0.31231031 0.06302551
v -0.03384513 0.31361032 0.06102551
v -0.03454514 0.31441033 0.05882551
v -0.03504514 0.31491032 0.05652551
v -0.03524514 0.31501031 0.05402551
v -0.03514513 0.31481031 0.05162551
v -0.03484514 0.31411031 0.04932550
v -0.03424513 0.31301031 0.04712550
v -0.03344513 0.31171033 0.04532551
v -0.03244513 0.31001031 0.04372551
v -0.03124514 0.30821031 0.04262551
v -0.03004513 0.30621031 0.04202551
v -0.03074514 0.31151032 0.06442551
v -0.03144514 0.31311032 0.06292551
v -0.03204513 0.31451032 0.06102551
v -0.03254513 0.31551033 0.05882551
v -0.03294513 0.31611031 0.05642551
v -0.03304514 0.31621033 0.05392551
v -0.03304514 0.31591031 0.05152550
v -0.03284514 0.31511033 0.04922551
v -0.03244513 0.31401032 0.04712550
v -0.03194514 0.31251031 0.04522551
v -0.03124514 0.31071031 0.04372551
v -0.03044513 0.30861032 0.04262551
v -0.02954514 0.30641031 0.04202551
v -0.02934513 0.31191033 0.06442551
v -0.02974514 0.31361032 0.06292551
v -0.03014514 0.31511033 0.06092551
v -0.03044513 0.31621033 0.05872551
v -0.03064514 0.31681031 0.05632551
v -0.03074514 0.31691033 0.05392551
v -0.03074514 0.31661031 0.05142551
v -0.03064514 0.31581032 0.04912551
v -0.03054514 0.31461033 0.04702551
v -0.03024513 0.31301031 0.04522551
v -0.02994514 0.31101033 0.04372551
v -0.02954514 0.30891031 0.04262551
v -0.02914513 0.30651033 0.04192550
v -0.02804513 0.31201032 0.06432551
v -0.02804513 0.31381032 0.06282551
v -0.02804513 0.31531033 0.06092551
v -0.02814514 0.31641033 0.05862551
v -0.02824513 0.31701031 0.05632551
v -0.02824513 0.31711033 0.05382551
v -0.02834514 0.31681031 0.05142551
v -0.02844513 0.31601033 0.04912551
v -0.02844513 0.31481031 0.04692551
v -0.02854514 0.31311032 0.04512551
v -0.02854514 0.31121033 0.04362550
v -0.02864513 0.30901033 0.04262551
v -0.02864513 0.30661032 0.04192550
v -0.02664513 0.31191033 0.06432551
v -0.02634514 0.31361032 0.06282551
v -0.02604513 0.31511033 0.06082551
v -0.02584513 0.31611031 0.05862551
v -0.02584513 0.31671032 0.05622551
v -0.02584513 0.31691033 0.05382551
v -0.02594514 0.31661031 0.05142551
v -0.02614514 0.31581032 0.04902551
v -0.02644513 0.31461033 0.04692551
v -0.02684514 0.31301031 0.04512551
v -0.02724514 0.31101033 0.04362550
v -0.02764514 0.30891031 0.04252551
v -0.02814514 0.30651033 0.04192550
v -0.02534513 0.31151032 0.06432551
v -0.02464514 0.31311032 0.06282551
v -0.02414514 0.31451032 0.06082551
v -0.02374514 0.31551033 0.05862551
v -0.02354514 0.31601033 0.05622551
v -0.02344513 0.31621033 0.05382551
v -0.02364513 0.31591031 0.05132551
v -0.02394514 0.31511033 0.04902551
v -0.02444513 0.31401032 0.04692551
v -0.02514513 0.31251031 0.04512551
v -0.02594514 0.31061032 0.04362550
v -0.02674513 0.30861032 0.04252551
v -0.02774513 0.30641031 0.04192550
v -0.02404513 0.31081033 0.06432551
v -0.02314513 0.31231031 0.06282551
v -0.02224513 0.31351033 0.06082551
v -0.02174514 0.31441033 0.05862551
v -0.02134514 0.31491032 0.05622551
v -0.02134514 0.31501031 0.05382551
v -0.02154514 0.31471032 0.05132551
v -0.02194514 0.31401032 0.04902551
v -0.02264514 0.31301031 0.04692551
v -0.02364513 0.31161031 0.04512551
v -0.02474513 0.31001031 0.04362550
v -0.02594514 0.30821031 0.04252551
v -0.02724514 0.30621031 0.04192550
v -0.02304514 0.31001031 0.06432551
v -0.02174514 0.31121033 0.06282551
v -0.02074513 0.31221032 0.06082551
v -0.01994514 0.31301031 0.05862551
v -0.01954514 0.31341031 0.05622551
v -0.01944513 0.31341031 0.05382551
v -0.01964513 0.31321031 0.05142551
v -0.02024514 0.31261033 0.04902551
v -0.02114513 0.31171033 0.04692551
v -0.02224513 0.31051031 0.04512551
v -0.02364513 0.30911031 0.04362550
v -0.02524514 0.30761033 0.04252551
v -0.02694513 0.30591032 0.04192550
v -0.02214514 0.30891031 0.06432551
v -0.02064514 0.30981031 0.06282551
v -0.01944513 0.31061032 0.06092551
v -0.01854513 0.31121033 0.05872551
v -0.01794514 0.31151032 0.05632551
v -0.01784513 0.31151032 0.05382551
v -0.01814513 0.31131032 0.05142551
v -0.01874513 0.31081033 0.04912551
v -0.01984513 0.31011033 0.04702551
v -0.02114513 0.30921033 0.04512551
v -0.02274513 0.30811033 0.04362550
v -0.02464514 0.30681032 0.04262551
v -0.02664513 0.30551031 0.04192550
v -0.02154514 0.30771032 0.06442551
v -0.01984513 0.30831033 0.06292551
v -0.01844514 0.30881032 0.06092551
v -0.01744513 0.30921033 0.05872551
v -0.01684514 0.30941033 0.05632551
v -0.01674513 0.30941033 0.05392551
v -0.01694514 0.30921033 0.05152550
v -0.01774514 0.30881032 0.04912551
v -0.01884514 0.30831033 0.04702551
v -0.02034513 0.30761033 0.04522551
v -0.02214514 0.30691031 0.04372551
v -0.02414514 0.30601031 0.04262551
v -0.02634514 0.30511031 0.04192550
v -0.02114513 0.30641031 0.06442551
v -0.01934514 0.30671033 0.06292551
v -0.01784513 0.30691031 0.06102551
v -0.01674513 0.30701032 0.05882551
v -0.01614513 0.30711031 0.05642551
v -0.01594513 0.30701032 0.05402551
v -0.01634513 0.30691031 0.05152550
v -0.01704513 0.30671033 0.04922551
v -0.01824514 0.30641031 0.04712550
v -0.01984513 0.30601031 0.04522551
v -0.02174514 0.30561033 0.04372551
v -0.02394514 0.30511031 0.04262551
v -0.02624513 0.30461031 0.04202551
v -0.02094513 0.30501032 0.06452551
v -0.01914514 0.30491033 0.06302551
v -0.01764513 0.30481032 0.06112551
v -0.01654513 0.30481032 0.05892551
v -0.01594513 0.30471033 0.05652551
v -0.01574514 0.30461031 0.05412551
v -0.01604514 0.30451033 0.05162551
v -0.01684514 0.30441031 0.04932550
v -0.01804514 0.30431032 0.04722551
v -0.01964513 0.30431032 0.04532551
v -0.02164513 0.30421031 0.04382551
v -0.02384513 0.30421031 0.04262551
v -0.02624513 0.30411032 0.04202551
v -0.02114513 0.30361032 0.06452551
v -0.01934514 0.30321032 0.06312551
v -0.01784513 0.30281031 0.06112551
v -0.01684514 0.30251032 0.05902551
v -0.01614513 0.30231032 0.05662551
v -0.01604514 0.30211031 0.05422551
v -0.01634513 0.30211031 0.05172551
v -0.01704513 0.30211031 0.04942551
v -0.01824514 0.30231032 0.04722551
v -0.01984513 0.30251032 0.04542550
v -0.02174514 0.30281031 0.04382551
v -0.02394514 0.30321032 0.04272550
v -0.02624513 0.30371031 0.04202551
v -0.02154514 0.30231032 0.06462551
v -0.01984513 0.30151033 0.06312551
v -0.01844514 0.30091032 0.06122551
v -0.01744513 0.30031031 0.05912551
v -0.01684514 0.30001032 0.05672551
v -0.01674513 0.29981032 0.05432551
v -0.01704513 0.29981032 0.05182551
v -0.01774514 0.30001032 0.04952551
v -0.01884514 0.30031031 0.04732551
v -0.02034513 0.30091032 0.04542550
v -0.02214514 0.30151033 0.04392551
v -0.02424513 0.30231032 0.04272550
v -0.02634514 0.30321032 0.04202551
v -0.02214514 0.30111033 0.06462551
v -0.02064514 0.30001032 0.06322551
v -0.01944513 0.29911032 0.06132551
v -0.01854513 0.29831031 0.05922551
v -0.01804514 0.29791033 0.05682551
v -0.01784513 0.29761031 0.05442551
v -0.01814513 0.29771033 0.05192551
v -0.01884514 0.29801032 0.04962551
v -0.01984513 0.29851031 0.04742551
v -0.02114513 0.29931033 0.04552551
v -0.02284514 0.30031031 0.04392551
v -0.02464514 0.30151033 0.04282551
v -0.02664513 0.30281031 0.04202551
v -0.02304514 0.30001032 0.06472551
v -0.02184513 0.29871032 0.06332551
v -0.02074513 0.29751033 0.06142551
v -0.02004513 0.29661033 0.05932551
v -0.01954514 0.29601032 0.05692551
v -0.01944513 0.29571033 0.05452551
v -0.01964513 0.29581031 0.05202550
v -0.02024514 0.29621032 0.04972551
v -0.02114513 0.29701033 0.04752551
v -0.02224513 0.29801032 0.04562551
v -0.02364513 0.29931033 0.04402550
v -0.02524514 0.30081031 0.04282551
v -0.02694513 0.30241030 0.04212551
v -0.02414514 0.29911032 0.06482551
v -0.02314513 0.29761031 0.06332551
v -0.02234513 0.29621032 0.06152551
v -0.02174514 0.29521033 0.05932551
v -0.02144513 0.29451030 0.05702551
v -0.02134514 0.29421031 0.05462551
v -0.02154514 0.29431033 0.05212551
v -0.02204513 0.29481032 0.04982550
v -0.02274513 0.29571033 0.04762550
v -0.02364513 0.29691032 0.04562551
v -0.02474513 0.29841033 0.04402550
v -0.02594514 0.30021033 0.04282551
v -0.02724514 0.30211031 0.04212551
v -0.02864513 0.30411032 0.04182550
v -0.02534513 0.29851031 0.06482551
v -0.02464514 0.29681033 0.06342551
v -0.02414514 0.29521033 0.06152551
v -0.02374514 0.29411033 0.05942551
v -0.02354514 0.29331031 0.05712551
v -0.02354514 0.29301032 0.05472551
v -0.02364513 0.29321033 0.05222551
v -0.02404513 0.29371032 0.04982550
v -0.02454513 0.29471031 0.04762550
v -0.02514513 0.29611033 0.04572551
v -0.02594514 0.29781032 0.04412550
v -0.02684514 0.29971033 0.04292551
v -0.02774513 0.30191031 0.04212551
v -0.02664513 0.29811031 0.06482551
v -0.02634514 0.29631031 0.06352551
v -0.02614514 0.29471031 0.06162551
v -0.02594514 0.29341033 0.05952551
v -0.02584513 0.29271033 0.05722551
v -0.02584513 0.29231033 0.05472551
v -0.02604513 0.29251033 0.05232551
v -0.02624513 0.29311031 0.04992551
v -0.02644513 0.29411033 0.04772551
v -0.02684514 0.29561031 0.04582550
v -0.02724514 0.29741031 0.04412550
v -0.02774513 0.29951033 0.04292551
v -0.02814514 0.30181032 0.04212551
v -0.02804513 0.29801032 0.06492551
v -0.02804513 0.29611033 0.06352551
v -0.02814514 0.29451030 0.06172551
v -0.02824513 0.29321033 0.05952551
v -0.02824513 0.29241031 0.05722551
v -0.02834514 0.29211032 0.05482551
v -0.02844513 0.29221031 0.05232551
v -0.02844513 0.29291031 0.05002551
v -0.02854514 0.29391032 0.04772551
v -0.02854514 0.29541031 0.04582550
v -0.02864513 0.29731032 0.04422551
v -0.02864513 0.29941031 0.04292551
v -0.02864513 0.30171031 0.04212551
v -0.02944514 0.29811031 0.06492551
v -0.02984514 0.29631031 0.06352551
v -0.03014514 0.29471031 0.06172551
v -0.03044513 0.29351032 0.05962551
v -0.03064514 0.29271033 0.05732551
v -0.03074514 0.29231033 0.05482551
v -0.03084514 0.29251033 0.05242550
v -0.03074514 0.29311031 0.05002551
v -0.03054514 0.29411033 0.04782551
v -0.03034514 0.29561031 0.04582550
v -0.02994514 0.29741031 0.04422551
v -0.02954514 0.29951033 0.04292551
v -0.02914513 0.30181032 0.04212551
v -0.03074514 0.29851031 0.06492551
v -0.03144514 0.29681033 0.06352551
v -0.03214514 0.29531032 0.06172551
v -0.03264514 0.29411033 0.05962551
v -0.03294513 0.29341033 0.05732551
v -0.03314514 0.29311031 0.05482551
v -0.03314514 0.29321033 0.05242550
v -0.03294513 0.29381031 0.05002551
v -0.03254513 0.29471031 0.04782551
v -0.03194514 0.29611033 0.04582550
v -0.03124514 0.29781032 0.04422551
v -0.03044513 0.29981032 0.04292551
v -0.02954514 0.30191031 0.04212551
v -0.03194514 0.29921031 0.06492551
v -0.03304514 0.29761031 0.06352551
v -0.03394514 0.29621032 0.06172551
v -0.03464513 0.29521033 0.05962551
v -0.03514513 0.29451030 0.05732551
v -0.03534514 0.29421031 0.05482551
v -0.03524514 0.29431033 0.05242550
v -0.03494514 0.29481032 0.05002551
v -0.03434514 0.29571033 0.04782551
v -0.03354514 0.29691032 0.04582550
v -0.03244513 0.29841033 0.04422551
v -0.03134514 0.30021033 0.04292551
v -0.03004513 0.30211031 0.04212551
v -0.03304514 0.30001032 0.06492551
v -0.03434514 0.29871032 0.06352551
v -0.03554513 0.29751033 0.06172551
v -0.03644513 0.29661033 0.05962551
v -0.03694513 0.29601032 0.05722551
v -0.03724514 0.29581031 0.05482551
v -0.03714514 0.29591033 0.05242550
v -0.03664514 0.29631031 0.05002551
v -0.03594513 0.29701033 0.04782551
v -0.03484514 0.29801032 0.04582550
v -0.03354514 0.29931033 0.04422551
v -0.03204513 0.30081031 0.04292551
v -0.03034514 0.30241030 0.04212551
v -0.03384513 0.30111033 0.06492551
v -0.03544514 0.30001032 0.06352551
v -0.03684513 0.29911032 0.06162551
v -0.03784513 0.29841033 0.05952551
v -0.03844514 0.29791033 0.05722551
v -0.03874514 0.29771033 0.05482551
v -0.03864513 0.29771033 0.05232551
v -0.03814513 0.29801032 0.04992551
v -0.03714514 0.29861033 0.04772551
v -0.03594513 0.29941031 0.04582550
v -0.03444514 0.30041033 0.04422551
v -0.03264514 0.30151033 0.04292551
v -0.03064514 0.30281031 0.04212551
v -0.03454514 0.30231032 0.06482551
v -0.03624514 0.30161032 0.06342551
v -0.03774513 0.30091032 0.06162551
v -0.03894514 0.30041033 0.05952551
v -0.03964514 0.30001032 0.05712551
v -0.03994513 0.29991031 0.05472551
v -0.03974514 0.29991031 0.05232551
v -0.03914513 0.30001032 0.04992551
v -0.03814513 0.30041033 0.04772551
v -0.03674514 0.30091032 0.04572551
v -0.03504514 0.30161032 0.04412550
v -0.03304514 0.30241030 0.04292551
v -0.03094514 0.30321032 0.04212551
v -0.03494514 0.30371031 0.06482551
v -0.03674514 0.30321032 0.06342551
v -0.03834514 0.30291033 0.06152551
v -0.03954513 0.30261031 0.05942551
v -0.04034513 0.30231032 0.05712551
v -0.04064514 0.30221033 0.05462551
v -0.04044513 0.30221033 0.05222551
v -0.03984514 0.30221033 0.04982550
v -0.03874514 0.30241030 0.04762550
v -0.03724514 0.30261031 0.04572551
v -0.03544514 0.30291033 0.04412550
v -0.03334513 0.30331030 0.04292551
v -0.03104514 0.30371031 0.04212551
f 4 2 1
f 8 6 5
f 13 15 14
f 17 19 18
f 32 30 29
f 36 34 33
f 37 39 38
f 21 23 20
f 25 27 24
f 41 43 42
f 48 46 45
f 52 50 49
f 53 55 54
f 60 58 57
f 29 62 61
f 66 64 63
f 67 6 68
f 72 70 69
f 76 74 73
f 77 79 78
f 81 83 82
f 59 86 85
f 88 90 89
f 96 94 93
f 100 98 97
f 101 103 102
f 106 34 87
f 108 115 107
f 117 36 118
f 124 126 125
f 131 129 128
f 132 134 133
f 142 140 139
f 148 60 147
f 144 127 124
f 149 151 150
f 156 154 153
f 159 158 157
f 116 164 105
f 171 169 168
f 174 173 172
f 179 181 180
f 186 188 187
f 194 196 195
f 199 139 198
f 206 208 207
f 213 211 210
f 202 214 201
f 96 216 54
f 92 43 44
f 97 246 100
f 250 229 228
f 252 58 253
f 258 256 255
f 260 229 259
f 110 112 113
f 114 263 109
f 265 267 266
f 56 270 269
f 274 249 250
f 185 63 64
f 280 278 276
f 285 283 157
f 288 211 212
f 141 92 46
f 289 175 176
f 148 105 106
f 312 170 171
f 238 42 43
f 318 160 317
f 310 308 307
f 241 325 324
f 160 240 317
f 47 307 308
f 108 315 164
f 345 86 119
f 348 350 349
f 356 358 357
f 355 353 352
f 363 32 362
f 149 150 176
f 364 253 365
f 366 368 367
f 183 371 63
f 163 161 160
f 209 101 208
f 378 165 166
f 379 381 380
f 383 3 4
f 284 386 385
f 387 389 388
f 391 229 249
f 73 397 396
f 405 407 406
f 203 411 410
f 414 413 412
f 1 357 4
f 277 131 275
f 254 57 58
f 358 415 351
f 417 386 408
f 401 192 420
f 419 127 143
f 421 182 422
f 103 302 409
f 428 368 174
f 380 359 356
f 62 266 323
f 140 431 430
f 357 351 348
f 356 379 380
f 415 403 434
f 437 436 435
f 438 440 439
f 188 450 449
f 452 454 453
f 265 181 421
f 224 64 225
f 237 213 427
f 275 128 458
f 281 460 459
f 50 79 461
f 73 282 281
f 468 466 465
f 390 352 359
f 482 484 483
f 489 487 486
f 493 495 494
f 472 470 469
f 502 500 499
f 220 222 223
f 512 143 66
f 518 511 80
f 513 230 286
f 205 31 244
f 189 451 188
f 163 532 8
f 533 225 251
f 446 447 412
f 335 540 334
f 544 546 545
f 329 291 292
f 199 262 238
f 385 416 550
f 532 191 247
f 363 118 243
f 236 237 250
f 578 580 579
f 573 571 570
f 561 562 272
f 241 259 240
f 590 592 591
f 545 595 594
f 503 155 504
f 606 624 623
f 478 480 479
f 646 648 647
f 590 689 684
f 564 651 650
f 728 184 727
f 714 716 715
f 692 575 693
f 541 581 578
f 346 248 400
f 161 230 160
f 128 94 95
f 698 704 703
f 574 576 575
f 290 401 328
f 630 725 726
f 733 735 734
f 755 496 493
f 759 481 760
f 757 762 761
f 764 466 467
f 768 9260 9261
f 759 488 489
f 492 475 771
f 474 769 473
f 773 465 772
f 771 486 483
f 484 775 491
f 774 489 486
f 495 764 756
f 495 761 494
f 137 784 136
f 325 797 547
f 165 51 52
f 369 29 370
f 730 568 569
f 90 301 89
f 243 516 242
f 800 806 805
f 817 808 816
f 816 823 822
f 306 447 807
f 815 809 808
f 829 828 825
f 726 501 502
f 274 424 423
f 879 881 880
f 884 879 885
f 219 217 211
f 906 904 897
f 455 205 542
f 898 830 829
f 903 880 881
f 906 897 898
f 377 519 165
f 923 948 946
f 946 951 950
f 8963 739 8961
f 900 886 880
f 225 65 144
f 182 442 422
f 809 947 824
f 954 962 961
f 927 965 966
f 885 880 886
f 925 966 967
f 343 341 340
f 965 971 968
f 968 970 969
f 972 969 973
f 963 981 978
f 336 338 339
f 992 827 828
f 810 996 959
f 1007 1002 1008
f 1012 827 1009
f 1011 1007 1008
f 294 292 291
f 907 920 919
f 1017 1019 1018
f 1020 1022 1021
f 1035 1020 1044
f 1061 1047 1046
f 1063 1046 1062
f 1044 1021 1045
f 1102 1097 1109
f 1116 1118 1117
f 1016 1014 1013
f 881 904 903
f 816 1127 817
f 1094 949 1097
f 514 167 515
f 146 81 82
f 1133 1130 1129
f 1102 1126 822
f 822 1116 816
f 1145 1148 1136
f 1076 1151 1069
f 1148 1086 1087
f 1109 1114 1136
f 1154 1156 1155
f 1153 967 1156
f 8815 463 9166
f 1144 1152 1151
f 1156 1163 1162
f 1164 1169 1165
f 1145 1176 1147
f 1114 1154 1171
f 1183 1164 1177
f 1184 1177 1185
f 1069 1062 1064
f 1023 1194 1022
f 1162 1170 1169
f 1195 1185 1191
f 1183 1176 1155
f 1201 1152 1196
f 1061 1201 1202
f 9277 843 9288
f 1203 1195 1034
f 1202 1184 1195
f 1218 1203 1217
f 1060 1202 1203
f 1225 1217 1219
f 671 694 670
f 1219 1024 1035
f 1217 1034 1024
f 1226 1015 1227
f 1243 1234 1233
f 1231 1229 1228
f 847 1233 843
f 843 1244 878
f 1233 1245 1244
f 1923 233 216
f 2100 499 500
f 9366 2135 9352
f 61 323 505
f 210 217 457
f 1299 1309 1300
f 9315 1231 9314
f 1066 1321 1322
f 1322 1228 1229
f 1060 1321 1047
f 1325 1323 1310
f 1244 1332 1330
f 1290 1242 1288
f 1337 1339 1338
f 1330 1340 1339
f 1341 1245 1294
f 1342 1332 1341
f 1343 1341 1344
f 1344 1294 1293
f 9309 1345 1346
f 1347 1342 1343
f 9308 1295 1345
f 1349 1348 1347
f 9313 1347 9305
f 9305 1343 9309
f 906 829 1353
f 905 1353 1354
f 865 1355 1357
f 1355 829 825
f 1357 825 826
f 1356 1353 1355
f 9286 1338 9285
f 866 1356 865
f 1358 1354 1356
f 9280 1337 9286
f 838 1012 841
f 1363 1338 1339
f 1368 1339 1340
f 1348 1340 1342
f 1371 9276 9281
f 524 526 523
f 528 530 527
f 1372 1369 1371
f 535 537 538
f 1367 1348 1350
f 1370 1359 1369
f 1369 9285 9276
f 1373 903 904
f 555 557 558
f 1374 910 1373
f 1373 905 1375
f 1374 1375 1376
f 1375 1354 1370
f 1378 908 1377
f 376 651 1387
f 1388 973 969
f 586 588 585
f 1390 1388 1391
f 1391 969 970
f 597 599 596
f 600 602 603
f 1392 970 979
f 608 610 607
f 612 523 611
f 614 616 613
f 617 25 24
f 620 622 619
f 1397 1391 1392
f 1398 1392 1399
f 1400 920 1378
f 1402 1165 1169
f 636 638 635
f 930 1402 929
f 641 643 644
f 929 1169 1170
f 1404 1403 1402
f 1411 1365 1406
f 1412 1415 1414
f 652 654 655
f 609 657 658
f 659 661 662
f 558 586 585
f 665 667 664
f 1413 1406 1412
f 1418 9262 9265
f 1417 1371 1416
f 1416 9281 9262
f 1419 1416 1418
f 1386 1374 1420
f 677 679 676
f 1385 1420 1421
f 1420 1376 1422
f 685 687 688
f 1421 1422 1423
f 528 691 658
f 1422 1372 1417
f 1018 747 1425
f 699 701 702
f 1424 579 1017
f 9115 1767 9112
f 700 711 712
f 1093 9206 1571
f 717 530 719
f 721 723 720
f 704 8987 8998
f 19 1426 1430
f 1429 1427 1426
f 1658 8986 8988
f 1439 1434 1438
f 1437 1435 1434
f 1426 1433 1432
f 1442 1432 1440
f 742 744 745
f 1432 1441 1440
f 751 753 750
f 1438 1403 1405
f 1446 1444 1443
f 1447 1446 1443
f 9312 1443 9300
f 1415 1445 1446
f 1414 1446 1448
f 2173 469 470
f 777 779 686
f 780 782 783
f 1676 1806 1675
f 9311 1349 9313
f 789 791 788
f 745 793 742
f 652 795 653
f 1455 1457 1456
f 1454 1350 1452
f 610 802 801
f 9283 698 703
f 1352 1045 1351
f 1015 1459 1460
f 811 813 814
f 2118 9269 2117
f 819 821 818
f 1466 1194 1190
f 1467 1465 1466
f 1182 1468 1467
f 832 833 831
f 835 837 834
f 1467 1190 1182
f 1469 1444 1445
f 840 712 690
f 1453 1469 1454
f 599 845 846
f 1226 9301 9307
f 851 853 850
f 855 856 854
f 858 860 857
f 861 863 864
f 1014 9307 9310
f 867 868 869
f 870 872 873
f 874 876 877
f 1310 1471 1309
f 1476 1427 1475
f 1461 1475 1460
f 887 889 890
f 788 892 891
f 894 896 893
f 1460 1227 1015
f 901 524 612
f 1465 1477 1464
f 1865 8944 1864
f 911 913 914
f 916 918 915
f 1850 8951 1851
f 921 895 894
f 1479 1436 1478
f 926 667 601
f 1481 563 1480
f 269 84 1482
f 931 933 916
f 934 614 869
f 936 688 937
f 938 662 939
f 1484 122 123
f 941 835 834
f 320 509 510
f 1849 8949 1850
f 84 1484 83
f 1487 1488 539
f 1757 8946 8953
f 365 1491 364
f 461 80 511
f 117 362 1496
f 1494 541 1495
f 926 957 958
f 1477 1433 1476
f 1709 1585 1700
f 119 1496 345
f 271 504 156
f 511 189 186
f 345 1492 365
f 255 344 254
f 57 299 132
f 1501 268 1500
f 267 1499 145
f 974 976 977
f 1678 1693 1676
f 9298 1807 9292
f 557 663 558
f 983 984 985
f 1443 9301 9300
f 421 268 265
f 989 991 988
f 1490 418 1504
f 279 309 310
f 997 676 679
f 998 999 875
f 1504 38 1505
f 1506 1507 1486
f 360 1508 1506
f 1506 207 360
f 939 1006 938
f 270 1483 269
f 66 546 512
f 1010 793 935
f 367 437 1509
f 244 363 243
f 1670 8978 1669
f 209 1510 226
f 235 1512 1511
f 1511 234 235
f 388 426 425
f 427 250 237
f 161 521 231
f 100 45 44
f 1025 608 1027
f 1029 1031 1028
f 939 1033 1032
f 41 594 99
f 1036 783 1037
f 702 1038 1039
f 1040 1042 1043
f 362 369 1493
f 187 477 186
f 70 539 198
f 1511 1521 234
f 1049 603 1048
f 613 869 614
f 860 1051 857
f 1005 1053 1006
f 753 1056 1054
f 1057 1059 1055
f 293 1522 292
f 288 1521 1522
f 292 1523 329
f 331 1508 1524
f 306 453 305
f 100 41 99
f 462 78 79
f 330 1524 462
f 635 1068 636
f 1485 1526 1528
f 206 1528 1510
f 1070 1072 831
f 942 1073 1074
f 916 1075 917
f 440 1530 439
f 157 1514 285
f 1529 5 1530
f 371 546 63
f 790 663 791
f 1077 857 1078
f 1403 1435 1165
f 1080 1082 1079
f 531 1529 440
f 21 1084 1085
f 272 1531 561
f 137 396 397
f 690 802 691
f 335 9011 581
f 1090 1029 1091
f 1092 794 1042
f 1533 137 138
f 661 1095 1096
f 69 445 72
f 1099 1101 1098
f 38 1536 1505
f 1104 1106 1103
f 852 1108 853
f 1377 909 1386
f 291 411 294
f 316 516 33
f 539 1533 534
f 1505 316 313
f 1110 1112 1113
f 1539 460 264
f 522 1537 1539
f 834 1120 1119
f 1122 1124 1121
f 612 1041 901
f 935 615 614
f 276 130 131
f 1686 8966 1685
f 193 1541 273
f 231 1540 287
f 556 982 557
f 365 85 345
f 190 318 1541
f 1810 9018 8972
f 9376 8956 9243
f 1132 985 1131
f 208 102 132
f 1134 662 661
f 1491 80 77
f 429 1542 147
f 1137 915 918
f 172 428 174
f 1139 1141 1142
f 549 54 55
f 1517 1518 296
f 976 1146 938
f 834 984 941
f 1543 286 115
f 1544 239 513
f 133 1544 1542
f 506 257 258
f 420 328 401
f 1158 1160 1157
f 587 1103 588
f 1513 1514 151
f 607 1027 608
f 304 1545 303
f 364 77 506
f 69 198 139
f 1006 976 938
f 700 1112 701
f 9329 8969 9239
f 1166 657 656
f 1167 858 1077
f 1300 8968 1299
f 1172 1174 1175
f 218 200 217
f 1179 1181 1178
f 372 97 98
f 89 227 88
f 1186 1188 1189
f 172 1517 1549
f 1482 81 1498
f 1090 1193 1030
f 394 353 1551
f 526 1198 1197
f 811 858 812
f 1199 1026 1025
f 606 697 696
f 1204 1206 743
f 1207 523 526
f 1209 867 613
f 914 685 936
f 1478 1441 1477
f 1029 1161 1091
f 1211 1213 1214
f 9310 1451 9311
f 844 1216 845
f 423 273 274
f 1220 1222 1083
f 22 1224 23
f 882 897 881
f 1519 173 387
f 1189 1232 1178
f 349 550 416
f 1071 1236 1072
f 1237 1239 745
f 1221 1189 1240
f 1510 1512 333
f 939 1241 1005
f 1556 5 67
f 1553 394 1551
f 404 67 347
f 1247 1249 1246
f 142 238 92
f 1251 635 1250
f 850 1253 851
f 1254 1077 1255
f 57 133 429
f 443 552 551
f 1187 1175 1188
f 1256 831 833
f 432 382 383
f 741 747 746
f 434 351 415
f 349 383 348
f 251 1481 1480
f 395 352 353
f 1518 1550 1551
f 1558 378 340
f 109 314 315
f 285 1513 407
f 395 393 392
f 202 410 1558
f 417 405 432
f 1246 1258 1247
f 3 297 2
f 1259 1261 1262
f 403 347 284
f 955 953 952
f 462 51 330
f 1096 687 1263
f 429 60 57
f 896 1265 932
f 1267 1268 1266
f 423 327 420
f 37 180 40
f 20 1187 1186
f 1256 1071 1070
f 155 156 504
f 1188 1269 1232
f 1236 1271 1262
f 1272 535 621
f 565 463 464
f 1273 745 1239
f 876 1255 1274
f 316 164 315
f 437 503 1509
f 194 1495 197
f 1275 864 863
f 624 631 630
f 1277 1137 1278
f 569 567 566
f 1481 125 366
f 324 547 326
f 1279 1107 1280
f 1525 329 1523
f 1281 1137 918
f 171 1553 1552
f 1488 396 1533
f 1557 1562 1559
f 1282 1206 1205
f 1053 1278 1281
f 778 607 1283
f 713 9010 9013
f 251 144 124
f 4 348 383
f 709 707 706
f 728 45 246
f 261 1563 544
f 789 1287 790
f 74 263 282
f 403 385 434
f 1178 1240 1189
f 1223 1289 1224
f 158 150 151
f 1220 1186 1221
f 296 354 433
f 784 1538 1566
f 1181 1291 1222
f 1269 1257 1246
f 1566 438 399
f 136 1566 1564
f 1563 169 1565
f 107 109 108
f 1297 1298 1296
f 1464 1476 1461
f 1520 507 508
f 1301 1303 1304
f 1306 1308 1305
f 175 1532 272
f 1532 200 201
f 1311 1312 1313
f 872 1315 1316
f 1317 1318 1319
f 9288 878 9280
f 1305 864 1276
f 1040 863 1320
f 1564 399 169
f 592 1575 591
f 591 1088 689
f 1581 1583 1582
f 1196 1147 1176
f 710 583 713
f 285 408 386
f 953 961 963
f 1594 1589 1593
f 1585 1587 1586
f 1592 1590 1589
f 9337 944 9351
f 1600 1598 1597
f 1604 1602 1601
f 1399 979 980
f 1589 1596 1595
f 1610 1608 1607
f 298 361 360
f 551 276 277
f 1627 9266 9271
f 859 818 860
f 1078 1328 1329
f 1555 1530 1556
f 572 680 681
f 772 776 774
f 977 918 917
f 404 392 393
f 1054 750 753
f 1644 1643 1642
f 932 1082 933
f 1067 1334 1068
f 1540 264 114
f 597 643 1336
f 471 762 470
f 1642 9283 9294
f 1644 9294 9295
f 923 950 927
f 96 548 95
f 520 522 521
f 445 443 442
f 849 848 842
f 480 755 493
f 1646 481 1639
f 311 1567 170
f 464 8941 8939
f 8941 1361 8939
f 234 236 235
f 190 192 191
f 153 152 149
f 231 286 230
f 1552 1551 1550
f 760 1648 488
f 9284 1649 9282
f 828 826 825
f 52 166 165
f 1663 1661 1660
f 287 115 286
f 668 670 669
f 634 640 639
f 553 559 554
f 118 33 516
f 492 491 490
f 8996 1651 8997
f 582 584 583
f 384 392 415
f 1381 1383 1380
f 1562 435 436
f 952 951 947
f 8973 583 584
f 1660 1667 1666
f 1394 1396 1393
f 1660 1664 1663
f 1671 1669 1668
f 1624 1673 1672
f 1407 1409 1410
f 1677 1675 1674
f 1613 1677 1625
f 1679 1676 1677
f 1626 9263 9266
f 534 198 539
f 176 150 159
f 803 734 800
f 400 191 192
f 65 143 144
f 8970 1656 8984
f 402 157 283
f 629 627 626
f 461 49 50
f 758 495 756
f 796 786 785
f 406 1513 1560
f 342 166 167
f 1694 1658 1695
f 1692 1694 1696
f 9001 1652 8996
f 9373 1703 9375
f 326 302 90
f 9368 1702 1706
f 9371 1698 1701
f 1699 9379 9370
f 1557 1560 1561
f 1127 1117 1128
f 400 289 346
f 1706 1707 1708
f 1707 1599 1600
f 1709 1708 1588
f 1714 1711 1713
f 9371 1709 1700
f 1704 1577 1703
f 1716 1713 1715
f 1559 1549 297
f 1722 1720 1719
f 1335 596 1489
f 410 377 378
f 973 1163 972
f 168 399 398
f 1571 1089 1093
f 1572 682 1571
f 749 647 754
f 1730 1723 1729
f 1594 1729 1592
f 1729 1591 1592
f 1731 1730 1583
f 1384 1377 1379
f 1732 1712 1714
f 1724 1731 1732
f 1712 1731 1580
f 1722 1732 1733
f 1721 1733 1734
f 1734 1716 1717
f 1735 1736 1697
f 1733 1714 1716
f 1663 1741 1668
f 1742 1740 1743
f 1738 1737 1735
f 1665 1666 1740
f 1665 1744 1664
f 1725 1746 1745
f 1591 1745 1590
f 1590 1747 1596
f 1745 1748 1747
f 1659 8982 8986
f 5650 8989 5617
f 1185 1182 1190
f 1664 1749 1741
f 1741 1739 1738
f 1746 1743 1748
f 1726 1742 1746
f 1153 924 925
f 1115 1153 1154
f 1654 9019 1655
f 1896 8993 1686
f 1720 1744 1726
f 1721 1749 1720
f 1750 1701 1698
f 1697 1750 1696
f 1151 1063 1062
f 1751 1670 1671
f 1695 1752 1751
f 961 986 981
f 1770 1768 1767
f 1766 1593 1765
f 1731 1579 1580
f 1579 1774 1578
f 9380 1771 9381
f 1764 9380 9369
f 1777 1775 1774
f 9214 1699 1700
f 1004 1128 1003
f 1774 1771 1772
f 987 1399 980
f 1578 1772 1764
f 1783 1781 1778
f 1597 1770 1767
f 639 9347 9336
f 9380 1769 1770
f 1793 1789 1788
f 9381 1798 1769
f 8952 9225 1806
f 1802 9376 9374
f 1788 1794 1793
f 1793 1795 1776
f 9225 1675 1806
f 1584 1783 1789
f 1771 9372 9381
f 1801 1798 1800
f 1768 1798 1799
f 1775 1797 1771
f 508 515 1520
f 1796 1802 1797
f 1800 9372 9374
f 1794 1804 1795
f 8976 1752 8991
f 485 1807 775
f 9261 1640 768
f 9289 1810 1653
f 485 1640 1808
f 1690 9222 9224
f 487 1648 1811
f 9291 1816 9274
f 9290 1648 9282
f 9291 1811 9290
f 1812 487 1811
f 1641 767 768
f 465 755 776
f 767 9275 9260
f 9274 9278 9299
f 1809 1815 767
f 9289 1651 9292
f 675 8985 8940
f 1814 1822 1821
f 1821 9273 9272
f 1824 1649 1825
f 1827 1850 1805
f 1668 1662 1663
f 1779 1848 1828
f 1790 1805 1794
f 1833 1853 1852
f 8965 693 575
f 1614 1616 1617
f 1852 8942 8945
f 1620 1622 1623
f 1855 1574 1861
f 1847 8945 8957
f 1766 1855 1782
f 1629 1631 1628
f 1633 1634 1632
f 1635 1637 1638
f 1848 1852 1847
f 1855 1863 1862
f 1803 1867 1802
f 1862 1831 1832
f 1782 1862 1781
f 9374 1865 1800
f 1873 1870 1869
f 1874 799 804
f 2045 9349 2044
f 1219 1295 1225
f 1615 1396 1395
f 9336 1877 1876
f 645 9238 9003
f 1345 1035 1346
f 634 9336 9332
f 15 1327 14
f 9362 1878 1893
f 1894 605 1893
f 8950 627 693
f 9004 645 9003
f 340 454 1558
f 1897 195 1898
f 1889 1877 1890
f 1901 129 1900
f 196 754 232
f 1705 9373 9368
f 340 166 343
f 1570 563 561
f 1904 194 1897
f 1781 1832 1780
f 1905 55 1906
f 1000 995 996
f 986 920 987
f 1191 1190 1194
f 2094 2075 2093
f 1920 1919 1915
f 453 1912 1911
f 1915 1918 1916
f 9334 2106 9353
f 1655 8975 1868
f 1916 1926 1925
f 704 9005 703
f 278 1925 1900
f 9009 1818 1820
f 1097 1115 1114
f 1927 727 1923
f 9030 9106 9210
f 1920 307 1929
f 1929 48 728
f 503 1497 1509
f 1902 787 796
f 1816 9272 9278
f 1925 1923 1924
f 1535 1568 1534
f 254 258 255
f 1509 366 367
f 119 35 36
f 219 293 294
f 141 47 431
f 542 244 245
f 1940 430 431
f 1779 1827 1790
f 1701 9367 9371
f 1661 8959 1667
f 270 754 647
f 197 749 196
f 1727 1212 1211
f 53 232 754
f 1465 1479 1478
f 1284 9306 1293
f 1951 412 413
f 168 1554 1553
f 1486 206 207
f 506 78 361
f 994 1007 993
f 951 963 964
f 1013 9313 1351
f 9278 1820 1818
f 1498 1954 1482
f 299 543 132
f 1754 1756 1753
f 1681 1683 1682
f 1696 1695 1697
f 13 738 737
f 473 475 474
f 482 768 1640
f 204 30 205
f 1761 820 819
f 611 1125 612
f 1501 1908 1909
f 1074 711 699
f 1960 82 83
f 120 1960 123
f 35 87 34
f 1773 1025 1031
f 1965 1569 1535
f 494 471 479
f 1966 1969 1968
f 446 1971 1967
f 174 125 126
f 1580 1578 1577
f 1785 1787 1784
f 1972 304 305
f 1254 875 999
f 1973 342 514
f 321 1973 509
f 1910 275 1907
f 509 514 508
f 1486 1527 1485
f 1974 804 1975
f 1977 1974 1978
f 1980 1966 1981
f 379 2 295
f 1718 1710 1701
f 884 992 883
f 1680 1678 1679
f 902 525 524
f 344 256 299
f 135 137 136
f 236 228 333
f 448 1967 1966
f 589 604 584
f 910 908 907
f 1981 1968 1987
f 1982 1987 1979
f 1988 1987 1989
f 1990 1989 1991
f 1991 1993 1992
f 322 320 319
f 992 830 883
f 1144 1086 1143
f 1995 1978 1994
f 1133 1118 1126
f 1997 1994 1996
f 870 1335 1489
f 805 1982 1998
f 727 2000 1999
f 1996 1988 1990
f 1994 1979 1988
f 1829 792 1273
f 1830 941 983
f 798 800 799
f 729 731 730
f 2011 2023 2022
f 1834 846 1159
f 402 284 347
f 2022 2024 2025
f 1838 989 988
f 810 952 809
f 1823 1840 644
f 1430 1432 1431
f 1215 1841 1079
f 149 176 177
f 1316 873 872
f 2112 1384 2106
f 1842 1844 1845
f 1159 845 1160
f 837 1846 1120
f 1971 2030 2027
f 517 370 189
f 858 833 812
f 1471 2027 1888
f 8995 626 627
f 2174 770 490
f 935 1854 1010
f 1613 1611 1618
f 1231 1225 1295
f 1856 891 892
f 1300 748 741
f 1150 1858 1859
f 1643 696 1642
f 1215 1264 1216
f 1320 902 901
f 1956 1944 1960
f 2031 669 1474
f 2034 1310 1299
f 1879 1656 1657
f 40 242 39
f 1992 2039 1456
f 888 957 889
f 1882 1996 1990
f 1078 1255 1077
f 1871 1192 1090
f 294 218 219
f 1323 2026 1471
f 123 83 1484
f 1324 2041 1323
f 384 359 352
f 1324 2038 2036
f 1883 1885 1829
f 287 114 107
f 1096 1134 661
f 915 931 916
f 806 1981 1982
f 8977 584 604
f 1425 2042 1018
f 1018 1948 1017
f 9006 740 8963
f 1948 649 646
f 1881 1990 1991
f 1900 130 278
f 992 994 993
f 923 925 924
f 9330 2047 9328
f 1643 625 606
f 2050 2051 2049
f 2045 1404 2047
f 9328 945 9337
f 1139 1079 1841
f 1037 892 982
f 2055 2057 2056
f 1198 718 717
f 1619 1612 1611
f 2058 1606 2059
f 2059 1607 2058
f 2058 1624 1605
f 71 179 37
f 405 1557 382
f 976 1006 977
f 322 1972 1911
f 2061 2063 2062
f 2066 2067 1825
f 2052 2064 2051
f 1609 2066 1647
f 1515 152 1516
f 1009 993 1007
f 1644 9267 2118
f 279 1916 278
f 1285 9314 1284
f 1647 1825 1649
f 2056 2067 2065
f 319 1953 1952
f 667 1913 1914
f 2070 625 2048
f 2052 2055 2063
f 2038 1655 1458
f 1606 2073 2072
f 1235 1270 1236
f 2072 2075 2074
f 2059 2072 2062
f 2074 2077 2076
f 1601 2078 2073
f 2049 1643 1645
f 1000 1001 994
f 1089 684 689
f 1931 1306 1930
f 1462 1021 1022
f 1932 1934 1935
f 875 1846 998
f 1936 1937 1938
f 44 46 92
f 1534 1956 120
f 1541 317 391
f 2081 2084 2083
f 146 1959 300
f 1360 1942 1361
f 985 1032 1033
f 1995 1892 2043
f 2079 2082 2081
f 2095 2076 2077
f 2081 2078 2079
f 2055 2054 2053
f 501 2095 500
f 2097 2099 2098
f 2098 2094 2083
f 2140 9345 9318
f 2141 9346 9345
f 2051 2048 2049
f 592 2101 1576
f 2071 2076 2096
f 2102 2098 2101
f 593 2102 592
f 1019 746 747
f 1950 12 1327
f 725 2096 501
f 1385 2104 1379
f 1379 2106 1384
f 2107 2100 2097
f 9360 502 9348
f 9348 499 9353
f 940 2109 944
f 928 1170 973
f 9320 684 9351
f 1962 1964 1961
f 9330 573 9349
f 2039 1968 1969
f 1389 2110 2109
f 1398 2113 1397
f 9209 9205 9195
f 9363 2107 2103
f 949 924 1115
f 260 324 326
f 1390 2113 2110
f 2070 2064 2071
f 9319 2103 593
f 2105 1421 2114
f 2114 1423 2115
f 9344 2115 9355
f 9360 2114 9344
f 554 1902 553
f 972 967 966
f 1765 1573 1574
f 1984 1986 1983
f 2053 2069 2057
f 9017 724 714
f 1625 1674 1673
f 9333 2119 2122
f 9355 2123 9356
f 56 1906 55
f 626 9331 629
f 2001 2003 2004
f 9364 2127 9359
f 2006 2008 2009
f 2127 1412 2128
f 2014 2016 2017
f 2018 2020 2021
f 1495 1947 197
f 1379 1386 1385
f 9266 1680 1618
f 2029 1884 2028
f 9354 2120 9339
f 629 9366 9324
f 682 943 1089
f 724 2121 716
f 1757 9273 9297
f 765 9296 9261
f 9303 715 9304
f 706 9322 9324
f 981 987 980
f 1457 1656 1880
f 2017 2032 2033
f 1458 1868 1457
f 1776 1792 1793
f 1959 1946 1958
f 9115 9177 9113
f 9365 2122 9302
f 1093 689 1088
f 966 968 972
f 9304 9333 9365
f 2172 2170 2171
f 670 2137 669
f 9213 1903 233
f 1429 28 1449
f 964 978 971
f 9293 1413 2127
f 1473 669 2137
f 9286 1359 1358
f 2138 1870 2137
f 1872 2137 1870
f 715 9340 9333
f 1881 1992 1880
f 9295 739 740
f 1837 8957 8958
f 253 59 85
f 1808 9292 1807
f 1647 9270 1609
f 9317 671 668
f 2112 9335 2111
f 1405 2044 1438
f 9281 1364 1366
f 273 391 249
f 576 8964 8999
f 9327 668 2031
f 1430 2140 2139
f 2136 9312 28
f 1430 18 19
f 9345 570 695
f 1442 2046 2141
f 1431 2141 2140
f 9321 9302 2136
f 9260 1817 766
f 9318 695 671
f 2142 798 2138
f 571 2142 694
f 9271 1618 1611
f 2143 2025 2142
f 694 2138 670
f 681 2144 572
f 2144 2022 2143
f 328 457 290
f 1572 2011 2144
f 630 9355 624
f 2085 2087 2088
f 2090 2092 2089
f 572 2143 571
f 1875 2153 2149
f 1873 2149 2154
f 2103 2097 2102
f 2157 2155 2156
f 2128 1414 2120
f 9326 589 582
f 9324 628 629
f 2149 2158 2159
f 2159 9357 9342
f 698 9354 705
f 9275 9279 1817
f 2158 9326 9357
f 1438 2046 1439
f 2035 2160 2161
f 2161 9341 9338
f 9323 605 589
f 9325 18 9327
f 370 61 451
f 649 413 648
f 2153 2156 2158
f 1428 1449 1450
f 1490 73 1488
f 9342 710 633
f 2155 9343 9323
f 1456 1880 1992
f 2125 2087 2124
f 2160 9342 9341
f 300 505 323
f 1064 1046 1065
f 2043 1891 2155
f 2129 2004 2003
f 2131 2133 2134
f 9300 1450 1449
f 1998 804 805
f 9331 9316 9366
f 474 490 770
f 1164 1182 1177
f 707 9361 9322
f 708 2162 707
f 2162 9338 9361
f 548 1905 458
f 1145 1114 1171
f 705 1650 704
f 2043 1977 1995
f 737 554 559
f 1034 1191 1023
f 458 1907 275
f 195 232 233
f 2040 1969 1970
f 2145 2147 2148
f 2054 2049 1645
f 9284 1639 9270
f 9 11 10
f 252 506 258
f 472 479 471
f 1865 9243 8947
f 900 910 907
f 1941 2151 1942
f 1921 1927 1919
f 2163 1898 2116
f 271 153 178
f 1904 12 9
f 282 264 460
f 1872 2154 2035
f 1326 1897 2163
f 628 693 627
f 1724 1719 1723
f 1549 436 172
f 1582 1730 1729
f 1921 1929 1928
f 9007 10 11
f 2152 1950 1949
f 475 774 771
f 769 2171 473
f 2171 476 473
f 476 772 475
f 1791 464 1760
f 2166 2168 2169
f 595 372 98
f 483 1641 482
f 762 2173 470
f 771 484 492
f 486 1809 483
f 297 1517 296
f 763 2174 762
f 776 759 489
f 184 2176 2000
f 412 303 414
f 2005 185 224
f 9263 1682 9298
f 2164 756 764
f 1472 2161 2162
f 950 964 965
f 2177 2179 2180
f 227 1510 333
f 764 467 2164
f 2182 2184 2181
f 2186 2018 2185
f 1985 2181 1986
f 214 729 1531
f 1545 1546 1569
f 865 842 866
f 849 1357 1362
f 452 1558 454
f 559 3188 737
f 16 737 3188
f 560 498 374
f 3193 3195 3194
f 3200 3198 3199
f 3211 3213 3212
f 3215 3217 3216
f 2187 2002 2001
f 3233 3235 3234
f 3223 3222 3224
f 3229 3231 3230
f 3245 3247 3246
f 2169 2189 2190
f 2192 2085 2191
f 2193 2195 2196
f 2198 2200 2197
f 1998 1979 1975
f 9116 9120 9123
f 3253 3255 3254
f 2116 1903 1902
f 1859 2009 1150
f 9356 2126 9358
f 1135 1087 1130
f 2201 2015 2014
f 1149 110 1858
f 3261 3263 3262
f 3269 3271 3270
f 3265 3267 3266
f 3229 3284 3283
f 3289 3291 3290
f 3299 3301 3300
f 3307 3264 3308
f 3293 3295 3294
f 3297 3224 3298
f 3319 3291 3320
f 3322 3318 3315
f 3314 3312 3311
f 3285 3287 3286
f 3332 3218 3215
f 3329 3330 3328
f 3324 3227 3298
f 3298 3326 3324
f 2203 2205 2206
f 579 1895 1019
f 1755 2208 1756
f 3337 3339 3338
f 9343 1893 605
f 1211 2150 1727
f 868 2210 2209
f 3347 3349 3348
f 944 930 940
f 2130 2202 2201
f 233 1898 195
f 665 750 666
f 1167 999 618
f 2211 2213 2214
f 2215 2217 2218
f 9319 590 9320
f 2220 220 2219
f 823 948 1094
f 3375 3377 3376
f 3393 3391 3390
f 3353 3357 3356
f 3363 3365 3364
f 3402 3404 3403
f 266 455 265
f 9334 2107 9335
f 2221 8963 8961
f 2223 2225 2226
f 2207 2124 2208
f 3293 3336 3286
f 673 9321 9316
f 817 996 815
f 2227 2146 2145
f 1947 646 749
f 9352 17 9325
f 2229 1638 1381
f 1679 1618 1680
f 1637 2232 2230
f 2233 1617 1616
f 2231 2236 2237
f 3406 3408 3407
f 1381 2238 1382
f 9038 2242 9039
f 3414 3341 3415
f 1630 2233 1631
f 1681 472 469
f 1408 2243 2244
f 3423 3425 3424
f 3433 3263 3307
f 3434 3430 3435
f 3440 3442 3441
f 3444 3446 3445
f 3436 3450 3439
f 3442 3456 3455
f 1637 2238 1638
f 3445 3437 3438
f 3448 3440 3449
f 1409 1634 2245
f 1380 2247 2246
f 1628 2245 1621
f 3463 3465 3464
f 3308 3462 3307
f 2249 1622 1633
f 1632 1408 2244
f 2248 1631 2250
f 3478 3480 3479
f 3509 3511 3510
f 2235 1637 1636
f 3505 3507 3506
f 3457 3199 3198
f 631 2071 725
f 515 52 49
f 782 2251 1251
f 2253 2255 2252
f 397 459 784
f 1456 2040 1455
f 2040 2036 1455
f 3434 3518 3517
f 1401 2111 1398
f 2041 1970 2026
f 3367 3338 3368
f 1535 414 1965
f 1586 2080 2079
f 2256 1132 1886
f 3528 3530 3529
f 3519 3520 3517
f 3537 3506 3538
f 3543 3545 3544
f 1700 9370 9371
f 3486 3550 3549
f 3455 3497 3563
f 3558 3559 3323
f 3456 3500 3497
f 3572 3252 3249
f 3308 3285 3569
f 3316 3574 3573
f 3575 3479 3533
f 3576 3578 3577
f 3580 3582 3581
f 3584 3586 3585
f 3505 3588 3503
f 3589 3591 3590
f 3600 3602 3601
f 3542 3595 3594
f 3604 3592 3589
f 3611 3613 3612
f 3622 3624 3623
f 3618 3620 3619
f 3626 3628 3627
f 3644 3646 3645
f 3634 3636 3635
f 3638 3641 3640
f 9267 1686 9269
f 1263 1886 1096
f 3613 3654 3614
f 598 844 599
f 2257 2259 2260
f 2258 2262 2259
f 2259 2263 2216
f 2260 2216 2215
f 1967 1970 1969
f 2212 1963 2213
f 922 2218 2217
f 1312 1101 2264
f 1307 1286 789
f 1548 1546 1972
f 2266 2268 2265
f 2265 2270 2269
f 2272 2269 2271
f 2273 2265 2272
f 2275 2277 2274
f 2278 2277 2279
f 2284 9069 9091
f 2287 2286 2281
f 2288 2283 2287
f 2290 9091 9072
f 2291 2293 2294
f 2295 2294 2279
f 2296 2291 2295
f 2297 2292 2291
f 2294 2299 2300
f 2279 2300 2278
f 2298 2302 2292
f 2292 2303 2293
f 2293 2304 2299
f 2304 2306 2299
f 2306 2300 2299
f 2308 2310 2307
f 2302 2310 2303
f 2301 2307 2302
f 2312 2307 2311
f 2313 2315 2316
f 2318 2320 2317
f 9200 2322 2323
f 2324 2273 2326
f 2313 2326 2327
f 2328 2313 2316
f 2329 2324 2328
f 2331 2333 2330
f 2330 2267 2266
f 2325 2266 2273
f 2329 2330 2325
f 2333 2335 2267
f 2336 2333 2332
f 2338 2332 2337
f 2331 2337 2332
f 2329 2339 2331
f 2328 2340 2329
f 2316 2341 2328
f 2342 2315 2343
f 2344 2346 2347
f 2341 2347 2340
f 2342 2344 2341
f 2348 2345 2344
f 2350 2352 2353
f 2339 2353 2337
f 2340 2350 2339
f 2347 2351 2350
f 2337 2354 2338
f 2353 2355 2354
f 2356 2276 2357
f 2356 2358 2359
f 2356 2296 2295
f 2279 2356 2295
f 2360 2270 2268
f 2267 2360 2268
f 2362 2364 2365
f 2362 2361 2358
f 2366 2358 2357
f 2366 2363 2362
f 2357 2368 2366
f 2366 2369 2367
f 2276 2370 2368
f 2368 2282 2369
f 2372 2374 2371
f 2375 2377 2007
f 2378 2380 2381
f 2382 2381 2383
f 2384 2378 2382
f 2385 2379 2378
f 2388 2390 2387
f 2387 2392 2391
f 2393 2387 2391
f 2394 2388 2387
f 2186 2402 2400
f 2403 2327 2326
f 2272 2326 2273
f 2271 2403 2272
f 2405 2404 2403
f 2404 2408 2327
f 2409 2411 2412
f 2409 2271 2269
f 2413 2269 2270
f 2413 2410 2409
f 2417 2416 2418
f 2417 2406 2405
f 2412 2405 2271
f 2411 2417 2412
f 2406 2407 2404
f 9013 632 713
f 2420 2397 2421
f 2420 2423 2422
f 2424 2422 2419
f 2424 2398 2420
f 2425 2392 2426
f 2421 2426 2423
f 2397 2425 2421
f 2396 2391 2425
f 2427 2315 2314
f 2427 2408 2428
f 2430 2428 2429
f 2343 2427 2430
f 2432 2430 2431
f 2431 2429 2433
f 2435 2433 2434
f 2436 2431 2435
f 2428 2407 2437
f 2422 2407 2419
f 2438 2422 2423
f 2429 2437 2438
f 2440 2433 2439
f 2441 2433 2429
f 2442 2439 2441
f 2443 2440 2439
f 2445 2444 2443
f 2447 2443 2442
f 2383 2445 2447
f 2381 2446 2445
f 2448 2423 2426
f 2449 2426 2392
f 2441 2449 2442
f 2441 2438 2448
f 2449 2390 2450
f 2450 2389 2451
f 2447 2451 2383
f 2442 2450 2447
f 2451 2453 2452
f 2452 2455 2454
f 2382 2454 2384
f 2383 2452 2382
f 2456 2373 2372
f 2459 2461 2458
f 2463 2465 2462
f 2462 2285 2284
f 2466 2284 2290
f 2467 2462 2466
f 2461 9155 9153
f 2468 2470 2471
f 2472 2471 2473
f 2474 9153 9140
f 2475 2477 2478
f 2458 2453 2479
f 2479 2389 2388
f 2395 2479 2388
f 2480 2458 2479
f 2481 2483 2478
f 2484 2485 221
f 2471 2464 2463
f 2473 2463 2467
f 2487 2466 2486
f 2486 2290 2488
f 2490 2488 2489
f 2491 2486 2490
f 2492 2467 2487
f 2493 2487 2491
f 2494 2492 2493
f 2495 2473 2492
f 9142 2474 9140
f 9143 2496 9142
f 2498 2493 2499
f 2500 2499 2501
f 9152 2498 2500
f 9139 2494 2498
f 2306 2278 2300
f 2305 2504 2306
f 2504 2507 2506
f 2506 2288 2508
f 2274 2508 2275
f 2278 2506 2274
f 9085 2489 2488
f 9072 2488 2290
f 2507 2289 2288
f 2505 2509 2507
f 2508 2287 2511
f 2511 2281 2280
f 2370 2280 2282
f 2275 2511 2370
f 2512 2489 2513
f 2514 2513 2515
f 2517 2514 2516
f 2517 2490 2512
f 2499 2491 2517
f 2499 2516 2501
f 2510 2519 2518
f 2518 2521 2520
f 9068 2520 9073
f 9084 2518 9068
f 2522 2303 2310
f 2523 2310 2309
f 2305 2522 2524
f 2524 2523 2525
f 2519 2525 2521
f 2505 2524 2519
f 2308 2527 2526
f 2526 2529 2528
f 2531 2528 2530
f 2309 2526 2531
f 1214 2151 1211
f 2419 2418 2424
f 2533 2349 2317
f 2534 2317 2320
f 2535 2533 2534
f 2536 2345 2533
f 2537 2346 2536
f 2538 2536 2535
f 2539 2537 2538
f 2540 2351 2537
f 2312 2541 2527
f 2527 2542 2529
f 2543 2434 2544
f 2545 2544 2546
f 2319 2543 2545
f 2318 2435 2543
f 2514 2548 2547
f 2547 2550 2549
f 2552 2549 2551
f 2552 2514 2547
f 2520 2554 2553
f 2553 2556 2555
f 9042 2555 9045
f 9073 2553 9042
f 2523 2531 2557
f 2557 2530 2558
f 2525 2557 2559
f 2559 2558 2560
f 2554 2560 2556
f 2521 2559 2554
f 2561 2007 2006
f 2376 2225 2377
f 2564 2566 2563
f 2563 338 2567
f 2569 2567 2568
f 2570 2563 2569
f 2572 2574 2571
f 2571 2576 2575
f 2544 2575 2546
f 2544 2572 2571
f 2578 2569 2577
f 2579 2569 2568
f 2574 2579 2576
f 2573 2577 2574
f 2581 2583 2580
f 2584 2583 2585
f 9149 2580 2584
f 9128 2580 9127
f 2582 2552 2583
f 2583 2551 2585
f 2500 2589 2588
f 2590 2589 2591
f 9145 2588 2590
f 9147 2500 2588
f 2501 2591 2589
f 2592 2594 2595
f 2386 2503 2502
f 2596 2386 2374
f 2596 2373 2597
f 2599 2597 2598
f 2599 2379 2596
f 2600 2380 2599
f 2600 2598 2601
f 2603 2601 2602
f 2603 2446 2600
f 2604 2602 2605
f 2440 2605 2434
f 2444 2604 2440
f 2606 2581 2607
f 2606 2590 2591
f 2591 2582 2606
f 9128 2456 9141
f 9141 2372 9145
f 2478 2608 2481
f 2609 2611 2199
f 2564 2613 2612
f 2612 2598 2597
f 2457 2597 2373
f 2565 2612 2457
f 2614 2570 2578
f 2615 2578 2573
f 2602 2614 2615
f 2601 2613 2614
f 2572 2605 2616
f 2616 2602 2615
f 2573 2616 2615
f 1459 1045 1021
f 1265 1079 1082
f 1612 1609 1611
f 2067 2069 2068
f 1135 1136 1148
f 1938 2618 2617
f 95 458 128
f 2058 1608 1612
f 1454 1445 1367
f 655 1048 2619
f 722 2621 723
f 3665 3634 3666
f 1131 1033 1134
f 562 366 1497
f 1723 1725 1591
f 1786 1122 1787
f 267 323 266
f 1325 1654 2038
f 1468 1435 1479
f 658 529 528
f 8 247 7
f 382 1559 3
f 3631 3680 3630
f 788 1307 789
f 940 929 928
f 911 2623 912
f 2621 655 654
f 2624 2625 2626
f 998 27 26
f 635 2626 2625
f 2627 644 1840
f 2628 1840 2629
f 1200 2627 2628
f 1199 641 2627
f 1520 49 477
f 1452 1349 1451
f 2630 1859 1858
f 644 1335 1823
f 3683 3699 3698
f 1197 717 2632
f 2632 719 1166
f 2628 1166 1200
f 2629 2632 2628
f 1762 1050 821
f 1823 873 1839
f 2634 794 652
f 1028 1027 1161
f 1042 2635 1043
f 93 1901 1924
f 2036 1458 1455
f 1527 1525 1526
f 877 1274 1277
f 134 797 1544
f 1328 931 1329
f 607 1091 1161
f 1043 2637 2636
f 2636 2639 2638
f 1275 2638 1276
f 1275 1043 2636
f 1272 2626 2640
f 2640 638 637
f 1110 2640 637
f 536 2640 2641
f 1472 1474 1473
f 2042 1951 649
f 3668 3633 3669
f 1058 1105 1059
f 2642 2643 2644
f 1192 2644 1193
f 912 2642 1192
f 9350 8970 9238
f 1049 2620 2621
f 616 1885 613
f 1331 666 750
f 990 1198 525
f 1911 321 322
f 1298 1205 2645
f 76 1504 75
f 1502 421 422
f 610 658 691
f 1146 659 938
f 2646 914 936
f 1280 1238 1279
f 975 2647 2648
f 2647 975 974
f 1453 1452 1451
f 1514 158 151
f 835 1843 1842
f 1271 1173 1289
f 2649 813 2650
f 1893 1826 1894
f 1050 1937 1051
f 2651 814 813
f 1006 1281 977
f 2653 2654 2655
f 1001 1003 1002
f 585 679 558
f 2624 621 620
f 555 2028 556
f 1207 1197 2629
f 1626 478 472
f 3729 3731 3730
f 3746 3748 3747
f 3770 3750 3753
f 426 419 1567
f 1030 1773 1031
f 9350 634 9332
f 534 138 262
f 1125 1042 1041
f 333 88 227
f 569 561 730
f 3691 3693 3692
f 1489 871 870
f 1857 620 891
f 1673 9222 9215
f 622 864 1308
f 2647 974 2657
f 619 891 620
f 261 545 262
f 393 1556 404
f 2658 2647 2657
f 1075 2657 917
f 1081 2658 1075
f 1080 2659 2658
f 2644 1141 2660
f 2660 1140 1336
f 642 1336 643
f 1193 2660 642
f 679 555 558
f 3762 3764 3763
f 1503 1500 1502
f 1318 1101 1100
f 2661 1139 1142
f 2661 2663 2662
f 2662 2659 2661
f 2662 2622 2664
f 2664 911 2646
f 2648 2646 1146
f 2648 2662 2664
f 3586 3779 3777
f 2083 2093 2081
f 1442 1437 1439
f 3732 3733 3731
f 519 330 51
f 1885 1209 613
f 799 805 804
f 1946 1952 1953
f 1302 1253 1252
f 3741 3757 3756
f 3660 3662 3661
f 566 224 533
f 1389 928 1388
f 683 681 680
f 836 1842 2665
f 2665 1845 1303
f 2666 1303 1302
f 24 2665 2666
f 831 2650 832
f 1845 1304 1303
f 2010 2012 2011
f 1051 2667 2668
f 1522 1511 1523
f 531 441 522
f 782 1251 1250
f 1250 2625 2669
f 2669 1857 1856
f 783 1856 1037
f 782 2669 783
f 720 2671 721
f 1055 1930 1056
f 1333 1251 2251
f 619 1308 1307
f 652 2619 2634
f 521 1539 1540
f 1838 537 2672
f 2672 536 2641
f 1113 2641 1110
f 1113 1838 2672
f 1016 1351 1045
f 9349 570 9346
f 226 104 101
f 9008 9279 1818
f 1036 1884 1883
f 2674 1304 2673
f 2673 1844 2675
f 1334 2675 1039
f 1333 2673 1334
f 2676 1039 2675
f 1843 2675 1844
f 942 2676 1843
f 1074 702 2676
f 811 859 858
f 752 1055 753
f 1200 656 1026
f 1120 874 2677
f 2677 877 1052
f 1241 1052 1005
f 1119 2677 1241
f 1560 151 1515
f 1208 611 523
f 215 736 214
f 1460 1462 1461
f 3717 3719 3718
f 1208 1839 873
f 854 1282 1297
f 3682 3696 3681
f 72 182 179
f 544 1565 512
f 217 456 457
f 3673 3781 3780
f 2047 930 945
f 1204 1937 2633
f 913 686 685
f 3705 3707 3706
f 840 1113 1112
f 1531 730 561
f 2678 1283 801
f 601 1914 602
f 1537 459 460
f 1819 8953 8971
f 991 862 538
f 2679 1073 1830
f 3776 3581 3582
f 2680 983 2256
f 779 2256 1263
f 778 2680 779
f 2678 1830 2680
f 180 245 40
f 1886 1131 1134
f 3766 3767 3749
f 1138 1274 1255
f 3777 3585 3586
f 1841 1140 1139
f 75 314 74
f 193 420 192
f 2681 1099 1098
f 3658 3587 3659
f 170 1565 169
f 349 417 432
f 1121 2684 2683
f 547 409 302
f 123 121 120
f 2643 1142 1141
f 1542 513 1543
f 899 907 919
f 1210 676 867
f 791 982 892
f 24 837 836
f 893 932 931
f 1860 863 862
f 535 862 861
f 3640 3683 3638
f 832 813 812
f 2650 813 832
f 1569 1547 1568
f 181 542 180
f 660 937 688
f 2013 568 2012
f 3781 3644 3782
f 887 2631 2630
f 1524 361 78
f 520 162 1529
f 2653 854 2685
f 1238 2655 2686
f 718 527 530
f 1492 518 1491
f 792 615 793
f 599 1835 596
f 290 456 175
f 312 1552 425
f 1248 1179 1249
f 153 177 178
f 1240 1222 1221
f 1257 1235 1071
f 1291 1083 1222
f 1052 1277 1053
f 743 2618 1204
f 444 430 443
f 23 1172 1187
f 2687 1180 1179
f 102 409 134
f 1283 610 801
f 373 650 651
f 1180 1084 1291
f 855 2655 1237
f 1173 1917 1174
f 2689 853 2688
f 2688 1108 1279
f 2686 1279 1238
f 2687 2688 2686
f 2691 1252 2690
f 2690 850 2689
f 1248 2689 2687
f 1248 2691 2690
f 2692 24 2666
f 2691 2666 1302
f 1247 2692 2691
f 1258 617 2692
f 394 1555 393
f 2693 1259 1223
f 1072 1262 1261
f 1257 1168 1258
f 398 1555 1554
f 871 1314 872
f 1178 1249 1179
f 1224 1173 1172
f 1010 2618 742
f 1175 1292 1269
f 2654 2686 2655
f 2694 1216 1264
f 71 1487 70
f 701 1111 1038
f 1072 2649 2650
f 1085 22 21
f 895 1264 896
f 1601 1605 1604
f 1259 1271 1289
f 21 1220 1083
f 988 538 537
f 3533 3535 3532
f 598 1336 1140
f 820 1762 821
f 1050 818 821
f 1298 1761 2652
f 1168 618 617
f 3629 3670 3628
f 858 1256 833
f 39 516 1536
f 2652 819 814
f 313 315 314
f 2026 1971 2027
f 2656 596 1835
f 814 818 811
f 2696 813 2649
f 1260 2649 1261
f 2693 2696 1260
f 2697 2651 2696
f 381 390 380
f 9270 1611 1609
f 1475 1428 1227
f 1292 1917 1235
f 1551 354 1518
f 1526 1523 1511
f 1593 1595 1573
f 1232 1246 1249
f 2695 1223 22
f 2698 1296 2697
f 2698 2693 2695
f 2685 2695 1085
f 2685 1297 2698
f 562 271 272
f 2652 1296 1298
f 1365 1364 1363
f 1958 1953 1957
f 585 2210 997
f 1561 1515 435
f 975 1146 976
f 347 68 346
f 1038 636 1068
f 2700 780 2699
f 2699 1036 1883
f 2701 1883 1829
f 851 2699 2701
f 2674 2251 2702
f 2702 781 2700
f 1253 2700 851
f 1301 2702 1253
f 1519 388 1550
f 1273 1280 2703
f 2703 1107 852
f 2701 852 851
f 1829 2703 2701
f 91 326 90
f 1784 2656 1785
f 2683 2705 2704
f 604 8943 8977
f 1669 8992 1662
f 2062 2060 2059
f 621 861 622
f 2023 732 2024
f 686 1263 687
f 857 2668 1328
f 883 882 879
f 3648 3650 3649
f 637 1111 1110
f 2668 893 1328
f 3692 3711 3691
f 2667 894 2668
f 1039 1068 1334
f 313 1504 1505
f 1911 305 453
f 1936 1964 2212
f 2707 2401 2183
f 2708 2183 2182
f 738 2116 554
f 3785 3709 3786
f 2349 2432 2436
f 2711 2020 2019
f 2400 2019 2186
f 2714 2716 2713
f 2717 2719 2720
f 2721 2723 2724
f 2726 2728 2725
f 2725 2730 2729
f 2731 2729 2709
f 2732 2725 2731
f 2734 2736 2733
f 2738 2740 2737
f 2737 2741 2742
f 2744 2746 2743
f 2745 2748 2747
f 2749 2747 2751
f 2753 2751 2752
f 2250 2246 2248
f 3417 3419 3418
f 2754 1614 2755
f 9050 2755 9061
f 9060 2747 9061
f 1617 2755 1614
f 2242 1620 2757
f 3429 3431 3430
f 2191 2760 2759
f 2761 2760 2762
f 9100 2761 9101
f 9075 2759 9100
f 3209 3354 3355
f 1395 2236 2235
f 1395 1636 1615
f 3741 3790 3740
f 1616 2229 2233
f 3410 3412 3411
f 1617 2763 2756
f 2756 9080 9060
f 2765 2234 1630
f 2766 9080 9074
f 3202 3458 3459
f 1516 435 1515
f 2768 8996 8997
f 1495 578 1424
f 2135 28 17
f 8970 2773 2774
f 1690 9378 9377
f 2778 2780 2777
f 2777 2781 2782
f 2784 2777 2783
f 8999 575 576
f 1494 9 540
f 8973 2015 9010
f 451 505 450
f 2786 2788 2785
f 2779 2785 2780
f 2789 2741 2740
f 2790 2752 2789
f 2792 2794 2791
f 2793 2796 2794
f 2796 2750 2749
f 2794 2749 2753
f 2798 1396 2754
f 9043 2754 9050
f 2798 2800 1393
f 9043 2799 2798
f 2797 2795 2801
f 2791 2753 2790
f 216 232 54
f 9256 2807 9255
f 9257 2804 9255
f 2769 9001 8996
f 183 184 97
f 2811 2775 2776
f 2804 2776 2805
f 2809 2811 2804
f 2812 2813 2814
f 9257 2816 9247
f 9248 2815 9247
f 9250 2820 2821
f 9245 2819 9250
f 2824 2735 2819
f 2823 2824 2819
f 2825 2826 2724
f 9245 2827 9244
f 9248 2826 9244
f 2713 2829 2828
f 2828 2831 2830
f 2822 2828 2830
f 2821 2713 2828
f 2832 2822 2830
f 2833 2830 2831
f 2834 2832 2833
f 2835 2827 2832
f 2837 2839 2836
f 2836 2841 2840
f 2842 2840 2727
f 2843 2836 2842
f 2840 2845 2844
f 2718 2845 2719
f 2730 2844 2718
f 2727 2844 2728
f 2846 2719 2845
f 2846 2841 2847
f 2829 2847 2831
f 2829 2716 2846
f 2847 2839 2848
f 2848 2838 2849
f 2833 2849 2834
f 2831 2848 2833
f 2850 2851 2852
f 2853 2852 2854
f 2783 2782 2855
f 2785 2853 2856
f 2780 2856 2781
f 2857 2855 2782
f 2859 2782 2781
f 2861 2842 2860
f 2860 2727 2726
f 2862 2726 2732
f 2863 2860 2862
f 2861 2858 2857
f 2843 2857 2859
f 2856 2854 2864
f 2781 2864 2859
f 2837 2859 2864
f 2838 2864 2854
f 2852 2834 2849
f 2854 2849 2838
f 2865 2818 2835
f 2851 2835 2834
f 2813 2815 2865
f 2814 2865 2851
f 2866 2814 2850
f 2788 2850 2853
f 2866 2787 2867
f 2812 2867 2775
f 1892 1890 1891
f 2720 2846 2870
f 298 256 257
f 2872 2713 2820
f 9246 2735 2734
f 2729 2874 2873
f 2846 2715 2870
f 2876 2878 2875
f 2733 2878 2734
f 9258 2879 2880
f 9258 2872 9246
f 2882 2884 2881
f 2881 2715 2714
f 2880 2714 2872
f 2879 2881 2880
f 2885 2887 2888
f 2888 2890 2885
f 2885 2892 2891
f 2893 2885 2891
f 1942 2532 2894
f 2895 2720 2870
f 2884 2870 2715
f 2883 2895 2884
f 2896 2892 2895
f 2889 2717 2890
f 2890 2720 2892
f 2897 2891 2896
f 2898 2896 2883
f 2899 2883 2882
f 2900 2882 2879
f 9249 2879 9259
f 2876 2901 2877
f 2901 2904 2903
f 1785 1835 1834
f 2905 2899 2900
f 2907 2897 2898
f 9249 2903 9251
f 632 577 633
f 8976 2867 2787
f 434 550 350
f 2768 9092 9095
f 2910 1623 2249
f 2241 2758 2242
f 9092 2913 9104
f 1623 2757 1620
f 9039 2757 9104
f 2229 1380 2250
f 2765 1629 2914
f 2915 1629 2912
f 9094 2914 2915
f 9093 2765 2914
f 2919 9094 9065
f 2918 2912 2241
f 9066 2241 9038
f 9070 9065 9122
f 8985 2180 8940
f 8965 2188 8950
f 3694 3627 3693
f 9157 714 9303
f 2925 2917 2924
f 2924 2916 2919
f 9062 2919 9070
f 9063 2924 9062
f 2926 2766 2925
f 9110 2925 9063
f 1715 1705 1710
f 785 498 796
f 1387 565 1791
f 374 1899 560
f 9017 2206 9000
f 2929 2886 2893
f 2932 2934 2931
f 1905 1908 1907
f 2930 2936 2937
f 2938 2930 2929
f 1493 517 518
f 1603 1586 1602
f 2939 2929 2908
f 2940 2908 2907
f 9117 1600 9113
f 2886 2937 2887
f 2906 2898 2899
f 2908 2893 2897
f 2942 2933 2941
f 2941 2937 2936
f 8945 2936 8957
f 8942 2941 8945
f 2943 2710 2873
f 2943 2874 2889
f 2945 2889 2888
f 2946 2943 2945
f 2932 2888 2887
f 2931 2945 2932
f 727 1929 728
f 2903 2947 2948
f 545 42 262
f 1480 533 251
f 2907 2949 2940
f 2906 2950 2949
f 1558 215 202
f 9251 2948 9253
f 2054 1644 2118
f 9157 2203 9017
f 1828 1849 1827
f 2953 2955 2952
f 2952 2957 2956
f 2956 2258 2952
f 2953 2258 2257
f 2454 2474 2496
f 9199 2959 9218
f 9199 2131 9189
f 2961 2963 2958
f 2958 2964 2959
f 222 2485 2965
f 2477 2966 2608
f 2631 2006 1859
f 2384 2496 2497
f 2967 2959 2964
f 2968 2970 2969
f 9211 2971 9236
f 9236 2960 9218
f 2972 2033 2032
f 2007 2973 2008
f 9004 2134 2133
f 1836 1832 1831
f 8950 2090 8995
f 955 959 956
f 672 674 673
f 633 713 632
f 2024 733 803
f 2025 803 798
f 425 1550 388
f 2975 888 887
f 1319 1157 2694
f 1212 2977 1213
f 889 2228 2227
f 1978 1975 1979
f 1138 1329 915
f 751 2979 2978
f 1619 1625 1624
f 2252 1728 1727
f 1157 845 1216
f 2706 1938 2617
f 2980 2254 2981
f 2982 887 2630
f 802 711 2679
f 678 2029 2028
f 527 690 528
f 1839 2629 1840
f 2983 602 1914
f 2983 1913 1331
f 2985 1331 1054
f 2986 2983 2985
f 2987 2635 2634
f 2985 2639 2986
f 2990 1318 2989
f 2991 2993 2994
f 2995 2994 2996
f 1106 2991 2995
f 1058 2992 2991
f 1415 1365 1367
f 1317 2217 2997
f 1932 2255 2980
f 926 2999 664
f 3001 2992 3000
f 3000 1057 2978
f 2999 2978 2979
f 2998 3000 2999
f 3002 2209 3003
f 3002 2996 2994
f 2993 3002 2994
f 3001 2998 3002
f 1103 2995 3004
f 3004 2996 3003
f 2209 3004 3003
f 588 3004 2210
f 295 433 381
f 2638 2988 3005
f 3005 1056 1930
f 1305 1930 1306
f 1276 3005 1305
f 1987 1993 1989
f 2633 1761 2645
f 1423 1417 1419
f 9005 739 703
f 2671 2704 2705
f 1473 2035 1472
f 922 2694 895
f 1401 1378 1384
f 556 1884 1037
f 842 9277 9288
f 1854 2617 1010
f 933 1081 1075
f 1440 1436 1437
f 529 719 530
f 1031 1027 1028
f 777 912 1871
f 2645 1204 2633
f 441 1538 1537
f 3771 3773 3772
f 790 587 586
f 2065 1610 1607
f 1860 990 902
f 60 87 59
f 1424 1948 1947
f 332 1507 331
f 261 138 135
f 187 449 507
f 1719 1726 1725
f 1931 1059 3006
f 3006 1105 1104
f 1287 1104 587
f 1286 3006 1287
f 3007 3009 3010
f 3009 653 795
f 618 26 25
f 2029 1210 1209
f 957 600 2228
f 1049 2228 600
f 2631 3011 2561
f 890 2227 3011
f 3011 2145 3012
f 2561 3012 2375
f 1026 609 608
f 2706 1961 1964
f 3013 2485 3014
f 2148 1267 3015
f 3015 1266 1311
f 2997 1101 1317
f 642 1773 1193
f 186 461 511
f 1041 1320 901
f 1121 3017 1122
f 2984 2987 3018
f 3018 2634 2619
f 1048 3018 2619
f 603 2984 3018
f 2679 801 802
f 2062 2074 2061
f 2061 2076 2064
f 414 1545 1965
f 3016 2683 3019
f 3019 2704 2670
f 3020 2670 720
f 3007 3019 3020
f 1871 1091 777
f 3021 1122 3017
f 3022 3017 3010
f 1314 3022 1315
f 1784 3021 1314
f 1316 1763 611
f 3023 3010 3009
f 3023 795 1092
f 1763 1092 1125
f 1315 3023 1763
f 3016 3010 3017
f 752 2978 1057
f 2986 2637 2987
f 3024 653 3008
f 3020 3008 3007
f 720 3024 3020
f 723 654 3024
f 2681 1268 3025
f 2671 1268 721
f 2705 3025 2671
f 1313 3027 1311
f 3026 3029 3027
f 3027 3030 3031
f 1311 3031 3015
f 2012 731 2023
f 917 974 977
f 3742 3744 3743
f 743 856 744
f 1888 2030 1425
f 2682 2684 3032
f 3032 1124 2989
f 1100 2989 1318
f 1099 3032 1100
f 1123 2989 1124
f 3033 1159 1158
f 2990 1158 1319
f 1123 3033 2990
f 1786 1834 3033
f 1054 2988 2985
f 2979 664 2999
f 2623 2663 2643
f 1095 688 687
f 3034 2261 2956
f 3036 2956 2957
f 3037 3034 3036
f 3038 3035 3034
f 3040 3026 1313
f 2263 3041 3040
f 3042 3043 3041
f 3041 3028 3026
f 3044 3043 3039
f 3046 3045 3044
f 3047 3049 3045
f 3043 3049 3028
f 3038 3051 3050
f 3050 3053 3052
f 3052 3044 3050
f 3039 3050 3044
f 3054 3039 3042
f 3042 2262 3054
f 2261 3054 2262
f 2216 2997 2217
f 2212 2667 1936
f 3056 2209 3055
f 934 1961 1854
f 2013 9209 567
f 3058 3060 3061
f 3059 3063 3060
f 3060 2213 1963
f 3061 1963 1962
f 3063 2214 2213
f 3062 3064 3063
f 3065 2260 3064
f 3064 2215 2214
f 3066 3031 3030
f 2608 3067 3066
f 2966 3068 3067
f 3031 3068 3015
f 2455 2461 2474
f 2476 2226 2477
f 8995 2089 8969
f 8970 9221 9238
f 433 355 381
f 2115 1419 2123
f 8953 2922 8971
f 9221 2131 2134
f 3069 2167 2166
f 2971 2928 2960
f 2961 2773 2962
f 3070 2478 2483
f 2610 3071 2954
f 2502 2374 2386
f 3072 2595 3073
f 2964 3052 2967
f 3048 3074 3049
f 2593 3075 3074
f 3075 3029 3074
f 3074 3028 3049
f 3072 3075 2592
f 3076 2482 2481
f 2481 3066 3076
f 3076 3030 3075
f 2967 3053 2970
f 2482 3073 2483
f 479 493 494
f 706 9325 709
f 9005 2221 8961
f 2013 9206 9207
f 8977 2016 8973
f 9006 2222 2974
f 1171 1155 1176
f 3782 3689 3783
f 2586 2565 2587
f 2982 113 2484
f 2562 3077 3068
f 2376 3012 3077
f 3012 2148 3077
f 3077 3015 3068
f 2963 3046 2964
f 3051 2970 3053
f 1683 491 775
f 9302 1447 9312
f 1986 9186 9220
f 3079 2546 2575
f 3081 2575 2576
f 1983 9220 9217
f 3082 2319 2545
f 3080 2545 2546
f 9186 3082 3080
f 9184 2323 3082
f 1309 1888 748
f 3073 2772 2771
f 2760 3084 2762
f 2760 2088 3083
f 3085 3086 3087
f 3089 3090 3088
f 3089 3084 3085
f 3092 3090 3091
f 3093 2744 2743
f 2751 2748 3093
f 3093 2752 2751
f 2742 3093 3094
f 3094 2743 3095
f 3096 3098 3087
f 3099 3087 3086
f 3097 3095 3098
f 3100 2746 3101
f 3101 3102 3100
f 2764 2927 3101
f 2745 3101 2746
f 3102 3091 3100
f 3100 3095 2743
f 2869 9044 9086
f 3102 3104 3092
f 9110 2869 9086
f 2927 3103 3102
f 3098 3091 3090
f 3087 3090 3085
f 2088 3105 3083
f 3083 3086 3084
f 2483 2771 3070
f 2401 2185 2321
f 3099 3105 3106
f 2125 3106 3105
f 3108 2742 3107
f 3107 3094 3097
f 3110 3107 3109
f 3109 3097 3096
f 3111 3096 3099
f 3112 3109 3111
f 3113 2737 3108
f 3115 2722 3114
f 3117 3114 3116
f 3119 3116 3118
f 3118 3120 3121
f 3116 3113 3120
f 3122 3111 3123
f 3122 1755 1754
f 3124 3126 3127
f 3125 3121 3126
f 3128 3118 3125
f 3129 3125 3124
f 2020 3128 3129
f 9305 1346 1352
f 1065 1047 1066
f 1814 9282 1649
f 2021 3129 3130
f 3111 3106 3123
f 3123 2207 1755
f 2377 2224 2973
f 3014 113 112
f 1756 9234 9219
f 3131 2530 2528
f 3133 2528 2529
f 1753 9219 9227
f 3134 3127 3135
f 2327 2314 2313
f 2436 2317 2349
f 2018 9163 9164
f 2534 3137 2535
f 2320 3136 2534
f 2185 9164 9223
f 3138 2542 2539
f 3134 9196 9197
f 9237 3134 9197
f 3140 2539 2538
f 2535 3140 2538
f 9163 3130 9237
f 2558 3132 3141
f 9234 3141 3132
f 2560 3141 3142
f 9212 3142 3141
f 958 2976 2981
f 1933 2980 3143
f 3714 3729 3713
f 2399 2418 2416
f 2348 2343 2432
f 2322 2319 2323
f 2718 2874 2730
f 2709 2873 2710
f 2894 1361 1942
f 3788 3720 3717
f 346 176 347
f 1876 1882 1881
f 2802 9059 9044
f 3104 3088 3092
f 2974 9101 9055
f 3089 2761 2762
f 3088 3145 3089
f 2803 9055 9059
f 9322 692 628
f 2123 1418 2126
f 1365 1368 1367
f 3346 3344 3343
f 1581 1782 1783
f 9013 2129 8964
f 8999 2002 8965
f 3146 2551 3147
f 9203 3147 9202
f 9194 3146 9203
f 3149 2585 3146
f 3196 3197 3195
f 9056 2191 9075
f 3142 2556 2560
f 9229 3150 3142
f 9098 2550 9045
f 3150 2555 2556
f 9230 3151 3150
f 9240 3152 9098
f 3153 2551 2549
f 3152 2549 2550
f 9233 3153 3152
f 9228 3147 3153
f 3148 2206 2205
f 2183 2321 2184
f 2132 2928 2133
f 3299 3321 3319
f 9136 2204 2203
f 9171 2197 9173
f 2594 2773 2951
f 2595 2951 2772
f 1870 799 1869
f 3257 3259 3258
f 9165 2178 9158
f 9158 9188 9242
f 336 9226 9174
f 339 3154 336
f 9241 3149 9194
f 9135 2584 3149
f 2963 3048 3047
f 9174 337 336
f 339 2566 2586
f 3156 2168 2167
f 2610 2167 2611
f 2954 3156 2610
f 3157 2953 2257
f 9159 2169 9161
f 2567 3159 2568
f 337 2567 338
f 9182 2166 9159
f 9216 1983 9217
f 2579 3081 2576
f 2568 3160 2579
f 9161 2190 9216
f 3065 3162 3161
f 3161 1984 2189
f 3157 2189 2168
f 2257 3161 3157
f 734 1922 806
f 3059 2708 3163
f 3163 2182 1985
f 3162 1985 1984
f 3062 3163 3162
f 3203 3205 3204
f 3806 3808 3807
f 2122 1448 1447
f 9269 1685 9264
f 139 444 69
f 1570 566 533
f 2957 3165 3036
f 2955 3164 2957
f 1912 341 1973
f 3130 3124 3134
f 1548 319 1547
f 1949 1327 1887
f 2969 3078 3167
f 3167 3169 3168
f 9176 2017 9172
f 9172 2033 9211
f 3168 3165 3170
f 3170 3164 3171
f 9231 3171 9208
f 9176 3170 9231
f 3171 3166 3172
f 3172 3071 3173
f 9204 3173 9201
f 9208 3172 9204
f 3169 3036 3165
f 2593 2962 2594
f 3173 2609 3174
f 3174 2199 2198
f 9235 2198 9171
f 9201 3174 9235
f 2190 1984 1983
f 2196 2767 3148
f 3326 3328 3327
f 2119 1414 1448
f 1464 1466 1465
f 2199 3069 2200
f 2457 2587 2565
f 2226 2562 2966
f 481 1627 1639
f 333 235 236
f 3078 3037 3169
f 3040 2997 2263
f 3351 3262 3263
f 2219 1933 2220
f 2385 2497 2503
f 221 3175 2484
f 2220 3143 3175
f 3175 2976 2975
f 2484 2975 2982
f 2954 3166 2955
f 2630 110 2982
f 1547 1952 1955
f 2091 2188 2187
f 9185 2178 2177
f 1918 1927 1926
f 9007 111 8955
f 3398 3400 3399
f 955 960 954
f 2037 112 9007
f 3143 2981 2976
f 2218 2214 2215
f 672 9239 8985
f 2152 3014 2037
f 1147 1143 1145
f 2248 1409 2245
f 1615 1635 1616
f 1410 2246 2247
f 3486 3487 3310
f 3468 3502 3501
f 3451 3452 3450
f 3177 1383 1382
f 2238 3176 1382
f 3176 2230 3178
f 1410 3179 1407
f 3179 2243 1407
f 1633 2800 2249
f 3816 3817 3814
f 1621 2758 2912
f 3642 3662 3675
f 3422 3260 3257
f 1622 2245 1634
f 2236 3181 3182
f 3793 3795 3794
f 3493 3495 3494
f 2237 3182 3183
f 3513 3515 3514
f 2250 2233 2229
f 3654 3667 3802
f 2912 1628 1621
f 3819 3821 3820
f 3432 3823 3431
f 135 1564 1563
f 1567 512 1565
f 1085 2653 2685
f 3184 868 3056
f 869 3057 934
f 3389 3387 3386
f 1266 1098 1312
f 1267 722 721
f 937 2646 936
f 2146 722 2147
f 2211 921 2667
f 1957 507 449
f 1313 2264 3040
f 1496 1493 1492
f 2681 2705 2682
f 2887 2933 2932
f 1687 1659 1694
f 145 1498 81
f 1317 1319 2694
f 3831 3830 3834
f 37 418 71
f 1935 3185 2977
f 104 301 103
f 2101 2083 2084
f 543 360 207
f 1934 3186 3185
f 234 212 237
f 9297 1822 1824
f 3825 3827 3826
f 1976 1874 1974
f 223 2219 220
f 9107 9057 9064
f 468 773 2165
f 3673 3659 3672
f 1935 1728 1932
f 3490 3840 3549
f 3362 3848 3847
f 3862 3864 3863
f 3465 3484 3868
f 3893 3525 3874
f 3352 3430 3431
f 3869 3871 3870
f 3529 3567 3564
f 3420 3922 3921
f 3304 3236 3303
f 3929 3931 3930
f 3324 3327 3561
f 3219 3939 3331
f 3220 3937 3219
f 3450 3376 3439
f 3942 3833 3941
f 3215 3454 3945
f 3946 3215 3945
f 3422 3948 3421
f 3950 3198 3196
f 3205 3957 3920
f 3261 3961 3288
f 3852 3964 3963
f 3214 3946 3958
f 3965 3214 3192
f 3797 3799 3798
f 3988 3990 3989
f 3777 3806 3822
f 3855 3447 3444
f 3737 3800 3736
f 3949 3952 3948
f 3651 3783 4000
f 4001 3787 3812
f 4019 4021 4020
f 4027 4029 4028
f 3258 4030 4027
f 4033 4035 4034
f 3424 4047 4046
f 3242 4058 4057
f 3970 3547 3971
f 3829 4057 3825
f 3333 3947 4060
f 4063 4065 4064
f 4073 4075 4074
f 3568 3443 3448
f 3981 3335 4050
f 3540 3862 3539
f 4078 4031 4032
f 3565 4088 3993
f 3442 4089 4082
f 4092 4094 4093
f 4093 4097 4096
f 3619 3623 3624
f 3660 3821 3807
f 3809 3649 3808
f 3610 3655 3613
f 3656 3623 3657
f 3621 3804 3620
f 3503 3481 3504
f 3436 3438 3437
f 3356 3427 3353
f 3628 3669 3633
f 3734 4002 3733
f 3276 3370 3369
f 3763 4107 3762
f 4006 3754 3755
f 3747 3752 3746
f 3863 4110 3992
f 3994 4003 3501
f 3653 3664 3652
f 3296 4115 3295
f 4117 4119 4118
f 3249 3251 3250
f 4127 4129 4128
f 3478 3903 3867
f 3410 3921 3922
f 3977 4038 3976
f 3216 3453 3454
f 3967 3548 3966
f 4140 4032 4039
f 3509 4149 3916
f 4151 3659 3587
f 4153 3656 3671
f 4153 3646 3672
f 4156 3645 4155
f 4139 4078 4140
f 3743 4163 4162
f 3861 3987 4166
f 3468 4067 3467
f 3306 3980 3835
f 4172 4010 4024
f 4169 3836 3835
f 4187 4189 4188
f 4213 4215 4214
f 4220 4222 4221
f 4225 4211 4204
f 4230 4232 4231
f 4240 4242 4241
f 3606 3608 3607
f 4250 4252 4251
f 4258 4260 4259
f 4077 4079 4078
f 4276 4278 4277
f 4308 4263 4309
f 4017 3872 3869
f 3196 3951 3950
f 4316 4270 4271
f 3870 4307 3869
f 4324 4326 4325
f 4333 4247 4244
f 4338 4340 4339
f 4348 4350 4349
f 4283 4289 4286
f 4356 4358 4357
f 4359 4020 4358
f 4362 4196 4197
f 4320 4279 4276
f 4370 4296 4371
f 4377 4303 4249
f 4231 4201 4178
f 4203 4331 4381
f 4037 4039 4038
f 4371 4386 4370
f 4387 4347 4314
f 3309 3294 3310
f 4099 3724 3818
f 4355 3257 4313
f 3630 3693 3627
f 4277 4302 4390
f 4350 4319 4349
f 4353 4351 4348
f 3637 3639 3638
f 4394 3827 3320
f 3311 4399 4398
f 3755 4005 4006
f 4363 4259 4260
f 3454 3919 3920
f 3446 3459 3458
f 4298 4404 4406
f 3749 3769 3766
f 3791 3756 3792
f 3643 3684 3640
f 3845 3399 3400
f 4313 3258 4312
f 4411 4408 4412
f 3843 4423 3842
f 4214 4329 4328
f 4431 4433 4432
f 3918 3798 3799
f 3927 3388 3389
f 4453 3874 3873
f 4138 4457 4456
f 3346 4459 3345
f 4100 4108 4107
f 3974 3976 3975
f 3665 3652 3664
f 3773 3993 3992
f 3945 3920 3957
f 4144 4462 4461
f 4464 4466 4465
f 3268 4479 3267
f 4484 4136 4485
f 3348 4487 3347
f 3313 3912 3913
f 3803 3617 3802
f 4086 3510 4087
f 4034 3305 4033
f 3403 4171 4489
f 4481 4492 4491
f 4177 4179 4178
f 4398 3923 3311
f 4451 4494 4450
f 4501 4076 4502
f 4509 4506 4503
f 3304 4462 4517
f 4485 3312 4484
f 3419 3349 4064
f 4356 4385 4305
f 4026 4358 4020
f 4354 4357 4358
f 3599 4091 4090
f 4341 4254 4274
f 4251 4524 4335
f 3482 3484 3483
f 3843 3544 4085
f 4295 4274 4294
f 4381 4206 4203
f 4204 4531 4225
f 4533 4535 4534
f 4542 4544 4543
f 4546 4548 4547
f 4573 4547 4548
f 4575 4577 4576
f 4221 4580 4220
f 4587 4589 4588
f 4328 4589 4214
f 4187 4563 4332
f 4595 4593 4591
f 4597 4604 4596
f 4609 4611 4610
f 4620 4622 4621
f 4612 4614 4613
f 4636 4600 4637
f 4649 4650 4648
f 4652 4654 4653
f 4662 4664 4663
f 4666 4668 4667
f 4637 4685 4684
f 4627 4700 4626
f 4684 4636 4637
f 4663 4661 4662
f 4699 4697 4696
f 4647 4703 4702
f 4709 4603 4710
f 4724 4726 4725
f 4742 4744 4743
f 3311 3924 3314
f 4698 4758 4679
f 4749 4609 4610
f 4342 4344 4343
f 4797 4799 4798
f 4490 3974 4143
f 4019 4306 3870
f 4512 4514 4513
f 3991 4508 4507
f 4692 4694 4693
f 4680 4818 4810
f 4821 4824 4823
f 4367 4243 4240
f 4833 4831 4830
f 4837 4757 4754
f 4332 4562 4561
f 4683 4819 4682
f 4845 4850 4849
f 4751 4752 4669
f 4854 4695 4692
f 4858 4718 4857
f 4822 4859 4824
f 4674 4647 4675
f 4771 4773 4772
f 4726 4537 4540
f 4714 4719 4715
f 4633 4688 4687
f 4616 4618 4617
f 4686 4842 4841
f 4869 4708 4629
f 3502 3528 3529
f 4777 4737 4745
f 4734 4779 4873
f 4883 4663 4664
f 4375 4274 4275
f 4290 4335 4524
f 4799 4826 4825
f 4816 4812 4810
f 4778 4732 4659
f 4158 4160 4159
f 4195 4197 4196
f 3860 4166 4167
f 3758 3763 3764
f 3694 4157 4156
f 4249 4391 4377
f 3467 3469 3468
f 4209 4211 4210
f 4142 4144 4143
f 3615 3617 3616
f 3479 3536 3535
f 4883 4672 4886
f 4802 4642 4643
f 3698 3638 3683
f 4105 3726 3730
f 4848 4896 4895
f 4878 4744 4837
f 4610 4748 4749
f 4036 4489 4035
f 4355 4314 4347
f 4171 4049 4048
f 3875 3216 3217
f 4868 4863 4864
f 4623 4691 4622
f 3629 4155 4154
f 4654 4898 4683
f 4012 4014 4013
f 4902 4866 4867
f 4768 4908 4906
f 4370 4385 4384
f 4888 4914 4913
f 3546 3917 3916
f 4932 4931 4919
f 3625 4151 4150
f 3804 3670 3657
f 3816 4103 4101
f 4911 4887 4912
f 4928 4927 4929
f 4925 4927 4921
f 3655 3666 3654
f 4932 4910 4911
f 4937 4912 4913
f 4939 4942 4941
f 4228 4530 4381
f 4946 4942 4947
f 4938 4923 4937
f 4942 4937 4947
f 4951 4930 4928
f 4955 4928 4954
f 4748 4615 4749
f 4914 4847 4956
f 4824 4584 4856
f 4940 4941 4943
f 4916 4960 4917
f 4909 4891 4862
f 4971 4968 4949
f 4966 4948 4944
f 4962 4953 4965
f 4940 4924 4939
f 4831 4917 4895
f 4935 4925 4924
f 4275 4261 4258
f 4679 4791 4678
f 4016 4373 4376
f 4668 4766 4795
f 4539 4727 4845
f 4929 4936 4933
f 4607 4882 4881
f 4775 4801 4802
f 4801 4742 4774
f 4732 4611 4733
f 4985 4983 4982
f 4534 4562 4533
f 4847 4645 4848
f 4788 4619 4616
f 4787 4678 4791
f 4657 4605 4597
f 4994 4878 4837
f 5006 5008 5007
f 5001 4973 4988
f 4814 4619 4785
f 5014 4974 5012
f 5003 4972 4973
f 5019 5007 5018
f 5024 5017 5025
f 5036 5035 5032
f 4990 4975 4972
f 5045 5034 5044
f 5048 5034 5035
f 5025 5014 5026
f 5046 5043 5031
f 5051 5055 5054
f 5044 5060 5059
f 5011 5021 5020
f 5013 5068 5012
f 5028 5072 5029
f 5077 5064 5065
f 5065 5079 5077
f 5083 5080 5060
f 5063 5080 5065
f 5054 5071 5078
f 4602 4711 4851
f 5058 5083 5053
f 4982 4792 4793
f 5041 5045 5061
f 3909 3278 3250
f 3471 3473 3472
f 5002 4994 4995
f 5060 5067 5059
f 4892 4862 4891
f 4891 4884 4892
f 4996 5003 5001
f 4997 5005 5000
f 4813 4614 4829
f 4618 4827 4613
f 5089 5093 5092
f 3303 3305 3304
f 5100 5102 5101
f 5107 5109 5108
f 5110 5092 5114
f 4610 4734 4874
f 5112 5100 5084
f 5088 5090 5089
f 5119 5117 5116
f 5092 5096 5089
f 3826 3829 3825
f 5108 5102 5126
f 5100 5087 5084
f 5118 5133 5138
f 3783 3690 3784
f 4444 4446 4445
f 5151 5150 5152
f 4790 4617 4813
f 4332 4190 4187
f 3266 4451 4448
f 3211 3332 3946
f 4741 4760 4652
f 4775 4777 4776
f 4764 4691 4766
f 4489 4048 4490
f 4466 4511 4497
f 4518 3930 4514
f 4786 4791 4807
f 4980 4984 4977
f 5144 5150 5143
f 5159 5148 5158
f 5121 5120 5114
f 5169 5162 5165
f 5016 4979 5017
f 5123 5179 5122
f 5181 5140 5183
f 5175 5184 5141
f 4575 4586 4534
f 4984 4976 4977
f 4596 4598 4597
f 5182 5183 5186
f 4785 4787 4786
f 5137 5122 5179
f 5167 5180 5181
f 4835 4898 4897
f 4687 4726 4633
f 4176 4170 4398
f 4760 4655 4652
f 4681 4649 4646
f 5121 5132 5131
f 5171 5178 5170
f 5174 5191 5176
f 5169 5194 5164
f 4909 5095 4907
f 5105 5112 5113
f 4767 5126 4803
f 5201 5205 5204
f 5219 5217 5216
f 5229 5200 5209
f 5234 5236 5235
f 4069 4071 4070
f 4724 4717 4713
f 5108 4768 5107
f 5103 5126 5102
f 5227 5211 5226
f 5015 4884 4885
f 4997 4892 4884
f 5197 5215 5214
f 5241 5247 5246
f 5013 5019 5018
f 5205 5232 5204
f 4969 4971 4970
f 5239 5249 5248
f 4808 5225 4809
f 5216 5199 5196
f 5253 5242 5254
f 5235 5255 5256
f 5135 5157 5134
f 5264 5267 5266
f 5245 5215 5242
f 5260 5269 5267
f 5264 5274 5265
f 5154 5173 5142
f 5287 5278 5288
f 5256 5300 5257
f 5173 5176 5175
f 4631 4629 4628
f 4781 4783 4782
f 5309 5311 5310
f 5155 5144 5145
f 4826 4827 4825
f 5291 5308 5293
f 5310 5281 5286
f 5311 5308 5288
f 4036 4176 4175
f 4641 4704 4702
f 5220 4804 5223
f 4770 5207 4905
f 5188 5175 5176
f 5180 5129 5140
f 4626 5314 5313
f 4731 5315 5317
f 5222 5210 5221
f 4728 5316 5315
f 5230 5216 5196
f 5297 5240 5241
f 5204 5208 5201
f 5318 4864 5319
f 5273 5287 5289
f 5221 5219 5230
f 4700 5321 5314
f 5313 5328 5329
f 5157 5154 5142
f 5275 5263 5265
f 5324 5318 5325
f 5323 5331 5328
f 5343 5345 5344
f 5306 5286 5282
f 5278 5311 5288
f 4882 5320 5316
f 5109 5114 5120
f 5123 5130 5129
f 5299 5284 5298
f 5240 5199 5241
f 5229 5197 5214
f 5305 5292 5293
f 5233 5225 5243
f 5192 5194 5193
f 5104 4670 4746
f 5146 5160 5145
f 5337 5347 5338
f 5347 5341 5332
f 5353 5335 5352
f 5349 5354 5352
f 5355 5357 5354
f 5358 5360 5359
f 5355 5348 5360
f 5342 5365 5364
f 5345 5362 5344
f 5332 5367 5331
f 5372 5315 5316
f 5370 5366 5369
f 5361 5354 5357
f 5364 5368 5367
f 5369 5362 5370
f 5316 5330 5372
f 5373 5371 5372
f 5341 5364 5332
f 5374 5359 5373
f 5329 5375 5330
f 5377 5379 5378
f 5377 5331 5367
f 5380 5367 5368
f 5363 5370 5362
f 5357 5374 5381
f 5381 5361 5357
f 4814 4825 4827
f 4825 4816 4799
f 4806 4747 4805
f 5119 5131 5118
f 4696 4893 5387
f 4696 5390 4699
f 5213 5388 5387
f 5393 5388 5394
f 5380 5384 5379
f 5213 4893 5212
f 4813 4908 4790
f 5390 4693 4694
f 5294 5287 5295
f 5184 5186 5183
f 5285 5253 5254
f 4769 4790 4908
f 5327 5359 5360
f 4598 4690 4656
f 4608 4733 4611
f 4627 4609 4839
f 4596 4851 4711
f 4900 4706 4707
f 4668 5395 4667
f 4863 4639 4601
f 5392 4666 4667
f 4872 4651 4807
f 4807 4758 4872
f 5348 5325 5326
f 5176 5190 5188
f 5046 5022 5023
f 4853 4869 4870
f 5346 5363 5362
f 4709 4620 4599
f 4672 4904 4886
f 4680 4651 4649
f 4841 4688 4686
f 4823 4818 4821
f 4729 4602 4851
f 4881 4851 4604
f 5360 5326 5327
f 4852 4707 4869
f 4890 4669 4666
f 5392 5389 5393
f 5189 5186 5187
f 4881 4605 4607
f 5343 5369 5366
f 4607 4625 4882
f 5056 5052 5057
f 4850 4798 4894
f 3260 5398 3259
f 4855 4899 4871
f 5339 5366 5342
f 4789 4808 4677
f 5400 3948 3952
f 3872 4046 3871
f 4018 3424 3872
f 4025 4172 4024
f 4011 4024 4010
f 4065 3900 3901
f 3413 4013 3412
f 5056 5069 5070
f 5055 5070 5071
f 4062 5399 4061
f 5269 5294 5268
f 4685 4903 4846
f 5254 5240 5296
f 4606 4658 4733
f 4729 4882 4728
f 4030 4043 4029
f 4664 4753 4883
f 3575 3904 3903
f 3413 3922 3426
f 4949 4955 4934
f 4947 4913 4914
f 4849 4894 4856
f 4143 3975 4142
f 4912 4932 4911
f 3774 3995 3994
f 3956 3342 4168
f 4871 4758 4759
f 4270 4272 4271
f 4039 5400 4140
f 3555 5402 3554
f 5403 3906 3907
f 3908 3823 3907
f 4124 5408 5407
f 3901 4046 4047
f 4120 5410 5409
f 4124 4125 4123
f 5420 5404 5421
f 5424 5425 3557
f 3400 5428 3845
f 5432 5435 3226
f 4941 4945 4944
f 4935 4949 4934
f 3895 3897 3896
f 5426 4121 5418
f 5430 3906 5420
f 4045 5398 4062
f 5395 5392 4667
f 4846 4701 4840
f 4880 4710 4879
f 4624 4608 4609
f 4656 4662 4661
f 5305 5309 5304
f 5220 5222 5221
f 4230 4327 4324
f 5030 5028 5027
f 5213 5211 5210
f 5440 3269 5441
f 4396 3980 5444
f 5447 3244 3241
f 3328 5451 5396
f 4208 4248 4207
f 4599 4621 4598
f 4528 4391 4208
f 4529 4199 4207
f 4526 4339 4528
f 4256 5452 4532
f 4532 4241 4242
f 3834 5446 3831
f 5443 5444 4050
f 4530 4334 4206
f 4754 4904 4837
f 4229 4381 4331
f 4205 4383 4531
f 4892 4987 4861
f 4039 3976 4038
f 4738 4796 4741
f 4833 4897 4832
f 4232 4200 4201
f 4194 4241 4193
f 4889 4750 4748
f 4194 4365 4368
f 4531 4195 4238
f 5043 5062 5031
f 4182 4561 4180
f 5446 3241 3831
f 5237 5248 5236
f 4206 4382 4205
f 5210 5218 5219
f 3426 3417 3425
f 4216 4192 4215
f 4219 4184 4185
f 4180 4380 4179
f 4327 4591 4326
f 4223 4231 4222
f 4215 4360 4329
f 4186 4218 4185
f 4190 4209 4189
f 4223 4595 4327
f 4326 4328 4329
f 4366 4568 4186
f 4570 4549 4569
f 4579 4548 4570
f 4563 4533 4562
f 4583 4220 4580
f 4586 4561 4562
f 4239 4363 4243
f 4572 4567 4564
f 4536 4585 4535
f 4538 4566 4541
f 4536 5453 4538
f 3573 3983 3316
f 5427 3552 3556
f 4553 4588 4552
f 4593 4555 4592
f 4368 4183 4227
f 4361 4235 4236
f 4233 4527 4232
f 4233 4324 4237
f 4212 4330 4331
f 4237 4325 4236
f 4193 5452 4361
f 4983 4885 4792
f 5002 4986 4993
f 5074 5076 5075
f 4698 5391 4759
f 5391 5390 4694
f 4871 4650 4872
f 4546 4543 4544
f 4553 4901 4574
f 4552 4555 4556
f 5223 4805 5394
f 5386 5383 5363
f 5317 5371 5327
f 3240 4429 3377
f 5384 5381 5379
f 3938 3218 3937
f 3942 5455 5454
f 5361 5386 5356
f 4542 4541 4545
f 3910 5420 3428
f 3939 4060 3940
f 3851 5351 5454
f 3838 3556 3837
f 4547 4857 4546
f 5442 4050 3335
f 3385 5428 5429
f 4257 4235 4256
f 5312 4893 4809
f 4212 4204 4211
f 3854 5461 4392
f 4226 4210 4211
f 4202 4178 4201
f 3316 3897 3315
f 5464 4432 4433
f 5465 3883 4432
f 4472 4449 4450
f 4501 4450 4494
f 4074 4080 4077
f 5473 5401 4173
f 4173 5475 5473
f 3432 3520 5413
f 3462 5504 3461
f 4075 4494 4080
f 5482 3387 3392
f 5468 5470 5469
f 3427 5422 3523
f 4498 4487 3386
f 5403 5414 4128
f 3382 5522 3873
f 3492 5511 3491
f 3429 3517 3520
f 3873 5524 4453
f 5480 3350 3347
f 3477 5505 3462
f 4507 5544 4475
f 4396 5551 4051
f 3374 5553 3373
f 3373 5554 3390
f 5479 4063 3350
f 3390 5555 3393
f 5531 5566 5565
f 3368 5567 3367
f 5556 5560 5559
f 3393 5557 5556
f 4433 5463 5464
f 5464 5458 5456
f 4435 4439 3380
f 4055 3277 3274
f 3273 3911 3370
f 3395 3358 3394
f 5486 4071 5484
f 5526 4453 5524
f 5525 5569 5566
f 5568 3527 5567
f 3527 3847 3366
f 3365 3849 5462
f 5462 3850 5459
f 4435 5571 4430
f 3378 3943 3944
f 5573 5577 5574
f 4438 3943 3379
f 5477 5579 5476
f 5582 5580 5579
f 5583 5581 5584
f 5586 5588 5587
f 4074 5586 4073
f 5583 5474 5473
f 4507 5590 3991
f 5573 4522 4520
f 3989 5596 3988
f 5594 3407 5593
f 4436 5572 5571
f 5591 3991 5590
f 4507 4476 5589
f 3990 5587 5588
f 5578 3406 5577
f 5595 5584 5581
f 5484 3358 5486
f 4441 5467 3882
f 5472 4077 4139
f 5522 5570 5524
f 5486 3353 3524
f 5481 3386 3387
f 3475 5492 3518
f 5476 3899 5477
f 5540 5606 5603
f 5542 5603 5607
f 5608 5542 5607
f 5608 5545 5544
f 5607 5609 5545
f 5599 5548 5612
f 5598 5543 5608
f 5595 5593 5596
f 5588 3989 3990
f 5626 3266 5627
f 5627 4448 5628
f 5469 4469 5468
f 4515 5625 4491
f 4503 4474 4509
f 4481 5627 4480
f 4500 5469 5470
f 3414 5466 5465
f 5594 5581 5582
f 3376 4430 5571
f 3444 3941 3855
f 5572 3444 3445
f 4273 4287 4272
f 4345 4357 4344
f 4386 4305 4385
f 4517 4463 5625
f 4352 4319 4379
f 4352 4251 4336
f 4268 4390 4388
f 4264 4320 4323
f 4346 4282 4283
f 4337 4343 4344
f 4289 4245 4288
f 4303 4287 4288
f 4343 4291 4342
f 4284 4244 4289
f 4375 4291 4294
f 4379 4271 4272
f 4337 4348 4336
f 4524 4295 4290
f 4364 4197 4279
f 4285 4390 4302
f 5206 5208 5207
f 4297 4371 4296
f 4346 4286 4273
f 4285 4333 4284
f 3571 4395 5460
f 5341 5339 5342
f 5346 5334 5335
f 5269 5273 5289
f 4510 5609 5610
f 4509 5545 5609
f 4445 5611 5546
f 5566 5568 3368
f 5349 5338 5348
f 5489 3401 3398
f 5565 3368 3338
f 5496 5417 5630
f 5523 3383 5634
f 5325 5347 5324
f 5523 5599 5522
f 5429 3401 5633
f 3887 5631 5630
f 5634 5600 5523
f 5276 5279 5277
f 5298 5257 5300
f 5087 5085 5084
f 3361 5612 5548
f 5041 5066 5040
f 5487 3383 3384
f 5101 5130 5100
f 5299 5300 5303
f 5333 5335 5334
f 5302 5304 5303
f 5234 5216 5217
f 5301 5255 5258
f 4868 5322 4867
f 5281 5277 5279
f 5323 5322 5324
f 5298 5296 5297
f 4885 4750 4792
f 5231 5196 5197
f 4625 5313 5320
f 5111 5085 5098
f 5600 5549 5548
f 5531 5563 5527
f 5165 5182 5189
f 5283 5285 5284
f 4269 4277 4268
f 5610 5603 5606
f 5127 5091 5128
f 4907 5125 4906
f 5277 5272 5262
f 5596 5592 5598
f 5212 5226 5211
f 5273 5262 5272
f 5302 5258 5292
f 5635 5645 5640
f 4250 4379 4378
f 4485 3405 3402
f 4354 4023 4351
f 4265 4304 4386
f 4388 4282 4387
f 4345 4384 4385
f 4362 4297 4259
f 4836 4612 4828
f 4360 4236 4325
f 4369 4237 4234
f 5647 3986 3573
f 5650 3192 3189
f 5337 5336 5333
f 4467 4477 4466
f 4253 4340 4252
f 4429 5457 4428
f 3997 3915 3540
f 5535 3839 3982
f 5538 4460 4456
f 3439 5571 3438
f 5570 5526 5524
f 3438 5572 3445
f 4440 3879 3876
f 3440 4407 3449
f 3886 5695 5694
f 5534 5396 5451
f 5685 3471 5684
f 4278 4301 4302
f 5628 4449 5469
f 3579 3538 3578
f 4480 5628 4500
f 4402 5517 5518
f 4279 4198 4278
f 3603 3532 3602
f 3580 4088 4090
f 4095 3531 4094
f 5248 5251 5250
f 3778 3999 3776
f 4617 4613 4614
f 4375 4372 4519
f 3411 4136 3410
f 5094 5111 5097
f 3602 3535 3605
f 4023 4350 4351
f 4349 4336 4348
f 3605 3536 3592
f 4469 4471 4470
f 4094 3593 4097
f 4248 4245 4246
f 3519 5518 5517
f 5254 5284 5285
f 4852 4795 4766
f 4265 5629 4264
f 5632 5503 5631
f 3604 3612 3601
f 5549 5502 3360
f 3653 3607 3661
f 4780 4873 4779
f 4988 4979 4976
f 4491 5626 4481
f 4837 4995 4994
f 4615 4765 4749
f 5468 4470 4504
f 3514 3467 3513
f 5491 4409 5679
f 4093 3619 4092
f 4364 5629 4297
f 3488 5509 3487
f 5606 5611 5610
f 4210 4189 4209
f 4600 4602 4601
f 5242 5198 5240
f 5073 5075 5072
f 5651 3940 4060
f 3996 3775 3998
f 5200 5202 5201
f 5525 5527 5526
f 3364 4434 3363
f 3775 3542 3581
f 3941 5485 3855
f 3731 4105 3730
f 4997 4999 4998
f 4508 5608 5544
f 4101 3818 3816
f 3728 4103 3727
f 4591 4592 4328
f 4539 4538 4537
f 4550 4552 4551
f 4541 4567 4545
f 4389 4570 4568
f 4582 4580 4576
f 4976 4978 4977
f 4705 4707 4706
f 4797 4843 4844
f 3713 3730 3726
f 4675 4702 4704
f 4977 4981 4980
f 4810 4817 4816
f 4786 4812 4785
f 4715 4628 4714
f 4978 5021 4981
f 5010 5006 4991
f 3722 4162 4161
f 4558 4560 4559
f 4568 4569 4218
f 4584 4535 4585
f 4641 4715 4716
f 5026 5012 5068
f 4776 4745 4742
f 4714 4712 4713
f 4982 5001 4985
f 4576 4560 4582
f 4564 4566 4565
f 5069 5018 5029
f 5057 5048 5047
f 4810 4811 4680
f 3710 3786 3709
f 4991 4999 5010
f 5011 5010 5004
f 5008 5022 5027
f 5066 5063 5040
f 5047 5024 5025
f 5050 5051 5053
f 5023 5016 5024
f 5045 5059 5061
f 5047 5026 5057
f 3711 3724 3721
f 5048 5037 5047
f 5042 5063 5062
f 5058 5051 5054
f 5036 5046 5037
f 3715 3700 3714
f 5235 5257 5246
f 3732 3704 3702
f 5030 5062 5064
f 5020 5023 5022
f 5263 5261 5260
f 5049 5044 5034
f 5236 5250 5255
f 5031 5027 5022
f 5043 5039 5042
f 5320 5329 5330
f 5049 5052 5051
f 5326 5317 5327
f 3264 3288 3285
f 5264 5263 5260
f 4998 4992 4987
f 5009 5020 5008
f 5036 5039 5038
f 5032 5034 5033
f 4355 3949 3422
f 4269 4374 4323
f 4253 4378 4303
f 4525 4252 4340
f 3960 4111 3866
f 4372 4258 4296
f 5681 5673 5675
f 4378 4272 4287
f 4270 4346 4273
f 3244 5644 5643
f 4899 4648 4650
f 3734 3702 3810
f 4138 3343 4137
f 4192 4361 4360
f 3813 3812 3810
f 3817 3696 3814
f 5668 5682 5674
f 5690 5687 5684
f 5499 5700 5517
f 3999 3820 3577
f 3745 4102 4106
f 5684 3472 5690
f 5702 3860 5703
f 5712 5693 5670
f 3249 4393 3572
f 5695 5715 5694
f 5694 5716 5696
f 5719 5601 5602
f 4918 4950 4952
f 4774 4743 4773
f 3844 5605 3735
f 5505 4411 5504
f 3583 3585 3582
f 3710 4157 4160
f 5513 4417 5508
f 5704 4146 5709
f 4141 4062 4049
f 5669 5688 4410
f 3898 5653 5450
f 5718 3972 5719
f 5684 5686 5685
f 3917 5717 3512
f 3463 5662 5660
f 5492 5680 5491
f 4931 4950 4919
f 5665 3441 5663
f 3788 3740 3790
f 3501 3529 3994
f 3569 3477 3308
f 5516 5727 5515
f 3564 3566 3565
f 3892 5406 3889
f 3962 5407 3961
f 4126 4123 4125
f 4116 3287 5411
f 3892 5630 5417
f 3824 5413 5414
f 4408 5680 4412
f 3969 3978 5402
f 4408 3449 4407
f 4414 3449 4413
f 3962 3262 4125
f 4425 5616 4321
f 4418 5727 4419
f 5716 5575 5696
f 5719 5717 5718
f 5698 5692 5697
f 3880 4166 3987
f 5652 5520 5619
f 5621 4167 4166
f 5679 4410 5688
f 3210 3355 5618
f 5622 5451 5657
f 5416 5497 5624
f 5729 5731 5730
f 5733 3761 3758
f 5735 5737 5736
f 5750 5751 5734
f 5744 5740 5741
f 5744 3753 5746
f 5753 5730 5731
f 5757 5736 5737
f 5731 5765 5753
f 5774 5776 5775
f 5790 5792 5791
f 5796 5787 5797
f 5817 5819 5818
f 5828 5830 5829
f 3725 3751 3747
f 4874 4873 4875
f 4700 4903 4902
f 4740 4876 4739
f 3199 3201 3200
f 4100 4099 4101
f 3749 4108 3748
f 3695 3712 3692
f 3378 3380 3379
f 5504 4412 5507
f 4405 5518 5699
f 5838 5835 5836
f 4705 4712 4708
f 5832 5828 5833
f 5697 5678 5698
f 3791 4005 3790
f 5848 5794 5850
f 3714 3701 3704
f 3995 4042 3890
f 3329 3224 3222
f 4005 3705 4004
f 4551 4763 4550
f 5855 5808 5856
f 5851 5792 5852
f 5803 5858 5847
f 5844 5840 5845
f 5762 5743 5740
f 5808 5806 5807
f 4012 3426 3423
f 5558 3467 4067
f 4550 4720 4901
f 4950 4953 4952
f 3885 5694 5696
f 5705 4081 4082
f 5508 4415 5505
f 3745 3760 3744
f 5507 5680 5506
f 3592 3588 3591
f 3895 5658 5653
f 5613 5501 5549
f 3834 4393 4055
f 5527 4455 5526
f 5775 5809 5774
f 5766 5813 5810
f 5858 5812 5859
f 5855 5811 5858
f 5863 5819 5862
f 5826 5863 5829
f 5862 5833 5828
f 5870 5837 5845
f 5782 5831 5832
f 5868 5836 5873
f 5778 5843 5844
f 5866 5845 5840
f 5785 5867 5784
f 5790 5789 5793
f 5796 5794 5795
f 5821 5819 5820
f 5657 5620 5622
f 5793 5852 5792
f 5855 5801 5798
f 5853 5786 5796
f 5804 5802 5803
f 5827 5864 5822
f 5767 5821 5813
f 5854 5776 5777
f 5860 5818 5861
f 5782 5825 5785
f 5781 5844 5834
f 5810 5815 5816
f 5867 5830 5784
f 5809 5798 5799
f 5828 5863 5862
f 5865 5838 5868
f 5801 5802 5800
f 4086 3795 4149
f 5779 5842 5843
f 5827 5829 5830
f 5839 5869 5835
f 5814 5855 5856
f 5711 3859 5702
f 4958 4917 4960
f 5861 5821 5768
f 5863 5812 5820
f 5865 5823 5824
f 5873 5837 5871
f 5872 5842 5780
f 4089 3563 5704
f 3812 3785 3811
f 5770 5787 5788
f 5789 5847 5846
f 5793 5846 5849
f 4145 4146 3498
f 5848 5790 5791
f 3953 4009 3952
f 5748 5874 5747
f 4624 4626 4625
f 4665 4752 4664
f 4775 4779 4778
f 4746 4671 4747
f 4637 4601 4639
f 4828 4613 4827
f 4704 4762 4675
f 4843 4727 4687
f 4543 4725 4542
f 4731 4863 4730
f 4723 4558 4722
f 4842 4840 4838
f 4717 4857 4718
f 4865 4867 4866
f 5841 5866 5840
f 4725 4540 4542
f 4798 4816 4817
f 4632 4634 4633
f 4720 4715 4719
f 4642 4644 4643
f 3754 5874 5876
f 4860 4644 4847
f 4674 4722 4721
f 4808 4676 4677
f 4721 4822 4821
f 5876 5877 5746
f 4836 4840 4839
f 4658 4660 4659
f 4826 4800 4838
f 4877 4743 4744
f 4948 4971 4943
f 4875 4876 4889
f 4954 4934 4955
f 5773 5788 5790
f 5825 5833 5824
f 5834 5836 5835
f 5834 5845 5837
f 3359 3361 3360
f 5732 3756 3757
f 3394 3396 3395
f 3766 5741 5742
f 5774 5799 5777
f 5805 5857 5802
f 5813 5820 5812
f 3969 3964 3968
f 5667 5674 5666
f 5729 3792 3756
f 3770 5741 3769
f 4741 4739 4738
f 4689 4660 4661
f 5772 5787 5771
f 5735 3758 3764
f 5850 5773 5848
f 5617 3965 5650
f 5799 5854 5777
f 5875 5764 5879
f 5840 5842 5841
f 5861 5769 5860
f 5807 5853 5851
f 5869 5834 5835
f 3765 5739 5738
f 5882 5761 5759
f 5881 5887 5889
f 5895 5898 5897
f 5907 5906 5908
f 5909 5908 5910
f 4234 4526 4369
f 3912 3389 3914
f 5934 8730 8729
f 8730 5930 5931
f 4920 4922 4921
f 8845 8853 8851
f 4141 3404 4174
f 3733 3706 3731
f 8849 8848 8850
f 4234 4236 4235
f 8863 5919 8862
f 3733 4004 3705
f 5908 8859 8867
f 8865 8871 8870
f 8859 8863 8864
f 5927 5925 5928
f 5911 5904 5912
f 8878 8866 8879
f 5635 5637 5636
f 5745 5746 5877
f 3552 3554 3553
f 8857 8890 8875
f 5924 8860 5923
f 3553 3556 3552
f 5919 8861 8862
f 8869 8870 8891
f 8873 8878 8876
f 8856 8875 8874
f 8862 5889 5887
f 8846 8844 8843
f 8864 8866 8865
f 8729 8883 8884
f 8848 8887 8886
f 8878 5888 8893
f 8896 8855 8897
f 8853 8896 5885
f 8841 5882 5883
f 3489 3491 3490
f 8867 8864 8868
f 5910 8867 8898
f 5914 8898 8899
f 5916 8899 8900
f 5889 8860 5890
f 8876 8893 8894
f 5918 8900 8901
f 4424 5726 4423
f 8904 8900 8899
f 8909 8904 8905
f 8908 8903 8904
f 8869 8905 8868
f 3632 3667 3635
f 3687 3689 3688
f 3636 3681 3631
f 3664 3639 3665
f 4304 4306 4305
f 8909 8891 8910
f 3681 3695 3680
f 3758 3760 3759
f 3684 3700 3683
f 3721 3723 3722
f 3941 3943 3942
f 3738 3740 3739
f 3687 3709 3690
f 3238 3938 3220
f 4249 4288 4245
f 4499 3344 4464
f 4240 4368 4367
f 3453 3951 3919
f 4401 3547 3967
f 3950 3451 3436
f 3702 3701 3703
f 3725 3727 3726
f 3194 3208 3193
f 4034 4461 4462
f 3914 3913 3912
f 3483 3533 3482
f 3191 3957 3206
f 4292 3970 4293
f 3909 3428 3356
f 3959 3866 3867
f 4017 4309 4016
f 4316 4008 3953
f 4448 4450 4449
f 4414 4417 4416
f 3435 3351 3433
f 4413 4415 4414
f 3899 3901 3900
f 3780 3648 3809
f 3474 3886 3885
f 3958 3192 3214
f 3221 3935 4427
f 3905 3907 3906
f 3913 4486 3313
f 4420 4421 4085
f 3881 3883 3882
f 4004 3790 4005
f 4271 4318 4316
f 4259 4296 4258
f 3501 4066 3468
f 5897 5900 5899
f 5901 5904 5903
f 8854 8856 8855
f 3789 3786 3720
f 3651 3781 3782
f 5924 5901 5925
f 8870 8873 8872
f 8876 8874 8873
f 5912 5918 5911
f 3805 3799 3737
f 3369 3395 3396
f 3923 3925 3924
f 3916 3512 3509
f 3641 3801 3642
f 4276 4323 4320
f 4181 4331 4330
f 4428 3377 4429
f 3495 4321 4322
f 4436 3380 3381
f 4430 4437 4435
f 3945 3958 3946
f 4065 4047 3418
f 4495 3408 4496
f 8913 8915 8914
f 8911 8917 8916
f 8889 8923 8890
f 8919 8931 8921
f 8884 8918 8885
f 8922 8931 8925
f 5852 5909 5851
f 5866 5915 5917
f 8926 8914 8915
f 8914 8883 8913
f 8886 8921 8888
f 5846 5894 5891
f 5873 5900 5868
f 8893 5764 5754
f 8894 5754 5753
f 5890 5927 8936
f 5885 5755 5758
f 5871 5902 5873
f 5763 5883 5762
f 5880 8936 5763
f 4175 4398 4399
f 4274 4255 4275
f 8883 5931 8882
f 8868 8898 8867
f 3289 3247 3292
f 3858 5485 5921
f 8850 8886 8888
f 4116 5409 4115
f 3889 4127 5415
f 3678 8938 8937
f 8857 8888 8889
f 3979 3294 3295
f 4126 3431 3823
f 3651 3679 3650
f 3460 5921 3354
f 4084 3310 3487
f 8905 8899 8898
f 3561 5397 5656
f 3213 5528 5519
f 4191 4193 4192
f 5449 5532 5533
f 4142 4031 4479
f 4060 5652 5651
f 4480 4482 4481
f 5519 3212 3213
f 5657 3330 3940
f 4473 4475 4474
f 3514 5668 5667
f 5663 5669 5665
f 8881 5926 8880
f 5734 5749 5750
f 4788 4677 4678
f 3997 3538 3506
f 3551 3310 3294
f 3577 3998 3999
f 4893 4676 4809
f 4753 4671 4672
f 8729 8885 8843
f 3813 9021 8937
f 8938 3813 8937
f 8882 5929 8881
f 4098 3820 3821
f 3399 5416 3398
f 5494 5503 4403
f 5880 5878 5881
f 4986 4861 4987
f 4999 5004 5010
f 4985 4988 4976
f 5816 5766 5810
f 4372 4384 4519
f 5688 5692 5679
f 8903 8901 8900
f 8879 5887 5888
f 8902 8880 8901
f 5919 5895 5920
f 4519 4342 4291
f 8847 8854 8853
f 5925 5903 5926
f 4021 4523 4025
f 5678 5676 4406
f 4424 4085 4421
f 5701 3577 3820
f 5928 5926 5929
f 5000 4980 5004
f 9022 3545 4113
f 9024 5409 5410
f 4008 4010 4009
f 3931 4516 4513
f 3822 3807 3821
f 8851 8844 8845
f 5728 5509 5721
f 9025 4115 5409
f 5209 5201 5208
f 4820 4653 4682
f 3988 5598 4508
f 3370 3357 3395
f 5639 5641 5640
f 5592 4477 5543
f 3378 5572 3381
f 5625 3265 5626
f 5594 5577 3406
f 3302 5645 3301
f 3274 3278 3273
f 5207 5233 5243
f 5071 5072 5075
f 4815 4785 4812
f 4796 4643 4760
f 3243 5643 5648
f 5301 5303 5300
f 5431 5655 5654
f 5251 5244 5252
f 3353 3523 3524
f 4174 3405 3411
f 3546 4113 3545
f 4002 3788 4004
f 4196 4238 4195
f 3232 5647 3231
f 4373 4266 4310
f 4867 5321 4902
f 5648 4058 3243
f 4455 3893 4453
f 5593 4511 5592
f 5275 5252 5253
f 5252 5274 5251
f 4092 3624 3597
f 3723 3743 3722
f 4780 4802 4796
f 4059 3560 5425
f 4317 4347 4270
f 5188 5192 5187
f 5570 5612 5569
f 3385 5633 3384
f 3526 5569 5612
f 3576 3608 3590
f 3581 3594 3580
f 5239 5238 5232
f 5081 5083 5082
f 4369 4528 4527
f 4325 4329 4360
f 3569 3286 3336
f 9022 4112 5709
f 3661 3801 3653
f 5074 5030 5064
f 5064 5063 5065
f 3563 3498 4146
f 3961 4119 5411
f 4854 4870 4735
f 5018 5028 5029
f 5007 5027 5028
f 5040 5039 5041
f 3240 3875 3239
f 5070 5029 5072
f 3504 3866 4111
f 3537 3591 3588
f 5033 5039 5032
f 4710 4635 4879
f 5017 4989 5014
f 5024 5046 5023
f 4991 5019 4990
f 4587 4574 4573
f 4996 4793 4878
f 5066 5059 5067
f 5221 5231 5220
f 5068 5057 5026
f 3675 3643 3642
f 3663 3675 3662
f 4722 4559 4822
f 3579 3590 3591
f 3686 3677 3678
f 4422 3499 4419
f 5142 5138 5133
f 5078 5075 5076
f 3609 3590 3608
f 3288 5411 3287
f 5424 5410 3246
f 5152 5156 5172
f 3960 5709 4112
f 4946 4957 4958
f 3867 5705 3959
f 9026 4113 5710
f 5192 5189 5187
f 5161 5194 5171
f 3637 3682 3636
f 4392 3847 3848
f 3796 4149 3795
f 4104 3727 4103
f 3594 3993 4088
f 3796 4134 5710
f 3687 4156 4157
f 3760 4164 4165
f 4464 3345 4467
f 3485 3868 3484
f 3846 5423 4130
f 3409 4496 3408
f 3767 3765 3762
f 3711 4159 4160
f 3797 4087 3510
f 4072 5562 5560
f 4502 5590 5589
f 5408 9027 4118
f 5683 5714 5682
f 5702 4110 5711
f 5623 4148 4167
f 5428 3525 3522
f 3668 3802 3667
f 4000 8938 3679
f 4221 4179 4380
f 4267 4388 4315
f 3721 4161 4159
f 3903 5706 5705
f 3583 4090 4091
f 3894 3524 3525
f 4635 4636 4634
f 4173 4009 4010
f 4890 5393 5394
f 5290 5293 5292
f 5339 5337 5333
f 5458 4438 4439
f 3251 5430 3910
f 3252 5419 3251
f 3428 5421 3427
f 3571 5418 3252
f 4583 4554 4593
f 4239 4224 4238
f 3322 5450 5449
f 5309 5306 5304
f 4109 3748 4108
f 5707 3794 3795
f 5139 5183 5140
f 5271 5290 5259
f 5280 5282 5279
f 5110 5125 5115
f 5319 4731 5317
f 5334 5339 5333
f 5423 3523 5422
f 5376 5378 5375
f 4721 4646 4674
f 3719 4159 4161
f 4853 4692 4795
f 5373 5330 5375
f 4428 5456 4437
f 5376 5328 5331
f 3337 4434 4431
f 4692 5395 4795
f 5475 4523 5476
f 5478 4068 4522
f 5421 4129 5422
f 5374 5375 5378
f 5283 5306 5282
f 5246 5234 5235
f 5154 5150 5153
f 4458 5561 4457
f 5163 5158 5168
f 5381 5378 5379
f 3397 5484 5483
f 4457 5563 5537
f 5147 5150 5149
f 4474 5544 5545
f 5325 5319 5326
f 5223 5388 5222
f 5517 3521 3519
f 4499 3347 4487
f 5404 4128 4129
f 3476 5506 3475
f 4084 5515 4083
f 3900 5477 3899
f 5536 5547 5546
f 5491 5493 5492
f 5474 4139 5401
f 4063 4522 4068
f 4459 5541 5540
f 5548 3360 3361
f 5444 5550 4396
f 3888 5415 5412
f 5546 3339 4445
f 5536 5538 5537
f 3570 5508 3477
f 4471 5589 4476
f 4280 3359 5933
f 5499 4403 5503
f 5189 5169 5165
f 5543 4478 5542
f 4051 5552 3374
f 3461 5507 3476
f 4629 4870 4869
f 5106 4909 4862
f 5286 5279 5282
f 5462 3364 3365
f 3491 5514 3840
f 5224 5231 5229
f 4478 5540 5542
f 4099 3742 3723
f 4803 4805 4804
f 4130 5422 4129
f 4470 4476 4473
f 4924 4921 4922
f 4920 4927 4926
f 4993 4987 4992
f 4887 4913 4912
f 3894 4070 4071
f 5472 5585 5586
f 3508 4134 3507
f 3603 4096 4097
f 3772 3992 4110
f 5712 5671 5672
f 3739 4162 4163
f 5683 3515 5715
f 5480 4495 5479
f 5698 5493 5498
f 3578 3996 3998
f 3645 4154 4155
f 5660 3466 3463
f 4135 5710 4134
f 5587 4073 5586
f 5687 5693 5686
f 3584 4091 4150
f 5585 5584 5588
f 4128 5415 4127
f 4257 4338 4526
f 4222 4178 4179
f 4366 4191 4216
f 5098 5091 5088
f 5761 5737 5760
f 5760 5738 5739
f 8852 5934 8844
f 8874 8855 8856
f 8895 8855 8877
f 5884 8842 8852
f 4557 4582 4560
f 8890 8917 8892
f 8918 8930 8920
f 8924 8915 8916
f 4182 4330 4190
f 3864 5711 4110
f 3574 3230 3231
f 3342 3415 3341
f 3488 3549 3840
f 4317 3953 3949
f 3672 4152 4153
f 5708 3865 5707
f 9021 3685 3686
f 3621 3616 3617
f 5728 4419 5727
f 4311 4028 4310
f 4131 3543 3841
f 4426 3842 4423
f 4518 4168 4427
f 5457 5464 5456
f 5425 3558 3837
f 5458 4437 5456
f 3416 5465 5457
f 5638 5437 5637
f 3985 5636 5637
f 5646 5636 5647
f 9023 3554 5402
f 5722 5514 5726
f 3256 3934 3255
f 4164 5734 5751
f 8885 8920 8887
f 3282 3929 3281
f 3292 3320 3291
f 3232 3300 3301
f 3303 3271 3334
f 3562 5432 3325
f 3392 3388 3391
f 3854 5350 3851
f 5463 5459 5458
f 5935 3885 5576
f 3879 3954 3878
f 3928 3391 3388
f 4137 4458 4138
f 5454 3850 3851
f 3548 3549 3550
f 4443 5470 4442
f 4452 4506 4447
f 4468 3415 3879
f 4443 3876 4483
f 3234 4515 4516
f 5434 3896 5433
f 5448 5441 5644
f 5447 5443 5442
f 4442 5471 5467
f 5550 3275 5551
f 5578 4520 3409
f 3464 5666 3463
f 4701 4839 4840
f 3259 4041 4030
f 4015 3423 4018
f 3558 3982 3839
f 4856 4823 4824
f 4741 4653 4740
f 3759 4106 3763
f 3560 3290 3559
f 9024 3557 3553
f 5438 3280 5439
f 3321 3290 3291
f 5557 4072 5560
f 5553 3396 5554
f 4045 4174 4044
f 4539 4849 4585
f 3536 3503 3588
f 5478 5574 5477
f 3800 3510 3511
f 4755 4886 4754
f 5561 5527 5563
f 5752 5732 5751
f 5752 5756 5765
f 3518 5493 5521
f 3767 4107 4108
f 3534 4097 3593
f 4395 3826 3827
f 3926 3371 3925
f 4446 5610 5611
f 4050 3980 3981
f 8887 8843 8885
f 5649 5640 5645
f 4643 4761 4760
f 3709 3784 3690
f 4778 4660 4777
f 5649 4054 5648
f 5646 3301 5645
f 3250 3910 3909
f 5884 5757 5761
f 5655 5936 5937
f 4224 4226 4225
f 4043 3412 4013
f 4286 4288 4287
f 4267 4310 4266
f 4493 4080 4494
f 3325 3226 3227
f 3925 3372 3928
f 4312 4314 4313
f 3996 3540 3541
f 8908 8912 8907
f 4023 4025 4024
f 3995 3891 3994
f 5482 5559 4137
f 4486 3921 4484
f 4300 4302 4301
f 5438 5644 5441
f 3233 3282 3270
f 3225 3227 3226
f 5446 5445 5443
f 5554 3397 5555
f 4834 4830 4772
f 4064 3350 4063
f 3596 3598 3597
f 5639 5648 5643
f 5434 5654 5658
f 4895 4830 4831
f 3674 3676 3675
f 3551 3978 3550
f 3835 3305 3306
f 3813 3702 3703
f 3691 4160 4157
f 4109 4101 4103
f 4565 4188 4564
f 3490 3547 3489
f 3672 3647 3673
f 8906 8912 8913
f 3810 3811 3734
f 4051 4397 4396
f 3566 4090 4088
f 5580 5476 5579
f 4456 5537 5538
f 5539 5546 5611
f 8844 8729 8843
f 8872 8874 8875
f 4383 4198 4195
f 4931 4927 4930
f 5529 5397 5396
f 5314 5323 5328
f 5347 5323 5324
f 4711 4599 4596
f 5387 5389 4696
f 5259 5292 5258
f 5195 4803 5126
f 5195 4746 4806
f 4639 4866 4685
f 4821 4681 4721
f 3421 5399 3260
f 4730 4601 4602
f 4807 4811 4786
f 4040 3421 3948
f 4844 4800 4797
f 3936 3929 3930
f 4894 4817 4823
f 5365 5383 5368
f 4657 4661 4658
f 5224 4770 4804
f 5368 5382 5380
f 5336 5352 5335
f 5353 5386 5363
f 4070 4454 4069
f 5396 3327 3328
f 5225 5312 4809
f 5384 5386 5385
f 5391 4695 4759
f 4735 4870 4630
f 4407 4409 4408
f 4623 4880 4706
f 5356 5352 5354
f 4578 4859 4577
f 3239 3217 3938
f 3937 3333 3939
f 4578 4534 4535
f 5467 4505 4452
f 4836 4826 4838
f 4422 5721 4421
f 3392 5556 5482
f 5564 5565 5547
f 3807 3663 3660
f 5922 4392 4281
f 3680 3692 3693
f 3630 3632 3631
f 4416 5725 4418
f 4033 3836 4176
f 3238 4168 3342
f 3466 3483 3484
f 3678 3650 3679
f 3677 3649 3650
f 3340 4431 3884
f 3562 5656 5655
f 5658 5938 5939
f 3642 3640 3641
f 3306 3334 3981
f 3256 3280 3281
f 8910 8892 8917
f 5868 5898 5859
f 8924 8922 8925
f 8935 8925 8931
f 8882 8913 8883
f 8925 8926 8924
f 8840 8936 5927
f 5852 5905 5907
f 5136 5124 5137
f 4243 4260 4242
f 5238 5228 5232
f 5642 5643 5644
f 3924 3928 3927
f 5412 5700 3888
f 3750 3751 3707
f 3746 3770 3769
f 3859 3861 3860
f 3972 3493 3494
f 5923 8861 5920
f 4945 4958 4959
f 3296 3286 3287
f 3824 3907 3823
f 3671 4154 4153
f 4137 5481 5482
f 3614 3802 3617
f 3283 3559 3290
f 4936 4934 4933
f 5511 5726 5514
f 4170 3926 3923
f 3572 3830 3826
f 3459 3858 3460
f 3496 4425 3495
f 3457 3436 3437
f 3984 3986 3985
f 3914 3386 4487
f 5512 5723 5511
f 4500 4483 4480
f 4501 4471 4472
f 4503 4505 4504
f 4143 4461 4490
f 3331 3222 3219
f 4016 4018 4017
f 3998 3776 3999
f 4114 5710 4113
f 4405 4406 4404
f 5602 5720 5719
f 4767 4804 4770
f 4929 4954 4928
f 4410 5665 5669
f 3888 5632 3887
f 4048 3977 3974
f 3947 3212 5652
f 5676 3472 3473
f 5782 5784 5783
f 4315 4311 4267
f 5699 5521 5493
f 5864 5825 5822
f 5826 5822 5823
f 5775 5805 5806
f 3236 3270 3271
f 5823 5859 5826
f 4957 4895 4917
f 8868 8865 8869
f 4281 3848 4280
f 4940 4971 4949
f 4013 4029 4043
f 3685 3701 3684
f 4339 4377 4391
f 8891 8872 8892
f 3753 3755 3754
f 4427 3220 3221
f 3809 3779 3780
f 3568 4418 3500
f 3880 3918 3805
f 3543 3842 3841
f 4646 4648 4647
f 4656 4597 4598
f 4781 4820 4784
f 4972 4974 4973
f 5101 5109 5120
f 5095 5115 5125
f 5090 5132 5093
f 5131 5134 5133
f 5134 5127 5135
f 5117 5140 5129
f 3539 3863 3595
f 4006 3792 4007
f 5128 5099 5124
f 5097 5089 5096
f 5274 5271 5259
f 4571 4569 4549
f 4225 4238 4224
f 5156 5170 5172
f 4538 4540 4537
f 4622 4665 4662
f 4981 5004 4980
f 5012 4975 5013
f 5148 5149 5157
f 5157 5133 5134
f 5161 5145 5160
f 4261 4242 4260
f 5294 5291 5268
f 4255 4532 4261
f 5274 5250 5251
f 4246 4207 4248
f 3314 3927 3912
f 4670 4672 4671
f 4995 4673 4986
f 4638 4603 4600
f 4341 4525 4340
f 5163 5165 5162
f 4834 4784 4819
f 4784 4682 4819
f 4844 4687 4688
f 5280 5275 5285
f 4217 4564 4188
f 4554 4556 4555
f 4551 4556 4594
f 4549 4544 4571
f 5141 5173 5175
f 4653 4683 4682
f 4973 4989 4988
f 4984 5015 4983
f 5177 5170 5178
f 5166 5181 5182
f 5141 5139 5138
f 5178 5151 5177
f 5244 5203 5245
f 5252 5245 5253
f 4479 4079 4493
f 4402 4404 4403
f 3500 4419 3499
f 5856 5909 5913
f 4488 3348 3349
f 8851 5885 5886
f 3607 5701 4098
f 3508 3503 3504
f 5847 5896 5894
f 4374 4309 4263
f 3380 4438 3379
f 9025 3553 3554
f 5718 4131 3973
f 3300 3283 3321
f 5551 3276 5552
f 5552 3369 5553
f 5555 5483 5557
f 5859 5896 5858
f 4133 3794 3915
f 3606 3652 3610
f 4900 4766 4691
f 4616 4789 4788
f 3738 4164 3757
f 4774 4642 4801
f 4399 3402 4175
f 5853 5795 5851
f 3936 4427 3935
f 3418 4064 4065
f 5510 3840 5514
f 3270 3279 3269
f 3274 4056 4055
f 4359 4305 4306
f 4135 3504 4111
f 3610 3609 3606
f 3837 3557 5425
f 5940 4401 5941
f 5853 5803 5847
f 5725 5515 5727
f 3246 4117 3245
f 5713 5672 5681
f 4918 4916 4915
f 4148 3771 5703
f 5106 5113 5111
f 4147 5709 4146
f 5152 5177 5151
f 9026 4111 4112
f 5104 5103 5112
f 3531 3485 3593
f 3713 3715 3714
f 3699 3815 3697
f 4467 4459 4478
f 4703 4736 4640
f 5405 3846 5406
f 3555 3963 3964
f 4120 5411 4119
f 4217 4185 4218
f 3279 5441 3269
f 4944 4959 4966
f 4353 4344 4357
f 3815 3716 4104
f 3374 4052 4051
f 4491 4516 4515
f 5865 5833 5866
f 5819 5856 5862
f 5807 5856 5808
f 3933 3281 3929
f 3208 3920 3919
f 8907 8902 8903
f 5288 5295 5287
f 3728 3747 3748
f 3309 4083 3336
f 5119 5101 5120
f 3811 3789 4002
f 3595 3992 3993
f 4106 4100 4107
f 5696 5576 3885
f 3708 3750 3707
f 3744 4165 4163
f 5905 5892 5906
f 3403 4175 3402
f 4133 3506 3507
f 4147 3544 3545
f 3561 3325 3324
f 3237 3239 3238
f 4877 4793 4794
f 3241 3243 3242
f 3597 3625 3596
f 3279 3281 3280
f 3371 3373 3372
f 3599 3567 3598
f 3975 4032 4031
f 3277 3250 3278
f 3774 3565 3773
f 3658 3780 3779
f 4961 4963 4960
f 3600 3616 4096
f 4228 4202 4199
f 4011 4318 4350
f 4307 4262 4308
f 4838 4841 4842
f 4782 4773 4743
f 4914 4946 4947
f 4839 4765 4836
f 4771 4645 4642
f 4962 4964 4963
f 4966 4963 4964
f 3601 3615 3600
f 5878 5879 5881
f 5890 5881 5889
f 3720 4158 3719
f 4755 4689 4663
f 3740 3718 3739
f 5695 5686 5714
f 5740 5742 5741
f 5733 5736 5749
f 5755 5750 5749
f 5745 5762 5740
f 5798 5800 5799
f 4706 4879 4705
f 5651 5619 5620
f 5850 5797 5772
f 5804 5806 5805
f 4087 5707 4086
f 5915 5914 5916
f 5703 4167 4148
f 5893 5896 5895
f 5892 5919 8858
f 5706 5664 4081
f 5786 5788 5787
f 3973 3841 3493
f 4831 4915 4916
f 5906 8858 8859
f 4965 4969 4964
f 4684 4846 4842
f 3589 3611 3604
f 3596 4150 4091
f 5877 5763 5745
f 4121 4123 4122
f 3469 3868 3502
f 3204 3208 3207
f 3716 3726 3727
f 5460 5426 3571
f 3465 3470 3464
f 5738 3764 3765
f 4887 4655 4888
f 4203 4205 4204
f 3959 4082 4089
f 5758 5886 5885
f 5781 5872 5780
f 4675 4723 4674
f 3757 5751 5732
f 3334 3272 3335
f 8880 5903 5911
f 5615 3473 5614
f 5759 5760 5743
f 8845 8848 8847
f 5778 5780 5779
f 8857 8849 8850
f 4132 3798 3859
f 5839 5841 5842
f 560 3187 559
f 5747 4007 3792
f 5928 8840 5927
f 5766 5768 5767
f 4848 4956 4847
f 4953 4967 4965
f 4832 4910 4915
f 5879 5888 5887
f 3598 3530 4095
f 5747 5730 5748
f 5754 5748 5730
f 5810 5812 5811
f 5758 5749 5736
f 4315 4387 4314
f 5917 5916 5918
f 5913 5910 5914
f 5930 8841 8840
f 4951 4968 4953
f 3209 3201 3202
f 4059 3246 3247
f 8731 8842 8841
f 3776 3585 3778
f 5770 5772 5771
f 5891 5893 5892
f 9028 5641 5439
f 5814 5816 5815
f 5662 5673 5661
f 3522 3524 3523
f 5630 5942 5496
f 5791 5795 5794
f 5746 3754 5876
f 5928 5931 5930
f 5743 5739 5742
f 5876 5875 5878
f 3678 9021 3686
f 4200 4207 4199
f 4114 3916 4149
f 3601 3605 3604
f 3818 3712 3817
f 3315 3317 3316
f 5899 5902 5901
f 8840 5883 8936
f 5562 5559 5560
f 4416 3448 4414
f 3189 3191 3190
f 4751 4747 4671
f 4181 4180 4177
f 3832 5454 5351
f 3362 3526 3361
f 5678 5699 5698
f 3497 3499 3498
f 448 807 447
f 647 122 270
f 5690 5677 5697
f 4183 4185 4184
f 1833 1780 1832
f 5920 5897 5923
f 510 508 507
f 4401 5944 5941
f 5656 5530 5936
f 3970 5940 4293
f 5653 5939 5946
f 5450 5946 5532
f 3384 5945 5487
f 4403 4299 5494
f 5944 3968 5949
f 3963 5951 3852
f 5614 3474 5935
f 5427 3857 5951
f 3210 1887 3201
f 1887 3200 3201
f 15 3197 3200
f 16 3195 3197
f 3195 3187 3194
f 3194 1899 3207
f 3207 375 3204
f 387 126 127
f 3189 1760 5650
f 9029 757 758
f 763 2172 2175
f 9035 9032 9033
f 9033 9031 9030
f 9046 9048 9047
f 8751 9054 8752
f 9078 9077 9079
f 9083 9051 9053
f 9088 9047 9048
f 9099 9040 9097
f 9102 9036 9099
f 9105 9032 9103
f 9105 9106 9031
f 1801 9108 9107
f 9103 9034 9102
f 9096 9047 9089
f 1767 9111 9112
f 1597 9113 1600
f 1708 9117 9116
f 9123 9119 9118
f 9118 9125 9124
f 1588 9116 1587
f 2080 9118 2082
f 2082 9124 2084
f 9126 9087 9083
f 9129 9088 9087
f 5512 5943 5947
f 5634 5488 5948
f 5724 5947 5616
f 9134 9097 9133
f 9144 9102 9138
f 9133 9096 9132
f 786 9144 785
f 9146 9103 9144
f 785 9138 497
f 497 9134 650
f 650 9133 564
f 9148 9133 9132
f 8756 9057 8753
f 9154 9130 9129
f 9151 9131 9130
f 9097 9090 9096
f 1799 9111 1768
f 5949 3964 3853
f 9160 8809 8811
f 8813 9160 8811
f 9166 564 9148
f 9067 9054 9052
f 9162 9148 9150
f 9087 9048 9051
f 9081 9079 9082
f 9049 9051 9048
f 9082 9167 9081
f 9079 9049 9046
f 9169 9175 9170
f 9167 9112 9081
f 9168 9177 9167
f 9120 9113 9177
f 9120 9169 9119
f 9119 9170 9125
f 9179 9125 9170
f 9180 9124 9125
f 9178 9170 9175
f 1576 2084 9124
f 9179 9183 9181
f 3203 1387 3190
f 3190 1791 3189
f 5618 1949 3210
f 317 259 391
f 2000 9105 9146
f 9053 9052 9054
f 9041 9036 9037
f 9029 756 2170
f 9037 9034 9035
f 9130 9089 9088
f 3204 376 3203
f 1801 9109 1799
f 9181 9180 9179
f 1575 9190 1088
f 9187 1576 9180
f 1776 1796 1775
f 1293 1290 1284
f 1326 1327 12
f 1294 1234 1290
f 878 1330 1337
f 5633 5490 5945
f 5933 3360 5502
f 5613 5948 5500
f 5604 3844 5720
f 3972 5950 5601
f 3494 4322 5950
f 4406 5615 4298
f 3492 4292 5943
f 5631 5495 5942
f 497 374 498
f 122 413 121
f 5624 3398 5416
f 9151 9156 9160
f 9058 8752 9054
f 9160 9150 9151
f 8815 9162 8813
f 9156 8794 8809
f 439 399 438
f 1512 1526 1511
f 1668 1738 1671
f 839 1362 838
f 1362 826 1012
f 3425 3418 4047
f 4905 5243 4808
f 4621 4662 4690
f 5582 5574 5577
f 4754 4756 4755
f 3902 4021 4022
f 9295 1896 9267
f 2053 2118 2117
f 9340 2120 2119
f 696 9268 9283
f 4922 4939 4924
f 4365 4186 4183
f 5105 4862 4670
f 5228 5226 5225
f 4781 4877 4794
f 5218 5238 5217
f 4990 4992 4991
f 4335 4336 4251
f 4993 4972 5002
f 4794 4792 4750
f 5886 8852 8851
f 5405 5417 5416
f 4669 4764 4668
f 4676 4698 4679
f 1826 639 640
f 9192 9181 9183
f 5232 5233 5204
f 5418 4122 5419
f 956 886 960
f 5720 3512 5717
f 4728 4730 4729
f 8879 8863 8862
f 1980 1922 807
f 4969 4966 4964
f 33 105 164
f 9028 3254 5437
f 3837 3839 3838
f 4382 4301 4383
f 3908 4122 4123
f 4290 4294 4291
f 4400 4055 4056
f 3219 3221 3220
f 8894 8877 8876
f 4640 4735 4630
f 4389 4216 4213
f 3267 4493 4451
f 3268 4463 4144
f 5097 5098 5088
f 5094 5096 5095
f 5654 5937 5938
f 4089 3960 3959
f 5159 5162 5160
f 5202 5249 5205
f 5412 5414 5413
f 5715 3516 5716
f 5723 4423 5726
f 4263 4323 4374
f 3994 3564 3774
f 1343 9308 9309
f 3470 5667 3464
f 5659 5671 5706
f 3319 4053 3299
f 9359 2128 9354
f 1766 1582 1594
f 14 2163 738
f 595 99 594
f 5703 3772 5702
f 5206 5229 5209
f 3437 3458 3457
f 5516 3487 5509
f 5122 5087 5123
f 3223 3934 3935
f 3979 5402 3978
f 3828 3320 3827
f 5663 4081 5664
f 4035 4490 4461
f 4426 5724 4425
f 3881 4447 4444
f 5407 4118 4119
f 5691 5689 5687
f 5661 5672 5671
f 5911 8901 8880
f 3902 3871 4046
f 5541 5539 5606
f 4069 5561 5562
f 3248 3292 3247
f 1346 1044 1352
f 748 1425 747
f 3297 3255 3934
f 5445 4056 5550
f 5783 5830 5831
f 4310 4376 4373
f 5857 5800 5802
f 3882 4452 3881
f 3193 3919 3951
f 3190 3206 3203
f 4266 4268 4267
f 4488 3420 4486
f 3331 3940 3330
f 4282 4284 4283
f 4606 4607 4605
f 4628 4708 4712
f 4659 4733 4658
f 4615 4829 4614
f 4718 4713 4717
f 5722 4421 5721
f 3307 3461 3433
f 4686 4634 4636
f 3966 3550 3978
f 4738 4875 4873
f 3416 3237 3341
f 4527 4208 4200
f 5093 5114 5092
f 5124 5086 5122
f 5117 5138 5139
f 4631 4640 4630
f 5166 5168 5167
f 5185 5187 5186
f 5194 5191 5171
f 3245 4118 9027
f 5214 5203 5200
f 3230 3318 3284
f 5237 5217 5238
f 5250 5258 5255
f 5113 5084 5085
f 5270 5269 5268
f 4906 5107 4768
f 5271 5267 5270
f 5276 5262 5263
f 5153 5174 5173
f 5290 5268 5291
f 5306 5303 5304
f 5147 5146 5143
f 4585 4856 4584
f 3226 5436 3225
f 4473 4504 4470
f 5765 8897 8895
f 4529 4247 4530
f 8923 8916 8917
f 5713 5682 5714
f 3315 3898 3322
f 5564 5537 5563
f 4468 4441 5466
f 3738 4163 4165
f 4577 4559 4560
f 5567 3366 3363
f 3587 4150 4151
f 5471 4504 4505
f 5860 5816 5817
f 3516 5558 5932
f 5436 5637 5437
f 5050 5083 5060
f 5547 3338 3339
f 9023 3295 4115
f 5708 4132 5711
f 4104 3814 3815
f 3718 4161 4162
f 5498 5679 5692
f 3884 4432 3883
f 3955 3877 3878
f 4049 4061 3977
f 8892 8875 8890
f 4572 4218 4569
f 4440 4442 4441
f 4497 3407 3408
f 4632 4633 4724
f 8906 8881 8902
f 5664 5670 5663
f 3751 3706 3707
f 3511 3736 3800
f 5129 5116 5117
f 5086 5098 5085
f 5135 5128 5136
f 5143 5145 5144
f 5168 5136 5137
f 5297 5246 5257
f 5164 5160 5162
f 5155 5171 5170
f 5137 5167 5168
f 5293 5307 5305
f 5513 4083 5515
f 4053 3825 4057
f 3228 3298 3227
f 3631 3635 3636
f 5689 5670 5693
f 5759 5883 5882
f 3793 3507 4134
f 4906 4891 4907
f 4719 4901 4720
f 3597 4095 4092
f 3352 4125 3262
f 9064 9058 9067
f 9076 9067 9077
f 9083 8794 9126
f 9131 9096 9089
f 9138 9099 9134
f 9154 9126 9156
f 9077 9052 9049
f 9053 8766 9083
f 9191 9187 9181
f 9082 9046 9193
f 9193 9168 9082
f 1284 1288 1285
f 9150 9132 9131
f 3841 3496 3493
f 3570 3336 4083
f 4027 4312 3258
f 4889 4781 4794
f 4041 4044 4043
f 4885 4813 4829
f 5419 3905 5430
f 4367 4227 4224
f 1778 1780 1779
f 1792 1584 1789
f 4308 3869 4307
f 4594 4762 4551
f 4767 4769 4768
f 5461 3366 3847
f 4763 4716 4720
f 4919 4915 4910
f 4300 4334 4333
f 5196 5198 5197
f 5158 5135 5136
f 5431 5433 5432
f 4545 4571 4544
f 4557 4594 4556
f 695 571 694
f 4156 3626 3694
f 4861 4670 4862
f 5681 5674 5682
f 5473 5580 5583
f 3622 4152 4151
f 5647 3574 3231
f 3674 3808 3649
f 4420 3498 3499
f 5675 5666 5674
f 3253 5439 3280
f 5870 5917 5912
f 8887 8919 8886
f 5862 5913 5915
f 3534 3485 3482
f 3313 4484 3312
f 9090 9046 9047
f 4871 4695 4855
f 3778 3822 3819
f 4889 4874 4875
f 4000 3784 4001
f 4897 4911 4910
f 3856 3838 3839
f 4772 4896 4771
f 4015 4376 4014
f 3433 3476 3435
f 4053 3302 3299
f 3367 3363 4434
f 3242 3831 3241
f 3441 4082 4081
f 4735 4855 4854
f 4756 4737 4689
f 3382 3384 3383
f 3698 3697 3682
f 4676 4678 4677
f 4948 4941 4944
f 4890 4805 4747
f 4757 4745 4737
f 4581 4380 4586
f 5716 5932 5597
f 4923 4926 4932
f 5077 5081 5076
f 5078 5058 5054
f 4009 5400 3952
f 5081 5078 5076
f 3930 4513 4514
f 4014 4028 4029
f 4025 4020 4021
f 3618 4096 3616
f 4581 4576 4580
f 4219 4188 4189
f 5440 3335 3272
f 5449 3323 3322
f 4229 4177 4202
f 4590 4214 4589
f 4227 4184 4226
f 4574 4858 4547
f 4565 5453 4563
f 4592 4588 4589
f 4590 4573 4579
f 3517 5521 3519
f 3845 3522 5423
f 4444 3884 3881
f 3982 5533 5535
f 4465 4497 4495
f 4520 4521 4496
f 4076 5591 5590
f 3635 3666 3634
f 3343 4498 5481
f 4022 3870 3871
f 3661 4098 3660
f 5691 5697 5692
f 3768 5742 5739
f 4514 3956 4518
f 3697 3814 3696
f 4394 5460 4395
f 4054 4057 4058
f 3284 3323 3559
f 4052 4169 4397
f 4447 4510 4446
f 4456 3346 4138
f 4483 3877 4482
f 4482 4512 4492
f 4492 4513 4516
f 5642 5439 5641
f 5448 5442 5440
f 5466 3882 3883
f 3340 4445 3339
f 8908 8910 8911
f 4397 3835 3980
f 5413 3521 5412
f 3234 3932 3233
f 5753 8895 8894
f 8896 5756 5755
f 8921 8889 8888
f 8915 8911 8916
f 3933 3935 3934
f 3620 3657 3623
f 3966 3968 3967
f 4905 4769 4770
f 3225 5437 3254
f 5433 3984 5435
f 5714 5693 5713
f 5435 3985 5436
f 3954 3955 3878
f 4713 4632 4724
f 4879 4632 4705
f 3983 3896 3897
f 9027 3248 3245
f 5871 5912 5904
f 5849 5891 5905
f 4702 4640 4641
f 4213 4579 4389
f 3644 3688 3689
f 9193 9040 9041
f 8920 8935 8919
f 5406 4130 4127
f 4140 5401 4139
f 5659 3904 5660
f 4772 4783 4834
f 4244 4246 4245
f 4061 4037 4038
f 3669 3803 3668
f 3459 3209 3202
f 4072 5484 4071
f 4835 4834 4819
f 5660 5661 5659
f 4262 4264 4263
f 3633 3627 3628
f 3685 3676 3686
f 4517 3235 3304
f 4145 4085 3544
f 5455 5459 3850
f 5638 5640 5641
f 3228 3254 3255
f 4044 3411 3412
f 3614 3612 3613
f 3273 3275 3274
f 4952 4961 4918
f 4959 4960 4963
f 4888 4761 4860
f 4254 4256 4255
f 4199 4201 4200
f 4499 4465 5480
f 5479 4496 4521
f 5952 5954 5955
f 5956 5958 5959
f 5959 5960 5961
f 5962 5964 5965
f 5966 5968 5969
f 5967 5971 5968
f 5963 5961 5960
f 5972 5964 5973
f 5974 5976 5977
f 5978 5980 5981
f 5982 5984 5985
f 5986 5985 5984
f 5988 5990 5991
f 5992 5994 5995
f 5996 5998 5999
f 6000 6002 6003
f 6004 6006 6007
f 6008 6010 6011
f 6012 6014 6015
f 6016 6018 6019
f 6020 6022 6023
f 6024 6026 6027
f 6028 6030 6031
f 6032 6034 6035
f 6036 6038 6039
f 6040 6013 6012
f 6042 6044 6045
f 5992 6047 5993
f 6048 6050 6051
f 6052 6054 6055
f 6056 6058 6059
f 6060 5987 5986
f 6062 6064 6065
f 6066 6068 6069
f 6070 6027 6026
f 6072 6057 6056
f 6075 6077 6074
f 6078 6080 6081
f 6082 6054 6084
f 6085 6081 6086
f 6087 5990 6088
f 6061 6089 5987
f 6089 6091 6092
f 6092 6093 6094
f 6095 5981 6096
f 6062 6084 6063
f 6097 6035 6034
f 6056 6099 6072
f 6100 6102 6103
f 6001 6104 6105
f 6107 6109 6106
f 6110 6112 6113
f 6114 6025 6115
f 6116 6118 6119
f 6120 6122 6123
f 6124 6126 6127
f 6128 6101 6100
f 6039 6131 6036
f 6132 6134 6135
f 6136 6138 6003
f 6139 6141 6142
f 6143 6145 6146
f 6148 6150 6147
f 6152 6154 6151
f 6155 6157 6158
f 6159 6161 6162
f 6163 6165 6166
f 6167 6169 6170
f 6171 6173 6174
f 6175 6104 6177
f 6178 6180 6181
f 6023 6183 6020
f 6184 6186 6187
f 6117 6188 6189
f 6190 6192 6193
f 6194 6026 6114
f 6195 6191 6190
f 6197 6199 6200
f 6201 6203 6204
f 6205 6207 6208
f 6209 6201 6204
f 6197 6211 6212
f 6212 6213 6214
f 5979 6214 6213
f 6203 6217 6204
f 6206 6198 6207
f 6218 5962 6219
f 5965 6219 5962
f 5972 3354 6221
f 6070 6222 6223
f 6224 6226 6227
f 6228 6230 6231
f 6232 6234 6235
f 6196 6236 6237
f 6071 6223 6238
f 6239 6241 6242
f 6243 6245 6246
f 6247 6248 6249
f 6250 6252 6253
f 6254 6256 6257
f 6258 6260 6261
f 6229 6263 6230
f 6264 6242 6241
f 6266 6268 6269
f 6270 6272 6273
f 6274 6276 6277
f 6195 6279 6236
f 6280 6281 6282
f 6283 6285 6286
f 6123 6287 6288
f 6289 6291 6292
f 6293 6243 6295
f 6240 6297 6241
f 6298 6267 6266
f 6300 6302 6303
f 6304 6306 6307
f 6251 6308 6309
f 6247 6311 6312
f 6313 6315 6316
f 6314 6317 6318
f 6319 6320 6321
f 6322 6088 6323
f 6216 6258 6217
f 6325 6327 6328
f 6217 6261 6329
f 6330 6238 6331
f 6071 6048 6027
f 6015 6333 6012
f 6079 6335 6080
f 6336 6240 6239
f 6294 6296 6240
f 6337 6339 6340
f 6341 6343 6344
f 6345 6347 6348
f 6266 6349 6298
f 6350 6352 6353
f 6295 6246 6354
f 6303 6356 6300
f 6357 6359 6360
f 6361 6363 6364
f 6365 6353 6366
f 6367 6369 6370
f 6371 6370 6372
f 6372 6374 6371
f 6375 6373 6376
f 6376 6378 6375
f 6379 6381 6382
f 6383 6385 6386
f 6387 6389 6390
f 6391 6393 6394
f 6395 6397 6398
f 6398 6400 6395
f 6399 6402 6400
f 6403 6401 6404
f 6405 6407 6408
f 6409 6411 6412
f 6367 6413 6414
f 6374 6415 6416
f 6417 6384 6383
f 6419 6348 6347
f 6421 6423 6424
f 6425 6400 6402
f 6426 6395 6400
f 6393 6428 6429
f 6429 6394 6393
f 6390 6431 6432
f 6433 6408 6407
f 6435 6437 6438
f 6439 6411 6438
f 6392 6441 6442
f 6397 6442 6443
f 6401 6444 6445
f 6446 6437 6404
f 6448 6450 6451
f 6452 6454 6455
f 6442 6456 6457
f 6443 6457 6458
f 6444 6460 6461
f 6445 6461 6462
f 6463 6462 6465
f 6446 6462 6464
f 6466 6468 6469
f 6448 6470 6471
f 6453 6472 6473
f 6474 6476 6477
f 6478 6480 6481
f 6482 6484 6485
f 6486 6488 6489
f 6490 6492 6493
f 6493 6494 6495
f 6496 6498 6499
f 6500 6502 6503
f 6504 6506 6507
f 6508 6509 6510
f 6511 6513 6508
f 6499 6515 6496
f 6516 6518 6519
f 6520 6522 6523
f 6524 6525 6526
f 6507 6527 6504
f 6504 6528 6510
f 6528 6508 6510
f 6529 6531 6532
f 6342 6534 6343
f 6535 6346 6536
f 6347 6537 6419
f 6434 6539 6408
f 6539 6405 6408
f 6541 6451 6450
f 6543 6470 6545
f 6546 6481 6547
f 6499 6548 6549
f 6549 6514 6499
f 6551 6553 6554
f 6555 6557 6558
f 6403 6423 6559
f 6426 6413 6416
f 6415 6428 6427
f 6430 6561 6562
f 6434 6420 6419
f 6563 6565 6566
f 6404 6445 6446
f 6459 6399 6398
f 6455 6388 6387
f 6405 6449 6406
f 6540 6450 6405
f 6567 6568 6569
f 6570 6463 6567
f 6475 6490 6465
f 6458 6571 6572
f 6573 6574 6575
f 6576 6578 6579
f 6193 6580 6581
f 6582 6584 6585
f 6583 6586 6587
f 6588 6587 6586
f 6590 6068 6591
f 6592 6594 6319
f 6251 6595 6252
f 6304 6597 6598
f 6272 6599 6273
f 3737 6558 6557
f 6600 6160 6601
f 6123 6603 6120
f 6604 6606 6607
f 6608 6208 6609
f 5972 6220 5965
f 6610 6612 6556
f 6613 6615 6616
f 6242 6618 6239
f 6226 6245 6227
f 6620 6622 6623
f 6624 6146 6625
f 6626 6211 6136
f 6627 6629 6630
f 6631 6633 6634
f 6235 6636 6232
f 6637 6639 6640
f 6641 6286 6642
f 6643 6645 6646
f 6647 6649 6650
f 6244 6294 6336
f 6336 6652 6244
f 6194 6237 6222
f 6196 6114 6191
f 6115 6191 6114
f 6653 6655 6656
f 6657 6189 6658
f 6117 6659 6118
f 6130 6156 6131
f 6133 6151 6134
f 6661 6662 6660
f 6663 6616 6552
f 6664 6273 6665
f 6418 6432 6431
f 6290 6328 6291
f 6666 6556 6612
f 6557 3805 3737
f 5971 6668 5968
f 6181 6670 6178
f 6671 6673 6674
f 6676 6672 6675
f 6675 6149 6676
f 6067 5999 5998
f 6677 6679 6680
f 6681 6683 6684
f 6087 6090 6089
f 5983 6685 6686
f 5982 6687 6685
f 6094 6688 6687
f 6211 6137 6136
f 6689 6691 6692
f 6690 3833 3832
f 6001 6686 6002
f 5978 6215 5979
f 6694 5978 6095
f 5974 6095 6695
f 6183 6696 6697
f 6698 5961 6218
f 5959 6699 5956
f 6697 6700 6701
f 6702 6703 6704
f 5968 6705 5969
f 6706 5955 5954
f 6707 6617 6708
f 6024 6709 6710
f 6402 6559 6425
f 3852 6712 3853
f 3856 6593 3857
f 5977 6694 5974
f 6713 5977 5976
f 6714 6716 6717
f 6718 6308 6250
f 6720 6254 6721
f 6722 6724 6725
f 6312 6726 6727
f 6069 6728 6729
f 6319 6730 6086
f 6731 6644 6732
f 6732 6734 6731
f 6046 6320 6047
f 3880 6666 6735
f 6736 6738 6739
f 6531 6741 6326
f 6300 6614 6613
f 6742 6325 6290
f 6743 3891 3890
f 6744 6301 6745
f 6746 6534 6533
f 6536 6579 6535
f 6535 6563 6537
f 6566 6537 6563
f 6538 6409 6539
f 6412 6539 6409
f 6412 6541 6540
f 6748 6542 6541
f 6749 6545 6542
f 6568 6547 6543
f 6751 6548 6546
f 6753 6550 6549
f 6755 6757 6758
f 6759 6761 6762
f 6763 6765 6762
f 6764 6623 6765
f 6766 6768 6769
f 6770 6772 6773
f 6774 6776 6777
f 6021 6777 6022
f 6723 6779 6724
f 6780 6782 6783
f 6784 6786 6787
f 6788 6790 6791
f 6185 6793 6186
f 6794 6725 6795
f 6729 6098 6097
f 6135 6798 6132
f 6799 6065 6800
f 6037 6802 6038
f 6005 6588 6586
f 6005 6804 6006
f 6052 6010 6805
f 6586 6803 6005
f 6092 5987 6089
f 6094 5985 6092
f 6096 6695 6095
f 6082 6799 6585
f 6657 6041 6659
f 6013 6658 6014
f 6795 6807 6808
f 6809 6811 6812
f 6813 6815 6816
f 6817 6819 6820
f 6821 6823 6824
f 6329 6204 6217
f 6202 6826 6203
f 6072 6827 6828
f 6598 6305 6304
f 6301 6613 6663
f 6830 6271 6270
f 6822 6778 6823
f 6326 6832 6327
f 6203 6833 6216
f 6027 6051 6024
f 6360 6835 6357
f 6836 6838 6839
f 6837 6841 6838
f 6362 6366 6363
f 6380 6384 6381
f 6421 6578 6842
f 6566 6410 6409
f 6394 6388 6391
f 6414 6368 6367
f 6371 6416 6413
f 6561 6378 6382
f 6382 6562 6561
f 6381 6418 6562
f 6389 6430 6431
f 6391 6454 6441
f 6441 6453 6456
f 6456 6473 6574
f 6495 6750 6568
f 6843 6485 6484
f 6844 6843 6846
f 6573 6847 6848
f 6849 6487 6486
f 6513 6752 6469
f 6517 6850 6503
f 6521 6851 6850
f 6844 6852 6853
f 6505 6510 6509
f 6753 6512 6754
f 6516 6521 6517
f 6614 6854 6615
f 6742 4003 3891
f 6708 6855 6856
f 6307 6857 6858
f 6307 6665 6304
f 6414 6425 6559
f 6416 6427 6426
f 6562 6431 6430
f 6419 6538 6434
f 6358 6839 6359
f 6059 6859 6860
f 6861 6863 6864
f 6865 6867 6868
f 6115 6869 6870
f 6871 6873 6874
f 6721 6596 6875
f 6876 6556 6555
f 6877 6552 6551
f 6551 6268 6877
f 6879 6265 6269
f 6239 6651 6336
f 6230 6619 6226
f 6171 6669 6880
f 6106 6882 6881
f 6883 6822 6821
f 6759 6187 6174
f 6725 6785 6807
f 6885 6808 6791
f 6886 6888 6031
f 6701 6756 6755
f 6884 6779 6822
f 6715 6309 6308
f 6889 6890 6891
f 6743 4042 6892
f 6270 6893 6830
f 6386 6895 6383
f 6895 6420 6896
f 6897 6417 6896
f 6897 6407 6898
f 6390 6899 6387
f 6900 6406 6449
f 6455 6901 6452
f 6902 6904 6471
f 6482 6905 6483
f 6501 6907 6502
f 6496 6908 6909
f 6532 6326 6325
f 6532 6743 6529
f 6612 6735 6666
f 6611 6910 6612
f 6626 5979 6213
f 6704 6105 6702
f 6913 6591 6914
f 6915 6795 6885
f 6229 4067 4066
f 6263 6289 6619
f 6745 6663 6877
f 6916 6757 6917
f 6885 6165 6915
f 6920 6783 6919
f 6921 6923 6924
f 6925 6924 6926
f 6927 6929 6930
f 6931 6933 6934
f 6935 6937 6938
f 6939 6941 6942
f 6943 6945 6946
f 6947 6949 6950
f 6944 6951 6952
f 6953 6955 6956
f 6957 6959 6960
f 6961 6929 6963
f 6964 6966 6967
f 6968 6970 6971
f 6969 6955 6970
f 6972 6946 6973
f 6974 6976 6977
f 6978 6980 6981
f 6940 6982 6983
f 6984 6986 6987
f 6988 6990 6991
f 6992 6989 6993
f 6994 6996 6997
f 6998 7000 7001
f 7002 7004 7005
f 7006 7008 7009
f 7010 7012 7013
f 7014 7016 7017
f 7018 6999 6998
f 7020 7022 7023
f 7024 7026 7027
f 7028 7030 7031
f 7032 7034 7035
f 7003 7036 7037
f 7038 7040 7027
f 6993 7030 7041
f 7042 7044 7045
f 7046 7007 7006
f 7011 7048 7049
f 7050 7052 7053
f 7054 7014 7055
f 7015 7056 7057
f 6621 7045 7044
f 7049 6775 6774
f 7051 6021 6020
f 7055 6701 7054
f 7054 6755 7056
f 6764 7047 7046
f 7020 7059 7013
f 7060 7062 7063
f 6958 7065 6959
f 6925 7067 6973
f 7068 6934 6926
f 7069 6991 7070
f 7071 7072 7073
f 7074 7076 7077
f 7078 7080 7081
f 7014 7082 7083
f 7084 7086 7087
f 7025 7031 7026
f 7085 7072 7088
f 7089 7087 7090
f 7055 7083 7091
f 7090 6770 6773
f 7092 7094 7095
f 7091 6697 7055
f 6770 7086 6758
f 7095 6767 6766
f 7096 6980 7097
f 7098 6940 7099
f 7058 7023 7100
f 7101 6930 7102
f 6974 7063 6967
f 7103 6971 7104
f 7105 6981 6977
f 7106 7036 7108
f 7109 7010 7110
f 7111 7018 7034
f 7098 7037 7100
f 7048 7112 6775
f 7113 7041 6997
f 6994 7115 7088
f 6965 6923 6966
f 6975 6945 6976
f 7061 7065 7062
f 6954 6933 6963
f 6763 7109 7047
f 7046 6620 6764
f 6947 7067 6956
f 6758 7056 6755
f 7118 7039 7038
f 7038 7070 7118
f 7106 7121 7122
f 7123 7053 7052
f 7123 7083 7082
f 7045 7006 7042
f 7107 7122 7009
f 7091 7052 7051
f 7091 6020 6183
f 6936 7097 6937
f 7125 6960 7102
f 6774 7050 7049
f 7119 6942 7039
f 7019 7005 6999
f 7011 7124 7012
f 7021 7040 7022
f 7114 7016 7115
f 7053 7049 7050
f 7086 7057 7056
f 6993 7127 6992
f 7075 7113 7076
f 4281 6603 7128
f 6012 7129 6040
f 7130 6584 7131
f 6797 7133 6798
f 6074 7135 6075
f 6789 6173 6790
f 6760 6776 6761
f 7136 6801 6589
f 6914 6674 6913
f 7007 7059 7008
f 7099 7003 7098
f 6984 7104 6938
f 7110 7047 7109
f 6333 6587 7129
f 5956 6667 5971
f 5957 5971 5970
f 7137 6308 6719
f 4292 6718 6250
f 6693 6668 6215
f 6215 6667 6214
f 6214 6699 6212
f 6698 6212 6699
f 6219 6198 6218
f 6207 6220 6208
f 6220 6609 6208
f 6262 4066 4003
f 7138 7140 7141
f 4298 7140 4299
f 7143 7145 7146
f 7147 7144 7149
f 7149 7151 7147
f 7150 7153 7151
f 6329 7154 7152
f 6261 7155 7154
f 7156 7157 7158
f 6598 7159 7160
f 6257 7161 7162
f 6256 4321 7161
f 6693 6706 6705
f 5954 6705 6706
f 5953 5969 5954
f 7163 5983 6912
f 7164 6138 7166
f 7167 7169 7170
f 6141 7172 6142
f 7166 7173 7164
f 6141 7174 7175
f 7176 7178 7179
f 7180 7182 7183
f 7184 7186 7187
f 6631 7183 7188
f 6218 6197 6698
f 6625 7189 6624
f 6814 7190 7191
f 6882 7193 7194
f 7195 6109 6108
f 6888 7198 7199
f 7200 7202 7203
f 7176 6630 7204
f 6029 7187 6030
f 7205 7207 7208
f 7209 7211 7212
f 7203 7213 7214
f 6886 6778 6723
f 6031 7215 6886
f 7216 7218 7219
f 7220 6880 6669
f 6076 7220 7222
f 6074 6672 6671
f 6147 6662 7223
f 7223 6111 6110
f 6810 6113 6112
f 6920 6914 6591
f 6077 6675 6672
f 6660 6076 6661
f 7222 6669 6181
f 7224 6181 6180
f 6660 6150 6675
f 7225 6794 6915
f 6783 7225 6164
f 6781 6068 6067
f 7217 7228 7218
f 6031 7199 6028
f 6887 6723 6722
f 6164 6915 6165
f 6780 6591 6068
f 7134 6671 6914
f 7229 6824 6823
f 7187 7230 7229
f 7226 6722 6794
f 7231 6169 7233
f 7201 7233 7202
f 6107 7235 7200
f 7215 6823 6778
f 6030 7229 7215
f 7236 7219 7179
f 7237 6820 6819
f 7237 7207 7238
f 7239 7241 7242
f 6739 7244 6736
f 7245 7242 7246
f 7233 6168 7247
f 7247 7202 7233
f 7195 7203 7214
f 7248 7250 6703
f 7227 7252 7228
f 7253 5998 7251
f 6067 7198 6781
f 6781 7197 6782
f 5984 6683 5986
f 7254 6678 6684
f 6679 7252 5997
f 6887 7197 6888
f 6782 7226 7225
f 7135 6163 7221
f 7221 6075 7135
f 6661 7222 7224
f 7224 6111 6661
f 6180 6112 7224
f 6179 6810 6180
f 6811 6793 6649
f 6650 6622 6769
f 6766 7044 7095
f 7095 7043 7092
f 7092 7121 7081
f 7078 7255 7033
f 7256 7257 7258
f 6768 7259 6647
f 6773 7094 7090
f 7090 7093 7089
f 7089 7080 7073
f 7071 7032 7260
f 7077 6998 7074
f 6995 7260 6996
f 7077 7261 7035
f 7035 7018 7077
f 7108 7111 7255
f 6978 7262 7001
f 7105 7264 7262
f 7263 6952 7264
f 6990 6951 7265
f 6972 7266 7265
f 7117 6950 7266
f 6948 7267 6949
f 6969 6982 7267
f 7103 6987 6983
f 7005 6986 7268
f 6999 7268 7000
f 7269 7271 7272
f 7274 7275 7273
f 7274 7276 7277
f 7278 7280 7281
f 7282 7284 7285
f 7286 7288 7289
f 7290 7292 7293
f 7294 7296 7293
f 7068 7298 7299
f 7300 7302 7303
f 7304 7305 7306
f 7307 7305 7308
f 7309 7283 7310
f 7311 7313 7314
f 7125 7306 7315
f 7285 7280 7282
f 7277 7303 7302
f 6965 7316 7317
f 7318 7316 7319
f 7320 7271 7314
f 7312 7296 7313
f 7270 7298 7322
f 7311 7322 7317
f 6961 7300 7308
f 7323 7325 7326
f 7327 7328 7329
f 7064 7325 7328
f 7287 7292 7288
f 6931 7299 7301
f 7331 7329 7319
f 7332 7334 7335
f 7336 7338 7339
f 7340 7333 7332
f 7342 7343 7344
f 7345 7347 7344
f 7348 7350 7351
f 7352 7354 7355
f 7356 7358 7359
f 7360 7362 7363
f 7365 7367 7364
f 7368 7370 7371
f 7372 7336 7374
f 7373 7337 7336
f 7367 7376 7377
f 7378 7380 7381
f 7382 7384 7385
f 7386 7385 7384
f 7388 7390 7391
f 7392 7333 7393
f 7394 7396 7397
f 7398 7400 7401
f 7402 7404 7405
f 7406 7408 7409
f 7410 7383 7382
f 7412 7414 7415
f 7385 7417 7382
f 7389 7419 7390
f 7373 7421 7375
f 7420 7372 7422
f 7369 7424 7370
f 7399 7397 7425
f 7393 7341 7342
f 7398 7357 7426
f 7358 7401 7427
f 7428 7430 7431
f 7433 7435 7432
f 7363 7436 7437
f 7383 7439 7384
f 7411 7438 7383
f 7441 7443 7444
f 7445 7339 7447
f 7374 7339 7446
f 7444 7364 7448
f 7448 7450 7449
f 7364 7451 7450
f 7451 7377 7452
f 7449 7454 7453
f 7455 7450 7451
f 7456 7451 7452
f 7410 7458 7459
f 7460 7462 7369
f 7423 7462 7463
f 7464 7466 7467
f 7468 7347 7470
f 7376 7471 7472
f 7425 7396 7473
f 7475 7477 7474
f 7478 7480 7481
f 7482 7407 7406
f 7484 7351 7486
f 7487 7488 7489
f 7490 7492 7493
f 7412 7434 7433
f 7494 7434 7415
f 7496 7391 7497
f 7440 7498 7499
f 7401 7488 7500
f 7485 7345 7501
f 7500 7427 7401
f 7395 7469 7468
f 7503 7505 7506
f 7507 7509 7510
f 7511 7513 7514
f 7511 7515 7516
f 7517 7519 7520
f 7521 7523 7355
f 7352 7525 7526
f 7415 7527 7494
f 7528 7530 7486
f 7404 7502 7500
f 7477 7496 7532
f 7512 7481 7513
f 7405 7500 7488
f 7533 7535 7536
f 7378 7510 7537
f 7532 7379 7538
f 7539 7541 7542
f 7524 7355 7523
f 7351 7501 7348
f 7414 7523 7527
f 7522 7527 7523
f 7544 7412 7545
f 7546 7547 7548
f 7526 7353 7352
f 7550 7355 7354
f 7521 7551 7548
f 7552 7548 7551
f 7546 7553 7554
f 7522 7548 7547
f 7418 7520 7555
f 7416 7554 7417
f 7457 7558 7458
f 7557 7560 7558
f 7535 7561 7562
f 7562 7563 7564
f 7564 7349 7348
f 7351 7565 7486
f 7567 7569 7566
f 7570 7520 7519
f 7419 7555 7571
f 7572 7348 7501
f 7389 7556 7418
f 7573 7493 7480
f 7552 7534 7553
f 7562 7536 7535
f 7572 7576 7574
f 7422 7578 7420
f 7423 7580 7424
f 7579 7463 7581
f 7578 7576 7582
f 7583 7381 7380
f 7586 7581 7585
f 7533 7579 7586
f 7447 7338 7587
f 7588 7531 7589
f 7590 7431 7591
f 7321 7592 7585
f 7275 7463 7273
f 7461 7276 7462
f 7279 7461 7453
f 7453 7593 7279
f 7594 7454 7455
f 7330 7498 7459
f 7459 7294 7330
f 7558 7595 7295
f 7560 7320 7595
f 7275 7585 7581
f 7462 7273 7463
f 7596 7380 7497
f 7597 7406 7409
f 7467 7599 7600
f 7601 7603 7604
f 7605 7444 7443
f 7365 7606 7366
f 7607 7494 7608
f 7513 7473 7396
f 7396 7514 7513
f 7514 7468 7515
f 7470 7515 7468
f 7610 7609 7470
f 7612 7476 7475
f 7613 7529 7614
f 7442 7615 7616
f 7343 7617 7618
f 7574 7577 7536
f 7619 7399 7491
f 7518 7509 7519
f 7491 7425 7492
f 7549 7621 7565
f 7491 7622 7619
f 7377 7440 7452
f 7379 7497 7380
f 7453 7460 7449
f 7411 7459 7498
f 7623 7391 7390
f 7625 7610 7484
f 7487 7483 7626
f 7619 7408 7489
f 7627 7620 7549
f 7538 7378 7537
f 7389 7477 7476
f 7629 7412 7433
f 7489 7407 7487
f 7628 7598 7597
f 7413 7524 7414
f 7592 7559 7630
f 7584 7632 7381
f 7569 7633 7571
f 7570 7566 7569
f 7631 7566 7632
f 7508 7519 7509
f 7614 7480 7613
f 7346 7470 7347
f 7572 7562 7564
f 7571 7634 7419
f 7346 7484 7610
f 7607 7431 7495
f 7585 7630 7586
f 7624 7497 7391
f 7635 7384 7439
f 7636 7502 7588
f 7323 7310 7289
f 7420 7582 7421
f 7637 7455 7456
f 7287 7499 7498
f 7458 7295 7294
f 7439 7472 7635
f 7599 7604 7600
f 7359 7427 7636
f 7436 7639 7437
f 7490 7640 7622
f 7481 7493 7473
f 7641 7505 7525
f 7642 7627 7644
f 7492 7473 7493
f 7517 7625 7530
f 7625 7486 7530
f 7634 7390 7419
f 7474 7532 7516
f 7448 7441 7444
f 7368 7449 7460
f 7615 7368 7371
f 7638 7602 7639
f 7575 7501 7345
f 7571 7570 7569
f 7400 7489 7488
f 7508 7632 7566
f 7503 7540 7539
f 6957 7315 7326
f 7376 7438 7377
f 7507 7381 7632
f 7499 7452 7440
f 7286 7456 7499
f 7504 7644 7505
f 7368 7460 7369
f 7645 7627 7643
f 7647 7633 7646
f 7647 7623 7634
f 7649 7623 7648
f 7650 7624 7649
f 7646 7568 7651
f 7651 7567 7652
f 7653 7567 7631
f 7651 7655 7646
f 7656 7658 7659
f 7660 7657 7661
f 7663 7656 7662
f 7664 7663 7666
f 7667 7663 7662
f 7667 7668 7655
f 7663 7661 7657
f 7670 7672 7669
f 7661 7671 7660
f 7659 7662 7656
f 7648 7668 7659
f 7648 7673 7649
f 7659 7674 7673
f 7658 7675 7674
f 7668 7646 7655
f 7660 7676 7675
f 7675 7678 7674
f 7677 7676 7679
f 7677 7681 7678
f 7682 7678 7681
f 7677 7684 7680
f 7673 7678 7683
f 7683 7649 7673
f 7685 7671 7670
f 7667 7686 7666
f 7666 7687 7664
f 7654 7686 7655
f 7689 7686 7688
f 7664 7691 7690
f 7650 7583 7596
f 7693 7631 7584
f 7584 7692 7693
f 7693 7682 7694
f 7694 7681 7695
f 7694 7653 7693
f 7650 7682 7692
f 7696 7652 7653
f 7654 7652 7697
f 7688 7697 7698
f 7699 7697 7696
f 7700 7698 7699
f 7695 7696 7694
f 7699 7702 7700
f 7689 7698 7701
f 7689 7703 7704
f 7705 7707 7703
f 7701 7705 7703
f 7704 7707 7685
f 7685 7691 7704
f 7687 7704 7691
f 7680 7695 7681
f 7684 7702 7680
f 7702 7705 7700
f 7684 7707 7706
f 7676 7707 7679
f 7665 7672 7661
f 7670 7690 7691
f 7665 7690 7669
f 7611 7474 7609
f 7510 7479 7478
f 7511 7537 7512
f 7516 7538 7511
f 7517 7613 7518
f 7537 7478 7512
f 7611 7612 7475
f 7613 7479 7518
f 7556 7517 7520
f 7516 7609 7474
f 7708 7710 7711
f 7712 7714 7715
f 7713 7717 7714
f 7719 7721 7718
f 7722 7597 7409
f 7724 7715 7725
f 7726 7728 7729
f 7731 7573 7730
f 7730 7614 7732
f 7733 7735 7736
f 7721 7724 7737
f 7731 7409 7640
f 7708 7729 7738
f 7737 7709 7739
f 7716 7736 7740
f 7742 7744 7745
f 7740 7735 7746
f 7717 7740 7747
f 7716 7720 7741
f 7748 7711 7710
f 7750 7710 7725
f 7720 7751 7741
f 7734 7728 7735
f 7709 7725 7710
f 7752 7715 7714
f 7739 7708 7738
f 7720 7712 7721
f 7749 7755 7711
f 7745 7756 7747
f 7746 7742 7745
f 7743 7755 7754
f 7727 7735 7728
f 7747 7757 7717
f 7753 7725 7715
f 7751 7620 7733
f 7757 7714 7717
f 7718 7737 7732
f 7747 7746 7745
f 7727 7755 7742
f 7726 7711 7755
f 7759 7756 7758
f 7759 7752 7757
f 7760 7753 7752
f 7761 7750 7753
f 7758 7744 7763
f 7763 7743 7764
f 7754 7764 7743
f 7763 7767 7758
f 7768 7770 7771
f 7772 7771 7773
f 7775 7772 7774
f 7776 7775 7778
f 7779 7775 7774
f 7775 7769 7768
f 7770 7781 7780
f 7782 7772 7773
f 7760 7782 7773
f 7760 7783 7761
f 7773 7784 7783
f 7770 7784 7771
f 7779 7782 7767
f 7782 7758 7767
f 7785 7780 7786
f 7785 7788 7784
f 7787 7786 7789
f 7787 7791 7788
f 7792 7788 7791
f 7787 7794 7790
f 7793 7784 7788
f 7762 7783 7793
f 7796 7780 7795
f 7795 7781 7797
f 7779 7798 7778
f 7799 7778 7798
f 7766 7798 7767
f 7800 7799 7798
f 7802 7799 7803
f 7795 7802 7803
f 7762 7748 7750
f 7805 7754 7749
f 7749 7804 7805
f 7805 7792 7806
f 7806 7791 7807
f 7806 7765 7805
f 7793 7804 7762
f 7808 7764 7765
f 7766 7764 7809
f 7766 7810 7800
f 7811 7809 7808
f 7812 7810 7811
f 7807 7808 7806
f 7811 7814 7812
f 7813 7800 7810
f 7801 7815 7816
f 7817 7819 7815
f 7813 7817 7815
f 7816 7819 7796
f 7796 7803 7816
f 7799 7816 7803
f 7790 7807 7791
f 7794 7814 7790
f 7814 7817 7812
f 7794 7819 7818
f 7786 7819 7789
f 7777 7781 7769
f 7777 7802 7797
f 7528 7718 7529
f 7729 7723 7722
f 7738 7730 7739
f 7732 7739 7730
f 7733 7628 7734
f 7722 7738 7729
f 7621 7719 7528
f 7628 7723 7734
f 7733 7741 7751
f 7732 7529 7718
f 7486 7621 7528
f 7549 7350 7353
f 7353 7349 7354
f 7354 7563 7550
f 7821 7823 7820
f 7824 7826 7827
f 7825 7829 7826
f 7830 7832 7833
f 7834 7827 7835
f 7836 7838 7839
f 7840 7406 7841
f 7841 7598 7842
f 7843 7845 7846
f 7833 7834 7847
f 7848 7836 7839
f 7847 7821 7849
f 7828 7846 7850
f 7853 7855 7852
f 7850 7845 7856
f 7829 7850 7857
f 7828 7832 7851
f 7858 7823 7822
f 7860 7822 7835
f 7831 7851 7832
f 7844 7838 7845
f 7834 7822 7821
f 7863 7827 7826
f 7849 7820 7848
f 7825 7833 7832
f 7859 7866 7823
f 7855 7867 7857
f 7837 7855 7856
f 7865 7852 7866
f 7837 7845 7838
f 7857 7868 7829
f 7864 7835 7827
f 7843 7642 7504
f 7868 7826 7829
f 7830 7847 7842
f 7857 7856 7855
f 7837 7866 7852
f 7836 7823 7866
f 7870 7867 7869
f 7870 7863 7868
f 7871 7864 7863
f 7872 7860 7864
f 7869 7854 7874
f 7874 7853 7875
f 7876 7853 7865
f 7874 7878 7869
f 7879 7881 7882
f 7883 7882 7884
f 7886 7883 7885
f 7887 7886 7889
f 7890 7886 7885
f 7886 7880 7879
f 7891 7880 7892
f 7884 7885 7883
f 7871 7893 7884
f 7871 7894 7872
f 7884 7895 7894
f 7882 7896 7895
f 7890 7893 7878
f 7893 7869 7878
f 7881 7897 7896
f 7898 7895 7896
f 7900 7896 7897
f 7901 7899 7898
f 7904 7902 7903
f 7898 7905 7901
f 7894 7899 7904
f 7904 7872 7894
f 7907 7891 7906
f 7906 7892 7908
f 7890 7909 7889
f 7910 7889 7909
f 7877 7909 7878
f 7912 7909 7911
f 7887 7914 7913
f 7906 7913 7914
f 7873 7858 7860
f 7916 7865 7859
f 7859 7915 7916
f 7916 7903 7917
f 7917 7902 7918
f 7917 7876 7916
f 7873 7903 7915
f 7919 7875 7876
f 7877 7875 7920
f 7911 7920 7921
f 7922 7920 7919
f 7923 7921 7922
f 7918 7919 7917
f 7922 7925 7923
f 7924 7911 7921
f 7912 7926 7927
f 7928 7930 7926
f 7924 7928 7926
f 7927 7930 7907
f 7907 7914 7927
f 7910 7927 7914
f 7901 7918 7902
f 7905 7925 7901
f 7925 7928 7923
f 7905 7930 7929
f 7897 7930 7900
f 7888 7892 7880
f 7888 7913 7908
f 7645 7831 7830
f 7839 7862 7931
f 7841 7848 7840
f 7842 7849 7841
f 7504 7844 7843
f 7839 7840 7848
f 7643 7861 7831
f 7503 7862 7844
f 7846 7861 7843
f 7842 7645 7830
f 7932 7934 7935
f 7936 7938 7939
f 7937 7941 7938
f 7942 7944 7945
f 7947 7949 7946
f 7950 7939 7951
f 7953 7955 7952
f 7956 7958 7959
f 7956 7540 7960
f 7962 7964 7961
f 7936 7965 7945
f 7946 7958 7957
f 7966 7952 7955
f 7965 7933 7967
f 7968 7969 7964
f 7970 7972 7973
f 7974 7964 7963
f 7941 7968 7975
f 7940 7944 7969
f 7976 7935 7934
f 7978 7934 7951
f 7943 7969 7944
f 7947 7963 7962
f 7933 7951 7934
f 7980 7939 7938
f 7967 7932 7966
f 7937 7945 7944
f 7977 7983 7935
f 7973 7984 7975
f 7953 7973 7974
f 7982 7970 7983
f 7974 7954 7953
f 7975 7985 7941
f 7981 7951 7939
f 7961 7544 7545
f 7985 7938 7941
f 7942 7965 7960
f 7975 7974 7973
f 7952 7970 7953
f 7952 7935 7983
f 7987 7984 7986
f 7987 7980 7985
f 7988 7981 7980
f 7989 7978 7981
f 7986 7972 7991
f 7991 7971 7992
f 7993 7971 7982
f 7986 7994 7995
f 7997 7999 7996
f 8000 7999 8001
f 8003 8000 8002
f 8005 8006 8004
f 8007 8003 8002
f 7996 8005 7997
f 7998 8009 8008
f 8010 8000 8001
f 7988 8010 8001
f 7988 8011 7989
f 8011 7999 8012
f 7998 8012 7999
f 8007 8010 7995
f 8010 7986 7995
f 8013 8008 8014
f 8015 8012 8013
f 8017 8013 8014
f 8018 8016 8015
f 8021 8019 8020
f 8015 8022 8018
f 8011 8016 8021
f 8021 7989 8011
f 8023 8014 8008
f 8023 8009 8025
f 8007 8026 8006
f 8026 8004 8006
f 8028 7995 7994
f 8029 8026 8028
f 8030 8027 8031
f 8023 8030 8031
f 7990 7976 7978
f 8033 7982 7977
f 7976 8033 7977
f 8034 8032 8020
f 8035 8020 8019
f 8034 7993 8033
f 7990 8020 8032
f 8036 7992 7993
f 7991 8037 7994
f 7994 8038 8028
f 8039 8037 8036
f 8040 8038 8039
f 8035 8036 8034
f 8039 8042 8040
f 8041 8028 8038
f 8029 8043 8044
f 8045 8047 8043
f 8041 8045 8043
f 8044 8047 8024
f 8024 8031 8044
f 8027 8044 8031
f 8042 8019 8018
f 8022 8042 8018
f 8042 8045 8040
f 8017 8046 8022
f 8014 8047 8017
f 8005 8009 7997
f 8005 8030 8025
f 7506 7943 7942
f 7954 7946 7955
f 7967 7957 7956
f 7960 7967 7956
f 7948 7962 8048
f 7955 7957 7966
f 7641 7979 7943
f 7969 7961 7964
f 7960 7506 7942
f 7362 8050 7436
f 8052 7464 8051
f 8051 7467 8053
f 8054 7600 7604
f 8056 7618 8052
f 7436 8057 7638
f 8049 7361 8056
f 8057 7603 7638
f 8055 7467 7600
f 8058 7604 7603
f 8059 8058 8057
f 8060 8054 8058
f 8061 8055 8054
f 8062 8053 8055
f 8059 8050 8064
f 8064 8049 8065
f 8056 8065 8049
f 8059 8067 8068
f 8069 8071 8072
f 8073 8072 8074
f 8075 8073 8076
f 8077 8075 8076
f 8075 8070 8069
f 8079 8081 8070
f 8082 8070 8081
f 8083 8073 8074
f 8061 8083 8074
f 8061 8084 8062
f 8074 8085 8084
f 8072 8086 8085
f 8077 8083 8068
f 8083 8059 8068
f 8071 8087 8086
f 8088 8085 8086
f 8090 8086 8087
f 8091 8089 8088
f 8094 8092 8093
f 8088 8095 8091
f 8084 8089 8094
f 8094 8062 8084
f 8097 8082 8096
f 8096 8081 8080
f 8077 8098 8078
f 8099 8078 8098
f 8101 8068 8067
f 8102 8098 8101
f 8100 8104 8103
f 8096 8103 8104
f 8075 8100 8079
f 8079 8103 8080
f 8105 8053 8063
f 8066 8052 8106
f 8051 8106 8052
f 8107 8105 8093
f 8108 8093 8092
f 8107 8066 8106
f 8063 8093 8105
f 8109 8065 8066
f 8064 8110 8067
f 8067 8111 8101
f 8112 8110 8109
f 8113 8111 8112
f 8108 8109 8107
f 8112 8115 8113
f 8114 8101 8111
f 8102 8116 8117
f 8118 8120 8116
f 8114 8118 8116
f 8117 8120 8097
f 8097 8104 8117
f 8099 8117 8104
f 8091 8108 8092
f 8095 8115 8091
f 8115 8118 8113
f 8095 8120 8119
f 8087 8120 8090
f 7550 7561 7551
f 7552 7561 7535
f 7931 7539 7542
f 7640 7408 7622
f 7549 7644 7627
f 7525 7544 7641
f 7931 7482 7840
f 7483 7542 7541
f 7626 7405 7487
f 7629 7432 8121
f 7629 7949 7948
f 8122 7949 8121
f 8123 8121 7432
f 8124 7432 7435
f 7434 8125 7435
f 8125 8124 7435
f 8124 7429 8126
f 8123 8126 8127
f 8122 8127 8128
f 7541 7959 8128
f 7404 8129 7531
f 8125 7431 7430
f 7526 7505 7644
f 7626 7541 8128
f 7959 8122 8128
f 7961 8048 7962
f 7629 8048 7545
f 8127 7626 8128
f 7402 8126 7403
f 8129 8126 7429
f 7428 8129 7429
f 7589 7428 7590
f 7471 7366 7606
f 7334 7426 7357
f 7335 7357 7356
f 7616 7446 7445
f 7392 7398 7426
f 7393 7397 7392
f 7342 7394 7393
f 7344 7469 7342
f 7343 7361 7360
f 7360 7344 7343
f 7363 7345 7360
f 7437 7575 7363
f 7582 7437 7639
f 7421 7639 7602
f 7375 7602 7601
f 7599 7375 7601
f 7465 7618 7617
f 7332 7587 7340
f 7447 7335 7445
f 7445 7356 7616
f 7359 7616 7356
f 7636 7442 7359
f 7588 7443 7636
f 7589 7605 7588
f 7590 7606 7589
f 7471 7591 7472
f 7446 7371 7374
f 7371 7372 7374
f 7422 7370 7424
f 7577 7424 7580
f 7536 7580 7533
f 7591 7635 7472
f 7607 7386 7635
f 7543 7494 7527
f 7547 7543 7522
f 7608 7387 7386
f 7387 7416 7385
f 7457 7382 7417
f 7557 7417 7554
f 7559 7554 7553
f 7630 7553 7534
f 7534 7586 7630
f 7466 7337 7599
f 7465 7338 7466
f 7617 7587 7465
f 7341 7617 7343
f 8130 6090 8131
f 6023 8132 8133
f 6182 8133 6784
f 6623 6792 6185
f 6787 6182 6784
f 8134 6696 6787
f 6917 6756 8135
f 6762 7112 6763
f 6762 6184 6759
f 6765 6185 6184
f 6650 6768 6647
f 6772 6916 7259
f 6777 6789 6788
f 6022 6788 8132
f 6756 8134 8135
f 6758 6771 6770
f 6761 6775 7112
f 6769 6621 6766
f 6772 6767 6773
f 6174 6760 6759
f 6187 6178 6670
f 6811 6648 6812
f 6786 6724 6779
f 6791 6918 6885
f 6186 6179 6178
f 6808 8133 8132
f 6884 8135 8134
f 6174 6670 6171
f 6807 6784 8133
f 6791 8132 6788
f 6786 8134 6787
f 6790 6172 6918
f 6649 6792 6650
f 6316 8136 6717
f 8137 6654 8138
f 8139 6601 6160
f 6656 6580 6870
f 6868 8142 6865
f 6316 6711 6313
f 6864 8144 6861
f 6864 8145 6860
f 6868 6869 6710
f 6656 6866 6653
f 8146 8148 8149
f 8139 8151 6640
f 8152 6866 6865
f 8154 8138 6654
f 6874 8156 8157
f 8158 8159 6805
f 8160 6865 8142
f 8161 6313 6711
f 6161 8162 8163
f 8164 6654 6653
f 8153 6653 6866
f 8165 8167 8168
f 8166 8169 8167
f 5989 8170 8169
f 5988 8171 8170
f 8172 6043 6042
f 8174 6032 6035
f 8174 6098 8176
f 8176 6796 8177
f 8177 8178 8179
f 7132 6728 7133
f 6589 8180 7136
f 8180 6004 8181
f 8181 6007 8182
f 6334 6731 6734
f 6079 6645 6731
f 6078 6646 6645
f 6085 8184 6646
f 6091 8185 6093
f 6086 8183 6085
f 6950 7118 7070
f 6952 6992 7127
f 6983 6968 7103
f 6987 7004 7099
f 7001 6979 6978
f 7001 7074 6998
f 7262 7075 7074
f 7264 7127 7075
f 7265 6943 6972
f 7265 6991 6990
f 7266 7070 6991
f 6949 7119 7118
f 7267 6939 7119
f 6983 7099 6940
f 7268 6985 8186
f 7000 8186 6979
f 6938 6985 6984
f 6946 6922 6921
f 6956 6948 6947
f 6971 6928 6927
f 6970 6954 6928
f 6973 6921 6925
f 6977 7263 7105
f 6981 7061 7060
f 6973 7117 6972
f 7097 6979 8186
f 7104 6927 7101
f 6977 7060 6974
f 6976 6944 7263
f 6956 7066 6953
f 6937 8186 6985
f 6938 7101 6935
f 6924 7116 7297
f 6926 7297 7068
f 6930 6962 7304
f 6934 6953 7066
f 6960 6936 6935
f 6963 6928 6954
f 6967 6975 6974
f 7063 7327 7331
f 6959 7096 6936
f 6926 7066 6925
f 7102 7304 7125
f 6967 7331 6964
f 6966 6922 6975
f 7062 7064 7327
f 6963 6932 6961
f 7102 6935 7101
f 7299 7269 8187
f 7301 6932 6931
f 7306 7285 7284
f 7308 6962 6961
f 7315 7284 7309
f 7317 7312 7311
f 7319 6964 7331
f 7322 7297 7116
f 7317 7116 6965
f 7308 7303 7307
f 7326 6958 6957
f 7329 7291 7290
f 7328 7324 7291
f 7301 8187 7302
f 7319 7290 7318
f 7326 7309 7323
f 7272 7321 7275
f 7272 8187 7269
f 7274 7302 8187
f 7281 7307 7303
f 7283 7593 7594
f 7289 7324 7323
f 7293 7330 7294
f 7293 7318 7290
f 7310 7594 7637
f 7314 7595 7320
f 7282 7279 7593
f 7278 7277 7276
f 7314 7270 7311
f 7313 7295 7595
f 7288 7291 7324
f 7289 7637 7286
f 6003 6626 6136
f 6003 7165 6000
f 6690 8189 6691
f 6686 5981 5980
f 6685 6096 5981
f 6687 6806 6096
f 6002 5980 6626
f 6606 5351 5350
f 7164 8190 8191
f 8192 7174 8193
f 6015 8153 8152
f 6189 8155 8154
f 8157 6284 6283
f 6332 8152 8160
f 6593 6317 8161
f 6658 8154 8164
f 6014 8164 8153
f 6332 7131 6333
f 6805 6321 6052
f 6146 8162 6625
f 6607 8195 6604
f 8196 6125 8197
f 8198 7168 8199
f 8199 6633 8200
f 7177 8201 7178
f 8202 8204 8205
f 7208 7185 7205
f 7237 7186 7208
f 6819 7230 7237
f 6818 6824 6819
f 8206 6821 6818
f 8207 8135 8208
f 6917 8209 6916
f 8209 7259 6916
f 8210 6647 7259
f 6812 8212 7258
f 6809 7258 7257
f 6809 8213 6113
f 6113 8214 6110
f 7235 6110 8214
f 7223 7234 6147
f 6147 8215 6148
f 6148 8216 6153
f 8218 6158 8217
f 8219 6116 6119
f 6284 6116 6285
f 6188 8156 8155
f 8155 6873 8138
f 8138 6872 8137
f 8137 8148 6581
f 6193 6281 6190
f 6190 6278 6195
f 8220 8222 8223
f 8224 7139 7138
f 6223 8226 8227
f 6237 8228 8229
f 6238 8227 8230
f 6249 8231 8232
f 6253 8233 8234
f 6236 8221 8228
f 6331 8230 8235
f 6252 8236 8233
f 6222 8229 8226
f 6828 8237 8238
f 6280 8240 8241
f 8208 6883 8206
f 6648 8211 8212
f 6143 8242 8243
f 6624 8244 8242
f 8245 8247 8248
f 8249 8251 8252
f 7195 8254 7196
f 7214 8253 7195
f 8256 7214 7213
f 7243 8257 7244
f 7210 8257 7211
f 8259 6102 8260
f 8261 6121 8262
f 8178 8263 8179
f 7132 8264 8263
f 6797 8265 8264
f 6135 8266 8265
f 6134 8267 8266
f 6151 8268 8267
f 6154 8270 8268
f 8269 8272 8270
f 7194 8273 8274
f 7193 8275 8273
f 8249 8260 8276
f 8248 8278 8245
f 6129 8279 8280
f 7169 8197 6125
f 8198 8192 8197
f 7171 7175 7173
f 6589 7129 6587
f 6801 6040 7129
f 6037 6041 6040
f 6036 6659 6041
f 6131 6118 6659
f 6156 6119 6118
f 8218 6119 6155
f 8219 6815 6642
f 7191 6641 6814
f 8246 7189 7191
f 8245 8281 8282
f 8280 6288 6287
f 6125 7170 7169
f 6288 6602 6123
f 6126 6604 8195
f 8196 6605 6604
f 7174 6691 8189
f 6691 6139 6692
f 7171 8283 7172
f 7172 8284 6142
f 6139 8284 6692
f 8285 8287 8288
f 8211 8289 8286
f 8290 8292 8289
f 8293 8291 8290
f 8293 8208 8295
f 8296 8298 8295
f 6818 8296 8206
f 8285 7258 8212
f 7243 7212 7211
f 7243 8300 8299
f 8301 6739 6738
f 8302 7213 7247
f 8303 7247 6168
f 8304 6168 6167
f 6738 8297 8301
f 8288 6167 6170
f 8304 8291 8305
f 8305 8294 6737
f 6737 8306 8305
f 6736 8307 8306
f 8243 8308 8309
f 8242 8282 8308
f 8247 7191 7190
f 7196 8251 7192
f 8253 8311 8254
f 8255 8310 8253
f 8313 8255 8256
f 7244 8313 8307
f 8313 8258 8312
f 8312 8314 8310
f 8315 8310 8314
f 8311 8316 8252
f 8282 8317 8308
f 8308 8261 8309
f 8309 8262 8318
f 8248 8275 8276
f 8282 8246 8245
f 8307 8256 8302
f 8306 8302 8303
f 8305 8303 8304
f 8298 6737 8294
f 8287 8304 6167
f 7253 7199 7198
f 8319 6028 7199
f 8320 6029 6028
f 8321 7184 6029
f 8322 7185 7184
f 8203 7205 7185
f 8202 7206 7205
f 7239 7210 7209
f 7251 8319 7253
f 7227 8320 8319
f 7217 8321 8320
f 7216 8322 8321
f 7236 8203 8322
f 6175 8200 7204
f 7165 8191 6177
f 6137 7166 6138
f 6200 8283 6137
f 6199 8284 8283
f 8284 6205 6692
f 6205 6689 6692
f 6689 5485 3833
f 7009 8323 7107
f 7013 7021 7020
f 7017 7029 7028
f 7013 7110 7010
f 7073 7084 7089
f 7081 7093 7092
f 7082 7028 7025
f 7088 6995 6994
f 7088 7057 7085
f 7122 7043 7042
f 7124 7024 7126
f 7082 7024 7123
f 7009 7042 7006
f 7012 7126 7021
f 7115 7015 7057
f 7008 7058 8323
f 7081 7120 7078
f 7073 7079 7071
f 6997 7076 7113
f 7023 6942 6941
f 7027 7069 7038
f 7031 6989 6988
f 7079 7033 7032
f 7037 7107 8323
f 7027 7126 7024
f 7041 7029 7114
f 7026 6988 7069
f 7100 6941 7098
f 7108 7002 7019
f 7100 8323 7058
f 6997 7114 6994
f 7022 7039 6942
f 7111 7033 7255
f 7035 7260 7032
f 7261 6996 7260
f 7108 7120 7106
f 7245 8258 7210
f 7246 8314 7245
f 7181 8316 7182
f 8277 6129 8278
f 8278 8280 8281
f 6287 8281 8280
f 6122 8317 6287
f 5487 6144 5488
f 5489 6162 5490
f 6637 8325 8326
f 8326 8225 8224
f 5494 8225 5495
f 6160 8150 8139
f 5496 8151 5497
f 8163 6162 6161
f 6146 8327 8163
f 8243 6144 6143
f 8328 8309 8318
f 8318 5501 5500
f 8262 5502 5501
f 8329 8331 8332
f 8333 8335 8336
f 8338 6007 8337
f 8329 8339 8340
f 8341 6734 8330
f 6006 8337 6007
f 8342 6804 6800
f 6065 8339 8343
f 5995 8341 8340
f 6918 6166 6165
f 7221 6166 6880
f 6172 6880 6166
f 8344 5955 6713
f 5519 5975 5520
f 6806 8346 6695
f 6646 8347 6643
f 8165 8349 6323
f 6322 8131 6090
f 8345 6688 8351
f 6695 5975 5974
f 5976 5528 6713
f 5529 8131 5530
f 6643 8352 8168
f 8183 5532 8184
f 5534 8130 5529
f 6730 5533 8183
f 8351 6093 8185
f 5535 6594 3856
f 8353 6652 6651
f 8354 8355 8356
f 8357 6825 6202
f 8359 6202 6201
f 6224 8356 8360
f 6275 8362 6276
f 6201 7143 8359
f 7146 8359 7143
f 8357 8363 8364
f 8355 8366 8367
f 8361 8368 8362
f 8356 8367 8369
f 8370 8372 7142
f 8220 7145 8374
f 6275 6228 6231
f 5558 6228 6274
f 8375 8367 8366
f 8362 8376 8377
f 8378 8380 8381
f 8363 8382 8383
f 8384 8381 8385
f 8382 8386 8385
f 8383 8364 8363
f 6226 6231 6230
f 6231 8361 6275
f 6636 8389 8379
f 6635 8388 6636
f 8390 5576 5575
f 8379 6232 6636
f 8378 6233 6232
f 8384 8371 6233
f 8372 8393 7141
f 7138 8239 8224
f 8224 8394 8326
f 8146 8394 6282
f 6638 8326 8394
f 6340 6299 6298
f 6747 6577 6576
f 6344 6346 6345
f 6342 6355 6303
f 6353 6349 6297
f 6337 6369 8395
f 6360 6328 6327
f 6358 6386 6385
f 6364 6293 6295
f 6362 6376 6373
f 6366 6297 6296
f 6350 6372 6370
f 6533 6303 6302
f 6534 6346 6343
f 6744 6533 6302
f 6536 6747 6576
f 6357 6894 6386
f 6341 6832 6355
f 6839 6292 6291
f 6837 6380 6379
f 6838 6354 6292
f 6361 6377 6376
f 6363 6296 6293
f 6365 6373 6372
f 6359 6291 6328
f 6836 6385 6380
f 6481 6902 6544
f 6484 6501 6500
f 6477 6487 6474
f 6849 6492 6491
f 6494 6467 6466
f 6547 6544 6543
f 6750 6546 6547
f 6494 6751 6750
f 6843 6500 6846
f 6845 6575 6843
f 6489 6847 6853
f 6474 6491 6490
f 6483 6906 6501
f 6493 6465 6490
f 6471 6544 6902
f 6472 6485 6473
f 6476 6461 6460
f 6470 6542 6545
f 6570 6569 6749
f 6495 6463 6493
f 6475 6462 6461
f 6572 6477 6476
f 6574 6457 6456
f 6569 6543 6545
f 6575 6473 6485
f 6471 6901 6448
f 6469 6508 6513
f 6498 6479 6478
f 6503 6518 6517
f 6489 6505 6486
f 6467 6509 6468
f 6546 6498 6478
f 6549 6752 6753
f 6752 6466 6469
f 6503 6846 6500
f 6850 6844 6846
f 6507 6852 6525
f 6486 6509 6849
f 6502 6909 6518
f 6858 6664 6307
f 8396 6611 6610
f 6833 6324 6216
f 8399 6825 8400
f 6831 8401 8402
f 6707 6826 8399
f 8398 6890 6324
f 6858 8404 6554
f 8405 6610 6876
f 6830 6553 8401
f 8397 6911 6611
f 8400 8358 8365
f 8358 8364 8406
f 8406 8387 8407
f 8389 8380 8379
f 8389 8409 8377
f 8388 8410 8409
f 5575 8410 8390
f 6665 8411 6875
f 8412 6720 6721
f 8413 5601 6720
f 8411 8413 8412
f 6262 6290 6263
f 5602 8414 5604
f 6599 3735 5605
f 7141 7142 8372
f 8393 8241 8240
f 8227 7147 7151
f 8229 8374 7148
f 8230 7151 7153
f 8232 8415 8416
f 8234 8417 8418
f 8221 8374 8228
f 8235 7153 8419
f 8233 8420 8417
f 8226 7148 7147
f 8238 8421 8422
f 7141 8240 7138
f 6581 6655 8137
f 6640 8140 8139
f 6710 8141 6868
f 6717 6712 6316
f 6860 8143 6864
f 6870 6867 6656
f 6717 6726 6714
f 6870 6192 6115
f 6860 6050 6059
f 6710 6025 6024
f 6639 6871 8140
f 6640 8324 6637
f 6581 8147 6193
f 5615 6234 8370
f 7144 8374 7145
f 7144 6210 7149
f 7150 6210 6209
f 7152 6209 6329
f 7152 8419 7153
f 7154 8421 8419
f 7158 8415 8422
f 7160 8420 8416
f 7162 8418 8417
f 7161 5616 8418
f 8370 6233 8371
f 8373 7146 7145
f 8392 8386 8223
f 8391 8372 8371
f 5617 6713 5528
f 5973 3355 5972
f 8345 5619 8346
f 3880 6910 5621
f 8351 5620 8345
f 8346 5520 5975
f 5621 6911 5623
f 5622 8185 5534
f 8150 5497 8151
f 8423 8425 8426
f 8427 6519 8428
f 8429 8431 8432
f 6523 8433 6526
f 8434 8436 8437
f 8438 8434 8439
f 8438 6511 6528
f 8441 8424 8423
f 8427 8430 8429
f 8444 8445 8446
f 8447 8424 8448
f 8449 8444 8450
f 8451 8430 8452
f 8453 8454 8455
f 8456 8437 8453
f 8439 8456 8457
f 8448 8442 8458
f 8452 8443 8449
f 8425 8459 8446
f 8460 8462 8463
f 8464 8466 8467
f 8468 8470 8471
f 8472 8474 8475
f 8476 8478 8479
f 8480 8482 8483
f 8484 8486 8487
f 8485 8489 8486
f 8490 8481 8480
f 8492 8494 8495
f 8495 8496 8497
f 8498 8500 8501
f 8502 8500 8503
f 8504 8506 8507
f 8508 8510 8511
f 8513 8511 8512
f 8507 8514 8515
f 8516 8518 8519
f 8520 8516 8521
f 8522 8524 8525
f 8526 8522 8525
f 8528 8530 8531
f 8532 8529 8533
f 8534 8536 8537
f 8538 8534 8537
f 8464 8481 8465
f 8483 8541 8480
f 8542 8484 8467
f 8487 8540 8483
f 8488 8542 8544
f 8545 8486 8489
f 8481 8466 8465
f 8547 8489 8490
f 8548 8493 8471
f 8549 8502 8492
f 8551 8494 8548
f 8497 8552 8495
f 8469 8499 8470
f 8547 8497 8498
f 8469 8503 8500
f 8501 8550 8545
f 8460 8507 8461
f 8552 8506 8505
f 8554 8510 8463
f 8549 8505 8509
f 8554 8512 8511
f 8513 8550 8508
f 8461 8515 8462
f 8557 8513 8514
f 8558 8519 8479
f 8559 8527 8518
f 8521 8558 8561
f 8553 8517 8520
f 8477 8524 8478
f 8520 8557 8553
f 8476 8525 8477
f 8527 8556 8522
f 8563 8528 8475
f 8564 8531 8565
f 8533 8563 8566
f 8562 8530 8532
f 8473 8536 8474
f 8559 8532 8535
f 8472 8537 8473
f 8560 8539 8564
f 8463 8555 8554
f 8544 8467 8466
f 8470 8548 8471
f 8475 8566 8563
f 8479 8561 8558
f 8484 8483 8482
f 8490 8488 8491
f 8503 8492 8502
f 8498 8496 8499
f 8504 8509 8505
f 8515 8513 8512
f 8519 8527 8526
f 8521 8523 8520
f 8528 8539 8538
f 8533 8535 8532
f 8467 8482 8464
f 8487 8546 8543
f 8544 8491 8488
f 8480 8547 8490
f 8493 8468 8471
f 8495 8549 8492
f 8551 8499 8496
f 8501 8547 8498
f 8460 8510 8504
f 8508 8549 8509
f 8555 8515 8512
f 8506 8557 8514
f 8519 8476 8479
f 8517 8559 8518
f 8561 8524 8521
f 8522 8557 8523
f 8475 8538 8472
f 8567 8531 8530
f 8566 8536 8533
f 8560 8535 8534
f 8442 8568 8569
f 6512 8568 6754
f 8570 8571 8572
f 8426 6514 8423
f 8428 8443 8427
f 6522 8432 6523
f 8437 8433 8454
f 6524 8435 6527
f 6528 8435 8438
f 8423 6550 8441
f 8429 6516 8427
f 6515 8445 6908
f 8441 6754 8568
f 8570 8569 8568
f 8440 6512 6511
f 8569 8458 8442
f 8574 8572 8571
f 8572 8573 8569
f 8453 8577 8456
f 8576 8455 8578
f 8452 8580 8451
f 8573 8582 8458
f 8575 8581 8573
f 8584 8575 8574
f 8571 8457 8574
f 8439 8440 8438
f 8585 8587 8588
f 8587 8590 8588
f 8589 8592 8590
f 8591 8594 8592
f 8593 8596 8594
f 8595 8598 8596
f 8599 8586 8585
f 8601 8600 8599
f 8603 8602 8601
f 8605 8598 8597
f 8607 8604 8603
f 8609 8608 8607
f 8611 8610 8609
f 8606 8612 8611
f 8613 8589 8587
f 8614 8591 8589
f 8615 8593 8591
f 8616 8595 8593
f 8617 8597 8595
f 8619 8617 8616
f 8620 8618 8617
f 8620 8623 8621
f 8624 8626 8627
f 8626 8622 8627
f 8620 8628 8622
f 8622 8629 8627
f 8627 8630 8624
f 8632 8634 8631
f 8636 8633 8635
f 8637 8636 8635
f 8639 8632 8640
f 8633 8641 8635
f 8635 8642 8637
f 8642 8644 8637
f 8645 8637 8644
f 8586 8613 8587
f 8600 8646 8586
f 8616 8648 8619
f 8615 8649 8648
f 8613 8649 8614
f 8651 8613 8646
f 8647 8651 8646
f 8652 8654 8651
f 8602 8647 8600
f 8655 8652 8647
f 8656 8653 8652
f 8653 8659 8654
f 8658 8661 8659
f 8644 8663 8645
f 8664 8662 8665
f 8661 8666 8659
f 8666 8654 8659
f 8667 8651 8654
f 8668 8597 8618
f 8669 8618 8621
f 8670 8621 8623
f 8671 8623 8626
f 8671 8625 8672
f 8625 8673 8672
f 8636 8675 8634
f 8638 8674 8636
f 8645 8676 8638
f 8645 8678 8677
f 8679 8660 8658
f 8657 8658 8653
f 8583 8648 8649
f 8650 8583 8649
f 8667 8581 8650
f 8666 8582 8667
f 8664 8681 8666
f 8682 8665 8683
f 8684 8643 8642
f 8684 8641 8579
f 8639 8579 8641
f 8580 8640 8578
f 8629 8576 8630
f 8604 8655 8602
f 8608 8686 8604
f 8610 8687 8608
f 8612 8688 8610
f 8605 8689 8612
f 8690 8668 8669
f 8691 8689 8690
f 8692 8688 8691
f 8693 8687 8692
f 8656 8686 8693
f 8694 8669 8670
f 8695 8690 8694
f 8696 8691 8695
f 8697 8692 8696
f 8657 8693 8697
f 8697 8679 8657
f 8696 8698 8697
f 8696 8700 8699
f 8694 8700 8695
f 8670 8701 8694
f 8702 8671 8672
f 8701 8703 8700
f 8703 8699 8700
f 8699 8705 8698
f 8698 8680 8679
f 8672 8706 8702
f 8675 8707 8708
f 8674 8709 8707
f 8709 8677 8710
f 8677 8711 8710
f 8712 8710 8711
f 8702 8714 8703
f 8713 8714 8715
f 8707 8716 8717
f 8717 8713 8715
f 8710 8716 8709
f 8708 8717 8715
f 8546 8599 8543
f 8546 8603 8601
f 8550 8603 8545
f 8556 8607 8550
f 8560 8609 8556
f 8564 8611 8560
f 8565 8606 8564
f 8565 8596 8598
f 8567 8594 8596
f 8562 8592 8594
f 8553 8590 8592
f 8590 8541 8588
f 8540 8588 8541
f 8543 8585 8540
f 8684 8450 8685
f 8579 8449 8684
f 8682 8448 8681
f 8447 8683 8459
f 8681 8458 8582
f 8628 8619 8718
f 8584 8619 8648
f 8628 8577 8629
f 8457 8577 8718
f 8574 8718 8584
f 7134 6919 7135
f 6164 6919 6783
f 5485 6609 5921
f 3832 8188 6690
f 5921 6221 3354
f 5922 7128 6607
f 6439 8720 6440
f 8720 6570 6749
f 6570 8721 6464
f 6439 8721 8719
f 6727 6057 6312
f 6312 6073 6247
f 6828 6073 6072
f 6877 6267 6745
f 6745 6299 6744
f 6891 6305 6889
f 6338 6746 6339
f 6438 6410 6435
f 6412 6440 6748
f 6564 6424 6565
f 6842 6577 8395
f 6889 6829 7156
f 6579 6564 6563
f 6435 6565 6424
f 8722 6306 6891
f 8723 6058 6727
f 6269 6878 6879
f 7160 6829 6598
f 8724 8143 8725
f 8238 6248 6828
f 6339 6744 6299
f 8395 6338 6337
f 6879 8404 8726
f 8422 8231 8238
f 8725 6859 8723
f 8416 7157 7160
f 6059 6049 6056
f 6330 6049 6048
f 7156 6259 6889
f 6269 6264 6266
f 6297 6264 6241
f 6340 6351 6337
f 6368 8395 6369
f 6422 6559 6423
f 6436 6404 6437
f 6447 6438 6437
f 6424 6436 6435
f 6331 6099 6330
f 6422 6842 6368
f 8722 6856 8726
f 8141 6862 8142
f 6265 6617 6242
f 6324 6259 6258
f 7158 6260 7156
f 6709 6863 8141
f 8235 6827 6331
f 6298 6352 6340
f 6370 6351 6350
f 6891 8403 8722
f 8419 8237 8235
f 6051 8145 6709
f 8422 7155 7158
f 8721 6446 6464
f 6748 8720 6749
f 8727 6011 8194
f 8158 8144 8724
f 6009 6861 8144
f 6008 6862 6861
f 8142 8727 8160
f 6554 6893 6858
f 6833 6708 8398
f 6708 8403 8398
f 5623 6892 4042
f 8406 8365 8358
f 8407 8366 8406
f 8377 8408 8389
f 8397 6530 6529
f 6651 8400 8353
f 8402 6616 6615
f 6618 8399 6651
f 6554 6878 6551
f 8396 6854 6530
f 8401 6552 6616
f 6892 6529 6743
f 8353 8365 8355
f 8377 6276 8362
f 8409 6277 6276
f 8410 5932 6277
f 8726 6857 8722
f 8726 6855 6879
f 7234 6106 8215
f 8279 6127 6288
f 8354 6227 6652
f 6246 6619 6289
f 8239 6282 8394
f 8162 6286 6625
f 6292 6246 6289
f 6382 6377 6379
f 6392 6396 6393
f 6396 6427 6428
f 6398 6443 6459
f 6459 6458 6460
f 6525 6523 6526
f 6558 6271 6555
f 6429 6560 6561
f 6460 6572 6476
f 6272 3736 3735
f 7128 6602 8195
f 6227 6244 6652
f 7180 6634 6103
f 6642 6285 8219
f 6356 6740 6614
f 6816 8218 8217
f 6820 8301 6817
f 6355 6741 6356
f 6344 6834 6341
f 6364 6840 6361
f 6375 6560 6415
f 6848 6488 6477
f 6853 6506 6489
f 6530 6740 6531
f 8140 6874 6601
f 6555 6831 6876
f 8215 6881 8216
f 6348 6894 6345
f 6383 6896 6417
f 6433 6896 6420
f 6432 6898 6390
f 6406 6898 6407
f 6900 6387 6899
f 6900 6448 6901
f 6472 6903 6482
f 6480 6903 6902
f 6497 6906 6479
f 6908 6518 6909
f 4280 6120 6603
f 6100 7170 6128
f 6632 7188 8201
f 7235 7201 7200
f 7206 7212 7207
f 8213 7232 7231
f 8214 7231 7201
f 6108 7200 7203
f 7238 8300 6820
f 7207 8299 7238
f 8205 7240 8202
f 6170 7232 7256
f 6638 8149 6639
f 6601 8157 6600
f 6600 6283 8162
f 8392 8222 8393
f 6278 8241 6279
f 6816 8274 6813
f 6642 6814 6641
f 6128 6124 8279
f 8195 6127 6126
f 8212 8286 8285
f 8292 8286 8289
f 8290 8210 8209
f 8207 8290 8209
f 8294 8295 8298
f 8206 8295 8208
f 6817 8297 8296
f 8288 7256 8285
f 7209 7240 7239
f 6225 8360 8361
f 8369 8360 8356
f 8375 8368 8369
f 8381 8387 8383
f 8385 8383 8382
f 8385 8391 8384
f 8147 6282 6281
f 6345 6835 6344
f 6327 6834 6360
f 6295 6841 6364
f 6379 6840 6837
f 6853 6845 6844
f 6479 6905 6480
f 6848 6571 6573
f 6452 6904 6472
f 6525 6851 6520
f 6496 6907 6497
f 8402 6876 6831
f 8408 8387 8380
f 6279 8222 8221
f 6872 8149 8148
f 8223 8373 8220
f 6526 8436 6524
f 8446 8426 8425
f 8455 8431 8451
f 8446 8450 8444
f 8454 8432 8431
f 6908 8428 6519
f 8578 8451 8580
f 8632 8625 8624
f 8640 8624 8630
f 8660 8662 8661
f 8662 8643 8665
f 8675 8631 8634
f 8680 8663 8660
f 8683 8643 8685
f 8578 8630 8576
f 8673 8708 8706
f 8678 8705 8711
f 8711 8704 8712
f 8706 8715 8714
f 8703 8712 8704
f 8459 8685 8450
f 8407 8376 8375
f 6615 8405 8402
f 5993 6335 5994
f 6060 6018 5991
f 5993 6081 6080
f 6105 6176 6702
f 6177 6000 7165
f 6309 6310 6251
f 8725 6314 8724
f 8724 6318 8158
f 6321 6053 6052
f 6249 6310 6247
f 6596 6257 6597
f 8188 6605 8189
f 5986 6682 6060
f 6714 6311 6309
f 6047 6086 6081
f 6875 6304 6665
f 6001 6912 5983
f 7162 6597 6257
f 7254 6912 6704
f 6684 7163 7254
f 8723 6315 8725
f 6592 6318 6317
f 8332 8171 8728
f 6607 5350 5922
f 8191 8198 8199
f 8197 8193 8196
f 8159 6319 6321
f 8232 6595 6249
f 8192 7173 7175
f 8189 8193 7174
f 6177 8199 6175
f 6733 8330 6734
f 8340 8330 8329
f 8341 6335 6334
f 8412 6875 8411
f 8414 6273 6599
f 8416 8236 8232
f 6727 8136 8723
f 8417 7159 7162
f 6277 5558 6274
f 5935 6635 6235
f 5991 6061 6060
f 6019 6682 6681
f 5999 6033 5996
f 6045 6677 6680
f 6055 6083 7130
f 5995 6063 5992
f 6084 6053 6046
f 6088 5989 8166
f 6063 6046 5992
f 6066 6034 5999
f 6103 7181 7180
f 6673 6133 6132
f 6149 6153 6152
f 6323 8166 8165
f 6585 6083 6082
f 6630 6702 6176
f 6634 7168 7167
f 6676 6152 6133
f 6703 6628 7248
f 6796 6728 8178
f 6069 6097 6066
f 6132 6674 6673
f 6803 6800 6804
f 6011 6055 7130
f 6799 6582 6585
f 7194 6881 6882
f 7131 6583 6333
f 6798 6913 6674
f 7179 8204 7236
f 7183 7246 7242
f 7188 7242 7241
f 6109 7192 6882
f 7204 6176 6175
f 7219 6628 6627
f 7218 7248 6628
f 7179 6627 7176
f 7250 6704 6703
f 7228 7249 7248
f 6678 7249 6679
f 5997 7251 5998
f 8168 6644 6643
f 8167 6732 6644
f 8169 6733 6732
f 8170 8331 6733
f 8336 8173 8172
f 8182 8175 8174
f 8182 8176 8181
f 8181 8177 8180
f 8180 8179 7136
f 7133 6590 6913
f 7130 8194 6011
f 8200 6632 7177
f 7178 8205 8204
f 8269 6153 8216
f 8254 8252 8251
f 8260 6101 8277
f 8179 6802 7136
f 8263 6038 6802
f 8264 6039 6038
f 8265 6130 6039
f 8266 6157 6130
f 8267 6158 6157
f 8268 8217 6158
f 8270 6816 8217
f 6813 8273 7190
f 8273 8247 7190
f 8276 8277 8248
f 7192 8250 7193
f 8252 8259 8249
f 8276 8250 8249
f 7204 7177 7176
f 7182 8315 7246
f 8343 8334 8333
f 8333 8342 8343
f 8343 6800 6065
f 8340 6064 5995
f 6323 8350 6322
f 8168 8348 8165
f 8349 5936 8350
f 8352 5938 8348
f 6103 7167 6100
f 8271 8216 6881
f 8201 7241 8205
f 8274 8271 7194
f 5991 6017 5988
f 8728 6017 6016
f 5997 6680 6679
f 5996 6045 6680
f 6033 6042 6045
f 6042 8175 8172
f 8172 8338 8336
f 8336 8337 8333
f 6684 6677 6681
f 6681 6044 6019
f 6019 6043 6016
f 6016 8173 8728
f 8728 8335 8332
f 8332 8334 8329
f 8194 8160 8727
f 6805 6009 8158
f 5940 7137 6719
f 8324 5942 8325
f 8325 5495 8225
f 6253 4292 6250
f 7137 5944 6715
f 8348 5937 8349
f 8350 5530 8131
f 5624 6159 5489
f 6718 5940 6719
f 8327 5490 6162
f 8347 5939 8352
f 5933 6121 6120
f 8184 5946 8347
f 7142 5615 8370
f 6145 5945 8327
f 8234 5943 6253
f 8328 5488 6144
f 8318 5948 8328
f 7139 4299 7140
f 8418 5947 8234
f 5604 6599 5605
f 5949 6712 6716
f 5944 6716 6715
f 6720 5950 6255
f 6255 4322 6256
f 5614 6235 6234
f 6711 5951 8161
f 8161 3857 6593
f 5973 2965 3013
f 2965 5963 222
f 222 5960 223
f 223 5958 3186
f 5958 3185 3186
f 5957 2977 3185
f 5970 1213 2977
f 5967 1214 1213
f 2532 5966 5953
f 2894 5953 5952
f 2871 5952 8344
f 5510 5721 5509
f 5822 5824 5823
f 3511 3844 3735
f 3887 3889 3888
f 3876 3878 3877
f 3356 3911 3909
f 3372 3390 3391
f 3849 3851 3850
f 3481 3867 3866
f 3873 3385 3382
f 3875 3450 3452
f 3915 3865 3862
f 3657 3671 3656
f 5618 3013 2152
f 1997 1889 1892
f 1237 744 855
f 1535 120 121
f 1531 201 214
f 1119 1032 984
f 946 824 947
f 163 5 162
f 9041 9175 9193
f 1155 1162 1164
f 427 327 424
f 553 796 498
f 8732 2231 2237
f 8732 2230 2232
f 2237 3180 8732
f 8734 8736 8733
f 8735 8738 8736
f 8737 8740 8738
f 8739 8742 8740
f 8743 8745 8746
f 8746 8747 8748
f 8749 8748 8747
f 8751 8750 8749
f 8754 8756 8753
f 8757 8755 8754
f 8759 8758 8757
f 8761 8760 8759
f 8763 8762 8761
f 8766 8749 8765
f 8765 8747 8767
f 8767 8745 8768
f 8768 8744 8769
f 8744 8771 8769
f 8770 8772 8771
f 8741 8773 8772
f 8739 8774 8773
f 8737 8775 8774
f 8735 8776 8775
f 8776 8777 3184
f 2904 8779 2947
f 8780 2904 2902
f 8781 2902 2876
f 2875 8781 2876
f 8783 2733 2736
f 2825 8786 2824
f 8788 8790 8787
f 8792 8787 8791
f 2724 8785 2825
f 8787 3115 3117
f 8791 3117 3119
f 8794 8765 8793
f 8793 8767 8795
f 8795 8768 8796
f 8796 8769 8797
f 8797 8771 8798
f 8771 8799 8798
f 8772 8800 8799
f 8773 8801 8800
f 8774 8802 8801
f 8775 8803 8802
f 8776 3056 8803
f 8802 2253 2252
f 8801 2252 1727
f 8800 1727 2150
f 8799 2150 1941
f 8804 8799 1941
f 8805 8798 8804
f 8806 8797 8805
f 8807 8796 8806
f 8793 8807 8808
f 8794 8808 8809
f 8810 8809 8808
f 8808 8806 8810
f 8810 8805 8812
f 8813 8810 8812
f 8812 8804 8814
f 8815 8812 8814
f 8814 1941 1360
f 8755 8752 8756
f 8758 8750 8755
f 8760 8748 8758
f 8762 8746 8760
f 8816 8764 8763
f 8818 8820 8817
f 8816 8782 8784
f 8821 8817 8816
f 8789 8783 8786
f 8818 8789 8788
f 8819 8788 8792
f 8822 8819 8823
f 8823 8792 8824
f 8824 8791 2712
f 2712 3119 3128
f 8826 8823 8825
f 8825 8824 8827
f 8827 2712 2711
f 8828 2711 2400
f 8829 8827 8828
f 8830 8825 8829
f 8743 8764 8831
f 8817 8831 8764
f 8770 8743 8831
f 8741 8831 8742
f 8820 8742 8831
f 8740 8822 8826
f 8738 8826 8830
f 8736 8830 8832
f 8833 2400 2402
f 8834 8828 8833
f 8832 8829 8834
f 8835 2402 2707
f 3058 2707 2708
f 3061 8835 3058
f 8836 8833 8835
f 8733 8832 8837
f 8837 8834 8836
f 8777 8733 8838
f 8838 8837 1962
f 8837 3061 1962
f 1961 8838 1962
f 3057 8777 8838
f 8779 8753 8839
f 8778 8754 8779
f 8780 8757 8778
f 8781 8759 8780
f 8782 8761 8781
f 8821 8784 8783
f 8785 8789 8786
f 2723 8790 8785
f 2875 8784 8782
f 2736 8786 8783
f 2947 8839 8944
f 8815 1360 8941
f 1900 1924 1901
f 1736 1718 1750
f 1955 1943 1956
f 1671 1735 1751
f 1696 1698 1692
f 1800 1864 1801
f 2063 2056 2060
f 1737 1717 1736
f 1751 1697 1695
f 943 9351 684
f 9108 8753 9057
f 1577 1764 1703
f 9369 1599 9375
f 1945 82 1944
f 68 7 248
f 147 1543 148
f 1109 1133 1102
f 1503 1907 1908
f 1499 1909 1498
f 452 735 215
f 1824 9287 9297
f 1825 2068 1824
f 1463 1022 1194
f 841 1009 1011
f 1568 1955 1534
f 1926 1927 1923
f 1910 1502 1939
f 1939 422 442
f 309 1940 308
f 1804 1866 1803
f 269 1954 56
f 2065 2060 2056
f 9264 1758 9287
f 280 552 1940
f 1875 1869 1874
f 1739 1734 1737
f 5923 5899 5924
f 1778 1790 1788
f 310 1915 279
f 1909 1906 1954
f 1789 1778 1788
f 978 980 979
f 1584 1731 1583
f 425 311 312
f 148 115 116
f 2044 9346 2046
f 277 1939 551
f 1943 1945 1944
f 1461 1463 1464
f 2253 3056 3055
f 2981 8927 958
f 2209 8927 3055
f 2254 3055 8927
f 2998 958 8927
f 2826 2721 2724
f 8928 2721 2817
f 2816 8928 2817
f 2334 2296 2335
f 2298 2334 2336
f 2301 2336 2338
f 2311 2338 2354
f 2312 2354 2355
f 2359 2361 2360
f 2335 2359 2360
f 2414 2365 2364
f 2413 2361 2365
f 2355 2540 2541
f 2541 2539 2542
f 2722 2739 2738
f 3114 2738 3113
f 3110 3121 3120
f 3108 3120 3113
f 3122 3127 3126
f 3112 3126 3121
f 3127 1753 3135
f 3139 2529 2542
f 9196 3133 3139
f 8928 2740 2739
f 8929 2789 8928
f 228 91 88
f 245 243 242
f 248 247 191
f 2 296 295
f 145 300 267
f 327 210 328
f 329 331 330
f 250 228 236
f 239 240 230
f 373 375 374
f 178 176 175
f 1218 1228 1321
f 9314 1295 9306
f 808 824 823
f 9310 1013 1014
f 9265 1411 1413
f 2154 2159 2160
f 9297 1758 1757
f 306 1922 452
f 2157 1976 1977
f 708 2031 1474
f 1450 1227 1428
f 1672 1605 1624
f 1813 1821 1816
f 1717 1715 1718
f 176 402 347
f 1710 9368 9367
f 1712 1577 1711
f 1705 1711 1704
f 3435 3475 3434
f 971 979 970
f 822 1094 1102
f 2909 2793 2792
f 2810 2795 2793
f 2799 2249 2800
f 9114 2910 2799
f 2769 2801 2795
f 3177 3178 3179
f 3178 3180 3179
f 3181 1393 2800
f 3181 1632 3182
f 3182 2244 3183
f 3183 2243 3180
f 8932 2790 8929
f 2808 8929 2816
f 2239 9016 2240
f 1149 9015 9014
f 1150 9011 9015
f 2202 9010 2015
f 2921 9009 2923
f 9012 2133 2928
f 1777 1759 1792
f 1201 1183 1184
f 9005 2195 2194
f 8997 2770 2768
f 9379 1687 1692
f 1516 154 503
f 8993 2974 2803
f 8994 2779 2778
f 2771 9019 8990
f 3070 8990 9002
f 8991 2775 2867
f 1376 1370 1372
f 2767 9000 2206
f 2195 8987 2767
f 2775 8986 2776
f 8344 8989 2871
f 9256 8983 2806
f 2776 8982 2805
f 2240 8979 2920
f 2920 9121 9071
f 8992 2786 2779
f 1805 1851 1804
f 8978 2787 2786
f 2951 8984 8975
f 2772 8975 9019
f 2973 8974 8980
f 2224 8981 8974
f 1957 320 510
f 306 304 303
f 2770 8972 2913
f 2913 9018 2239
f 2923 8971 2922
f 308 431 47
f 207 132 543
f 1879 1881 1880
f 9185 8969 2089
f 2475 9002 8968
f 2476 8968 8967
f 2223 8967 8981
f 8966 2803 2802
f 2037 11 1950
f 1959 450 505
f 2003 8964 2129
f 9 334 540
f 2009 8962 9011
f 2008 8980 8962
f 9329 673 9331
f 8959 2778 2784
f 2935 8957 2936
f 111 9014 8955
f 3238 3341 3237
f 8954 2935 2938
f 683 9337 943
f 8952 2810 2909
f 736 732 729
f 1795 1803 1796
f 8949 2938 2939
f 8951 2939 2940
f 2950 8948 2949
f 2940 8948 8951
f 9253 8956 2950
f 2868 8946 2869
f 2869 8966 2802
f 1024 1023 1020
f 8944 2948 2947
f 551 442 443
f 2972 9012 2928
f 2032 8943 2972
f 216 1924 1923
f 3532 3482 3533
f 203 201 200
f 3539 3541 3540
f 1828 1847 1837
f 1958 449 450
f 272 178 175
f 2871 8939 1361
f 9071 9008 2921
f 2801 9095 9114
f 2005 9106 2176
f 960 899 962
f 9109 9064 9076
f 9232 9098 3151
f 3151 9045 2555
f 2193 9075 2194
f 9059 3145 3144
f 9055 2761 3145
f 9044 3144 3104
f 2926 9086 3103
f 9086 3104 3103
f 9207 9198 9205
f 566 9210 2005
f 8839 1864 8944
f 1602 2079 2078
f 2868 9063 2922
f 2922 9062 2923
f 2923 9070 2921
f 9122 2918 9066
f 9071 9066 2920
f 2921 9122 9071
f 2920 9038 2240
f 9065 2915 2918
f 2917 9074 9093
f 2916 9093 9094
f 2239 9104 2913
f 2911 9104 2757
f 9095 2911 2910
f 2797 9114 9043
f 2797 9050 2750
f 9074 2763 2765
f 9060 2764 2745
f 2194 9100 2221
f 2221 9101 2222
f 2756 9061 2755
f 2750 9061 2747
f 9121 1817 9279
f 9215 1691 1699
f 2515 9042 2548
f 2548 9045 2550
f 2513 9084 9068
f 2513 9073 2515
f 2509 9072 2289
f 2510 9085 2509
f 2289 9091 2283
f 2283 9069 2286
f 2240 9039 2239
f 9111 9076 9078
f 716 9339 9340
f 727 9213 1923
f 2165 2170 2164
f 9112 9078 9081
f 9195 9030 9209
f 2175 769 770
f 2100 2095 2099
f 9210 9209 9030
f 640 9012 1826
f 1653 8997 1651
f 1895 8974 746
f 746 8981 741
f 1653 8972 9020
f 9214 1604 1672
f 2093 2073 2078
f 959 995 884
f 962 919 986
f 1400 1398 1399
f 1000 1127 1004
f 956 884 885
f 1662 8994 1661
f 2034 8990 1654
f 9378 8983 9254
f 8979 766 1817
f 9016 765 766
f 334 9015 335
f 1868 8984 1656
f 1684 1652 1678
f 1682 775 1807
f 1585 9214 1700
f 9215 1672 1673
f 2173 490 491
f 1658 8991 1752
f 9000 1650 724
f 1571 2010 1572
f 1587 9123 2080
f 2099 2077 2094
f 787 1999 786
f 2000 786 1999
f 3155 9149 9135
f 9165 9135 9241
f 2180 9137 9136
f 8940 9136 9157
f 1684 9292 1651
f 1760 8939 8989
f 2607 9145 2590
f 2581 9141 2607
f 2371 9152 9147
f 2371 9145 2372
f 2587 9127 2586
f 2586 9149 339
f 2497 9139 2503
f 2502 9139 9152
f 2494 9142 2495
f 9142 2472 2495
f 9140 2468 2472
f 9153 2469 2468
f 726 9344 630
f 581 8962 580
f 10 9014 334
f 1837 8954 1849
f 741 8967 1300
f 1299 9002 2034
f 1851 8948 1866
f 8971 1820 1819
f 580 8980 1895
f 1758 8966 8946
f 1693 8952 1806
f 8948 1867 1866
f 1894 9012 8943
f 2126 9265 9293
f 9358 9293 9364
f 2113 9319 2110
f 2179 9241 9137
f 624 9356 623
f 2192 9240 9232
f 2177 9239 9185
f 1364 9285 1338
f 9310 1470 1453
f 3135 9227 9196
f 2069 9287 2068
f 1351 9305 1352
f 2108 9353 499
f 2089 9188 9185
f 9280 1358 866
f 2001 9235 2187
f 2187 9171 2091
f 2130 9204 2004
f 2004 9201 2001
f 2014 9231 2201
f 2201 9208 2130
f 3167 9211 2969
f 3168 9172 3167
f 3159 9216 3160
f 3160 9217 3081
f 9182 3158 337
f 3158 9161 3159
f 2200 9182 9174
f 9137 9194 2204
f 9174 2197 2200
f 9242 2092 9173
f 9226 9173 2197
f 3154 9242 9226
f 3155 9158 3154
f 2091 9173 2092
f 2196 9202 9228
f 2193 9228 9233
f 9056 9233 9240
f 2086 9232 9230
f 2087 9230 9229
f 2204 9203 2205
f 2205 9202 3148
f 9361 574 692
f 2124 9229 9212
f 2208 9212 9234
f 9163 3140 3137
f 9237 3138 3140
f 9197 3139 3138
f 9223 3136 2322
f 9164 3137 3136
f 9227 3131 3133
f 9219 3132 3131
f 1813 9290 1814
f 1293 9308 1344
f 2184 9200 9184
f 2181 9184 9186
f 9217 3079 3081
f 9220 3080 3079
f 709 9327 2031
f 2774 9189 9221
f 9238 2134 9003
f 9261 766 765
f 2968 9218 2959
f 2969 9236 2968
f 2958 9189 2961
f 2132 9218 2960
f 2321 9223 9200
f 9312 1449 28
f 9357 582 710
f 9338 577 574
f 9299 1818 9279
f 705 9339 2121
f 9268 9359 698
f 2111 9363 2113
f 9262 1366 1411
f 1812 9274 1815
f 675 9304 674
f 8940 9303 675
f 2110 9320 2109
f 2104 9353 2106
f 2109 9351 944
f 9294 703 739
f 1680 9298 1684
f 1639 9271 9270
f 623 9358 697
f 2139 9318 9317
f 1808 9296 9289
f 9272 1819 1820
f 9324 9352 706
f 1646 9282 1648
f 9341 633 577
f 2139 9327 18
f 2156 9323 9326
f 674 9365 9321
f 2117 9264 2069
f 1815 9299 9275
f 9307 1444 1470
f 697 9364 9268
f 866 9288 9280
f 9316 2136 2135
f 9037 9178 9041
f 9035 9183 9037
f 9205 9190 9191
f 9192 9033 9195
f 1088 9198 1093
f 9191 9195 9205
f 2791 8933 2792
f 8932 2807 8933
f 2792 8934 2909
f 8933 2806 8934
f 8952 8934 8960
f 8960 2806 8983
f 2948 9243 9253
f 2105 9348 2104
f 8982 9256 2805
f 680 9328 683
f 1891 9362 9343
f 2905 9253 2950
f 2900 9251 2905
f 2901 9259 2877
f 2734 9258 9246
f 2877 9258 2878
f 2820 9246 2872
f 2818 9244 2827
f 2823 9244 2826
f 2822 9250 2821
f 2819 9252 9250
f 2817 9247 2816
f 2809 9247 2815
f 2808 9255 2807
f 2805 9255 2804
f 1702 9375 1599
f 9374 1797 1802
f 9367 1706 1709
f 9370 1692 1698
f 1657 9332 1879
f 1890 9347 9362
f 9224 1674 1675
f 1689 9224 9225
f 9378 8982 1688
f 8960 1689 9225
f 9369 1703 1764
f 1598 9380 1770
f 9332 1876 1879
f 1691 9377 9379
f 9377 1688 1687
f 1117 1118 9382
f 1066 1322 9382
f 1243 847 9382
f 9277 848 9382
f 1128 1117 9382
f 1129 1130 9382
f 841 1011 9382
f 1230 9315 9382
f 1242 1243 9382
f 1322 1229 9382
f 1064 1065 9382
f 1003 1128 9382
f 1229 1230 9382
f 9315 1285 9382
f 1285 1288 9382
f 848 839 9382
f 847 9277 9382
f 1118 1129 9382
f 1065 1066 9382
f 1087 1086 9382
f 1008 1002 9382
f 1011 1008 9382
f 1002 1003 9382
f 1076 1069 9382
f 838 841 9382
f 839 838 9382
f 1288 1242 9382
f 1130 1087 9382
f 1086 1076 9382
f 1069 1064 9382
f 2410 2414 9383
f 2411 2410 9383
f 9069 2285 9383
f 2394 2393 9383
f 2393 2396 9383
f 2281 2286 9383
f 2282 2280 9383
f 2398 2399 9383
f 2465 2464 9383
f 2396 2397 9383
f 2470 2469 9383
f 2399 2416 9383
f 2480 2395 9383
f 2459 2480 9383
f 2369 2282 9383
f 2460 2459 9383
f 2415 2411 9383
f 2416 2415 9383
f 2364 2363 9383
f 2286 9069 9383
f 2464 2470 9383
f 2469 9155 9383
f 2285 2465 9383
f 2414 2364 9383
f 2395 2394 9383
f 2363 2367 9383
f 2397 2398 9383
f 2280 2281 9383
f 9155 2460 9383
f 2367 2369 9383
f 9386 9389 9390
f 9386 9391 9387
f 9384 9389 9385
f 9390 9395 9391
f 9389 9392 9393
f 9389 9394 9390
f 9394 9399 9395
f 9393 9396 9397
f 9394 9397 9398
f 9399 9402 9403
f 9396 9401 9397
f 9397 9402 9398
f 9402 9407 9403
f 9401 9404 9405
f 9402 9405 9406
f 9407 9410 9411
f 9405 9408 9409
f 9405 9410 9406
f 9411 9414 9415
f 9409 9412 9413
f 9410 9413 9414
f 9414 9419 9415
f 9412 9417 9413
f 9413 9418 9414
f 9418 9423 9419
f 9417 9420 9421
f 9418 9421 9422
f 9422 9427 9423
f 9420 9425 9421
f 9421 9426 9422
f 9426 9431 9427
f 9425 9428 9429
f 9426 9429 9430
f 9431 9434 9435
f 9428 9433 9429
f 9429 9434 9430
f 9434 9439 9435
f 9433 9436 9437
f 9434 9437 9438
f 9439 9442 9443
f 9436 9441 9437
f 9437 9442 9438
f 9443 9446 9447
f 9441 9444 9445
f 9442 9445 9446
f 9447 9450 9451
f 9444 9449 9445
f 9445 9450 9446
f 9450 9455 9451
f 9449 9452 9453
f 9450 9453 9454
f 9454 9459 9455
f 9452 9457 9453
f 9453 9458 9454
f 9458 9463 9459
f 9457 9460 9461
f 9458 9461 9462
f 9463 9466 9467
f 9460 9465 9461
f 9461 9466 9462
f 9466 9471 9467
f 9465 9468 9469
f 9466 9469 9470
f 9471 9474 9475
f 9468 9473 9469
f 9469 9474 9470
f 9475 9478 9479
f 9473 9476 9477
f 9474 9477 9478
f 9479 9482 9483
f 9476 9481 9477
f 9477 9482 9478
f 9483 9486 9487
f 9481 9484 9485
f 9482 9485 9486
f 9486 9491 9487
f 9484 9489 9485
f 9485 9490 9486
f 9490 9495 9491
f 9489 9492 9493
f 9490 9493 9494
f 9495 9498 9499
f 9492 9497 9493
f 9493 9498 9494
f 9498 9503 9499
f 9497 9500 9501
f 9498 9501 9502
f 9503 9507 9508
f 9500 9506 9501
f 9501 9507 9502
f 9508 9511 9512
f 9505 9510 9506
f 9507 9510 9511
f 9384 9504 9388
f 9388 9504 9392
f 9392 9504 9396
f 9396 9504 9400
f 9400 9504 9404
f 9404 9504 9408
f 9408 9504 9412
f 9412 9504 9416
f 9416 9504 9420
f 9420 9504 9424
f 9424 9504 9428
f 9428 9504 9432
f 9432 9504 9436
f 9436 9504 9440
f 9440 9504 9444
f 9444 9504 9448
f 9448 9504 9452
f 9452 9504 9456
f 9456 9504 9460
f 9460 9504 9464
f 9464 9504 9468
f 9468 9504 9472
f 9472 9504 9476
f 9476 9504 9480
f 9480 9504 9484
f 9484 9504 9488
f 9488 9504 9492
f 9492 9504 9496
f 9496 9504 9500
f 9500 9504 9505
f 9505 9504 9509
f 9512 9386 9387
f 9510 9384 9385
f 9510 9386 9511
f 9509 9504 9384
f 9521 9533 9534
f 9518 9532 9519
f 9517 9529 9530
f 9515 9527 9528
f 9523 9537 9524
f 9521 9535 9522
f 9519 9533 9520
f 9518 9530 9531
f 9515 9529 9516
f 9513 9527 9514
f 9524 9538 9525
f 9523 9535 9536
f 9528 9542 9529
f 9526 9540 9527
f 9538 9550 9551
f 9535 9549 9536
f 9534 9546 9547
f 9531 9545 9532
f 9530 9542 9543
f 9528 9540 9541
f 9537 9549 9550
f 9534 9548 9535
f 9532 9546 9533
f 9531 9543 9544
f 9541 9555 9542
f 9540 9552 9553
f 9550 9564 9551
f 9548 9562 9549
f 9547 9559 9560
f 9544 9558 9545
f 9542 9556 9543
f 9541 9553 9554
f 9549 9563 9550
f 9547 9561 9548
f 9546 9558 9559
f 9544 9556 9557
f 9555 9567 9568
f 9552 9566 9553
f 9564 9576 9577
f 9562 9574 9575
f 9559 9573 9560
f 9557 9571 9558
f 9555 9569 9556
f 9553 9567 9554
f 9562 9576 9563
f 9561 9573 9574
f 9559 9571 9572
f 9557 9569 9570
f 9567 9581 9568
f 9566 9578 9579
f 9576 9590 9577
f 9575 9587 9588
f 9572 9586 9573
f 9571 9583 9584
f 9569 9581 9582
f 9566 9580 9567
f 9576 9588 9589
f 9574 9586 9587
f 9571 9585 9572
f 9569 9583 9570
f 9581 9593 9594
f 9578 9592 9579
f 9590 9602 9603
f 9588 9600 9601
f 9585 9599 9586
f 9583 9597 9584
f 9582 9594 9595
f 9579 9593 9580
f 9589 9601 9602
f 9587 9599 9600
f 9584 9598 9585
f 9583 9595 9596
f 9594 9606 9607
f 9592 9604 9605
f 9602 9616 9603
f 9601 9613 9614
f 9598 9612 9599
f 9596 9610 9597
f 9594 9608 9595
f 9592 9606 9593
f 9601 9615 9602
f 9600 9612 9613
f 9598 9610 9611
f 9596 9608 9609
f 9607 9619 9620
f 9605 9617 9618
f 9615 9629 9616
f 9613 9627 9614
f 9611 9625 9612
f 9610 9622 9623
f 9607 9621 9608
f 9605 9619 9606
f 9615 9627 9628
f 9613 9625 9626
f 9611 9623 9624
f 9608 9622 9609
f 9619 9633 9620
f 9617 9631 9618
f 9628 9642 9629
f 9627 9639 9640
f 9625 9637 9638
f 9622 9636 9623
f 9621 9633 9634
f 9619 9631 9632
f 9627 9641 9628
f 9625 9639 9626
f 9623 9637 9624
f 9622 9634 9635
f 9632 9646 9633
f 9630 9644 9631
f 9642 9654 9655
f 9639 9653 9640
f 9638 9650 9651
f 9635 9649 9636
f 9634 9646 9647
f 9632 9644 9645
f 9641 9653 9654
f 9638 9652 9639
f 9636 9650 9637
f 9635 9647 9648
f 9645 9659 9646
f 9644 9656 9657
f 9654 9668 9655
f 9652 9666 9653
f 9651 9663 9664
f 9648 9662 9649
f 9646 9660 9647
f 9645 9657 9658
f 9653 9667 9654
f 9651 9665 9652
f 9650 9662 9663
f 9648 9660 9661
f 9659 9671 9672
f 9656 9670 9657
f 9668 9680 9681
f 9665 9679 9666
f 9663 9677 9664
f 9661 9675 9662
f 9659 9673 9660
f 9657 9671 9658
f 9666 9680 9667
f 9665 9677 9678
f 9663 9675 9676
f 9661 9673 9674
f 9671 9685 9672
f 9670 9682 9683
f 9680 9694 9681
f 9678 9692 9679
f 9677 9689 9690
f 9675 9687 9688
f 9673 9685 9686
f 9670 9684 9671
f 9680 9692 9693
f 9678 9690 9691
f 9675 9689 9676
f 9673 9687 9674
f 9685 9697 9698
f 9682 9696 9683
f 9694 9706 9707
f 9692 9704 9705
f 9689 9703 9690
f 9687 9701 9688
f 9686 9698 9699
f 9683 9697 9684
f 9693 9705 9706
f 9691 9703 9704
f 9688 9702 9689
f 9687 9699 9700
f 9698 9710 9711
f 9696 9708 9709
f 9706 9720 9707
f 9705 9717 9718
f 9702 9716 9703
f 9700 9714 9701
f 9698 9712 9699
f 9696 9710 9697
f 9705 9719 9706
f 9704 9716 9717
f 9702 9714 9715
f 9700 9712 9713
f 9711 9723 9724
f 9709 9721 9722
f 9719 9733 9720
f 9717 9731 9718
f 9715 9729 9716
f 9714 9726 9727
f 9711 9725 9712
f 9709 9723 9710
f 9718 9732 9719
f 9717 9729 9730
f 9715 9727 9728
f 9712 9726 9713
f 9723 9737 9724
f 9721 9735 9722
f 9733 9745 9746
f 9731 9743 9744
f 9729 9741 9742
f 9726 9740 9727
f 9725 9737 9738
f 9723 9735 9736
f 9732 9744 9745
f 9729 9743 9730
f 9727 9741 9728
f 9726 9738 9739
f 9736 9750 9737
f 9734 9748 9735
f 9746 9758 9759
f 9743 9757 9744
f 9742 9754 9755
f 9739 9753 9740
f 9738 9750 9751
f 9736 9748 9749
f 9745 9757 9758
f 9742 9756 9743
f 9740 9754 9741
f 9739 9751 9752
f 9749 9763 9750
f 9748 9760 9761
f 9758 9772 9759
f 9756 9770 9757
f 9755 9767 9768
f 9752 9766 9753
f 9750 9764 9751
f 9749 9761 9762
f 9757 9771 9758
f 9756 9768 9769
f 9754 9766 9767
f 9752 9764 9765
f 9762 9776 9763
f 9760 9774 9761
f 9772 9784 9785
f 9770 9782 9783
f 9768 9780 9781
f 9765 9779 9766
f 9763 9777 9764
f 9762 9774 9775
f 9770 9784 9771
f 9768 9782 9769
f 9767 9779 9780
f 9764 9778 9765
f 9775 9789 9776
f 9774 9786 9787
f 9784 9798 9785
f 9782 9796 9783
f 9781 9793 9794
f 9779 9791 9792
f 9777 9789 9790
f 9774 9788 9775
f 9784 9796 9797
f 9782 9794 9795
f 9779 9793 9780
f 9777 9791 9778
f 9789 9802 9803
f 9786 9801 9787
f 9798 9811 9812
f 9796 9809 9810
f 9793 9808 9794
f 9792 9805 9806
f 9790 9803 9804
f 9787 9802 9788
f 9797 9810 9811
f 9795 9808 9809
f 9792 9807 9793
f 9790 9805 9791
f 9803 9815 9816
f 9801 9813 9814
f 9811 9825 9812
f 9810 9822 9823
f 9807 9821 9808
f 9806 9818 9819
f 9803 9817 9804
f 9801 9815 9802
f 9810 9824 9811
f 9809 9821 9822
f 9807 9819 9820
f 9804 9818 9805
f 9816 9828 9829
f 9814 9826 9827
f 9825 9837 9838
f 9822 9836 9823
f 9820 9834 9821
f 9819 9831 9832
f 9816 9830 9817
f 9814 9828 9815
f 9824 9836 9837
f 9822 9834 9835
f 9820 9832 9833
f 9817 9831 9818
f 9828 9842 9829
f 9826 9840 9827
f 9837 9851 9838
f 9836 9848 9849
f 9834 9846 9847
f 9831 9845 9832
f 9830 9842 9843
f 9828 9840 9841
f 9836 9850 9837
f 9834 9848 9835
f 9832 9846 9833
f 9831 9843 9844
f 9841 9855 9842
f 9839 9853 9840
f 9851 9863 9864
f 9848 9862 9849
f 9847 9859 9860
f 9845 9857 9858
f 9843 9855 9856
f 9841 9853 9854
f 9850 9862 9863
f 9847 9861 9848
f 9845 9859 9846
f 9843 9857 9844
f 9854 9868 9855
f 9853 9865 9866
f 9863 9877 9864
f 9861 9875 9862
f 9860 9872 9873
f 9858 9870 9871
f 9855 9869 9856
f 9854 9866 9867
f 9862 9876 9863
f 9860 9874 9861
f 9859 9871 9872
f 9856 9870 9857
f 9868 9880 9881
f 9865 9879 9866
f 9877 9889 9890
f 9875 9887 9888
f 9873 9885 9886
f 9870 9884 9871
f 9868 9882 9869
f 9867 9879 9880
f 9875 9889 9876
f 9873 9887 9874
f 9872 9884 9885
f 9870 9882 9883
f 9880 9894 9881
f 9878 9892 9879
f 9889 9903 9890
f 9887 9901 9888
f 9886 9898 9899
f 9884 9896 9897
f 9882 9894 9895
f 9879 9893 9880
f 9889 9901 9902
f 9887 9899 9900
f 9884 9898 9885
f 9882 9896 9883
f 9894 9906 9907
f 9891 9905 9892
f 9903 9915 9916
f 9901 9913 9914
f 9898 9912 9899
f 9896 9910 9897
f 9895 9907 9908
f 9892 9906 9893
f 9902 9914 9915
f 9899 9913 9900
f 9897 9911 9898
f 9896 9908 9909
f 9907 9919 9920
f 9905 9917 9918
f 9915 9929 9916
f 9914 9926 9927
f 9911 9925 9912
f 9909 9923 9910
f 9907 9921 9908
f 9905 9919 9906
f 9914 9928 9915
f 9913 9925 9926
f 9911 9923 9924
f 9909 9921 9922
f 9799 9525 9538
f 9799 9538 9551
f 9799 9551 9564
f 9799 9564 9577
f 9799 9577 9590
f 9799 9590 9603
f 9799 9603 9616
f 9799 9616 9629
f 9799 9629 9642
f 9799 9642 9655
f 9799 9655 9668
f 9799 9668 9681
f 9799 9681 9694
f 9799 9694 9707
f 9799 9707 9720
f 9799 9720 9733
f 9799 9733 9746
f 9799 9746 9759
f 9799 9759 9772
f 9799 9772 9785
f 9799 9785 9798
f 9799 9798 9812
f 9799 9812 9825
f 9799 9825 9838
f 9799 9838 9851
f 9799 9851 9864
f 9799 9864 9877
f 9799 9877 9890
f 9799 9890 9903
f 9799 9903 9916
f 9799 9916 9929
f 9920 9515 9516
f 9918 9513 9514
f 9929 9524 9525
f 9926 9523 9927
f 9924 9521 9925
f 9923 9518 9519
f 9920 9517 9921
f 9918 9515 9919
f 9799 9929 9525
f 9928 9523 9524
f 9926 9521 9522
f 9924 9519 9520
f 9921 9518 9922
f 9387 9917 9512
f 9917 9508 9512
f 9904 9503 9508
f 9891 9499 9503
f 9499 9865 9495
f 9495 9852 9491
f 9491 9839 9487
f 9839 9483 9487
f 9483 9813 9479
f 9813 9475 9479
f 9800 9471 9475
f 9786 9467 9471
f 9467 9760 9463
f 9463 9747 9459
f 9459 9734 9455
f 9734 9451 9455
f 9451 9708 9447
f 9708 9443 9447
f 9695 9439 9443
f 9682 9435 9439
f 9435 9656 9431
f 9431 9643 9427
f 9427 9630 9423
f 9630 9419 9423
f 9419 9604 9415
f 9604 9411 9415
f 9591 9407 9411
f 9578 9403 9407
f 9403 9552 9399
f 9399 9539 9395
f 9395 9526 9391
f 9526 9387 9391
f 9932 9935 9936
f 9932 9937 9933
f 9931 9934 9935
f 9936 9941 9937
f 9934 9939 9935
f 9935 9940 9936
f 9940 9945 9941
f 9939 9942 9943
f 9940 9943 9944
f 9945 9948 9949
f 9942 9947 9943
f 9943 9948 9944
f 9948 9953 9949
f 9947 9950 9951
f 9948 9951 9952
f 9953 9956 9957
f 9950 9955 9951
f 9951 9956 9952
f 9957 9960 9961
f 9955 9958 9959
f 9956 9959 9960
f 9961 9964 9965
f 9958 9963 9959
f 9959 9964 9960
f 9965 9968 9969
f 9963 9966 9967
f 9964 9967 9968
f 9968 9973 9969
f 9966 9971 9967
f 9967 9972 9968
f 9972 9977 9973
f 9970 9975 9971
f 9972 9975 9976
f 9977 9980 9981
f 9974 9979 9975
f 9975 9980 9976
f 9980 9985 9981
f 9979 9982 9983
f 9980 9983 9984
f 9985 9988 9989
f 9982 9987 9983
f 9983 9988 9984
f 9989 9992 9993
f 9986 9991 9987
f 9988 9991 9992
f 9993 9996 9997
f 9991 9994 9995
f 9991 9996 9992
f 9996 10001 9997
f 9994 9999 9995
f 9996 9999 10000
f 10000 10005 10001
f 9999 10002 10003
f 9999 10004 10000
f 10004 10009 10005
f 10003 10006 10007
f 10004 10007 10008
f 10009 10012 10013
f 10006 10011 10007
f 10007 10012 10008
f 10012 10017 10013
f 10011 10014 10015
f 10012 10015 10016
f 10017 10020 10021
f 10014 10019 10015
f 10015 10020 10016
f 10021 10024 10025
f 10019 10022 10023
f 10020 10023 10024
f 10024 10029 10025
f 10022 10027 10023
f 10023 10028 10024
f 10028 10033 10029
f 10027 10030 10031
f 10028 10031 10032
f 10032 10037 10033
f 10030 10035 10031
f 10031 10036 10032
f 10036 10041 10037
f 10035 10038 10039
f 10036 10039 10040
f 10041 10044 10045
f 10038 10043 10039
f 10039 10044 10040
f 10044 10049 10045
f 10043 10046 10047
f 10044 10047 10048
f 10049 10053 10054
f 10046 10052 10047
f 10047 10053 10048
f 10054 10057 10058
f 10052 10055 10056
f 10053 10056 10057
f 9930 10050 9934
f 9934 10050 9938
f 9938 10050 9942
f 9942 10050 9946
f 9946 10050 9950
f 9950 10050 9954
f 9954 10050 9958
f 9958 10050 9962
f 9962 10050 9966
f 9966 10050 9970
f 9970 10050 9974
f 9974 10050 9978
f 9978 10050 9982
f 9982 10050 9986
f 9986 10050 9990
f 9990 10050 9994
f 9994 10050 9998
f 9998 10050 10002
f 10002 10050 10006
f 10006 10050 10010
f 10010 10050 10014
f 10014 10050 10018
f 10018 10050 10022
f 10022 10050 10026
f 10026 10050 10030
f 10030 10050 10034
f 10034 10050 10038
f 10038 10050 10042
f 10042 10050 10046
f 10046 10050 10051
f 10051 10050 10055
f 10058 9932 9933
f 10055 9931 10056
f 10056 9932 10057
f 10055 10050 9930
f 10067 10079 10080
f 10064 10078 10065
f 10063 10075 10076
f 10061 10073 10074
f 10070 10082 10083
f 10067 10081 10068
f 10065 10079 10066
f 10064 10076 10077
f 10061 10075 10062
f 10059 10073 10060
f 10071 10083 10084
f 10069 10081 10082
f 10074 10088 10075
f 10072 10086 10073
f 10084 10096 10097
f 10081 10095 10082
f 10080 10092 10093
f 10078 10090 10091
f 10076 10088 10089
f 10074 10086 10087
f 10083 10095 10096
f 10080 10094 10081
f 10078 10092 10079
f 10076 10090 10077
f 10087 10101 10088
f 10086 10098 10099
f 10096 10110 10097
f 10094 10108 10095
f 10093 10105 10106
f 10091 10103 10104
f 10088 10102 10089
f 10087 10099 10100
f 10095 10109 10096
f 10094 10106 10107
f 10092 10104 10105
f 10089 10103 10090
f 10100 10114 10101
f 10098 10112 10099
f 10110 10122 10123
f 10108 10120 10121
f 10105 10119 10106
f 10103 10117 10104
f 10101 10115 10102
f 10100 10112 10113
f 10108 10122 10109
f 10106 10120 10107
f 10105 10117 10118
f 10103 10115 10116
f 10113 10127 10114
f 10112 10124 10125
f 10122 10136 10123
f 10120 10134 10121
f 10119 10131 10132
f 10117 10129 10130
f 10115 10127 10128
f 10113 10125 10126
f 10122 10134 10135
f 10119 10133 10120
f 10117 10131 10118
f 10115 10129 10116
f 10127 10139 10140
f 10124 10138 10125
f 10136 10148 10149
f 10134 10146 10147
f 10131 10145 10132
f 10130 10142 10143
f 10128 10140 10141
f 10125 10139 10126
f 10135 10147 10148
f 10133 10145 10146
f 10130 10144 10131
f 10128 10142 10129
f 10140 10152 10153
f 10138 10150 10151
f 10148 10162 10149
f 10147 10159 10160
f 10144 10158 10145
f 10143 10155 10156
f 10140 10154 10141
f 10138 10152 10139
f 10147 10161 10148
f 10146 10158 10159
f 10144 10156 10157
f 10141 10155 10142
f 10153 10165 10166
f 10151 10163 10164
f 10162 10174 10175
f 10159 10173 10160
f 10157 10171 10158
f 10156 10168 10169
f 10153 10167 10154
f 10151 10165 10152
f 10161 10173 10174
f 10159 10171 10172
f 10157 10169 10170
f 10154 10168 10155
f 10165 10179 10166
f 10163 10177 10164
f 10175 10187 10188
f 10173 10185 10186
f 10171 10183 10184
f 10168 10182 10169
f 10167 10179 10180
f 10165 10177 10178
f 10173 10187 10174
f 10171 10185 10172
f 10169 10183 10170
f 10168 10180 10181
f 10178 10192 10179
f 10176 10190 10177
f 10188 10200 10201
f 10185 10199 10186
f 10184 10196 10197
f 10182 10194 10195
f 10180 10192 10193
f 10178 10190 10191
f 10187 10199 10200
f 10184 10198 10185
f 10182 10196 10183
f 10180 10194 10181
f 10191 10205 10192
f 10190 10202 10203
f 10200 10214 10201
f 10198 10212 10199
f 10197 10209 10210
f 10195 10207 10208
f 10192 10206 10193
f 10191 10203 10204
f 10199 10213 10200
f 10197 10211 10198
f 10196 10208 10209
f 10193 10207 10194
f 10205 10217 10218
f 10202 10216 10203
f 10214 10226 10227
f 10211 10225 10212
f 10210 10222 10223
f 10207 10221 10208
f 10205 10219 10206
f 10204 10216 10217
f 10212 10226 10213
f 10210 10224 10211
f 10209 10221 10222
f 10207 10219 10220
f 10217 10231 10218
f 10216 10228 10229
f 10226 10240 10227
f 10224 10238 10225
f 10223 10235 10236
f 10221 10233 10234
f 10219 10231 10232
f 10217 10229 10230
f 10226 10238 10239
f 10223 10237 10224
f 10221 10235 10222
f 10219 10233 10220
f 10231 10243 10244
f 10228 10242 10229
f 10240 10252 10253
f 10238 10250 10251
f 10235 10249 10236
f 10234 10246 10247
f 10232 10244 10245
f 10229 10243 10230
f 10239 10251 10252
f 10237 10249 10250
f 10234 10248 10235
f 10232 10246 10233
f 10244 10256 10257
f 10242 10254 10255
f 10252 10266 10253
f 10251 10263 10264
f 10248 10262 10249
f 10247 10259 10260
f 10244 10258 10245
f 10242 10256 10243
f 10251 10265 10252
f 10250 10262 10263
f 10248 10260 10261
f 10245 10259 10246
f 10257 10269 10270
f 10255 10267 10268
f 10266 10278 10279
f 10263 10277 10264
f 10261 10275 10262
f 10260 10272 10273
f 10257 10271 10258
f 10255 10269 10256
f 10265 10277 10278
f 10263 10275 10276
f 10261 10273 10274
f 10258 10272 10259
f 10269 10283 10270
f 10267 10281 10268
f 10278 10292 10279
f 10277 10289 10290
f 10275 10287 10288
f 10272 10286 10273
f 10271 10283 10284
f 10269 10281 10282
f 10277 10291 10278
f 10275 10289 10276
f 10273 10287 10274
f 10272 10284 10285
f 10282 10296 10283
f 10280 10294 10281
f 10292 10304 10305
f 10289 10303 10290
f 10288 10300 10301
f 10286 10298 10299
f 10284 10296 10297
f 10282 10294 10295
f 10291 10303 10304
f 10288 10302 10289
f 10286 10300 10287
f 10284 10298 10285
f 10295 10309 10296
f 10294 10306 10307
f 10304 10318 10305
f 10302 10316 10303
f 10301 10313 10314
f 10299 10311 10312
f 10296 10310 10297
f 10295 10307 10308
f 10303 10317 10304
f 10301 10315 10302
f 10300 10312 10313
f 10297 10311 10298
f 10309 10321 10322
f 10307 10319 10320
f 10318 10330 10331
f 10316 10328 10329
f 10314 10326 10327
f 10311 10325 10312
f 10309 10323 10310
f 10308 10320 10321
f 10316 10330 10317
f 10314 10328 10315
f 10313 10325 10326
f 10311 10323 10324
f 10321 10335 10322
f 10320 10332 10333
f 10330 10344 10331
f 10329 10341 10342
f 10326 10340 10327
f 10325 10337 10338
f 10323 10335 10336
f 10320 10334 10321
f 10330 10342 10343
f 10328 10340 10341
f 10325 10339 10326
f 10323 10337 10324
f 10335 10348 10349
f 10332 10347 10333
f 10344 10357 10358
f 10342 10355 10356
f 10339 10354 10340
f 10337 10352 10338
f 10336 10349 10350
f 10333 10348 10334
f 10343 10356 10357
f 10341 10354 10355
f 10338 10353 10339
f 10337 10350 10351
f 10349 10361 10362
f 10347 10359 10360
f 10357 10371 10358
f 10356 10368 10369
f 10353 10367 10354
f 10351 10365 10352
f 10349 10363 10350
f 10347 10361 10348
f 10356 10370 10357
f 10355 10367 10368
f 10353 10365 10366
f 10351 10363 10364
f 10362 10374 10375
f 10360 10372 10373
f 10371 10383 10384
f 10368 10382 10369
f 10366 10380 10367
f 10365 10377 10378
f 10362 10376 10363
f 10360 10374 10361
f 10370 10382 10383
f 10368 10380 10381
f 10366 10378 10379
f 10363 10377 10364
f 10374 10388 10375
f 10372 10386 10373
f 10383 10397 10384
f 10382 10394 10395
f 10380 10392 10393
f 10377 10391 10378
f 10376 10388 10389
f 10374 10386 10387
f 10382 10396 10383
f 10380 10394 10381
f 10378 10392 10379
f 10377 10389 10390
f 10387 10401 10388
f 10385 10399 10386
f 10397 10409 10410
f 10394 10408 10395
f 10393 10405 10406
f 10390 10404 10391
f 10389 10401 10402
f 10387 10399 10400
f 10396 10408 10409
f 10393 10407 10394
f 10391 10405 10392
f 10390 10402 10403
f 10400 10414 10401
f 10399 10411 10412
f 10409 10423 10410
f 10407 10421 10408
f 10406 10418 10419
f 10403 10417 10404
f 10401 10415 10402
f 10400 10412 10413
f 10408 10422 10409
f 10406 10420 10407
f 10405 10417 10418
f 10403 10415 10416
f 10414 10426 10427
f 10411 10425 10412
f 10423 10435 10436
f 10420 10434 10421
f 10418 10432 10419
f 10416 10430 10417
f 10414 10428 10415
f 10412 10426 10413
f 10421 10435 10422
f 10419 10433 10420
f 10418 10430 10431
f 10416 10428 10429
f 10427 10439 10440
f 10425 10437 10438
f 10435 10449 10436
f 10433 10447 10434
f 10431 10445 10432
f 10430 10442 10443
f 10428 10440 10441
f 10425 10439 10426
f 10435 10447 10448
f 10433 10445 10446
f 10430 10444 10431
f 10428 10442 10429
f 10440 10452 10453
f 10437 10451 10438
f 10449 10461 10462
f 10447 10459 10460
f 10444 10458 10445
f 10443 10455 10456
f 10441 10453 10454
f 10438 10452 10439
f 10448 10460 10461
f 10446 10458 10459
f 10443 10457 10444
f 10441 10455 10442
f 10453 10465 10466
f 10451 10463 10464
f 10461 10475 10462
f 10460 10472 10473
f 10457 10471 10458
f 10456 10468 10469
f 10453 10467 10454
f 10451 10465 10452
f 10460 10474 10461
f 10459 10471 10472
f 10457 10469 10470
f 10454 10468 10455
f 10345 10071 10084
f 10345 10084 10097
f 10345 10097 10110
f 10345 10110 10123
f 10345 10123 10136
f 10345 10136 10149
f 10345 10149 10162
f 10345 10162 10175
f 10345 10175 10188
f 10345 10188 10201
f 10345 10201 10214
f 10345 10214 10227
f 10345 10227 10240
f 10345 10240 10253
f 10345 10253 10266
f 10345 10266 10279
f 10345 10279 10292
f 10345 10292 10305
f 10345 10305 10318
f 10345 10318 10331
f 10345 10331 10344
f 10345 10344 10358
f 10345 10358 10371
f 10345 10371 10384
f 10345 10384 10397
f 10345 10397 10410
f 10345 10410 10423
f 10345 10423 10436
f 10345 10436 10449
f 10345 10449 10462
f 10345 10462 10475
f 10466 10061 10062
f 10464 10059 10060
f 10474 10071 10475
f 10472 10069 10473
f 10470 10067 10471
f 10469 10064 10065
f 10466 10063 10467
f 10464 10061 10465
f 10345 10475 10071
f 10473 10070 10474
f 10472 10067 10068
f 10470 10065 10066
f 10467 10064 10468
f 9933 10463 10058
f 10463 10054 10058
f 10450 10049 10054
f 10437 10045 10049
f 10045 10411 10041
f 10041 10398 10037
f 10037 10385 10033
f 10385 10029 10033
f 10029 10359 10025
f 10359 10021 10025
f 10346 10017 10021
f 10332 10013 10017
f 10013 10306 10009
f 10009 10293 10005
f 10005 10280 10001
f 10280 9997 10001
f 9997 10254 9993
f 10254 9989 9993
f 10241 9985 9989
f 10228 9981 9985
f 9981 10202 9977
f 9977 10189 9973
f 9973 10176 9969
f 10176 9965 9969
f 9965 10150 9961
f 10150 9957 9961
f 10137 9953 9957
f 10124 9949 9953
f 9949 10098 9945
f 9945 10085 9941
f 9941 10072 9937
f 10072 9933 9937
f 4 3 2
f 8 7 6
f 13 16 15
f 17 28 19
f 32 31 30
f 36 35 34
f 37 40 39
f 21 22 23
f 25 26 27
f 41 44 43
f 48 47 46
f 52 51 50
f 53 56 55
f 60 59 58
f 29 30 62
f 66 65 64
f 67 5 6
f 72 71 70
f 76 75 74
f 77 80 79
f 81 84 83
f 59 87 86
f 88 91 90
f 96 95 94
f 100 99 98
f 101 104 103
f 106 105 34
f 108 116 115
f 117 119 36
f 124 127 126
f 131 130 129
f 132 102 134
f 142 141 140
f 148 106 60
f 144 143 127
f 149 152 151
f 156 155 154
f 159 150 158
f 116 108 164
f 171 170 169
f 174 126 173
f 179 182 181
f 186 189 188
f 194 197 196
f 199 142 139
f 206 209 208
f 213 212 211
f 202 215 214
f 96 93 216
f 92 238 43
f 97 184 246
f 250 249 229
f 252 254 58
f 258 257 256
f 260 91 229
f 110 111 112
f 114 264 263
f 265 268 267
f 56 53 270
f 274 273 249
f 185 183 63
f 280 279 278
f 285 284 283
f 288 219 211
f 141 142 92
f 289 290 175
f 148 116 105
f 312 311 170
f 238 262 42
f 318 163 160
f 310 309 308
f 241 239 325
f 160 230 240
f 47 48 307
f 108 109 315
f 345 85 86
f 348 351 350
f 356 359 358
f 355 354 353
f 363 31 32
f 364 252 253
f 366 125 368
f 183 372 371
f 163 162 161
f 209 226 101
f 378 377 165
f 379 295 381
f 383 382 3
f 284 285 386
f 387 127 389
f 391 259 229
f 73 281 397
f 405 408 407
f 203 218 411
f 414 121 413
f 1 356 357
f 277 276 131
f 254 344 57
f 358 384 415
f 417 416 386
f 401 400 192
f 419 389 127
f 421 181 182
f 103 301 302
f 428 367 368
f 380 390 359
f 62 204 266
f 140 141 431
f 357 358 351
f 356 1 379
f 415 392 403
f 437 428 436
f 438 441 440
f 188 451 450
f 265 455 181
f 224 185 64
f 237 212 213
f 275 131 128
f 281 282 460
f 50 462 79
f 73 74 282
f 468 467 466
f 390 355 352
f 482 485 484
f 489 488 487
f 493 496 495
f 472 471 470
f 502 501 500
f 220 221 222
f 512 419 143
f 518 517 511
f 513 239 230
f 205 30 31
f 189 370 451
f 163 318 532
f 533 224 225
f 446 448 447
f 335 541 540
f 544 512 546
f 329 519 291
f 199 534 262
f 385 386 416
f 532 190 191
f 363 117 118
f 578 581 580
f 573 572 571
f 561 563 562
f 241 260 259
f 590 593 592
f 545 546 595
f 503 154 155
f 606 625 624
f 478 481 480
f 646 649 648
f 590 591 689
f 564 565 651
f 728 246 184
f 714 724 716
f 692 574 575
f 541 335 581
f 346 68 248
f 161 231 230
f 128 129 94
f 698 705 704
f 574 577 576
f 290 289 401
f 630 631 725
f 733 736 735
f 755 466 496
f 759 480 481
f 757 763 762
f 764 496 466
f 768 767 9260
f 759 760 488
f 492 474 475
f 474 770 769
f 773 468 465
f 771 774 486
f 484 485 775
f 774 776 489
f 495 496 764
f 495 757 761
f 137 397 784
f 325 239 797
f 165 519 51
f 369 32 29
f 730 731 568
f 90 302 301
f 243 118 516
f 800 734 806
f 817 815 808
f 816 808 823
f 306 303 447
f 815 810 809
f 829 830 828
f 726 725 501
f 274 427 424
f 879 882 881
f 884 883 879
f 219 218 217
f 906 905 904
f 455 204 205
f 898 882 830
f 903 900 880
f 377 291 519
f 923 949 948
f 946 947 951
f 8963 740 739
f 900 899 886
f 225 64 65
f 182 445 442
f 809 952 947
f 954 960 962
f 927 950 965
f 885 879 880
f 925 927 966
f 343 342 341
f 965 964 971
f 968 971 970
f 972 968 969
f 963 961 981
f 336 337 338
f 992 993 827
f 810 815 996
f 1007 1001 1002
f 1012 826 827
f 1011 1009 1007
f 294 293 292
f 907 908 920
f 1017 579 1019
f 1020 1023 1022
f 1035 1024 1020
f 1061 1060 1047
f 1063 1061 1046
f 1044 1020 1021
f 1102 1094 1097
f 1116 1126 1118
f 1016 1015 1014
f 881 897 904
f 816 1116 1127
f 1094 948 949
f 514 342 167
f 146 145 81
f 1133 1135 1130
f 1102 1133 1126
f 822 1126 1116
f 1145 1143 1148
f 1076 1144 1151
f 1148 1143 1086
f 1109 1097 1114
f 1154 1153 1156
f 1153 925 967
f 8815 8941 463
f 1144 1147 1152
f 1156 967 1163
f 1164 1162 1169
f 1145 1171 1176
f 1114 1115 1154
f 1183 1155 1164
f 1184 1183 1177
f 1069 1151 1062
f 1023 1191 1194
f 1162 1163 1170
f 1195 1184 1185
f 1183 1196 1176
f 1201 1063 1152
f 1061 1063 1201
f 9277 847 843
f 1203 1202 1195
f 1202 1201 1184
f 1218 1060 1203
f 1060 1061 1202
f 1225 1218 1217
f 671 695 694
f 1219 1217 1024
f 1217 1203 1034
f 1226 1014 1015
f 1243 1242 1234
f 1231 1230 1229
f 847 1243 1233
f 843 1233 1244
f 1233 1234 1245
f 1923 9213 233
f 2100 2108 499
f 9366 9316 2135
f 61 62 323
f 210 211 217
f 1299 1310 1309
f 9315 1230 1231
f 1066 1047 1321
f 1322 1321 1228
f 1060 1218 1321
f 1325 1324 1323
f 1244 1245 1332
f 1290 1234 1242
f 1337 1330 1339
f 1330 1332 1340
f 1341 1332 1245
f 1342 1340 1332
f 1343 1342 1341
f 1344 1341 1294
f 9309 9308 1345
f 1347 1348 1342
f 9308 9306 1295
f 1349 1350 1348
f 9313 1349 1347
f 9305 1347 1343
f 906 898 829
f 905 906 1353
f 865 1356 1355
f 1355 1353 829
f 1357 1355 825
f 1356 1354 1353
f 9286 1337 1338
f 866 1358 1356
f 1358 1359 1354
f 9280 878 1337
f 838 1362 1012
f 1363 1364 1338
f 1368 1363 1339
f 1348 1368 1340
f 1371 1369 9276
f 524 525 526
f 528 529 530
f 1372 1370 1369
f 535 536 537
f 1367 1368 1348
f 1370 1354 1359
f 1369 1359 9285
f 1373 910 903
f 555 556 557
f 1374 909 910
f 1373 904 905
f 1374 1373 1375
f 1375 905 1354
f 1378 920 908
f 376 373 651
f 1388 928 973
f 586 587 588
f 1390 1389 1388
f 1391 1388 969
f 597 598 599
f 600 601 602
f 1392 1391 970
f 608 609 610
f 612 524 523
f 614 615 616
f 617 618 25
f 620 621 622
f 1397 1390 1391
f 1398 1397 1392
f 1400 987 920
f 1402 1403 1165
f 636 637 638
f 930 1404 1402
f 641 642 643
f 929 1402 1169
f 1404 1405 1403
f 1411 1366 1365
f 1412 1406 1415
f 652 653 654
f 609 656 657
f 659 660 661
f 558 663 586
f 665 666 667
f 1413 1411 1406
f 1418 1416 9262
f 1417 1372 1371
f 1416 1371 9281
f 1419 1417 1416
f 1386 909 1374
f 677 678 679
f 1385 1386 1420
f 1420 1374 1376
f 685 686 687
f 1421 1420 1422
f 528 690 691
f 1422 1376 1372
f 1018 1019 747
f 699 700 701
f 1424 578 579
f 9115 1597 1767
f 700 699 711
f 1093 9198 9206
f 717 718 530
f 721 722 723
f 704 1650 8987
f 19 1429 1426
f 1429 1428 1427
f 1658 1659 8986
f 1439 1437 1434
f 1437 1436 1435
f 1426 1427 1433
f 1442 1431 1432
f 742 743 744
f 1432 1433 1441
f 751 752 753
f 1438 1434 1403
f 1446 1445 1444
f 1447 1448 1446
f 9312 1447 1443
f 1415 1367 1445
f 1414 1415 1446
f 2173 1683 469
f 777 778 779
f 780 781 782
f 1676 1693 1806
f 9311 1451 1349
f 789 790 791
f 745 792 793
f 652 794 795
f 1455 1458 1457
f 1454 1367 1350
f 610 691 802
f 9283 9268 698
f 1352 1044 1045
f 1015 1016 1459
f 811 812 813
f 2118 9267 9269
f 819 820 821
f 1466 1463 1194
f 1467 1468 1465
f 1182 1165 1468
f 832 812 833
f 835 836 837
f 1467 1466 1190
f 1469 1470 1444
f 840 700 712
f 1453 1470 1469
f 599 844 845
f 1226 1450 9301
f 851 852 853
f 855 744 856
f 858 859 860
f 861 862 863
f 1014 1226 9307
f 867 676 868
f 870 871 872
f 874 875 876
f 1310 1323 1471
f 1476 1433 1427
f 1461 1476 1475
f 887 888 889
f 788 791 892
f 894 895 896
f 1460 1475 1227
f 901 902 524
f 1465 1478 1477
f 1865 8947 8944
f 911 912 913
f 916 917 918
f 1850 8949 8951
f 921 922 895
f 1479 1435 1436
f 926 664 667
f 1481 562 563
f 269 1483 84
f 931 932 933
f 934 935 614
f 936 685 688
f 938 659 662
f 1484 270 122
f 941 942 835
f 320 321 509
f 1849 8954 8949
f 84 1483 1484
f 1487 1490 1488
f 1757 1758 8946
f 365 1492 1491
f 461 79 80
f 117 363 362
f 1494 540 541
f 926 601 957
f 1477 1441 1433
f 1709 1588 1585
f 119 117 1496
f 271 1497 504
f 511 517 189
f 345 1496 1492
f 57 344 299
f 1501 1499 268
f 267 268 1499
f 974 975 976
f 1678 1652 1693
f 9298 1682 1807
f 557 982 663
f 983 941 984
f 1443 1444 9301
f 421 1500 268
f 989 990 991
f 1490 1487 418
f 279 280 309
f 997 868 676
f 998 26 999
f 1504 418 38
f 1506 1508 1507
f 360 361 1508
f 1506 1486 207
f 939 1005 1006
f 270 1484 1483
f 66 63 546
f 1010 742 793
f 367 428 437
f 244 31 363
f 1670 8976 8978
f 209 206 1510
f 388 389 426
f 427 274 250
f 161 520 521
f 100 246 45
f 1025 1026 608
f 1029 1030 1031
f 939 662 1033
f 41 42 594
f 1036 780 783
f 702 701 1038
f 1040 1041 1042
f 362 32 369
f 187 1520 477
f 70 1487 539
f 1049 600 603
f 613 867 869
f 860 1050 1051
f 1005 1052 1053
f 753 1055 1056
f 1057 1058 1059
f 293 288 1522
f 288 212 1521
f 292 1522 1523
f 331 1507 1508
f 306 452 453
f 100 44 41
f 462 1524 78
f 330 331 1524
f 635 1067 1068
f 1485 1527 1526
f 206 1485 1528
f 1070 1071 1072
f 942 941 1073
f 916 933 1075
f 440 1529 1530
f 157 158 1514
f 1529 162 5
f 371 595 546
f 790 586 663
f 1077 858 857
f 1403 1434 1435
f 1080 1081 1082
f 531 520 1529
f 21 1083 1084
f 272 1532 1531
f 690 712 802
f 335 9015 9011
f 1090 1030 1029
f 1092 795 794
f 1533 396 137
f 661 660 1095
f 69 444 445
f 1099 1100 1101
f 38 39 1536
f 1104 1105 1106
f 852 1107 1108
f 1377 908 909
f 291 377 411
f 316 1536 516
f 539 1488 1533
f 1505 1536 316
f 1110 1111 1112
f 1539 1537 460
f 522 441 1537
f 834 837 1120
f 1122 1123 1124
f 612 1125 1041
f 935 793 615
f 276 278 130
f 1686 8993 8966
f 193 190 1541
f 231 521 1540
f 556 1037 982
f 365 253 85
f 190 532 318
f 1810 765 9018
f 9376 1867 8956
f 1132 983 985
f 208 101 102
f 1134 1033 662
f 1491 518 80
f 429 133 1542
f 1137 1138 915
f 172 436 428
f 1139 1140 1141
f 549 96 54
f 1517 1519 1518
f 834 1119 984
f 1543 513 286
f 1544 797 239
f 133 134 1544
f 506 361 257
f 420 327 328
f 1158 1159 1160
f 587 1104 1103
f 607 1161 1027
f 304 1546 1545
f 364 1491 77
f 69 70 198
f 700 840 1112
f 9329 626 8969
f 1166 719 657
f 1167 1168 858
f 1300 8967 8968
f 1172 1173 1174
f 218 203 200
f 1179 1180 1181
f 372 183 97
f 89 104 227
f 1186 1187 1188
f 172 173 1517
f 1482 84 81
f 1090 1192 1193
f 394 395 353
f 526 525 1198
f 1199 1200 1026
f 606 623 697
f 1204 1205 1206
f 1207 1208 523
f 1209 1210 867
f 914 913 685
f 1478 1436 1441
f 1029 1028 1161
f 1211 1212 1213
f 9310 1453 1451
f 844 1215 1216
f 423 193 273
f 1220 1221 1222
f 22 1223 1224
f 882 898 897
f 1519 1517 173
f 1189 1188 1232
f 349 350 550
f 1071 1235 1236
f 1237 1238 1239
f 1221 1186 1189
f 1510 1528 1512
f 939 1032 1241
f 1556 1530 5
f 1553 1554 394
f 404 1556 67
f 1247 1248 1249
f 142 199 238
f 1251 1067 635
f 850 1252 1253
f 1254 1167 1077
f 57 132 133
f 443 430 552
f 1187 1172 1175
f 1256 1070 831
f 432 405 382
f 741 748 747
f 434 350 351
f 349 432 383
f 251 124 1481
f 395 384 352
f 1518 1519 1550
f 1558 410 378
f 109 263 314
f 285 1514 1513
f 395 394 393
f 202 203 410
f 417 408 405
f 1246 1257 1258
f 3 1559 297
f 1259 1260 1261
f 403 404 347
f 955 954 953
f 462 50 51
f 1096 1095 687
f 429 147 60
f 896 1264 1265
f 1267 721 1268
f 423 424 327
f 37 179 180
f 20 23 1187
f 1256 1168 1071
f 1188 1175 1269
f 1236 1270 1271
f 1272 536 535
f 565 564 463
f 1273 792 745
f 876 1254 1255
f 316 33 164
f 437 1516 503
f 194 1494 1495
f 1275 1276 864
f 624 625 631
f 1277 1274 1137
f 569 568 567
f 1481 124 125
f 324 325 547
f 1279 1108 1107
f 1525 332 329
f 1281 1278 1137
f 171 168 1553
f 1488 73 396
f 1557 1561 1562
f 1282 856 1206
f 1053 1277 1278
f 778 777 607
f 713 583 9010
f 251 225 144
f 4 357 348
f 709 708 707
f 728 48 45
f 261 135 1563
f 789 1286 1287
f 74 314 263
f 403 284 385
f 1178 1181 1240
f 1223 1259 1289
f 1220 20 1186
f 296 1518 354
f 784 459 1538
f 1181 1180 1291
f 1269 1292 1257
f 1566 1538 438
f 136 784 1566
f 1563 1564 169
f 107 114 109
f 1297 1282 1298
f 1464 1477 1476
f 1520 187 507
f 1301 1302 1303
f 1306 1307 1308
f 175 456 1532
f 1532 456 200
f 1311 1266 1312
f 872 1314 1315
f 9288 843 878
f 1305 1308 864
f 1040 1275 863
f 1564 1566 399
f 592 1576 1575
f 591 1575 1088
f 1581 1584 1583
f 1196 1152 1147
f 710 582 583
f 285 407 408
f 953 954 961
f 1594 1592 1589
f 1585 1588 1587
f 1592 1591 1590
f 9337 945 944
f 1600 1599 1598
f 1604 1603 1602
f 1399 1392 979
f 1589 1590 1596
f 1610 1609 1608
f 298 257 361
f 551 552 276
f 1627 1626 9266
f 859 811 818
f 1078 857 1328
f 1555 439 1530
f 572 573 680
f 772 465 776
f 977 1281 918
f 404 403 392
f 1054 1331 750
f 1644 1645 1643
f 932 1265 1082
f 1067 1333 1334
f 1540 1539 264
f 597 1335 643
f 471 761 762
f 1642 696 9283
f 1644 1642 9294
f 923 946 950
f 96 549 548
f 520 531 522
f 445 444 443
f 849 839 848
f 480 759 755
f 1646 760 481
f 311 426 1567
f 464 463 8941
f 8941 1360 1361
f 234 237 236
f 190 193 192
f 153 154 152
f 231 287 286
f 1552 1553 1551
f 760 1646 1648
f 9284 1647 1649
f 828 827 826
f 52 167 166
f 1663 1662 1661
f 287 107 115
f 668 671 670
f 634 645 640
f 553 560 559
f 118 36 33
f 492 484 491
f 8996 1652 1651
f 582 589 584
f 384 395 392
f 1381 1382 1383
f 1562 1561 435
f 952 953 951
f 8973 9010 583
f 1660 1661 1667
f 1394 1395 1396
f 1660 1665 1664
f 1671 1670 1669
f 1624 1625 1673
f 1407 1408 1409
f 1677 1676 1675
f 1613 1679 1677
f 1679 1678 1676
f 1626 1681 9263
f 534 199 198
f 803 733 734
f 400 248 191
f 65 66 143
f 8970 1657 1656
f 402 159 157
f 629 628 627
f 461 477 49
f 758 757 495
f 796 787 786
f 406 407 1513
f 342 343 166
f 1694 1659 1658
f 1692 1687 1694
f 9001 1693 1652
f 9373 1704 1703
f 326 547 302
f 9368 9373 1702
f 9371 9370 1698
f 1699 1691 9379
f 1557 406 1560
f 1127 1116 1117
f 400 401 289
f 1706 1702 1707
f 1707 1702 1599
f 1709 1706 1708
f 1714 1712 1711
f 9371 9367 1709
f 1704 1711 1577
f 1716 1714 1713
f 1559 1562 1549
f 1722 1721 1720
f 1335 597 596
f 410 411 377
f 973 1170 1163
f 168 169 399
f 1571 682 1089
f 1572 681 682
f 749 646 647
f 1730 1724 1723
f 1594 1582 1729
f 1729 1723 1591
f 1384 1378 1377
f 1732 1731 1712
f 1724 1730 1731
f 1722 1724 1732
f 1721 1722 1733
f 1734 1733 1716
f 1735 1737 1736
f 1733 1732 1714
f 1663 1664 1741
f 1742 1665 1740
f 1738 1739 1737
f 1665 1660 1666
f 1665 1742 1744
f 1725 1726 1746
f 1591 1725 1745
f 1590 1745 1747
f 1745 1746 1748
f 1659 1688 8982
f 5650 1760 8989
f 1185 1177 1182
f 1664 1744 1749
f 1741 1749 1739
f 1746 1742 1743
f 1726 1744 1742
f 1115 924 1153
f 1654 8990 9019
f 1896 9006 8993
f 1720 1749 1744
f 1721 1739 1749
f 1750 1718 1701
f 1697 1736 1750
f 1151 1152 1063
f 1751 1752 1670
f 1695 1658 1752
f 961 962 986
f 1770 1769 1768
f 1766 1594 1593
f 1731 1759 1579
f 1579 1777 1774
f 9380 1772 1771
f 1764 1772 9380
f 1777 1776 1775
f 9214 9215 1699
f 1004 1127 1128
f 1774 1775 1771
f 987 1400 1399
f 1578 1774 1772
f 1783 1782 1781
f 1597 1598 1770
f 639 1878 9347
f 9380 9381 1769
f 1793 1792 1789
f 9381 9372 1798
f 8952 8960 9225
f 1802 1867 9376
f 1788 1790 1794
f 1793 1794 1795
f 9225 9224 1675
f 1584 1581 1783
f 1771 1797 9372
f 1801 1799 1798
f 1768 1769 1798
f 1775 1796 1797
f 508 514 515
f 1796 1803 1802
f 1800 1798 9372
f 1794 1805 1804
f 8976 1670 1752
f 485 1808 1807
f 9261 9296 1640
f 9289 9296 1810
f 485 482 1640
f 1690 1691 9222
f 487 488 1648
f 9291 1813 1816
f 9290 1811 1648
f 9291 1812 1811
f 1812 1809 487
f 1641 1809 767
f 465 466 755
f 767 1815 9275
f 9274 1816 9278
f 1809 1812 1815
f 9289 1653 1651
f 675 672 8985
f 1814 1649 1822
f 1821 1822 9273
f 1824 1822 1649
f 1827 1849 1850
f 1668 1669 1662
f 1779 1780 1848
f 1790 1827 1805
f 1833 1836 1853
f 8965 8950 693
f 1614 1615 1616
f 1852 1853 8942
f 1620 1621 1622
f 1855 1765 1574
f 1847 1852 8945
f 1766 1765 1855
f 1629 1630 1631
f 1633 1622 1634
f 1635 1636 1637
f 1848 1833 1852
f 1855 1861 1863
f 1803 1866 1867
f 1862 1863 1831
f 1782 1855 1862
f 9374 9376 1865
f 1873 1872 1870
f 1874 1869 799
f 2045 9330 9349
f 1219 1345 1295
f 1615 1614 1396
f 9336 9347 1877
f 645 9350 9238
f 1345 1219 1035
f 634 639 9336
f 15 1887 1327
f 9362 9347 1878
f 1894 604 605
f 8950 8995 627
f 9004 640 645
f 340 341 454
f 1897 194 195
f 1889 1882 1877
f 1901 94 129
f 196 749 754
f 1705 1704 9373
f 340 378 166
f 1570 1480 563
f 1904 1494 194
f 1781 1862 1832
f 1905 549 55
f 1000 994 995
f 986 919 920
f 1191 1185 1190
f 2094 2077 2075
f 1920 1921 1919
f 453 454 1912
f 1915 1919 1918
f 9334 2112 2106
f 1655 9019 8975
f 1916 1918 1926
f 704 8998 9005
f 278 1916 1925
f 9009 9008 1818
f 1097 949 1115
f 1927 1928 727
f 9030 9031 9106
f 1920 310 307
f 1929 307 48
f 503 504 1497
f 1902 1903 787
f 1816 1821 9272
f 1925 1926 1923
f 1535 1569 1568
f 254 252 258
f 1509 1497 366
f 119 86 35
f 219 288 293
f 141 46 47
f 542 205 244
f 1940 552 430
f 1779 1828 1827
f 1701 1710 9367
f 1661 8994 8959
f 270 53 754
f 197 1947 749
f 1727 1728 1212
f 53 54 232
f 1465 1468 1479
f 1284 9314 9306
f 1951 446 412
f 168 398 1554
f 1486 1485 206
f 506 77 78
f 994 1001 1007
f 951 953 963
f 1013 9311 9313
f 9278 9272 1820
f 1498 1909 1954
f 299 298 543
f 1754 1755 1756
f 1681 469 1683
f 1696 1694 1695
f 13 14 738
f 473 476 475
f 482 1641 768
f 204 62 30
f 1761 1762 820
f 611 1763 1125
f 1501 1503 1908
f 1074 1073 711
f 1960 1944 82
f 120 1956 1960
f 35 86 87
f 1773 1199 1025
f 1965 1545 1569
f 494 761 471
f 1966 1967 1969
f 446 1951 1971
f 174 368 125
f 1580 1579 1578
f 1785 1786 1787
f 1972 1546 304
f 1254 876 875
f 1973 341 342
f 321 1912 1973
f 1910 277 275
f 509 1973 514
f 1486 1507 1527
f 1974 1874 804
f 1977 1976 1974
f 1980 448 1966
f 379 1 2
f 1718 1715 1710
f 884 995 992
f 1680 1684 1678
f 902 990 525
f 344 255 256
f 135 138 137
f 448 446 1967
f 589 605 604
f 910 909 908
f 1981 1966 1968
f 1982 1981 1987
f 1988 1979 1987
f 1990 1988 1989
f 1991 1989 1993
f 322 321 320
f 992 828 830
f 1144 1076 1086
f 1995 1977 1978
f 1133 1129 1118
f 1997 1995 1994
f 870 1823 1335
f 805 806 1982
f 727 184 2000
f 1996 1994 1988
f 1994 1978 1979
f 1829 616 792
f 1830 1073 941
f 798 803 800
f 729 732 731
f 2011 2012 2023
f 1834 1835 846
f 402 283 284
f 2022 2023 2024
f 1838 718 989
f 810 955 952
f 1823 1839 1840
f 1430 1426 1432
f 1215 844 1841
f 1316 1208 873
f 2112 1401 1384
f 1842 1843 1844
f 1159 846 845
f 837 27 1846
f 1971 1951 2030
f 517 369 370
f 1471 2026 2027
f 8995 8969 626
f 2174 2175 770
f 935 934 1854
f 1613 1619 1611
f 1231 1228 1225
f 1856 1857 891
f 1300 1309 748
f 1150 1149 1858
f 1643 606 696
f 1215 1265 1264
f 1320 1860 902
f 1956 1943 1944
f 2031 668 669
f 2034 1325 1310
f 1879 1880 1656
f 40 245 242
f 1992 1993 2039
f 888 958 957
f 1882 1889 1996
f 1078 1138 1255
f 1871 912 1192
f 294 411 218
f 1323 2041 2026
f 123 1960 83
f 1324 2036 2041
f 384 358 359
f 1324 1325 2038
f 1883 1884 1885
f 287 1540 114
f 1096 1886 1134
f 915 1329 931
f 806 1980 1981
f 8977 8973 584
f 1425 2030 2042
f 1018 2042 1948
f 9006 1896 740
f 1948 2042 649
f 1881 1882 1990
f 1900 129 130
f 992 995 994
f 923 927 925
f 9330 2045 2047
f 1643 2048 625
f 2050 2052 2051
f 2045 1405 1404
f 9328 2047 945
f 1139 1080 1079
f 1037 1856 892
f 2055 2053 2057
f 1198 989 718
f 1619 2058 1612
f 2058 1605 1606
f 2059 2060 1607
f 2058 1619 1624
f 71 72 179
f 405 406 1557
f 322 1548 1972
f 2061 2052 2063
f 2066 2065 2067
f 2052 2061 2064
f 1609 1610 2066
f 1515 151 152
f 1009 827 993
f 1644 9295 9267
f 279 1915 1916
f 1285 9315 9314
f 1647 2066 1825
f 2056 2057 2067
f 319 320 1953
f 667 666 1913
f 2070 631 625
f 2052 2050 2055
f 2038 1654 1655
f 1606 1601 2073
f 1235 1917 1270
f 2072 2073 2075
f 2059 1606 2072
f 2074 2075 2077
f 1601 1602 2078
f 2049 2048 1643
f 1000 1004 1001
f 1089 943 684
f 1931 1286 1306
f 1462 1459 1021
f 1932 1933 1934
f 875 874 1846
f 1936 1051 1937
f 44 45 46
f 1534 1955 1956
f 1541 318 317
f 2081 2082 2084
f 146 1945 1959
f 1360 1941 1942
f 985 984 1032
f 1995 1997 1892
f 2079 2080 2082
f 2095 2096 2076
f 2081 2093 2078
f 2055 2050 2054
f 501 2096 2095
f 2097 2100 2099
f 2098 2099 2094
f 2140 2141 9345
f 2141 2046 9346
f 2051 2070 2048
f 592 2102 2101
f 2071 2064 2076
f 2102 2097 2098
f 593 2103 2102
f 1019 1895 746
f 1950 11 12
f 725 2071 2096
f 1385 2105 2104
f 1379 2104 2106
f 2107 2108 2100
f 9360 726 502
f 9348 502 499
f 940 1389 2109
f 928 929 1170
f 9320 590 684
f 1962 1963 1964
f 9330 680 573
f 2039 1993 1968
f 1389 1390 2110
f 1398 2111 2113
f 9209 9207 9205
f 9363 9335 2107
f 949 923 924
f 260 241 324
f 1390 1397 2113
f 2070 2051 2064
f 9319 9363 2103
f 2105 1385 1421
f 2114 1421 1423
f 9344 2114 2115
f 9360 2105 2114
f 554 2116 1902
f 972 1163 967
f 1765 1593 1573
f 1984 1985 1986
f 2053 2117 2069
f 9017 9000 724
f 1625 1677 1674
f 9333 9340 2119
f 9355 2115 2123
f 56 1954 1906
f 626 9329 9331
f 2001 2002 2003
f 9364 9293 2127
f 2006 2007 2008
f 2127 1413 1412
f 2014 2015 2016
f 2018 2019 2020
f 1495 1424 1947
f 1379 1377 1386
f 9266 9263 1680
f 2029 1885 1884
f 9354 2128 2120
f 629 9331 9366
f 682 683 943
f 724 1650 2121
f 1757 1819 9273
f 765 1810 9296
f 9303 714 715
f 706 707 9322
f 981 986 987
f 1457 1868 1656
f 2017 2016 2032
f 1458 1655 1868
f 1776 1777 1792
f 1959 1945 1946
f 9115 9167 9177
f 9365 9333 2122
f 1093 1089 689
f 966 965 968
f 9304 715 9333
f 2172 9029 2170
f 670 2138 2137
f 9213 787 1903
f 1429 19 28
f 964 963 978
f 9293 9265 1413
f 1473 1474 669
f 9286 9285 1359
f 2138 798 1870
f 1872 1473 2137
f 715 716 9340
f 1881 1991 1992
f 9295 9294 739
f 1837 1847 8957
f 253 58 59
f 1808 9289 9292
f 1647 9284 9270
f 9317 9318 671
f 2112 9334 9335
f 1405 2045 2044
f 9281 9276 1364
f 273 1541 391
f 576 632 8964
f 9327 9317 668
f 1430 1431 2140
f 2136 9302 9312
f 1430 2139 18
f 9345 9346 570
f 1442 1439 2046
f 1431 1442 2141
f 9321 9365 9302
f 9260 9275 1817
f 9318 9345 695
f 2142 2025 798
f 571 2143 2142
f 9271 9266 1618
f 2143 2022 2025
f 694 2142 2138
f 681 1572 2144
f 2144 2011 2022
f 328 210 457
f 1572 2010 2011
f 630 9344 9355
f 2085 2086 2087
f 2090 2091 2092
f 572 2144 2143
f 1875 1976 2153
f 1873 1875 2149
f 2103 2107 2097
f 2157 2043 2155
f 2128 1412 1414
f 9326 9323 589
f 9324 9322 628
f 2149 2153 2158
f 2159 2158 9357
f 698 9359 9354
f 9275 9299 9279
f 2158 2156 9326
f 1438 2044 2046
f 2035 2154 2160
f 2161 2160 9341
f 9323 9343 605
f 9325 17 18
f 370 29 61
f 649 1951 413
f 2153 2157 2156
f 1428 1429 1449
f 1490 76 73
f 9342 9357 710
f 2155 1891 9343
f 1456 1457 1880
f 2125 2088 2087
f 2160 2159 9342
f 300 1959 505
f 1064 1062 1046
f 2043 1892 1891
f 2129 2130 2004
f 2131 2132 2133
f 9300 9301 1450
f 1998 1975 804
f 9331 673 9316
f 474 492 490
f 1164 1165 1182
f 707 2162 9361
f 708 1472 2162
f 2162 2161 9338
f 548 549 1905
f 1145 1136 1114
f 705 2121 1650
f 2043 2157 1977
f 737 738 554
f 1034 1195 1191
f 458 1905 1907
f 195 196 232
f 2040 2039 1969
f 2145 2146 2147
f 2054 2050 2049
f 9284 1646 1639
f 9 12 11
f 252 364 506
f 472 478 479
f 1865 9376 9243
f 900 903 910
f 1941 2150 2151
f 1921 1928 1927
f 2163 1897 1898
f 271 156 153
f 1904 1326 12
f 282 263 264
f 1872 1873 2154
f 1326 1904 1897
f 628 692 693
f 1724 1722 1719
f 1549 1562 436
f 1582 1583 1730
f 1921 1920 1929
f 9007 8955 10
f 2152 2037 1950
f 475 772 774
f 769 2172 2171
f 2171 2165 476
f 476 773 772
f 1791 565 464
f 2166 2167 2168
f 595 371 372
f 483 1809 1641
f 762 2174 2173
f 771 483 484
f 486 487 1809
f 297 1549 1517
f 763 2175 2174
f 776 755 759
f 184 185 2176
f 412 447 303
f 2005 2176 185
f 9263 1681 1682
f 2164 2170 756
f 1472 2035 2161
f 950 951 964
f 2177 2178 2179
f 227 226 1510
f 2182 2183 2184
f 2186 2019 2018
f 1985 2182 2181
f 214 736 729
f 865 849 842
f 849 865 1357
f 559 3187 3188
f 16 13 737
f 560 553 498
f 3193 3196 3195
f 3200 3197 3198
f 3211 3214 3213
f 3215 3218 3217
f 2187 2188 2002
f 3233 3236 3235
f 3223 3221 3222
f 3229 3232 3231
f 3245 3248 3247
f 2169 2168 2189
f 2192 2086 2085
f 2193 2194 2195
f 2198 2199 2200
f 1998 1982 1979
f 9116 9117 9120
f 3253 3256 3255
f 2116 1898 1903
f 1859 2006 2009
f 9356 2123 2126
f 1135 1148 1087
f 2201 2202 2015
f 1149 111 110
f 3261 3264 3263
f 3269 3272 3271
f 3265 3268 3267
f 3229 3230 3284
f 3289 3292 3291
f 3299 3302 3301
f 3307 3263 3264
f 3293 3296 3295
f 3297 3223 3224
f 3319 3321 3291
f 3322 3323 3318
f 3314 3313 3312
f 3285 3288 3287
f 3332 3333 3218
f 3329 3331 3330
f 3324 3325 3227
f 3298 3224 3326
f 2203 2204 2205
f 579 580 1895
f 1755 2207 2208
f 3337 3340 3339
f 9343 9362 1893
f 1211 2151 2150
f 868 997 2210
f 3347 3350 3349
f 944 945 930
f 2130 2129 2202
f 233 1903 1898
f 665 751 750
f 1167 1254 999
f 2211 2212 2213
f 2215 2216 2217
f 9319 593 590
f 2220 221 220
f 823 824 948
f 3375 3240 3377
f 3393 3392 3391
f 3353 3358 3357
f 3363 3366 3365
f 3402 3405 3404
f 266 204 455
f 9334 2108 2107
f 2221 2222 8963
f 2223 2224 2225
f 2207 2125 2124
f 3293 3309 3336
f 673 674 9321
f 817 1000 996
f 2227 2228 2146
f 1947 1948 646
f 9352 2135 17
f 2229 1635 1638
f 1679 1613 1618
f 1637 2231 2232
f 2233 2234 1617
f 2231 2235 2236
f 3406 3409 3408
f 1381 1638 2238
f 9038 2241 2242
f 3414 3416 3341
f 1630 2234 2233
f 1681 1626 472
f 1408 1407 2243
f 3423 3426 3425
f 3433 3351 3263
f 3434 3429 3430
f 3440 3443 3442
f 3444 3447 3446
f 3436 3451 3450
f 3442 3443 3456
f 1637 2230 2238
f 3445 3446 3437
f 3448 3443 3440
f 1409 1408 1634
f 1380 1383 2247
f 1628 2248 2245
f 3463 3466 3465
f 3308 3477 3462
f 2249 1623 1622
f 1632 1634 1408
f 2248 1628 1631
f 3478 3481 3480
f 3509 3512 3511
f 2235 2231 1637
f 3505 3508 3507
f 3457 3458 3199
f 631 2070 2071
f 515 167 52
f 782 781 2251
f 2253 2254 2255
f 397 281 459
f 1456 2039 2040
f 2040 2041 2036
f 3434 3475 3518
f 1401 2112 2111
f 2041 2040 1970
f 3367 3337 3338
f 1535 121 414
f 1586 1587 2080
f 2256 983 1132
f 3528 3531 3530
f 3519 3521 3520
f 3537 3505 3506
f 3543 3546 3545
f 1700 1699 9370
f 3486 3551 3550
f 3455 3456 3497
f 3558 3560 3559
f 3456 3568 3500
f 3572 3571 3252
f 3308 3264 3285
f 3316 3317 3574
f 3575 3478 3479
f 3576 3579 3578
f 3580 3583 3582
f 3584 3587 3586
f 3505 3537 3588
f 3589 3592 3591
f 3600 3603 3602
f 3542 3539 3595
f 3604 3605 3592
f 3611 3610 3613
f 3622 3625 3624
f 3618 3621 3620
f 3626 3629 3628
f 3644 3647 3646
f 3634 3637 3636
f 3638 3639 3641
f 9267 1896 1686
f 1263 2256 1886
f 3613 3655 3654
f 598 1841 844
f 2257 2258 2259
f 2258 2261 2262
f 2259 2262 2263
f 2260 2259 2216
f 1967 1971 1970
f 2212 1964 1963
f 922 921 2218
f 1312 1098 1101
f 1307 1306 1286
f 1548 1569 1546
f 2266 2267 2268
f 2265 2268 2270
f 2272 2265 2269
f 2273 2266 2265
f 2275 2276 2277
f 2278 2274 2277
f 2284 2285 9069
f 2287 2283 2286
f 2288 2289 2283
f 2290 2284 9091
f 2291 2292 2293
f 2295 2291 2294
f 2296 2297 2291
f 2297 2298 2292
f 2294 2293 2299
f 2279 2294 2300
f 2298 2301 2302
f 2292 2302 2303
f 2293 2303 2304
f 2304 2305 2306
f 2308 2309 2310
f 2302 2307 2310
f 2301 2311 2307
f 2312 2308 2307
f 2313 2314 2315
f 2318 2319 2320
f 9200 9223 2322
f 2324 2325 2273
f 2313 2324 2326
f 2328 2324 2313
f 2329 2325 2324
f 2331 2332 2333
f 2330 2333 2267
f 2325 2330 2266
f 2329 2331 2330
f 2333 2334 2335
f 2336 2334 2333
f 2338 2336 2332
f 2331 2339 2337
f 2329 2340 2339
f 2328 2341 2340
f 2316 2342 2341
f 2342 2316 2315
f 2344 2345 2346
f 2341 2344 2347
f 2342 2348 2344
f 2348 2349 2345
f 2350 2351 2352
f 2339 2350 2353
f 2340 2347 2350
f 2347 2346 2351
f 2337 2353 2354
f 2353 2352 2355
f 2356 2277 2276
f 2356 2357 2358
f 2356 2359 2296
f 2279 2277 2356
f 2360 2361 2270
f 2267 2335 2360
f 2362 2363 2364
f 2362 2365 2361
f 2366 2362 2358
f 2366 2367 2363
f 2357 2276 2368
f 2366 2368 2369
f 2276 2275 2370
f 2368 2370 2282
f 2372 2373 2374
f 2375 2376 2377
f 2378 2379 2380
f 2382 2378 2381
f 2384 2385 2378
f 2385 2386 2379
f 2388 2389 2390
f 2387 2390 2392
f 2393 2394 2387
f 2394 2395 2388
f 2186 2401 2402
f 2403 2404 2327
f 2272 2403 2326
f 2271 2405 2403
f 2405 2406 2404
f 2404 2407 2408
f 2409 2410 2411
f 2409 2412 2271
f 2413 2409 2269
f 2413 2414 2410
f 2417 2415 2416
f 2417 2418 2406
f 2412 2417 2405
f 2411 2415 2417
f 2406 2419 2407
f 9013 8964 632
f 2420 2398 2397
f 2420 2421 2423
f 2424 2420 2422
f 2424 2399 2398
f 2425 2391 2392
f 2421 2425 2426
f 2397 2396 2425
f 2396 2393 2391
f 2427 2314 2408
f 2430 2427 2428
f 2343 2315 2427
f 2432 2343 2430
f 2431 2430 2429
f 2435 2431 2433
f 2436 2432 2431
f 2428 2408 2407
f 2422 2437 2407
f 2438 2437 2422
f 2429 2428 2437
f 2440 2434 2433
f 2441 2439 2433
f 2442 2443 2439
f 2443 2444 2440
f 2445 2446 2444
f 2447 2445 2443
f 2383 2381 2445
f 2381 2380 2446
f 2448 2438 2423
f 2449 2448 2426
f 2441 2448 2449
f 2441 2429 2438
f 2449 2392 2390
f 2450 2390 2389
f 2447 2450 2451
f 2442 2449 2450
f 2451 2389 2453
f 2452 2453 2455
f 2382 2452 2454
f 2383 2451 2452
f 2456 2457 2373
f 2459 2460 2461
f 2463 2464 2465
f 2462 2465 2285
f 2466 2462 2284
f 2467 2463 2462
f 2461 2460 9155
f 2468 2469 2470
f 2472 2468 2471
f 2474 2461 9153
f 2475 2476 2477
f 2458 2455 2453
f 2479 2453 2389
f 2395 2480 2479
f 2480 2459 2458
f 2481 2482 2483
f 2484 113 2485
f 2471 2470 2464
f 2473 2471 2463
f 2487 2467 2466
f 2486 2466 2290
f 2490 2486 2488
f 2491 2487 2486
f 2492 2473 2467
f 2493 2492 2487
f 2494 2495 2492
f 2495 2472 2473
f 9142 2496 2474
f 9143 2497 2496
f 2498 2494 2493
f 2500 2498 2499
f 9152 9139 2498
f 9139 9143 2494
f 2306 2504 2278
f 2305 2505 2504
f 2504 2505 2507
f 2506 2507 2288
f 2274 2506 2508
f 2278 2504 2506
f 9085 9084 2489
f 9072 9085 2488
f 2507 2509 2289
f 2505 2510 2509
f 2508 2288 2287
f 2511 2287 2281
f 2370 2511 2280
f 2275 2508 2511
f 2512 2490 2489
f 2514 2512 2513
f 2517 2512 2514
f 2517 2491 2490
f 2499 2493 2491
f 2499 2517 2516
f 2510 2505 2519
f 2518 2519 2521
f 9068 2518 2520
f 9084 2510 2518
f 2522 2304 2303
f 2523 2522 2310
f 2305 2304 2522
f 2524 2522 2523
f 2519 2524 2525
f 2505 2305 2524
f 2308 2312 2527
f 2526 2527 2529
f 2531 2526 2528
f 2309 2308 2526
f 1214 2532 2151
f 2419 2406 2418
f 2533 2345 2349
f 2534 2533 2317
f 2535 2536 2533
f 2536 2346 2345
f 2537 2351 2346
f 2538 2537 2536
f 2539 2540 2537
f 2540 2352 2351
f 2312 2355 2541
f 2527 2541 2542
f 2543 2435 2434
f 2545 2543 2544
f 2319 2318 2543
f 2318 2436 2435
f 2514 2515 2548
f 2547 2548 2550
f 2552 2547 2549
f 2552 2516 2514
f 2520 2521 2554
f 2553 2554 2556
f 9042 2553 2555
f 9073 2520 2553
f 2523 2309 2531
f 2557 2531 2530
f 2525 2523 2557
f 2559 2557 2558
f 2554 2559 2560
f 2521 2525 2559
f 2561 2375 2007
f 2376 2562 2225
f 2564 2565 2566
f 2563 2566 338
f 2569 2563 2567
f 2570 2564 2563
f 2572 2573 2574
f 2571 2574 2576
f 2544 2571 2575
f 2544 2434 2572
f 2578 2570 2569
f 2579 2577 2569
f 2574 2577 2579
f 2573 2578 2577
f 2581 2582 2583
f 2584 2580 2583
f 9149 9127 2580
f 9128 2581 2580
f 2582 2516 2552
f 2583 2552 2551
f 2500 2501 2589
f 2590 2588 2589
f 9145 9147 2588
f 9147 9152 2500
f 2501 2516 2591
f 2592 2593 2594
f 2386 2385 2503
f 2596 2379 2386
f 2596 2374 2373
f 2599 2596 2597
f 2599 2380 2379
f 2600 2446 2380
f 2600 2599 2598
f 2603 2600 2601
f 2603 2444 2446
f 2604 2603 2602
f 2440 2604 2605
f 2444 2603 2604
f 2606 2582 2581
f 2606 2607 2590
f 2591 2516 2582
f 9128 2587 2456
f 9141 2456 2372
f 2478 2477 2608
f 2609 2610 2611
f 2564 2570 2613
f 2612 2613 2598
f 2457 2612 2597
f 2565 2564 2612
f 2614 2613 2570
f 2615 2614 2578
f 2602 2601 2614
f 2601 2598 2613
f 2572 2434 2605
f 2616 2605 2602
f 2573 2572 2616
f 1459 1016 1045
f 1265 1215 1079
f 1612 1608 1609
f 2067 2057 2069
f 1135 1109 1136
f 1938 1937 2618
f 95 548 458
f 2058 1607 1608
f 1454 1469 1445
f 655 2620 1048
f 722 1049 2621
f 3665 3639 3634
f 1131 985 1033
f 562 1481 366
f 1723 1719 1725
f 1786 1123 1122
f 267 300 323
f 1325 2034 1654
f 1468 1165 1435
f 658 657 529
f 8 532 247
f 382 1557 1559
f 3631 3681 3680
f 788 619 1307
f 940 930 929
f 911 2622 2623
f 2621 2620 655
f 2624 1857 2625
f 998 1846 27
f 635 638 2626
f 2627 641 644
f 2628 2627 1840
f 1200 1199 2627
f 1199 1773 641
f 1520 515 49
f 1452 1350 1349
f 2630 2631 1859
f 644 643 1335
f 3683 3700 3699
f 1197 1198 717
f 2632 717 719
f 2628 2632 1166
f 2629 1197 2632
f 1762 2633 1050
f 1823 870 873
f 2634 2635 794
f 1042 794 2635
f 93 94 1901
f 2036 2038 1458
f 1527 332 1525
f 877 876 1274
f 134 409 797
f 1328 893 931
f 607 777 1091
f 1043 2635 2637
f 2636 2637 2639
f 1275 2636 2638
f 1275 1040 1043
f 1272 2624 2626
f 2640 2626 638
f 1110 2641 2640
f 536 1272 2640
f 1472 708 1474
f 2042 2030 1951
f 3668 3632 3633
f 1058 1106 1105
f 2642 2623 2643
f 1192 2642 2644
f 912 2623 2642
f 9350 1657 8970
f 1049 1048 2620
f 616 1829 1885
f 1331 1913 666
f 990 989 1198
f 1911 1912 321
f 1298 1282 1205
f 76 1490 1504
f 1502 1500 421
f 610 609 658
f 1146 937 659
f 2646 911 914
f 1280 1239 1238
f 1453 1454 1452
f 835 942 1843
f 1271 1270 1173
f 1893 1878 1826
f 1050 2633 1937
f 2651 2652 814
f 1006 1053 1281
f 2653 1084 2654
f 1001 1004 1003
f 585 997 679
f 2624 1272 621
f 555 678 2028
f 1207 526 1197
f 1626 1627 478
f 3729 3732 3731
f 3746 3749 3748
f 3770 3752 3750
f 426 389 419
f 1030 1193 1773
f 9350 645 634
f 534 1533 138
f 1125 1092 1042
f 333 228 88
f 569 1570 561
f 3691 3694 3693
f 1489 2656 871
f 1857 2624 620
f 1673 1674 9222
f 622 861 864
f 619 788 891
f 261 544 545
f 393 1555 1556
f 2658 2659 2647
f 1075 2658 2657
f 1081 1080 2658
f 1080 1139 2659
f 2644 2643 1141
f 2660 1141 1140
f 642 2660 1336
f 1193 2644 2660
f 679 678 555
f 3762 3765 3764
f 1503 1501 1500
f 1318 1317 1101
f 2661 2659 1139
f 2661 1142 2663
f 2662 2647 2659
f 2662 2663 2622
f 2664 2622 911
f 2648 2664 2646
f 2648 2647 2662
f 3586 3658 3779
f 2083 2094 2093
f 1442 1440 1437
f 3732 3734 3733
f 519 329 330
f 1885 2029 1209
f 799 800 805
f 1946 1943 1952
f 1302 1301 1253
f 3741 3738 3757
f 3660 3663 3662
f 566 2005 224
f 1389 940 928
f 683 682 681
f 836 835 1842
f 2665 1842 1845
f 2666 2665 1303
f 24 836 2665
f 831 1072 2650
f 1845 1844 1304
f 2010 2013 2012
f 1051 1936 2667
f 1522 1521 1511
f 531 440 441
f 1250 635 2625
f 2669 2625 1857
f 783 2669 1856
f 782 1250 2669
f 720 2670 2671
f 1055 1931 1930
f 1333 1067 1251
f 619 622 1308
f 652 655 2619
f 521 522 1539
f 1838 988 537
f 2672 537 536
f 1113 2672 2641
f 1113 527 1838
f 1016 1013 1351
f 9349 573 570
f 226 227 104
f 9008 9121 9279
f 1036 1037 1884
f 2674 1301 1304
f 2673 1304 1844
f 1334 2673 2675
f 1333 2674 2673
f 2676 702 1039
f 1843 2676 2675
f 942 1074 2676
f 1074 699 702
f 752 1057 1055
f 1200 1166 656
f 1120 1846 874
f 2677 874 877
f 1241 2677 1052
f 1119 1120 2677
f 1560 1513 151
f 1208 1316 611
f 215 735 736
f 1460 1459 1462
f 3717 3720 3719
f 1208 1207 1839
f 854 856 1282
f 3682 3697 3696
f 72 445 182
f 544 1563 1565
f 217 200 456
f 3673 3647 3781
f 2047 1404 930
f 1204 2618 1937
f 913 777 686
f 3705 3708 3707
f 840 527 1113
f 1531 729 730
f 2678 778 1283
f 601 667 1914
f 1537 1538 459
f 1819 1757 8953
f 991 1860 862
f 2679 711 1073
f 3776 3775 3581
f 2680 1830 983
f 779 2680 2256
f 778 2678 2680
f 2678 2679 1830
f 180 542 245
f 1886 1132 1131
f 3766 3768 3767
f 1138 1137 1274
f 3777 3778 3585
f 1841 598 1140
f 75 313 314
f 193 423 420
f 2681 2682 1099
f 3658 3586 3587
f 170 1567 1565
f 349 416 417
f 1121 1124 2684
f 547 797 409
f 123 122 121
f 2643 2663 1142
f 1542 1544 513
f 899 900 907
f 1210 677 676
f 791 663 982
f 24 27 837
f 893 896 932
f 1860 1320 863
f 535 538 862
f 3640 3684 3683
f 1569 1548 1547
f 181 455 542
f 660 659 937
f 2013 567 568
f 3781 3647 3644
f 887 890 2631
f 1524 1508 361
f 520 161 162
f 2653 855 854
f 1238 1237 2655
f 718 1838 527
f 1492 1493 518
f 792 616 615
f 599 846 1835
f 290 457 456
f 312 171 1552
f 1248 2687 1179
f 153 149 177
f 1240 1181 1222
f 1257 1292 1235
f 1291 1084 1083
f 1052 877 1277
f 743 742 2618
f 444 140 430
f 23 1224 1172
f 2687 2654 1180
f 102 103 409
f 1283 607 610
f 373 497 650
f 1180 2654 1084
f 855 2653 2655
f 1173 1270 1917
f 2689 850 853
f 2688 853 1108
f 2686 2688 1279
f 2687 2689 2688
f 2691 1302 1252
f 2690 1252 850
f 1248 2690 2689
f 1248 1247 2691
f 2692 617 24
f 2691 2692 2666
f 1247 1258 2692
f 1258 1168 617
f 394 1554 1555
f 2693 1260 1259
f 1072 1236 1262
f 1257 1071 1168
f 398 439 1555
f 871 1784 1314
f 1178 1232 1249
f 1224 1289 1173
f 1010 2617 2618
f 1175 1174 1292
f 2654 2687 2686
f 2694 1157 1216
f 71 418 1487
f 701 1112 1111
f 1072 1261 2649
f 1085 2695 22
f 895 2694 1264
f 1601 1606 1605
f 1259 1262 1271
f 21 20 1220
f 988 991 538
f 3533 3479 3535
f 598 597 1336
f 1050 860 818
f 1298 2645 1761
f 1168 1167 618
f 3629 3671 3670
f 858 1168 1256
f 39 242 516
f 2652 1761 819
f 313 316 315
f 2026 1970 1971
f 2656 1489 596
f 814 819 818
f 2696 2651 813
f 1260 2696 2649
f 2693 2697 2696
f 2697 1296 2651
f 381 355 390
f 9270 9271 1611
f 1475 1427 1428
f 1292 1174 1917
f 1551 353 354
f 1526 1525 1523
f 1593 1589 1595
f 1232 1269 1246
f 2695 2693 1223
f 2698 1297 1296
f 2698 2697 2693
f 2685 2698 2695
f 2685 854 1297
f 562 1497 271
f 2652 2651 1296
f 1365 1366 1364
f 1958 1946 1953
f 585 588 2210
f 1561 1560 1515
f 975 2648 1146
f 347 67 68
f 1038 1111 636
f 2700 781 780
f 2699 780 1036
f 2701 2699 1883
f 851 2700 2699
f 2674 1333 2251
f 2702 2251 781
f 1253 2702 2700
f 1301 2674 2702
f 1519 387 388
f 1273 1239 1280
f 2703 1280 1107
f 2701 2703 852
f 1829 1273 2703
f 91 260 326
f 1784 871 2656
f 2683 2684 2705
f 604 1894 8943
f 1669 8978 8992
f 2062 2063 2060
f 621 535 861
f 2023 731 732
f 686 779 1263
f 857 1051 2668
f 883 830 882
f 3648 3651 3650
f 637 636 1111
f 2668 894 893
f 3692 3712 3711
f 2667 921 894
f 1039 1038 1068
f 313 75 1504
f 1911 1972 305
f 1936 2706 1964
f 2707 2402 2401
f 2708 2707 2183
f 738 2163 2116
f 3785 3787 3709
f 2349 2348 2432
f 2711 2712 2020
f 2400 2711 2019
f 2714 2715 2716
f 2717 2718 2719
f 2721 2722 2723
f 2726 2727 2728
f 2725 2728 2730
f 2731 2725 2729
f 2732 2726 2725
f 2734 2735 2736
f 2738 2739 2740
f 2737 2740 2741
f 2744 2745 2746
f 2745 2744 2748
f 2749 2750 2747
f 2753 2749 2751
f 2250 1380 2246
f 3417 3420 3419
f 2754 1396 1614
f 9050 2754 2755
f 9060 2745 2747
f 1617 2756 2755
f 2242 2758 1620
f 3429 3432 3431
f 2191 2085 2760
f 2761 2759 2760
f 9100 2759 2761
f 9075 2191 2759
f 3209 3460 3354
f 1395 1394 2236
f 1395 2235 1636
f 3741 3791 3790
f 1616 1635 2229
f 3410 3413 3412
f 1617 2234 2763
f 2756 2763 9080
f 2765 2763 2234
f 2766 2764 9080
f 3202 3199 3458
f 1516 437 435
f 2768 2769 8996
f 1495 541 578
f 2135 2136 28
f 8970 8984 2773
f 1690 1689 9378
f 2778 2779 2780
f 2777 2780 2781
f 2784 2778 2777
f 8999 8965 575
f 1494 1904 9
f 8973 2016 2015
f 451 61 505
f 2786 2787 2788
f 2779 2786 2785
f 2789 2752 2741
f 2790 2753 2752
f 2792 2793 2794
f 2793 2795 2796
f 2796 2797 2750
f 2794 2796 2749
f 2798 1393 1396
f 9043 2798 2754
f 2798 2799 2800
f 9043 9114 2799
f 2797 2796 2795
f 2791 2794 2753
f 216 233 232
f 9256 2806 2807
f 9257 2809 2804
f 2769 2810 9001
f 183 185 184
f 2811 2812 2775
f 2804 2811 2776
f 2809 2813 2811
f 2812 2811 2813
f 9257 2808 2816
f 9248 2818 2815
f 9250 9252 2820
f 9245 2823 2819
f 2824 2736 2735
f 2823 2825 2824
f 2825 2823 2826
f 9245 2822 2827
f 9248 2817 2826
f 2713 2716 2829
f 2828 2829 2831
f 2822 2821 2828
f 2821 2820 2713
f 2832 2827 2822
f 2833 2832 2830
f 2834 2835 2832
f 2835 2818 2827
f 2837 2838 2839
f 2836 2839 2841
f 2842 2836 2840
f 2843 2837 2836
f 2840 2841 2845
f 2718 2844 2845
f 2730 2728 2844
f 2727 2840 2844
f 2846 2845 2841
f 2829 2846 2847
f 2847 2841 2839
f 2848 2839 2838
f 2833 2848 2849
f 2831 2847 2848
f 2850 2814 2851
f 2853 2850 2852
f 2783 2777 2782
f 2785 2788 2853
f 2780 2785 2856
f 2857 2858 2855
f 2859 2857 2782
f 2861 2843 2842
f 2860 2842 2727
f 2862 2860 2726
f 2863 2861 2860
f 2861 2863 2858
f 2843 2861 2857
f 2856 2853 2854
f 2781 2856 2864
f 2837 2843 2859
f 2838 2837 2864
f 2852 2851 2834
f 2854 2852 2849
f 2865 2815 2818
f 2851 2865 2835
f 2813 2809 2815
f 2814 2813 2865
f 2866 2812 2814
f 2788 2866 2850
f 2866 2788 2787
f 2812 2866 2867
f 1892 1889 1890
f 2720 2719 2846
f 298 299 256
f 2872 2714 2713
f 9246 9252 2735
f 2729 2730 2874
f 2846 2716 2715
f 2876 2877 2878
f 2733 2875 2878
f 9258 9259 2879
f 9258 2880 2872
f 2882 2883 2884
f 2881 2884 2715
f 2880 2881 2714
f 2879 2882 2881
f 2885 2886 2887
f 2888 2889 2890
f 2885 2890 2892
f 2893 2886 2885
f 1942 2151 2532
f 2895 2892 2720
f 2884 2895 2870
f 2883 2896 2895
f 2896 2891 2892
f 2889 2874 2717
f 2890 2717 2720
f 2897 2893 2891
f 2898 2897 2896
f 2899 2898 2883
f 2900 2899 2882
f 9249 2900 2879
f 2876 2902 2901
f 2901 2902 2904
f 1785 2656 1835
f 2905 2906 2899
f 2907 2908 2897
f 9249 2901 2903
f 632 576 577
f 8976 8991 2867
f 434 385 550
f 2768 2770 9092
f 2910 2911 1623
f 2241 2912 2758
f 9092 2770 2913
f 1623 2911 2757
f 9039 2242 2757
f 2229 1381 1380
f 2765 1630 1629
f 2915 2914 1629
f 9094 9093 2914
f 9093 9074 2765
f 2919 2916 9094
f 2918 2915 2912
f 9066 2918 2241
f 9070 2919 9065
f 8985 2177 2180
f 8965 2002 2188
f 3694 3626 3627
f 9157 9017 714
f 2925 2766 2917
f 2924 2917 2916
f 9062 2924 2919
f 9063 2925 2924
f 2926 2927 2766
f 9110 2926 2925
f 1715 1713 1705
f 785 497 498
f 1387 651 565
f 374 375 1899
f 9017 2203 2206
f 2929 2930 2886
f 2932 2933 2934
f 1905 1906 1908
f 2930 2935 2936
f 2938 2935 2930
f 1493 369 517
f 1603 1585 1586
f 2939 2938 2929
f 2940 2939 2908
f 9117 1707 1600
f 2886 2930 2937
f 2906 2907 2898
f 2908 2929 2893
f 2942 2934 2933
f 2941 2933 2937
f 8945 2941 2936
f 8942 2942 2941
f 2943 2944 2710
f 2943 2873 2874
f 2945 2943 2889
f 2946 2944 2943
f 2932 2945 2888
f 2931 2946 2945
f 727 1928 1929
f 2903 2904 2947
f 545 594 42
f 1480 1570 533
f 2907 2906 2949
f 2906 2905 2950
f 1558 452 215
f 9251 2903 2948
f 2054 1645 1644
f 9157 9136 2203
f 1828 1837 1849
f 2953 2954 2955
f 2952 2955 2957
f 2956 2261 2258
f 2953 2952 2258
f 2454 2455 2474
f 9199 2958 2959
f 9199 2132 2131
f 2961 2962 2963
f 2958 2963 2964
f 222 221 2485
f 2477 2226 2966
f 2631 2561 2006
f 2384 2454 2496
f 2967 2968 2959
f 2968 2967 2970
f 9211 2033 2971
f 9236 2971 2960
f 2972 2971 2033
f 2007 2377 2973
f 9004 9003 2134
f 1836 1833 1832
f 8950 2188 2090
f 955 810 959
f 672 675 674
f 633 710 713
f 2024 732 733
f 2025 2024 803
f 425 1552 1550
f 2975 2976 888
f 1319 1158 1157
f 1212 1935 2977
f 889 957 2228
f 1978 1974 1975
f 1138 1078 1329
f 751 665 2979
f 1619 1613 1625
f 2252 2255 1728
f 1157 1160 845
f 2706 1936 1938
f 2980 2255 2254
f 2982 2975 887
f 802 712 711
f 678 677 2029
f 527 840 690
f 1839 1207 2629
f 2983 2984 602
f 2983 1914 1913
f 2985 2983 1331
f 2986 2984 2983
f 2987 2637 2635
f 2985 2988 2639
f 2990 1319 1318
f 2991 2992 2993
f 2995 2991 2994
f 1106 1058 2991
f 1058 1057 2992
f 1415 1406 1365
f 1317 922 2217
f 1932 1728 2255
f 926 2998 2999
f 3001 2993 2992
f 3000 2992 1057
f 2999 3000 2978
f 2998 3001 3000
f 3002 2998 2209
f 3002 3003 2996
f 2993 3001 3002
f 1103 1106 2995
f 3004 2995 2996
f 2209 2210 3004
f 588 1103 3004
f 295 296 433
f 2638 2639 2988
f 3005 2988 1056
f 1305 3005 1930
f 1276 2638 3005
f 1987 1968 1993
f 2633 1762 1761
f 1423 1422 1417
f 9005 8961 739
f 2671 2670 2704
f 1473 1872 2035
f 922 1317 2694
f 1401 1400 1378
f 556 2028 1884
f 842 848 9277
f 1854 2706 2617
f 933 1082 1081
f 1440 1441 1436
f 529 657 719
f 1031 1025 1027
f 777 913 912
f 2645 1205 1204
f 441 438 1538
f 3771 3774 3773
f 790 1287 587
f 2065 2066 1610
f 1860 991 990
f 60 106 87
f 1424 1017 1948
f 332 1527 1507
f 261 262 138
f 187 188 449
f 1719 1720 1726
f 1931 1055 1059
f 3006 1059 1105
f 1287 3006 1104
f 1286 1931 3006
f 3007 3008 3009
f 3009 3008 653
f 618 999 26
f 2029 677 1210
f 957 601 600
f 1049 2146 2228
f 2631 890 3011
f 890 889 2227
f 3011 2227 2145
f 2561 3011 3012
f 1026 656 609
f 2706 1854 1961
f 3013 2965 2485
f 2148 2147 1267
f 3015 1267 1266
f 2997 2264 1101
f 642 641 1773
f 186 477 461
f 1041 1040 1320
f 1121 3016 3017
f 2984 2986 2987
f 3018 2987 2634
f 1048 603 3018
f 603 602 2984
f 2679 2678 801
f 2062 2072 2074
f 2061 2074 2076
f 414 303 1545
f 3016 1121 2683
f 3019 2683 2704
f 3020 3019 2670
f 3007 3016 3019
f 1871 1090 1091
f 3021 1787 1122
f 3022 3021 3017
f 1314 3021 3022
f 1784 1787 3021
f 1316 1315 1763
f 3023 3022 3010
f 3023 3009 795
f 1763 3023 1092
f 1315 3022 3023
f 3016 3007 3010
f 752 751 2978
f 2986 2639 2637
f 3024 654 653
f 3020 3024 3008
f 720 723 3024
f 723 2621 654
f 2681 1098 1268
f 2671 3025 1268
f 2705 2681 3025
f 1313 3026 3027
f 3026 3028 3029
f 3027 3029 3030
f 1311 3027 3031
f 2012 568 731
f 917 2657 974
f 3742 3745 3744
f 743 1206 856
f 1888 2027 2030
f 2682 2705 2684
f 3032 2684 1124
f 1100 3032 2989
f 1099 2682 3032
f 1123 2990 2989
f 3033 1834 1159
f 2990 3033 1158
f 1123 1786 3033
f 1786 1785 1834
f 1054 1056 2988
f 2979 665 664
f 2623 2622 2663
f 1095 660 688
f 3034 3035 2261
f 3036 3034 2956
f 3037 3038 3034
f 3038 3039 3035
f 3040 3041 3026
f 2263 3042 3041
f 3042 3039 3043
f 3041 3043 3028
f 3044 3045 3043
f 3046 3047 3045
f 3047 3048 3049
f 3043 3045 3049
f 3038 3037 3051
f 3050 3051 3053
f 3052 3046 3044
f 3039 3038 3050
f 3054 3035 3039
f 3042 2263 2262
f 2261 3035 3054
f 2216 2263 2997
f 2212 2211 2667
f 3056 868 2209
f 934 3057 1961
f 2013 9207 9209
f 3058 3059 3060
f 3059 3062 3063
f 3060 3063 2213
f 3061 3060 1963
f 3063 3064 2214
f 3062 3065 3064
f 3065 2257 2260
f 3064 2260 2215
f 3066 3067 3031
f 2608 2966 3067
f 2966 2562 3068
f 3031 3067 3068
f 2455 2458 2461
f 2476 2223 2226
f 8995 2090 2089
f 8970 2774 9221
f 433 354 355
f 2115 1423 1419
f 8953 2868 2922
f 9221 9189 2131
f 3069 2611 2167
f 2971 2972 2928
f 2961 2774 2773
f 3070 2475 2478
f 2610 2609 3071
f 2502 2371 2374
f 3072 2592 2595
f 2964 3046 3052
f 3048 2593 3074
f 2593 2592 3075
f 3075 3030 3029
f 3074 3029 3028
f 3072 3076 3075
f 3076 3072 2482
f 2481 2608 3066
f 3076 3066 3030
f 2967 3052 3053
f 2482 3072 3073
f 479 480 493
f 706 9352 9325
f 9005 2194 2221
f 2013 2010 9206
f 8977 2032 2016
f 9006 8963 2222
f 1171 1154 1155
f 3782 3644 3689
f 2586 2566 2565
f 2982 110 113
f 2562 2376 3077
f 2376 2375 3012
f 3012 2145 2148
f 3077 2148 3015
f 2963 3047 3046
f 3051 3078 2970
f 1683 2173 491
f 9302 2122 1447
f 1986 2181 9186
f 3079 3080 2546
f 3081 3079 2575
f 1983 1986 9220
f 3082 2323 2319
f 3080 3082 2545
f 9186 9184 3082
f 9184 9200 2323
f 1309 1471 1888
f 3073 2595 2772
f 2760 3083 3084
f 2760 2085 2088
f 3085 3084 3086
f 3089 3085 3090
f 3089 2762 3084
f 3092 3088 3090
f 3093 2748 2744
f 2751 2747 2748
f 3093 2741 2752
f 2742 2741 3093
f 3094 3093 2743
f 3096 3097 3098
f 3099 3096 3087
f 3097 3094 3095
f 3100 2743 2746
f 3101 2927 3102
f 2764 2766 2927
f 2745 2764 3101
f 3102 3092 3091
f 3100 3091 3095
f 2869 2802 9044
f 3102 3103 3104
f 9110 2868 2869
f 2927 2926 3103
f 3098 3095 3091
f 3087 3098 3090
f 2088 2125 3105
f 3083 3105 3086
f 2483 3073 2771
f 2401 2186 2185
f 3099 3086 3105
f 2125 2207 3106
f 3108 2737 2742
f 3107 2742 3094
f 3110 3108 3107
f 3109 3107 3097
f 3111 3109 3096
f 3112 3110 3109
f 3113 2738 2737
f 3115 2723 2722
f 3117 3115 3114
f 3119 3117 3116
f 3118 3116 3120
f 3116 3114 3113
f 3122 3112 3111
f 3122 3123 1755
f 3124 3125 3126
f 3125 3118 3121
f 3128 3119 3118
f 3129 3128 3125
f 2020 2712 3128
f 9305 9309 1346
f 1065 1046 1047
f 1814 9290 9282
f 2021 2020 3129
f 3111 3099 3106
f 3123 3106 2207
f 2377 2225 2224
f 3014 2485 113
f 1756 2208 9234
f 3131 3132 2530
f 3133 3131 2528
f 1753 1756 9219
f 3134 3124 3127
f 2327 2408 2314
f 2436 2318 2317
f 2018 2021 9163
f 2534 3136 3137
f 2320 2322 3136
f 2185 2018 9164
f 3138 3139 2542
f 3134 3135 9196
f 9237 3130 3134
f 3140 3138 2539
f 2535 3137 3140
f 9163 2021 3130
f 2558 2530 3132
f 9234 9212 3141
f 2560 2558 3141
f 9212 9229 3142
f 958 888 2976
f 1933 1932 2980
f 3714 3704 3729
f 2399 2424 2418
f 2348 2342 2343
f 2322 2320 2319
f 2718 2717 2874
f 2709 2729 2873
f 2894 2871 1361
f 3788 3789 3720
f 346 289 176
f 1876 1877 1882
f 2802 2803 9059
f 3104 3144 3088
f 2974 2222 9101
f 3089 3145 2761
f 3088 3144 3145
f 2803 2974 9055
f 9322 9361 692
f 2123 1419 1418
f 1365 1363 1368
f 3346 3345 3344
f 1581 1766 1782
f 9013 2202 2129
f 8999 2003 2002
f 3146 2585 2551
f 9203 3146 3147
f 9194 3149 3146
f 3149 2584 2585
f 3196 3198 3197
f 9056 2192 2191
f 3142 3150 2556
f 9229 9230 3150
f 9098 3152 2550
f 3150 3151 2555
f 9230 9232 3151
f 9240 9233 3152
f 3153 3147 2551
f 3152 3153 2549
f 9233 9228 3153
f 9228 9202 3147
f 3148 2767 2206
f 2183 2401 2321
f 2132 2960 2928
f 3299 3300 3321
f 9136 9137 2204
f 9171 2198 2197
f 2594 2962 2773
f 2595 2594 2951
f 1870 798 799
f 3257 3260 3259
f 9165 2179 2178
f 9158 2178 9188
f 336 3154 9226
f 339 3155 3154
f 9241 9135 3149
f 9135 9149 2584
f 2963 2962 3048
f 9174 9182 337
f 339 338 2566
f 3156 3157 2168
f 2610 3156 2167
f 2954 2953 3156
f 3157 3156 2953
f 9159 2166 2169
f 2567 3158 3159
f 337 3158 2567
f 9182 3069 2166
f 9216 2190 1983
f 2579 3160 3081
f 2568 3159 3160
f 9161 2169 2190
f 3065 3062 3162
f 3161 3162 1984
f 3157 3161 2189
f 2257 3065 3161
f 734 735 1922
f 3059 3058 2708
f 3163 2708 2182
f 3162 3163 1985
f 3062 3059 3163
f 3203 3206 3205
f 3806 3809 3808
f 2122 2119 1448
f 9269 1686 1685
f 139 140 444
f 1570 569 566
f 2957 3164 3165
f 2955 3166 3164
f 1912 454 341
f 3130 3129 3124
f 1548 322 319
f 1949 1950 1327
f 2969 2970 3078
f 3167 3078 3169
f 9176 2014 2017
f 9172 2017 2033
f 3168 3169 3165
f 3170 3165 3164
f 9231 3170 3171
f 9176 3168 3170
f 3171 3164 3166
f 3172 3166 3071
f 9204 3172 3173
f 9208 3171 3172
f 3169 3037 3036
f 2593 3048 2962
f 3173 3071 2609
f 3174 2609 2199
f 9235 3174 2198
f 9201 3173 3174
f 2190 2189 1984
f 2196 2195 2767
f 3326 3329 3328
f 2119 2120 1414
f 1464 1463 1466
f 2199 2611 3069
f 2457 2456 2587
f 2226 2225 2562
f 481 478 1627
f 333 1512 235
f 3078 3051 3037
f 3040 2264 2997
f 3351 3352 3262
f 2219 1934 1933
f 2385 2384 2497
f 221 2220 3175
f 2220 1933 3143
f 3175 3143 2976
f 2484 3175 2975
f 2954 3071 3166
f 2630 1858 110
f 1547 319 1952
f 2091 2090 2188
f 9185 9188 2178
f 1918 1919 1927
f 9007 112 111
f 3398 3401 3400
f 955 956 960
f 2037 3014 112
f 3143 2980 2981
f 2218 2211 2214
f 672 9329 9239
f 2152 3013 3014
f 1147 1144 1143
f 2248 2246 1409
f 1615 1636 1635
f 1410 1409 2246
f 3486 3488 3487
f 3468 3469 3502
f 3451 3453 3452
f 1382 3176 3177
f 3177 1410 2247
f 2247 1383 3177
f 3176 2238 2230
f 1410 3177 3179
f 3179 3180 2243
f 1633 3181 2800
f 3816 3818 3817
f 1621 1620 2758
f 3642 3801 3662
f 3422 3421 3260
f 1622 1621 2245
f 2236 1394 3181
f 3793 3796 3795
f 3493 3496 3495
f 2237 2236 3182
f 3513 3516 3515
f 2250 1631 2233
f 3654 3666 3667
f 2912 1629 1628
f 3819 3822 3821
f 3432 3824 3823
f 135 136 1564
f 1567 419 512
f 1085 1084 2653
f 3184 869 868
f 869 3184 3057
f 3389 3388 3387
f 1266 1268 1098
f 1267 2147 722
f 937 1146 2646
f 2146 1049 722
f 2211 2218 921
f 1957 510 507
f 1313 1312 2264
f 1496 362 1493
f 2887 2937 2933
f 1687 1688 1659
f 145 1499 1498
f 3831 3829 3830
f 37 38 418
f 1935 1934 3185
f 104 89 301
f 2101 2098 2083
f 543 298 360
f 1934 2219 3186
f 234 1521 212
f 9297 9273 1822
f 3825 3828 3827
f 1976 1875 1874
f 223 3186 2219
f 9107 9108 9057
f 2165 2164 467
f 467 468 2165
f 773 476 2165
f 3673 3658 3659
f 1935 1212 1728
f 3490 3491 3840
f 3362 3359 3848
f 3862 3865 3864
f 3465 3466 3484
f 3893 3894 3525
f 3352 3351 3430
f 3869 3872 3871
f 3529 3530 3567
f 3420 3417 3922
f 3304 3235 3236
f 3929 3932 3931
f 3324 3326 3327
f 3219 3937 3939
f 3220 3938 3937
f 3450 3375 3376
f 3942 3832 3833
f 3215 3216 3454
f 3946 3332 3215
f 3422 3949 3948
f 3950 3457 3198
f 3205 3206 3957
f 3261 3962 3961
f 3852 3853 3964
f 3214 3211 3946
f 3965 3213 3214
f 3797 3800 3799
f 3988 3991 3990
f 3777 3779 3806
f 3855 3858 3447
f 3737 3799 3800
f 3949 3953 3952
f 3651 3782 3783
f 4001 3784 3787
f 4019 4022 4021
f 4027 4030 4029
f 3258 3259 4030
f 4033 4036 4035
f 3424 3425 4047
f 3242 3243 4058
f 3970 3489 3547
f 3829 3242 4057
f 3333 3332 3947
f 4063 4068 4065
f 4073 4076 4075
f 3568 3456 3443
f 3981 3334 3335
f 3540 3915 3862
f 4078 4079 4031
f 3565 3566 4088
f 3442 3455 4089
f 4092 4095 4094
f 4093 4094 4097
f 3619 3620 3623
f 3660 4098 3821
f 3809 3648 3649
f 3610 3652 3655
f 3656 3622 3623
f 3621 3803 3804
f 3503 3480 3481
f 3436 3439 3438
f 3356 3428 3427
f 3628 3670 3669
f 3734 3811 4002
f 3276 3273 3370
f 3763 4106 4107
f 4006 4007 3754
f 3747 3751 3752
f 3863 3864 4110
f 3994 3891 4003
f 3653 3801 3664
f 3296 4116 4115
f 4117 4120 4119
f 3249 3252 3251
f 4127 4130 4129
f 3478 3575 3903
f 3410 4136 3921
f 3977 4061 4038
f 3216 3452 3453
f 3967 3547 3548
f 4140 4078 4032
f 3509 4086 4149
f 4151 4152 3659
f 4153 4152 3656
f 4153 4154 3646
f 4156 3688 3645
f 4139 4077 4078
f 3743 3744 4163
f 3861 3918 3987
f 3468 4066 4067
f 3306 3981 3980
f 4172 4173 4010
f 4169 4170 3836
f 4187 4190 4189
f 4213 4216 4215
f 4220 4223 4222
f 4225 4226 4211
f 4230 4233 4232
f 4240 4243 4242
f 3606 3609 3608
f 4250 4253 4252
f 4258 4261 4260
f 4077 4080 4079
f 4276 4279 4278
f 4308 4262 4263
f 4017 4018 3872
f 3196 3193 3951
f 4316 4317 4270
f 3870 4306 4307
f 4324 4327 4326
f 4333 4334 4247
f 4338 4341 4340
f 4348 4351 4350
f 4283 4284 4289
f 4356 4359 4358
f 4359 4019 4020
f 4362 4363 4196
f 4320 4364 4279
f 4370 4372 4296
f 4377 4253 4303
f 4231 4232 4201
f 4203 4212 4331
f 4037 4040 4039
f 4371 4265 4386
f 4387 4346 4347
f 3309 3293 3294
f 4099 3723 3724
f 4355 3422 3257
f 3630 3680 3693
f 4277 4278 4302
f 4350 4318 4319
f 4353 4354 4351
f 3637 3634 3639
f 4394 4395 3827
f 3311 3312 4399
f 3755 3708 4005
f 4363 4362 4259
f 3454 3453 3919
f 3446 3447 3459
f 4298 4299 4404
f 3749 3746 3769
f 3791 3741 3756
f 3643 3685 3684
f 3845 3846 3399
f 4313 3257 3258
f 4411 4413 4408
f 3843 4424 4423
f 4214 4215 4329
f 4431 4434 4433
f 3918 3861 3798
f 3927 3928 3388
f 4453 3893 3874
f 4138 4458 4457
f 3346 4460 4459
f 4100 4109 4108
f 3974 3977 3976
f 3665 3655 3652
f 3773 3565 3993
f 3945 3454 3920
f 4144 4463 4462
f 4464 4467 4466
f 3268 4142 4479
f 4484 3921 4136
f 3348 3914 4487
f 3313 3314 3912
f 3803 3621 3617
f 4086 3509 3510
f 4034 3304 3305
f 3403 3404 4171
f 4481 4482 4492
f 4177 4180 4179
f 4398 4170 3923
f 4451 4493 4494
f 4501 4075 4076
f 4509 4510 4506
f 3304 4034 4462
f 4485 4399 3312
f 3419 4488 3349
f 4356 4345 4385
f 4026 4354 4358
f 4354 4353 4357
f 3599 3596 4091
f 4341 4338 4254
f 4251 4252 4524
f 3482 3485 3484
f 3843 3543 3544
f 4295 4341 4274
f 4381 4530 4206
f 4204 4205 4531
f 4533 4536 4535
f 4542 4545 4544
f 4546 4549 4548
f 4573 4574 4547
f 4575 4578 4577
f 4221 4581 4580
f 4587 4590 4589
f 4328 4592 4589
f 4187 4565 4563
f 4595 4583 4593
f 4597 4605 4604
f 4609 4608 4611
f 4620 4623 4622
f 4612 4615 4614
f 4636 4638 4600
f 4649 4651 4650
f 4652 4655 4654
f 4662 4665 4664
f 4666 4669 4668
f 4637 4639 4685
f 4627 4701 4700
f 4684 4686 4636
f 4663 4689 4661
f 4699 4698 4697
f 4647 4648 4703
f 4709 4711 4603
f 4724 4633 4726
f 4742 4745 4744
f 3311 3923 3924
f 4698 4759 4758
f 4749 4765 4609
f 4342 4345 4344
f 4797 4800 4799
f 4490 4048 3974
f 4019 4359 4306
f 4512 3955 4514
f 3991 3988 4508
f 4692 4695 4694
f 4680 4681 4818
f 4821 4822 4824
f 4367 4239 4243
f 4833 4832 4831
f 4837 4744 4757
f 4332 4563 4562
f 4683 4835 4819
f 4845 4843 4850
f 4751 4753 4752
f 4854 4855 4695
f 4858 4719 4718
f 4822 4559 4859
f 4674 4646 4647
f 4771 4774 4773
f 4726 4727 4537
f 4714 4718 4719
f 4633 4634 4688
f 4616 4619 4618
f 4686 4684 4842
f 4869 4707 4708
f 3502 3868 3528
f 4777 4660 4737
f 4734 4732 4779
f 4883 4755 4663
f 4375 4294 4274
f 4290 4343 4335
f 4816 4815 4812
f 4778 4779 4732
f 4158 3710 4160
f 4195 4198 4197
f 3860 3861 4166
f 3758 3759 3763
f 3694 3691 4157
f 4249 4248 4391
f 3467 3470 3469
f 4209 4212 4211
f 4142 3268 4144
f 3615 3614 3617
f 3479 3480 3536
f 4883 4753 4672
f 4802 4801 4642
f 3698 3637 3638
f 4105 3725 3726
f 4848 4645 4896
f 4878 4877 4744
f 4610 4874 4748
f 4036 3403 4489
f 4355 4313 4314
f 4171 4141 4049
f 3875 3452 3216
f 4868 4865 4863
f 4623 4900 4691
f 3629 3626 4155
f 4654 4887 4898
f 4012 4015 4014
f 4902 4903 4866
f 4768 4769 4908
f 4370 4386 4385
f 4888 4860 4914
f 3546 3543 3917
f 4932 4926 4931
f 3625 3622 4151
f 3804 3669 3670
f 3816 4104 4103
f 4911 4898 4887
f 4928 4930 4927
f 4925 4929 4927
f 3655 3665 3666
f 4932 4919 4910
f 4937 4923 4912
f 4939 4938 4942
f 4228 4529 4530
f 4946 4945 4942
f 4938 4922 4923
f 4942 4938 4937
f 4951 4950 4930
f 4955 4951 4928
f 4748 4750 4615
f 4914 4860 4847
f 4824 4859 4584
f 4940 4939 4941
f 4916 4961 4960
f 4909 4907 4891
f 4971 4967 4968
f 4966 4970 4948
f 4962 4952 4953
f 4940 4935 4924
f 4831 4916 4917
f 4935 4936 4925
f 4275 4255 4261
f 4679 4758 4791
f 4016 4309 4373
f 4668 4764 4766
f 4539 4537 4727
f 4929 4925 4936
f 4775 4776 4801
f 4801 4776 4742
f 4732 4734 4611
f 4985 4984 4983
f 4534 4586 4562
f 4847 4644 4645
f 4788 4787 4619
f 4787 4788 4678
f 4657 4606 4605
f 4994 4996 4878
f 5006 5009 5008
f 5001 5003 4973
f 4814 4618 4619
f 5014 4989 4974
f 5003 5002 4972
f 5019 5006 5007
f 5024 5016 5017
f 5036 5037 5035
f 4990 5019 4975
f 5045 5033 5034
f 5048 5049 5034
f 5025 5017 5014
f 5046 5038 5043
f 5051 5052 5055
f 5044 5050 5060
f 5011 4981 5021
f 5013 5069 5068
f 5028 5073 5072
f 5077 5074 5064
f 5065 5080 5079
f 5083 5079 5080
f 5063 5067 5080
f 5054 5055 5071
f 4602 4603 4711
f 5058 5082 5083
f 4982 4983 4792
f 5041 5033 5045
f 3909 3911 3278
f 3471 3474 3473
f 5002 5003 4994
f 5060 5080 5067
f 4892 4861 4862
f 4891 4813 4884
f 4996 4994 5003
f 4997 5015 5005
f 4813 4617 4614
f 4618 4814 4827
f 5089 5090 5093
f 3303 3306 3305
f 5100 5103 5102
f 5107 5110 5109
f 5110 5115 5092
f 4610 4611 4734
f 5112 5103 5100
f 5088 5091 5090
f 5119 5118 5117
f 5092 5115 5096
f 3826 3830 3829
f 5108 5109 5102
f 5100 5130 5087
f 5118 5131 5133
f 3783 3689 3690
f 4444 4447 4446
f 5151 5153 5150
f 4790 4616 4617
f 4332 4182 4190
f 3266 3267 4451
f 3211 3947 3332
f 4741 4796 4760
f 4775 4778 4777
f 4764 4665 4691
f 4489 4171 4048
f 4466 4477 4511
f 4518 3936 3930
f 4786 4787 4791
f 4980 5005 4984
f 5144 5152 5150
f 5159 5146 5148
f 5121 5119 5120
f 5169 5164 5162
f 5016 4978 4979
f 5123 5180 5179
f 5181 5180 5140
f 5175 5185 5184
f 4575 4581 4586
f 4984 4985 4976
f 4596 4599 4598
f 5182 5181 5183
f 4785 4619 4787
f 5137 5124 5122
f 5167 5179 5180
f 4835 4683 4898
f 4687 4727 4726
f 4176 3836 4170
f 4760 4761 4655
f 4681 4680 4649
f 5121 5093 5132
f 5171 5191 5178
f 5174 5178 5191
f 5169 5193 5194
f 4909 5094 5095
f 5105 5104 5112
f 4767 5108 5126
f 5201 5202 5205
f 5219 5218 5217
f 5229 5214 5200
f 5234 5237 5236
f 4069 4072 4071
f 4724 4725 4717
f 5108 4767 4768
f 5103 5195 5126
f 5227 5218 5211
f 5015 4997 4884
f 4997 4998 4892
f 5197 5198 5215
f 5241 5199 5247
f 5013 4975 5019
f 5205 5239 5232
f 4969 4967 4971
f 5239 5205 5249
f 4808 5243 5225
f 5216 5247 5199
f 5253 5245 5242
f 5235 5236 5255
f 5135 5148 5157
f 5264 5260 5267
f 5245 5203 5215
f 5260 5261 5269
f 5264 5266 5274
f 5154 5153 5173
f 5287 5272 5278
f 5256 5301 5300
f 5173 5174 5176
f 4631 4630 4629
f 4781 4784 4783
f 5309 5307 5311
f 5155 5156 5144
f 4826 4828 4827
f 5291 5295 5308
f 5310 5311 5281
f 5311 5307 5308
f 4036 4033 4176
f 4641 4716 4704
f 5220 5224 4804
f 4770 5206 5207
f 5188 5185 5175
f 5180 5123 5129
f 4626 4700 5314
f 4731 4728 5315
f 5222 5213 5210
f 4728 4882 5316
f 5230 5219 5216
f 5297 5296 5240
f 5204 5233 5208
f 5318 4868 4864
f 5273 5272 5287
f 5221 5210 5219
f 4700 4902 5321
f 5313 5314 5328
f 5157 5149 5154
f 5275 5276 5263
f 5324 5322 5318
f 5323 5332 5331
f 5343 5334 5345
f 5306 5310 5286
f 5278 5281 5311
f 4882 4625 5320
f 5109 5110 5114
f 5123 5087 5130
f 5299 5283 5284
f 5240 5198 5199
f 5229 5231 5197
f 5305 5302 5292
f 5233 5228 5225
f 5192 5190 5194
f 5104 5105 4670
f 5146 5159 5160
f 5337 5340 5347
f 5347 5340 5341
f 5353 5346 5335
f 5349 5355 5354
f 5355 5358 5357
f 5358 5355 5360
f 5355 5349 5348
f 5342 5366 5365
f 5345 5346 5362
f 5332 5364 5367
f 5372 5371 5315
f 5370 5365 5366
f 5361 5356 5354
f 5364 5365 5368
f 5369 5344 5362
f 5316 5320 5330
f 5373 5359 5371
f 5341 5342 5364
f 5374 5358 5359
f 5329 5376 5375
f 5377 5380 5379
f 5377 5376 5331
f 5380 5377 5367
f 5363 5383 5370
f 5357 5358 5374
f 5381 5385 5361
f 4814 4815 4825
f 4825 4815 4816
f 4806 4746 4747
f 5119 5121 5131
f 4696 4697 4893
f 4696 5389 5390
f 5213 5222 5388
f 5393 5389 5388
f 5380 5382 5384
f 5213 5387 4893
f 4813 4891 4908
f 5390 5392 4693
f 5294 5289 5287
f 5184 5185 5186
f 5285 5275 5253
f 4769 4789 4790
f 5327 5371 5359
f 4598 4621 4690
f 4608 4606 4733
f 4627 4624 4609
f 4596 4604 4851
f 4900 4623 4706
f 4668 4795 5395
f 4863 4865 4639
f 5392 5393 4666
f 4872 4650 4651
f 4807 4791 4758
f 5348 5338 5325
f 5176 5191 5190
f 5046 5031 5022
f 4853 4852 4869
f 5346 5353 5363
f 4709 4880 4620
f 4672 4673 4904
f 4680 4811 4651
f 4841 4844 4688
f 4823 4817 4818
f 4729 4730 4602
f 4881 4729 4851
f 5360 5348 5326
f 4852 4900 4707
f 4890 4751 4669
f 5392 5390 5389
f 5189 5182 5186
f 4881 4604 4605
f 5343 5344 5369
f 4607 4624 4625
f 5056 5055 5052
f 4850 4797 4798
f 3260 5399 5398
f 4855 4736 4899
f 5339 5343 5366
f 4789 4905 4808
f 5400 4040 3948
f 3872 3424 4046
f 4018 3423 3424
f 4025 4523 4172
f 4011 4023 4024
f 4065 4068 3900
f 3413 4012 4013
f 5056 5068 5069
f 5055 5056 5070
f 4062 5398 5399
f 5269 5289 5294
f 4685 4866 4903
f 5254 5242 5240
f 4606 4657 4658
f 4729 4881 4882
f 4030 4041 4043
f 4664 4752 4753
f 3575 3483 3904
f 3413 3410 3922
f 4949 4968 4955
f 4947 4937 4913
f 4849 4850 4894
f 4143 3974 3975
f 4912 4923 4932
f 3774 3771 3995
f 3956 3954 3342
f 4871 4872 4758
f 4270 4273 4272
f 4039 4040 5400
f 3555 3969 5402
f 5403 5404 3906
f 3908 4126 3823
f 4124 4121 5408
f 3901 3902 4046
f 4120 4117 5410
f 4124 3962 4125
f 5420 3906 5404
f 5424 4059 5425
f 3400 5429 5428
f 5432 5433 5435
f 4941 4942 4945
f 4935 4940 4949
f 3895 3898 3897
f 5426 5408 4121
f 5430 3905 3906
f 4045 4041 5398
f 5395 4693 5392
f 4846 4903 4701
f 4880 4709 4710
f 4624 4607 4608
f 4656 4690 4662
f 5305 5307 5309
f 5220 5223 5222
f 4230 4223 4327
f 5030 5073 5028
f 5213 5212 5211
f 5440 3272 3269
f 4396 4397 3980
f 5447 5448 3244
f 3328 3330 5451
f 4208 4391 4248
f 4599 4620 4621
f 4528 4339 4391
f 4529 4228 4199
f 4526 4338 4339
f 4256 4235 5452
f 4532 5452 4241
f 3834 4400 5446
f 5443 5445 5444
f 4530 4247 4334
f 4754 4886 4904
f 4229 4228 4381
f 4205 4382 4383
f 4892 4998 4987
f 4039 4032 3976
f 4738 4780 4796
f 4833 4835 4897
f 4232 4527 4200
f 4194 4240 4241
f 4889 4794 4750
f 4194 4191 4365
f 4531 4383 4195
f 5043 5042 5062
f 4182 4332 4561
f 5446 5447 3241
f 5237 5239 5248
f 4206 4334 4382
f 5210 5211 5218
f 3426 3922 3417
f 4216 4191 4192
f 4219 4210 4184
f 4180 4561 4380
f 4327 4595 4591
f 4223 4230 4231
f 4215 4192 4360
f 4186 4568 4218
f 4190 4330 4209
f 4223 4220 4595
f 4326 4591 4328
f 4366 4389 4568
f 4570 4548 4549
f 4579 4573 4548
f 4563 5453 4533
f 4583 4595 4220
f 4586 4380 4561
f 4239 4196 4363
f 4572 4571 4567
f 4536 4539 4585
f 4538 5453 4566
f 4536 4533 5453
f 3573 3986 3983
f 5427 3963 3552
f 4553 4587 4588
f 4593 4554 4555
f 4368 4365 4183
f 4361 5452 4235
f 4233 4369 4527
f 4233 4230 4324
f 4212 4209 4330
f 4237 4324 4325
f 4193 4241 5452
f 4983 5015 4885
f 5002 4995 4986
f 5074 5077 5076
f 4698 4699 5391
f 5391 4699 5390
f 4871 4899 4650
f 4546 4857 4543
f 4553 4550 4901
f 4552 4588 4555
f 5223 4804 4805
f 5386 5382 5383
f 5317 5315 5371
f 3240 3237 4429
f 5384 5385 5381
f 3938 3217 3218
f 3942 3943 5455
f 5361 5385 5386
f 4542 4540 4541
f 3910 5430 5420
f 3939 3333 4060
f 3851 5350 5351
f 3838 5427 3556
f 4547 4858 4857
f 5442 5443 4050
f 3385 3874 5428
f 4257 4234 4235
f 5312 5212 4893
f 4212 4203 4204
f 3854 3849 5461
f 4226 4184 4210
f 4202 4177 4178
f 3316 3983 3897
f 5464 5465 4432
f 5465 5466 3883
f 4472 4469 4449
f 4501 4472 4450
f 4074 4075 4080
f 5473 5474 5401
f 4173 4172 5475
f 3432 3429 3520
f 3462 5505 5504
f 4075 4501 4494
f 5482 5481 3387
f 5468 5471 5470
f 3427 5421 5422
f 4498 4499 4487
f 5403 3824 5414
f 3382 5523 5522
f 3492 5512 5511
f 3429 3434 3517
f 3873 5522 5524
f 5480 5479 3350
f 3477 5508 5505
f 4507 4508 5544
f 4396 5550 5551
f 3374 5552 5553
f 3373 5553 5554
f 5479 4521 4063
f 3390 5554 5555
f 5531 5525 5566
f 3368 5568 5567
f 5556 5557 5560
f 3393 5555 5557
f 4433 3364 5463
f 5464 5463 5458
f 4435 4437 4439
f 4055 4393 3277
f 3273 3278 3911
f 3395 3357 3358
f 5486 3894 4071
f 5526 4455 4453
f 5525 5570 5569
f 5568 3526 3527
f 3527 3362 3847
f 3365 5461 3849
f 5462 3849 3850
f 4435 4436 5571
f 3378 3379 3943
f 5573 5578 5577
f 4438 5455 3943
f 5477 5574 5579
f 5582 5581 5580
f 5583 5580 5581
f 5586 5585 5588
f 4074 5472 5586
f 5583 5585 5474
f 4507 5589 5590
f 5573 5478 4522
f 3989 5595 5596
f 5594 3406 3407
f 4436 3381 5572
f 5591 3990 3991
f 4507 4475 4476
f 3990 5591 5587
f 5578 3409 3406
f 5595 3989 5584
f 5484 3394 3358
f 4441 4442 5467
f 5472 4074 4077
f 5522 5599 5570
f 5486 3358 3353
f 5481 4498 3386
f 3475 5506 5492
f 5476 4523 3899
f 5540 5541 5606
f 5542 5540 5603
f 5608 5543 5542
f 5608 5607 5545
f 5607 5603 5609
f 5599 5600 5548
f 5598 5592 5543
f 5595 5594 5593
f 5588 5584 3989
f 5626 3265 3266
f 5627 3266 4448
f 5469 4449 4469
f 4515 4517 5625
f 4503 4473 4474
f 4481 5626 5627
f 4500 5628 5469
f 3414 4468 5466
f 5594 5595 5581
f 3376 3377 4430
f 3444 3944 3941
f 5572 3944 3444
f 4273 4286 4287
f 4345 4356 4357
f 4386 4304 4305
f 4517 4462 4463
f 4352 4349 4319
f 4352 4250 4251
f 4268 4277 4390
f 4264 5629 4320
f 4346 4387 4282
f 4337 4335 4343
f 4289 4244 4245
f 4303 4378 4287
f 4343 4290 4291
f 4284 4333 4244
f 4375 4519 4291
f 4379 4319 4271
f 4337 4353 4348
f 4524 4525 4295
f 4364 4362 4197
f 4285 4282 4390
f 5206 5209 5208
f 4297 5629 4371
f 4346 4283 4286
f 4285 4300 4333
f 3571 3572 4395
f 5341 5340 5339
f 5346 5345 5334
f 5269 5261 5273
f 4510 4509 5609
f 4509 4474 5545
f 4445 4446 5611
f 5566 5569 5568
f 5349 5336 5338
f 5489 5490 3401
f 5565 5566 3368
f 5496 5497 5417
f 5523 3382 3383
f 5325 5338 5347
f 5523 5600 5599
f 5429 3400 3401
f 3887 5632 5631
f 5634 5613 5600
f 5276 5280 5279
f 5298 5297 5257
f 5087 5086 5085
f 3361 3526 5612
f 5041 5061 5066
f 5487 5488 3383
f 5101 5116 5130
f 5299 5298 5300
f 5333 5336 5335
f 5302 5305 5304
f 5234 5247 5216
f 5301 5256 5255
f 4868 5318 5322
f 5281 5278 5277
f 5323 5321 5322
f 5298 5284 5296
f 4885 4829 4750
f 5231 5230 5196
f 4625 4626 5313
f 5111 5113 5085
f 5600 5613 5549
f 5531 5564 5563
f 5165 5166 5182
f 5283 5280 5285
f 4269 4276 4277
f 5610 5609 5603
f 5127 5090 5091
f 4907 5095 5125
f 5277 5278 5272
f 5596 5593 5592
f 5212 5312 5226
f 5273 5261 5262
f 5302 5301 5258
f 5635 5646 5645
f 4250 4352 4379
f 4485 4136 3405
f 4354 4026 4023
f 4265 4262 4304
f 4388 4390 4282
f 4345 4342 4384
f 4362 4364 4297
f 4836 4765 4612
f 4360 4361 4236
f 4369 4233 4237
f 5647 5636 3986
f 5650 3965 3192
f 5337 5338 5336
f 4467 4478 4477
f 4253 4377 4340
f 4429 3416 5457
f 3997 4133 3915
f 5535 3856 3839
f 5538 5541 4460
f 3439 3376 5571
f 5570 5525 5526
f 3438 5571 5572
f 4440 4468 3879
f 3440 5665 4407
f 3886 5685 5695
f 5534 5529 5396
f 5685 3886 3471
f 4278 4198 4301
f 5628 4448 4449
f 3579 3537 3538
f 4480 5627 5628
f 4402 5499 5517
f 4279 4197 4198
f 3603 3534 3532
f 3580 3594 4088
f 4095 3530 3531
f 5248 5249 5251
f 3778 3819 3999
f 4617 4618 4613
f 4375 4275 4372
f 3411 3405 4136
f 5094 5106 5111
f 3602 3532 3535
f 4023 4011 4350
f 4349 4352 4336
f 3605 3535 3536
f 4469 4472 4471
f 4094 3531 3593
f 4248 4249 4245
f 3519 5521 5518
f 5254 5296 5284
f 4852 4853 4795
f 4265 4371 5629
f 5632 5499 5503
f 3604 3611 3612
f 5549 5501 5502
f 3653 3606 3607
f 4780 4738 4873
f 4988 4989 4979
f 4491 5625 5626
f 4837 4904 4995
f 4615 4612 4765
f 5468 4469 4470
f 3514 3470 3467
f 5491 5680 4409
f 4093 3618 3619
f 4364 4320 5629
f 3488 5510 5509
f 5606 5539 5611
f 4210 4219 4189
f 4600 4603 4602
f 5242 5215 5198
f 5073 5074 5075
f 5651 5657 3940
f 3996 3541 3775
f 5200 5203 5202
f 5525 5531 5527
f 3364 4433 4434
f 3775 3541 3542
f 3941 3833 5485
f 3731 3706 4105
f 4997 5000 4999
f 4508 5598 5608
f 4101 4099 3818
f 3728 4109 4103
f 4591 4593 4592
f 4539 4536 4538
f 4550 4553 4552
f 4541 4566 4567
f 4389 4579 4570
f 4582 4583 4580
f 4976 4979 4978
f 4705 4708 4707
f 4797 4850 4843
f 3713 3729 3730
f 4675 4647 4702
f 4977 4978 4981
f 4810 4818 4817
f 4786 4811 4812
f 4715 4631 4628
f 4978 5016 5021
f 5010 5009 5006
f 3722 3743 4162
f 4558 4557 4560
f 4568 4570 4569
f 4584 4578 4535
f 4641 4631 4715
f 5026 5014 5012
f 4776 4777 4745
f 4714 4628 4712
f 4982 4996 5001
f 4576 4577 4560
f 4564 4567 4566
f 5069 5013 5018
f 5057 5052 5048
f 4810 4812 4811
f 3710 4158 3786
f 4991 4992 4999
f 5011 5009 5010
f 5008 5020 5022
f 5066 5067 5063
f 5047 5037 5024
f 5050 5049 5051
f 5023 5021 5016
f 5045 5044 5059
f 5047 5025 5026
f 3711 3712 3724
f 5048 5035 5037
f 5042 5040 5063
f 5058 5053 5051
f 5036 5038 5046
f 3715 3699 3700
f 5235 5256 5257
f 3732 3729 3704
f 5030 5031 5062
f 5020 5021 5023
f 5263 5262 5261
f 5049 5050 5044
f 5236 5248 5250
f 5031 5030 5027
f 5043 5038 5039
f 5320 5313 5329
f 5049 5048 5052
f 5326 5319 5317
f 3264 3261 3288
f 5264 5265 5263
f 4998 4999 4992
f 5009 5011 5020
f 5036 5032 5039
f 5032 5035 5034
f 4355 4317 3949
f 4269 4266 4374
f 4253 4250 4378
f 4525 4524 4252
f 3960 4112 4111
f 4372 4275 4258
f 5681 5672 5673
f 4378 4379 4272
f 4270 4347 4346
f 3244 5448 5644
f 4899 4703 4648
f 3734 3732 3702
f 4138 3346 3343
f 4192 4193 4361
f 3813 4001 3812
f 3817 3695 3696
f 5668 5683 5682
f 5690 5691 5687
f 5499 5632 5700
f 3999 3819 3820
f 3745 3742 4102
f 5684 3471 3472
f 5702 3859 3860
f 5712 5713 5693
f 3249 3277 4393
f 5695 5683 5715
f 5694 5715 5716
f 5719 3972 5601
f 4918 4919 4950
f 4774 4742 4743
f 5505 4415 4411
f 3583 3584 3585
f 3710 3687 4157
f 5513 5725 4417
f 5704 3563 4146
f 4141 4045 4062
f 5669 5689 5688
f 3898 3895 5653
f 5718 3973 3972
f 5684 5687 5686
f 3917 4131 5717
f 3463 5666 5662
f 5492 5506 5680
f 4931 4930 4950
f 5665 3440 3441
f 3788 3717 3740
f 3501 3502 3529
f 3569 3570 3477
f 5516 5728 5727
f 3564 3567 3566
f 3892 5405 5406
f 3962 4124 5407
f 4126 3908 4123
f 4116 3296 3287
f 3892 3887 5630
f 3824 3432 5413
f 4408 4409 5680
f 3969 3966 3978
f 4408 4413 3449
f 4414 3448 3449
f 3962 3261 3262
f 4425 5724 5616
f 4418 5725 5727
f 5716 5597 5575
f 5719 5720 5717
f 5698 5498 5692
f 3880 5621 4166
f 5652 3212 5520
f 5621 5623 4167
f 5679 4409 4410
f 3210 3209 3355
f 5622 5534 5451
f 5416 5417 5497
f 5729 5732 5731
f 5733 5734 3761
f 5735 5738 5737
f 5750 5752 5751
f 5744 5745 5740
f 5744 3770 3753
f 5753 5754 5730
f 5757 5758 5736
f 5731 5752 5765
f 5774 5777 5776
f 5790 5793 5792
f 5796 5786 5787
f 5817 5814 5819
f 5828 5831 5830
f 3725 4105 3751
f 4874 4734 4873
f 4700 4701 4903
f 4740 4820 4876
f 3199 3202 3201
f 4100 4102 4099
f 3749 3767 4108
f 3695 3817 3712
f 3378 3381 3380
f 5504 4411 4412
f 4405 4402 5518
f 5838 5839 5835
f 4705 4632 4712
f 5832 5831 5828
f 5697 5677 5678
f 3791 4006 4005
f 5848 5791 5794
f 3714 3700 3701
f 3995 4148 4042
f 3329 3326 3224
f 4005 3708 3705
f 4551 4762 4763
f 5855 5798 5808
f 5851 5795 5792
f 5803 5801 5858
f 5844 5843 5840
f 5762 5759 5743
f 5808 5809 5806
f 4012 3413 3426
f 5558 3513 3467
f 4550 4763 4720
f 4950 4951 4953
f 3885 3886 5694
f 5705 5706 4081
f 5508 4417 4415
f 3745 3759 3760
f 5507 4412 5680
f 3592 3536 3588
f 3895 5434 5658
f 5613 5500 5501
f 3834 3830 4393
f 5527 4454 4455
f 5775 5806 5809
f 5766 5767 5813
f 5858 5811 5812
f 5855 5815 5811
f 5863 5820 5819
f 5826 5859 5863
f 5862 5866 5833
f 5870 5871 5837
f 5782 5783 5831
f 5868 5838 5836
f 5778 5779 5843
f 5866 5870 5845
f 5785 5864 5867
f 5790 5788 5789
f 5796 5797 5794
f 5821 5818 5819
f 5657 5651 5620
f 5793 5849 5852
f 5855 5858 5801
f 5853 5847 5786
f 5804 5805 5802
f 5827 5867 5864
f 5767 5768 5821
f 5854 5857 5776
f 5860 5817 5818
f 5782 5832 5825
f 5781 5778 5844
f 5810 5811 5815
f 5867 5827 5830
f 5809 5808 5798
f 5828 5829 5863
f 5865 5841 5838
f 5801 5803 5802
f 4086 5707 3795
f 5779 5780 5842
f 5827 5826 5829
f 5839 5872 5869
f 5814 5815 5855
f 5711 4132 3859
f 4958 4957 4917
f 5861 5818 5821
f 5863 5859 5812
f 5865 5868 5823
f 5873 5836 5837
f 5872 5839 5842
f 4089 3455 3563
f 3812 3787 3785
f 5770 5771 5787
f 5789 5786 5847
f 5793 5789 5846
f 4145 4147 4146
f 5848 5773 5790
f 3953 4008 4009
f 5748 5875 5874
f 4624 4627 4626
f 4665 4764 4752
f 4775 4780 4779
f 4746 4670 4671
f 4637 4600 4601
f 4828 4612 4613
f 4704 4763 4762
f 4843 4845 4727
f 4543 4717 4725
f 4731 4864 4863
f 4723 4594 4558
f 4842 4846 4840
f 4717 4543 4857
f 4865 4868 4867
f 5841 5865 5866
f 4725 4726 4540
f 4798 4799 4816
f 4632 4635 4634
f 4720 4716 4715
f 4642 4645 4644
f 3754 4007 5874
f 4860 4761 4644
f 4674 4723 4722
f 4808 4809 4676
f 4721 4722 4822
f 5876 5878 5877
f 4836 4838 4840
f 4658 4661 4660
f 4826 4799 4800
f 4877 4782 4743
f 4948 4970 4971
f 4875 4739 4876
f 4954 4933 4934
f 5773 5770 5788
f 5825 5832 5833
f 5834 5837 5836
f 5834 5844 5845
f 3359 3362 3361
f 5732 5729 3756
f 3394 3397 3396
f 3766 3769 5741
f 5774 5809 5799
f 5805 5776 5857
f 5813 5821 5820
f 3969 3555 3964
f 5667 5668 5674
f 5729 5747 3792
f 3770 5744 5741
f 4741 4740 4739
f 4689 4737 4660
f 5772 5797 5787
f 5735 5733 3758
f 5850 5772 5773
f 5617 5528 3965
f 5799 5800 5854
f 5875 5748 5764
f 5840 5843 5842
f 5861 5768 5769
f 5807 5804 5853
f 5869 5781 5834
f 3765 3768 5739
f 5882 5884 5761
f 5881 5879 5887
f 5895 5896 5898
f 5907 5905 5906
f 5909 5907 5908
f 4234 4257 4526
f 3912 3927 3389
f 5934 8731 8730
f 8730 8731 5930
f 4920 4923 4922
f 8845 8847 8853
f 4141 4171 3404
f 3733 3705 3706
f 8849 8847 8848
f 4234 4237 4236
f 8863 8858 5919
f 3733 4002 4004
f 5908 5906 8859
f 8865 8866 8871
f 8859 8858 8863
f 5927 5924 5925
f 5911 5903 5904
f 8878 8871 8866
f 5635 5638 5637
f 5745 5744 5746
f 3552 3555 3554
f 8857 8889 8890
f 5924 5927 8860
f 3553 3557 3556
f 5919 5920 8861
f 8869 8865 8870
f 8873 8871 8878
f 8856 8857 8875
f 8862 8861 5889
f 8846 8845 8844
f 8864 8863 8866
f 8729 8730 8883
f 8848 8846 8887
f 8878 8879 5888
f 8896 8854 8855
f 8853 8854 8896
f 8841 8842 5882
f 3489 3492 3491
f 8867 8859 8864
f 5910 5908 8867
f 5914 5910 8898
f 5916 5914 8899
f 5889 8861 8860
f 8876 8878 8893
f 5918 5916 8900
f 4424 5722 5726
f 8904 8903 8900
f 8909 8908 8904
f 8908 8907 8903
f 8869 8909 8905
f 3632 3668 3667
f 3687 3690 3689
f 3636 3682 3681
f 3664 3641 3639
f 4304 4307 4306
f 8909 8869 8891
f 3681 3696 3695
f 3758 3761 3760
f 3684 3701 3700
f 3721 3724 3723
f 3941 3944 3943
f 3738 3741 3740
f 3687 3710 3709
f 3238 3239 3938
f 4249 4303 4288
f 4499 4498 3344
f 4240 4194 4368
f 3453 3451 3951
f 4401 3971 3547
f 3950 3951 3451
f 3702 3704 3701
f 3725 3728 3727
f 3194 3207 3208
f 4034 4035 4461
f 3914 3348 3913
f 3483 3575 3533
f 3191 3958 3957
f 4292 3489 3970
f 3909 3910 3428
f 3959 3960 3866
f 4017 4308 4309
f 4316 4318 4008
f 4448 4451 4450
f 4414 4415 4417
f 3435 3430 3351
f 4413 4411 4415
f 3899 3902 3901
f 3780 3781 3648
f 3474 3471 3886
f 3958 3191 3192
f 3221 3223 3935
f 3905 3908 3907
f 3913 4488 4486
f 4420 4422 4421
f 3881 3884 3883
f 4004 3788 3790
f 4271 4319 4318
f 4259 4297 4296
f 3501 4003 4066
f 5897 5898 5900
f 5901 5902 5904
f 8854 8849 8856
f 3789 3785 3786
f 3651 3648 3781
f 5924 5899 5901
f 8870 8871 8873
f 8876 8877 8874
f 5912 5917 5918
f 3805 3918 3799
f 3369 3370 3395
f 3923 3926 3925
f 3916 3917 3512
f 3641 3664 3801
f 4276 4269 4323
f 4181 4229 4331
f 4428 4430 3377
f 3495 4425 4321
f 4436 4435 3380
f 4430 4428 4437
f 3945 3957 3958
f 4065 3901 4047
f 4495 4497 3408
f 8913 8912 8915
f 8911 8910 8917
f 8889 8922 8923
f 8919 8935 8931
f 8884 8914 8918
f 8922 8921 8931
f 5852 5907 5909
f 5866 5862 5915
f 8926 8918 8914
f 8914 8884 8883
f 8886 8919 8921
f 5846 5847 5894
f 5873 5902 5900
f 8893 5888 5764
f 8894 8893 5754
f 5890 8860 5927
f 5885 8896 5755
f 5871 5904 5902
f 5763 8936 5883
f 5880 5890 8936
f 4175 4176 4398
f 4274 4254 4255
f 8883 8730 5931
f 8868 8905 8898
f 3289 4059 3247
f 3858 3855 5485
f 8850 8848 8886
f 4116 4120 5409
f 3889 5406 4127
f 3678 3679 8938
f 8857 8850 8888
f 3979 3551 3294
f 4126 3352 3431
f 3651 4000 3679
f 3460 3858 5921
f 4084 3309 3310
f 8905 8904 8899
f 3561 3327 5397
f 3213 3965 5528
f 4191 4194 4193
f 5449 5450 5532
f 4142 3975 4031
f 4060 3947 5652
f 4480 4483 4482
f 5519 5520 3212
f 5657 5451 3330
f 4473 4476 4475
f 3514 3515 5668
f 5663 5670 5669
f 8881 5929 5926
f 5734 5733 5749
f 4788 4789 4677
f 3997 3996 3538
f 3551 3486 3310
f 3577 3578 3998
f 4893 4697 4676
f 4753 4751 4671
f 8729 8884 8885
f 3813 3703 9021
f 8938 4001 3813
f 8882 5931 5929
f 4098 5701 3820
f 3399 5405 5416
f 5494 5495 5503
f 5880 5877 5878
f 4986 4673 4861
f 4999 5000 5004
f 4985 5001 4988
f 5816 5769 5766
f 4372 4370 4384
f 5688 5691 5692
f 8903 8902 8901
f 8879 8862 5887
f 8902 8881 8880
f 5919 5893 5895
f 4519 4384 4342
f 8847 8849 8854
f 5925 5901 5903
f 4021 3899 4523
f 5678 5677 5676
f 4424 3843 4085
f 5701 3576 3577
f 5928 5925 5926
f 5000 5005 4980
f 9022 4147 3545
f 9024 9025 5409
f 4008 4011 4010
f 3931 3234 4516
f 3822 3806 3807
f 8851 8852 8844
f 5728 5516 5509
f 9025 9023 4115
f 5209 5200 5201
f 4820 4740 4653
f 3988 5596 5598
f 3370 3911 3357
f 5639 5642 5641
f 5592 4511 4477
f 3378 3944 5572
f 5625 4463 3265
f 5594 5582 5577
f 3302 5649 5645
f 3274 3277 3278
f 5207 5208 5233
f 5071 5070 5072
f 4815 4814 4785
f 4796 4802 4643
f 3243 3244 5643
f 5301 5302 5303
f 5431 3562 5655
f 5251 5249 5244
f 3353 3427 3523
f 4174 3404 3405
f 3546 4114 4113
f 4002 3789 3788
f 4196 4239 4238
f 3232 5646 5647
f 4373 4374 4266
f 4867 5322 5321
f 5648 4054 4058
f 4455 4070 3893
f 5593 3407 4511
f 5275 5265 5252
f 5252 5265 5274
f 4092 3619 3624
f 3723 3742 3743
f 4780 4775 4802
f 4059 3289 3560
f 4317 4355 4347
f 5188 5190 5192
f 5570 5599 5612
f 3385 5429 5633
f 3526 5568 5569
f 3576 5701 3608
f 3581 3542 3594
f 5239 5237 5238
f 5081 5079 5083
f 4369 4526 4528
f 4325 4326 4329
f 3569 3285 3286
f 9022 9026 4112
f 3661 3662 3801
f 5074 5073 5030
f 5064 5062 5063
f 3563 3497 3498
f 3961 5407 4119
f 4854 4853 4870
f 5018 5007 5028
f 5007 5008 5027
f 5040 5042 5039
f 3240 3375 3875
f 5070 5069 5029
f 3504 3481 3866
f 3537 3579 3591
f 5033 5041 5039
f 4710 4638 4635
f 5017 4979 4989
f 5024 5037 5046
f 4991 5006 5019
f 4587 4553 4574
f 4996 4982 4793
f 5066 5061 5059
f 5221 5230 5231
f 5068 5056 5057
f 3675 3676 3643
f 3663 3674 3675
f 4722 4558 4559
f 3579 3576 3590
f 3686 3676 3677
f 4422 4420 3499
f 5142 5141 5138
f 5078 5071 5075
f 3609 3589 3590
f 3288 3961 5411
f 5424 9024 5410
f 5152 5144 5156
f 3960 5704 5709
f 4946 4956 4957
f 3867 3903 5705
f 9026 9022 4113
f 5192 5193 5189
f 5161 5164 5194
f 3637 3698 3682
f 4392 5461 3847
f 3796 4114 4149
f 4104 3716 3727
f 3594 3595 3993
f 3796 3793 4134
f 3687 3688 4156
f 3760 3761 4164
f 4464 3344 3345
f 3485 3528 3868
f 3846 3845 5423
f 3409 4520 4496
f 3767 3768 3765
f 3711 3721 4159
f 3797 4132 4087
f 4072 4069 5562
f 4502 4076 5590
f 5408 5426 9027
f 5683 5695 5714
f 5702 3772 4110
f 5623 4042 4148
f 5428 3874 3525
f 3668 3803 3802
f 4000 4001 8938
f 4221 4222 4179
f 4267 4268 4388
f 3721 3722 4161
f 3903 5659 5706
f 3583 3580 4090
f 3894 5486 3524
f 4635 4638 4636
f 4173 5401 4009
f 4890 4666 5393
f 5290 5291 5293
f 5339 5340 5337
f 5458 5459 4438
f 3251 5419 5430
f 3252 5418 5419
f 3428 5420 5421
f 3571 5426 5418
f 4583 4582 4554
f 4239 4367 4224
f 3322 3898 5450
f 5309 5310 5306
f 4109 3728 3748
f 5707 3865 3794
f 5139 5184 5183
f 5271 5270 5290
f 5280 5283 5282
f 5110 5107 5125
f 5319 4864 4731
f 5334 5343 5339
f 5423 3522 3523
f 5376 5377 5378
f 4721 4681 4646
f 3719 4158 4159
f 4853 4854 4692
f 5373 5372 5330
f 4428 5457 5456
f 5376 5329 5328
f 3337 3367 4434
f 4692 4693 5395
f 5475 4172 4523
f 5478 3900 4068
f 5421 5404 4129
f 5374 5373 5375
f 5283 5299 5306
f 5246 5247 5234
f 5154 5149 5150
f 4458 5562 5561
f 5163 5159 5158
f 5381 5374 5378
f 3397 3394 5484
f 4457 5561 5563
f 5147 5143 5150
f 4474 4475 5544
f 5325 5318 5319
f 5223 5394 5388
f 5517 5700 3521
f 4499 5480 3347
f 5404 5403 4128
f 3476 5507 5506
f 4084 5516 5515
f 3900 5478 5477
f 5536 5564 5547
f 5491 5498 5493
f 5474 5472 4139
f 4063 4521 4522
f 4459 4460 5541
f 5548 5549 3360
f 5444 5445 5550
f 3888 3889 5415
f 5546 5547 3339
f 5536 5539 5538
f 3570 5513 5508
f 4471 4502 5589
f 4280 3848 3359
f 5499 4402 4403
f 5189 5193 5169
f 5543 4477 4478
f 4051 5551 5552
f 3461 5504 5507
f 4629 4630 4870
f 5106 5094 4909
f 5286 5281 5279
f 5462 5463 3364
f 3491 5511 5514
f 5224 5220 5231
f 4478 4459 5540
f 4099 4102 3742
f 4803 4806 4805
f 4130 5423 5422
f 4470 4471 4476
f 4924 4925 4921
f 4920 4921 4927
f 4993 4986 4987
f 4887 4888 4913
f 3894 3893 4070
f 5472 5474 5585
f 3508 4135 4134
f 3603 3600 4096
f 3772 3773 3992
f 5712 5664 5671
f 3739 3718 4162
f 5683 5668 3515
f 5480 4465 4495
f 5698 5699 5493
f 3578 3538 3996
f 3645 3646 4154
f 5660 3904 3466
f 4135 9026 5710
f 5587 5591 4073
f 5687 5689 5693
f 3584 3583 4091
f 5585 5583 5584
f 4128 5414 5415
f 4257 4254 4338
f 4222 4231 4178
f 4366 4365 4191
f 5098 5099 5091
f 5761 5757 5737
f 5760 5737 5738
f 8852 8842 5934
f 8874 8877 8855
f 8895 8897 8855
f 5884 5882 8842
f 4557 4554 4582
f 8890 8923 8917
f 8918 8926 8930
f 8924 8926 8915
f 4182 4181 4330
f 3864 5708 5711
f 3574 3317 3230
f 3342 3954 3415
f 3488 3486 3549
f 4317 4316 3953
f 3672 3659 4152
f 5708 3864 3865
f 9021 3703 3685
f 3621 3618 3616
f 5728 4422 4419
f 4311 4027 4028
f 4131 3917 3543
f 4426 3496 3842
f 4518 3956 4168
f 5457 5465 5464
f 5425 3560 3558
f 5458 4439 4437
f 3416 3414 5465
f 5638 9028 5437
f 3985 3986 5636
f 5646 5635 5636
f 9023 9025 3554
f 5722 5510 5514
f 3256 3933 3934
f 4164 3761 5734
f 8885 8918 8920
f 3282 3932 3929
f 3292 4394 3320
f 3232 3229 3300
f 3303 3236 3271
f 3562 5431 5432
f 3392 3387 3388
f 3854 5922 5350
f 5463 5462 5459
f 5935 3474 3885
f 3879 3415 3954
f 3928 3372 3391
f 4137 5559 4458
f 5454 5455 3850
f 3548 3490 3549
f 4443 4500 5470
f 4452 4505 4506
f 4468 3414 3415
f 4443 4440 3876
f 3234 3235 4515
f 5434 3895 3896
f 5448 5440 5441
f 5447 5446 5443
f 4442 5470 5471
f 5550 4056 3275
f 5578 5573 4520
f 3464 5667 5666
f 4701 4627 4839
f 3259 5398 4041
f 4015 4012 3423
f 3558 3323 3982
f 4856 4894 4823
f 4741 4652 4653
f 3759 3745 4106
f 3560 3289 3290
f 9024 5424 3557
f 5438 3279 3280
f 3321 3283 3290
f 5557 5483 4072
f 5553 3369 3396
f 4045 4141 4174
f 4539 4845 4849
f 3536 3480 3503
f 5478 5573 5574
f 3800 3797 3510
f 4755 4883 4886
f 5561 4454 5527
f 5752 5731 5732
f 5752 5750 5756
f 3518 5492 5493
f 3767 3762 4107
f 3534 3603 4097
f 4395 3572 3826
f 3926 4052 3371
f 4446 4510 5610
f 4050 5444 3980
f 8887 8846 8843
f 5649 5639 5640
f 4643 4644 4761
f 3709 3787 3784
f 4778 4659 4660
f 5649 3302 4054
f 5646 3232 3301
f 3250 3251 3910
f 5884 5886 5757
f 5655 5656 5936
f 4224 4227 4226
f 4043 4044 3412
f 4286 4289 4288
f 4267 4311 4310
f 4493 4079 4080
f 3325 5432 3226
f 3925 3371 3372
f 4312 4315 4314
f 3996 3997 3540
f 8908 8911 8912
f 4023 4026 4025
f 3995 3890 3891
f 5482 5556 5559
f 4486 3420 3921
f 4300 4285 4302
f 5438 5642 5644
f 3233 3932 3282
f 3225 3228 3227
f 5446 4400 5445
f 5554 3396 3397
f 4834 4833 4830
f 4064 3349 3350
f 3596 3599 3598
f 5639 5649 5648
f 5434 5431 5654
f 4895 4896 4830
f 3674 3677 3676
f 3551 3979 3978
f 3835 3836 3305
f 3813 3810 3702
f 3691 3711 4160
f 4109 4100 4101
f 4565 4187 4188
f 3490 3548 3547
f 3672 3646 3647
f 8906 8907 8912
f 3810 3812 3811
f 4051 4052 4397
f 3566 3599 4090
f 5580 5475 5476
f 4456 4457 5537
f 5539 5536 5546
f 8844 5934 8729
f 8872 8873 8874
f 4383 4301 4198
f 4931 4926 4927
f 5529 5530 5397
f 5314 5321 5323
f 5347 5332 5323
f 4711 4709 4599
f 5387 5388 5389
f 5259 5290 5292
f 5195 4806 4803
f 5195 5104 4746
f 4639 4865 4866
f 4821 4818 4681
f 3421 4037 5399
f 4730 4863 4601
f 4807 4651 4811
f 4040 4037 3421
f 4844 4841 4800
f 3936 3933 3929
f 4894 4798 4817
f 5365 5370 5383
f 4657 4656 4661
f 5224 5206 4770
f 5368 5383 5382
f 5336 5349 5352
f 5353 5356 5386
f 4070 4455 4454
f 5396 5397 3327
f 5225 5226 5312
f 5384 5382 5386
f 5391 4694 4695
f 4407 4410 4409
f 4623 4620 4880
f 5356 5353 5352
f 4578 4584 4859
f 3239 3875 3217
f 3937 3218 3333
f 4578 4575 4534
f 5467 5471 4505
f 4836 4828 4826
f 4422 5728 5721
f 3392 3393 5556
f 5564 5531 5565
f 3807 3808 3663
f 5922 3854 4392
f 3680 3695 3692
f 3630 3633 3632
f 4416 4417 5725
f 4033 3305 3836
f 3238 3220 4168
f 3466 3904 3483
f 3678 3677 3650
f 3677 3674 3649
f 3340 3337 4431
f 3562 3561 5656
f 5658 5654 5938
f 3642 3643 3640
f 3306 3303 3334
f 3256 3253 3280
f 8910 8891 8892
f 5868 5900 5898
f 8924 8923 8922
f 8935 8930 8925
f 8882 8906 8913
f 8925 8930 8926
f 5852 5849 5905
f 5136 5128 5124
f 4243 4363 4260
f 5238 5227 5228
f 5642 5639 5643
f 3924 3925 3928
f 5412 3521 5700
f 3750 3752 3751
f 3746 3752 3770
f 3859 3798 3861
f 3972 3973 3493
f 5923 8860 8861
f 4945 4946 4958
f 3296 3293 3286
f 3824 5403 3907
f 3671 3629 4154
f 4137 3343 5481
f 3614 3654 3802
f 3283 3284 3559
f 4936 4935 4934
f 5511 5723 5726
f 4170 4169 3926
f 3572 4393 3830
f 3459 3447 3858
f 3496 4426 4425
f 3457 3950 3436
f 3984 3983 3986
f 3914 3389 3386
f 5512 5724 5723
f 4500 4443 4483
f 4501 4502 4471
f 4503 4506 4505
f 4143 4144 4461
f 3331 3329 3222
f 4016 4015 4018
f 3998 3775 3776
f 4114 3796 5710
f 4405 5678 4406
f 5602 5604 5720
f 4767 4803 4804
f 4929 4933 4954
f 4410 4407 5665
f 3888 5700 5632
f 4048 4049 3977
f 3947 3211 3212
f 5676 5677 3472
f 5782 5785 5784
f 4315 4312 4311
f 5699 5518 5521
f 5864 5785 5825
f 5826 5827 5822
f 5775 5776 5805
f 3236 3233 3270
f 5823 5868 5859
f 4957 4848 4895
f 8868 8864 8865
f 4281 4392 3848
f 4940 4943 4971
f 4013 4014 4029
f 3685 3703 3701
f 4339 4340 4377
f 8891 8870 8872
f 3753 3750 3755
f 4427 4168 3220
f 3809 3806 3779
f 3568 4416 4418
f 3880 3987 3918
f 3543 3843 3842
f 4646 4649 4648
f 4656 4657 4597
f 4781 4876 4820
f 4972 4975 4974
f 5101 5102 5109
f 5095 5096 5115
f 5090 5127 5132
f 5131 5132 5134
f 5134 5132 5127
f 5117 5139 5140
f 3539 3862 3863
f 4006 3791 3792
f 5128 5091 5099
f 5097 5088 5089
f 5274 5266 5271
f 4571 4572 4569
f 4225 4531 4238
f 5156 5155 5170
f 4538 4541 4540
f 4622 4691 4665
f 4981 5011 5004
f 5012 4974 4975
f 5148 5147 5149
f 5157 5142 5133
f 5161 5155 5145
f 4261 4532 4242
f 5294 5295 5291
f 4255 4256 4532
f 5274 5259 5250
f 4246 4529 4207
f 3314 3924 3927
f 4670 4673 4672
f 4995 4904 4673
f 4638 4710 4603
f 4341 4295 4525
f 5163 5166 5165
f 4834 4783 4784
f 4784 4820 4682
f 4844 4843 4687
f 5280 5276 5275
f 4217 4572 4564
f 4554 4557 4556
f 4551 4552 4556
f 4549 4546 4544
f 5141 5142 5173
f 4653 4654 4683
f 4973 4974 4989
f 4984 5005 5015
f 5177 5172 5170
f 5166 5167 5181
f 5141 5184 5139
f 5178 5174 5151
f 5244 5202 5203
f 5252 5244 5245
f 4479 4031 4079
f 4402 4405 4404
f 3500 4418 4419
f 5856 5851 5909
f 4488 3913 3348
f 8851 8853 5885
f 3607 3608 5701
f 3508 3505 3503
f 5847 5858 5896
f 4374 4373 4309
f 3380 4439 4438
f 9025 9024 3553
f 5718 5717 4131
f 3300 3229 3283
f 5551 3275 3276
f 5552 3276 3369
f 5555 3397 5483
f 5859 5898 5896
f 4133 3793 3794
f 3606 3653 3652
f 4900 4852 4766
f 4616 4790 4789
f 3738 4165 4164
f 4774 4771 4642
f 4399 4485 3402
f 5853 5796 5795
f 3936 4518 4427
f 3418 3419 4064
f 5510 3488 3840
f 3270 3282 3279
f 3274 3275 4056
f 4359 4356 4305
f 4135 3508 3504
f 3610 3611 3609
f 3837 3556 3557
f 5940 3971 4401
f 5853 5804 5803
f 5725 5513 5515
f 3246 5410 4117
f 5713 5712 5672
f 4918 4961 4916
f 4148 3995 3771
f 5106 5105 5113
f 4147 9022 5709
f 5152 5172 5177
f 9026 4135 4111
f 5104 5195 5103
f 3531 3528 3485
f 3713 3716 3715
f 3699 3715 3815
f 4467 3345 4459
f 4703 4899 4736
f 5405 3399 3846
f 3555 3552 3963
f 4120 4116 5411
f 4217 4219 4185
f 3279 5438 5441
f 4944 4945 4959
f 4353 4337 4344
f 3815 3715 3716
f 3374 3371 4052
f 4491 4492 4516
f 5865 5824 5833
f 5819 5814 5856
f 5807 5851 5856
f 3933 3256 3281
f 3208 3205 3920
f 8907 8906 8902
f 5288 5308 5295
f 3728 3725 3747
f 3309 4084 4083
f 5119 5116 5101
f 3811 3785 3789
f 3595 3863 3992
f 4106 4102 4100
f 5696 5575 5576
f 3708 3755 3750
f 3744 3760 4165
f 5905 5891 5892
f 3403 4036 4175
f 4133 3997 3506
f 4147 4145 3544
f 3561 3562 3325
f 3237 3240 3239
f 4877 4878 4793
f 3241 3244 3243
f 3597 3624 3625
f 3279 3282 3281
f 3371 3374 3373
f 3599 3566 3567
f 3975 3976 4032
f 3277 3249 3250
f 3774 3564 3565
f 3658 3673 3780
f 4961 4962 4963
f 3600 3615 3616
f 4228 4229 4202
f 4011 4008 4318
f 4307 4304 4262
f 4838 4800 4841
f 4782 4783 4773
f 4914 4956 4946
f 4839 4609 4765
f 4771 4896 4645
f 4962 4965 4964
f 4966 4959 4963
f 3601 3612 3615
f 5878 5875 5879
f 5890 5880 5881
f 3720 3786 4158
f 4755 4756 4689
f 3740 3717 3718
f 5695 5685 5686
f 5740 5743 5742
f 5733 5735 5736
f 5755 5756 5750
f 5745 5763 5762
f 5798 5801 5800
f 4706 4880 4879
f 5651 5652 5619
f 5850 5794 5797
f 5804 5807 5806
f 4087 5708 5707
f 5915 5913 5914
f 5703 3860 4167
f 5893 5894 5896
f 5892 5893 5919
f 5706 5671 5664
f 5786 5789 5788
f 3973 4131 3841
f 4831 4832 4915
f 5906 5892 8858
f 4965 4967 4969
f 4684 4685 4846
f 3589 3609 3611
f 3596 3625 4150
f 5877 5880 5763
f 4121 4124 4123
f 3469 3465 3868
f 3204 3205 3208
f 3716 3713 3726
f 5460 9027 5426
f 3465 3469 3470
f 5738 5735 3764
f 4887 4654 4655
f 4203 4206 4205
f 3959 5705 4082
f 5758 5757 5886
f 5781 5869 5872
f 4675 4762 4723
f 3757 4164 5751
f 3334 3271 3272
f 8880 5926 5903
f 5615 5676 3473
f 5759 5761 5760
f 8845 8846 8848
f 5778 5781 5780
f 8857 8856 8849
f 4132 3797 3798
f 5839 5838 5841
f 560 1899 3187
f 5747 5874 4007
f 5928 5930 8840
f 5766 5769 5768
f 4848 4957 4956
f 4953 4968 4967
f 4832 4897 4910
f 5879 5764 5888
f 3598 3567 3530
f 5747 5729 5730
f 5754 5764 5748
f 5810 5813 5812
f 5758 5755 5749
f 4315 4388 4387
f 5917 5915 5916
f 5913 5909 5910
f 5930 8731 8841
f 4951 4955 4968
f 3209 3210 3201
f 4059 5424 3246
f 8731 5934 8842
f 3776 3582 3585
f 5770 5773 5772
f 5891 5894 5893
f 9028 5638 5641
f 5814 5817 5816
f 5662 5675 5673
f 3522 3525 3524
f 5630 5631 5942
f 5791 5792 5795
f 5746 3753 3754
f 5928 5929 5931
f 5743 5760 5739
f 5876 5874 5875
f 3678 8937 9021
f 4200 4208 4207
f 4114 3546 3916
f 3601 3602 3605
f 3818 3724 3712
f 3315 3318 3317
f 5899 5900 5902
f 8840 8841 5883
f 5562 4458 5559
f 4416 3568 3448
f 3189 3192 3191
f 4751 4890 4747
f 4181 4182 4180
f 3832 3942 5454
f 3362 3527 3526
f 5678 4405 5699
f 3497 3500 3499
f 448 1980 807
f 647 648 122
f 5690 3472 5677
f 4183 4186 4185
f 1833 1848 1780
f 5920 5895 5897
f 510 509 508
f 4401 3967 5944
f 5656 5397 5530
f 3970 3971 5940
f 5653 5658 5939
f 5450 5653 5946
f 3384 5633 5945
f 4403 4404 4299
f 5944 3967 3968
f 3963 5427 5951
f 5614 3473 3474
f 5427 3838 3857
f 3210 1949 1887
f 1887 15 3200
f 15 16 3197
f 16 3188 3195
f 3195 3188 3187
f 3194 3187 1899
f 3207 1899 375
f 387 173 126
f 3189 1791 1760
f 9029 763 757
f 763 9029 2172
f 9035 9034 9032
f 9033 9032 9031
f 9046 9049 9048
f 8751 9053 9054
f 9078 9076 9077
f 9083 9087 9051
f 9088 9089 9047
f 9099 9036 9040
f 9102 9034 9036
f 9105 9031 9032
f 9105 2176 9106
f 1801 1864 9108
f 9103 9032 9034
f 9096 9090 9047
f 1767 1768 9111
f 1597 9115 9113
f 1708 1707 9117
f 9123 9120 9119
f 9118 9119 9125
f 1588 1708 9116
f 2080 9123 9118
f 2082 9118 9124
f 9126 9129 9087
f 9129 9130 9088
f 5512 3492 5943
f 5634 3383 5488
f 5724 5512 5947
f 9134 9099 9097
f 9144 9103 9102
f 9133 9097 9096
f 786 9146 9144
f 9146 9105 9103
f 785 9144 9138
f 497 9138 9134
f 650 9134 9133
f 9148 564 9133
f 8756 9058 9057
f 9154 9151 9130
f 9151 9150 9131
f 9097 9040 9090
f 1799 9109 9111
f 5949 3968 3964
f 9160 9156 8809
f 8813 9162 9160
f 9166 463 564
f 9067 9058 9054
f 9162 9166 9148
f 9087 9088 9048
f 9081 9078 9079
f 9049 9052 9051
f 9082 9168 9167
f 9079 9077 9049
f 9169 9168 9175
f 9167 9115 9112
f 9168 9169 9177
f 9120 9117 9113
f 9120 9177 9169
f 9119 9169 9170
f 9179 9180 9125
f 9180 1576 9124
f 9178 9179 9170
f 1576 2101 2084
f 9179 9178 9183
f 3203 376 1387
f 3190 1387 1791
f 5618 2152 1949
f 317 240 259
f 2000 2176 9105
f 9053 9051 9052
f 9041 9040 9036
f 9029 758 756
f 9037 9036 9034
f 9130 9131 9089
f 3204 375 376
f 1801 9107 9109
f 9181 9187 9180
f 1575 9187 9190
f 9187 1575 1576
f 1776 1795 1796
f 1293 1294 1290
f 1326 14 1327
f 1294 1245 1234
f 878 1244 1330
f 5633 3401 5490
f 5933 3359 3360
f 5613 5634 5948
f 5604 5605 3844
f 3972 3494 5950
f 3494 3495 4322
f 4406 5676 5615
f 3492 3489 4292
f 5631 5503 5495
f 497 373 374
f 122 648 413
f 5624 5489 3398
f 9151 9154 9156
f 9058 8756 8752
f 9160 9162 9150
f 8815 9166 9162
f 9156 9126 8794
f 439 398 399
f 1512 1528 1526
f 1668 1741 1738
f 839 849 1362
f 1362 1357 826
f 3425 3417 3418
f 4905 5207 5243
f 4621 4622 4662
f 5582 5579 5574
f 4754 4757 4756
f 3902 3899 4021
f 9295 740 1896
f 2053 2054 2118
f 9340 9339 2120
f 696 697 9268
f 4922 4938 4939
f 4365 4366 4186
f 5105 5106 4862
f 5228 5227 5226
f 4781 4782 4877
f 5218 5227 5238
f 4990 4993 4992
f 4335 4337 4336
f 4993 4990 4972
f 4794 4793 4792
f 5886 5884 8852
f 5405 3892 5417
f 4669 4752 4764
f 4676 4697 4698
f 1826 1878 639
f 9192 9191 9181
f 5232 5228 5233
f 5418 4121 4122
f 956 885 886
f 5720 3844 3512
f 4728 4731 4730
f 8879 8866 8863
f 1980 806 1922
f 4969 4970 4966
f 33 34 105
f 9028 3253 3254
f 3837 3558 3839
f 4382 4300 4301
f 3908 3905 4122
f 4290 4295 4294
f 4400 3834 4055
f 3219 3222 3221
f 8894 8895 8877
f 4640 4736 4735
f 4389 4366 4216
f 3267 4479 4493
f 3268 3265 4463
f 5097 5111 5098
f 5094 5097 5096
f 5654 5655 5937
f 4089 5704 3960
f 5159 5163 5162
f 5202 5244 5249
f 5412 5415 5414
f 5715 3515 3516
f 5723 4426 4423
f 4263 4264 4323
f 3994 3529 3564
f 1343 1344 9308
f 3470 3514 5667
f 5659 5661 5671
f 3319 3828 4053
f 9359 2127 2128
f 1766 1581 1582
f 14 1326 2163
f 595 98 99
f 5703 3771 3772
f 5206 5224 5229
f 3437 3446 3458
f 5516 4084 3487
f 5122 5086 5087
f 3223 3297 3934
f 3979 9023 5402
f 3828 3319 3320
f 5663 3441 4081
f 4035 4489 4490
f 4426 5723 5724
f 3881 4452 4447
f 5407 5408 4118
f 5691 5688 5689
f 5661 5673 5672
f 5911 5918 8901
f 3902 4022 3871
f 5541 5538 5539
f 4069 4454 5561
f 3248 4394 3292
f 1346 1035 1044
f 748 1888 1425
f 3297 3228 3255
f 5445 4400 4056
f 5783 5784 5830
f 4310 4028 4376
f 5857 5854 5800
f 3882 5467 4452
f 3193 3208 3919
f 3190 3191 3206
f 4266 4269 4268
f 4488 3419 3420
f 3331 3939 3940
f 4282 4285 4284
f 4606 4608 4607
f 4628 4629 4708
f 4659 4732 4733
f 4615 4750 4829
f 4718 4714 4713
f 5722 4424 4421
f 3307 3462 3461
f 4686 4688 4634
f 3966 3548 3550
f 4738 4739 4875
f 3416 4429 3237
f 4527 4528 4208
f 5093 5121 5114
f 5124 5099 5086
f 5117 5118 5138
f 4631 4641 4640
f 5166 5163 5168
f 5185 5188 5187
f 5194 5190 5191
f 3245 4117 4118
f 5214 5215 5203
f 3230 3317 3318
f 5237 5234 5217
f 5250 5259 5258
f 5113 5112 5084
f 5270 5267 5269
f 4906 5125 5107
f 5271 5266 5267
f 5276 5277 5262
f 5153 5151 5174
f 5290 5270 5268
f 5306 5299 5303
f 5147 5148 5146
f 4585 4849 4856
f 3226 5435 5436
f 4473 4503 4504
f 5765 5756 8897
f 4529 4246 4247
f 8923 8924 8916
f 5713 5681 5682
f 3315 3897 3898
f 5564 5536 5537
f 4468 4440 4441
f 3738 3739 4163
f 4577 4859 4559
f 5567 3527 3366
f 3587 3584 4150
f 5471 5468 4504
f 5860 5769 5816
f 3516 3513 5558
f 5436 3985 5637
f 5050 5053 5083
f 5547 5565 3338
f 9023 3979 3295
f 5708 4087 4132
f 4104 3816 3814
f 3718 3719 4161
f 5498 5491 5679
f 3884 4431 4432
f 3955 4512 3877
f 4049 4062 4061
f 8892 8872 8875
f 4572 4217 4218
f 4440 4443 4442
f 4497 4511 3407
f 8906 8882 8881
f 5664 5712 5670
f 3751 4105 3706
f 3511 3735 3736
f 5129 5130 5116
f 5086 5099 5098
f 5135 5127 5128
f 5143 5146 5145
f 5168 5158 5136
f 5297 5241 5246
f 5164 5161 5160
f 5155 5161 5171
f 5137 5179 5167
f 5293 5308 5307
f 5513 3570 4083
f 4053 3828 3825
f 3228 3297 3298
f 3631 3632 3635
f 5689 5669 5670
f 5759 5762 5883
f 3793 4133 3507
f 4906 4908 4891
f 4719 4858 4901
f 3597 3598 4095
f 3352 4126 4125
f 9064 9057 9058
f 9076 9064 9067
f 9083 8766 8794
f 9131 9132 9096
f 9138 9102 9099
f 9154 9129 9126
f 9077 9067 9052
f 9053 8751 8766
f 9191 9190 9187
f 9082 9079 9046
f 9193 9175 9168
f 1284 1290 1288
f 9150 9148 9132
f 3841 3842 3496
f 3570 3569 3336
f 4027 4311 4312
f 4889 4876 4781
f 4041 4045 4044
f 4885 4884 4813
f 5419 4122 3905
f 4367 4368 4227
f 1778 1781 1780
f 1792 1759 1584
f 4308 4017 3869
f 4594 4723 4762
f 4767 4770 4769
f 5461 3365 3366
f 4763 4704 4716
f 4919 4918 4915
f 4300 4382 4334
f 5196 5199 5198
f 5158 5148 5135
f 5431 5434 5433
f 4545 4567 4571
f 4557 4558 4594
f 695 570 571
f 4156 4155 3626
f 4861 4673 4670
f 5681 5675 5674
f 5473 5475 5580
f 3622 3656 4152
f 5647 3573 3574
f 3674 3663 3808
f 4420 4145 3498
f 5675 5662 5666
f 3253 9028 5439
f 5870 5866 5917
f 8887 8920 8919
f 5862 5856 5913
f 3534 3593 3485
f 3313 4486 4484
f 9090 9193 9046
f 4871 4759 4695
f 3778 3777 3822
f 4889 4748 4874
f 4000 3783 3784
f 4897 4898 4911
f 3856 3857 3838
f 4772 4830 4896
f 4015 4016 4376
f 3433 3461 3476
f 4053 4054 3302
f 3367 5567 3363
f 3242 3829 3831
f 3441 3442 4082
f 4735 4736 4855
f 4756 4757 4737
f 3382 3385 3384
f 3698 3699 3697
f 4676 4679 4678
f 4948 4943 4941
f 4890 5394 4805
f 4757 4744 4745
f 4581 4221 4380
f 5716 3516 5932
f 4923 4920 4926
f 5077 5079 5081
f 5078 5082 5058
f 4009 5401 5400
f 5081 5082 5078
f 3930 3931 4513
f 4014 4376 4028
f 4025 4026 4020
f 3618 4093 4096
f 4581 4575 4576
f 4219 4217 4188
f 5440 5442 3335
f 5449 3982 3323
f 4229 4181 4177
f 4590 4213 4214
f 4227 4183 4184
f 4574 4901 4858
f 4565 4566 5453
f 4592 4555 4588
f 4590 4587 4573
f 3517 3518 5521
f 3845 5428 3522
f 4444 3340 3884
f 3982 5449 5533
f 4465 4466 4497
f 4520 4522 4521
f 4076 4073 5591
f 3635 3667 3666
f 3343 3344 4498
f 4022 4019 3870
f 3661 3607 4098
f 5691 5690 5697
f 3768 3766 5742
f 4514 3955 3956
f 3697 3815 3814
f 4394 3248 5460
f 4054 4053 4057
f 3284 3318 3323
f 4052 3926 4169
f 4447 4506 4510
f 4456 4460 3346
f 4483 3876 3877
f 4482 3877 4512
f 4492 4512 4513
f 5642 5438 5439
f 5448 5447 5442
f 5466 4441 3882
f 3340 4444 4445
f 8908 8909 8910
f 4397 4169 3835
f 5413 3520 3521
f 3234 3931 3932
f 5753 5765 8895
f 8896 8897 5756
f 8921 8922 8889
f 8915 8912 8911
f 3933 3936 3935
f 3620 3804 3657
f 3966 3969 3968
f 4905 4789 4769
f 3225 5436 5437
f 5433 3896 3984
f 5714 5686 5693
f 5435 3984 3985
f 3954 3956 3955
f 4713 4712 4632
f 4879 4635 4632
f 3983 3984 3896
f 9027 5460 3248
f 5871 5870 5912
f 5849 5846 5891
f 4702 4703 4640
f 4213 4590 4579
f 3644 3645 3688
f 9193 9090 9040
f 8920 8930 8935
f 5406 3846 4130
f 4140 5400 5401
f 5659 3903 3904
f 4772 4773 4783
f 4244 4247 4246
f 4061 5399 4037
f 3669 3804 3803
f 3459 3460 3209
f 4072 5483 5484
f 4835 4833 4834
f 5660 5662 5661
f 4262 4265 4264
f 3633 3630 3627
f 3685 3643 3676
f 4517 4515 3235
f 4145 4420 4085
f 5455 4438 5459
f 5638 5635 5640
f 3228 3225 3254
f 4044 4174 3411
f 3614 3615 3612
f 3273 3276 3275
f 4952 4962 4961
f 4959 4958 4960
f 4888 4655 4761
f 4254 4257 4256
f 4199 4202 4201
f 4499 4464 4465
f 5479 4495 4496
f 5952 5953 5954
f 5956 5957 5958
f 5959 5958 5960
f 5962 5963 5964
f 5966 5967 5968
f 5967 5970 5971
f 5963 5962 5961
f 5972 5965 5964
f 5974 5975 5976
f 5978 5979 5980
f 5982 5983 5984
f 5986 5987 5985
f 5988 5989 5990
f 5992 5993 5994
f 5996 5997 5998
f 6000 6001 6002
f 6004 6005 6006
f 6008 6009 6010
f 6012 6013 6014
f 6016 6017 6018
f 6020 6021 6022
f 6024 6025 6026
f 6028 6029 6030
f 6032 6033 6034
f 6036 6037 6038
f 6040 6041 6013
f 6042 6043 6044
f 5992 6046 6047
f 6048 6049 6050
f 6052 6053 6054
f 6056 6057 6058
f 6060 6061 5987
f 6062 6063 6064
f 6066 6067 6068
f 6070 6071 6027
f 6072 6073 6057
f 6075 6076 6077
f 6078 6079 6080
f 6082 6083 6054
f 6085 6078 6081
f 6087 6061 5990
f 6061 6087 6089
f 6089 6090 6091
f 6092 6091 6093
f 6095 5978 5981
f 6062 6082 6084
f 6097 6098 6035
f 6056 6049 6099
f 6100 6101 6102
f 6001 6000 6104
f 6107 6108 6109
f 6110 6111 6112
f 6114 6026 6025
f 6116 6117 6118
f 6120 6121 6122
f 6124 6125 6126
f 6128 6129 6101
f 6039 6130 6131
f 6132 6133 6134
f 6136 6137 6138
f 6139 6140 6141
f 6143 6144 6145
f 6148 6149 6150
f 6152 6153 6154
f 6155 6156 6157
f 6159 6160 6161
f 6163 6164 6165
f 6167 6168 6169
f 6171 6172 6173
f 6175 6176 6104
f 6178 6179 6180
f 6023 6182 6183
f 6184 6185 6186
f 6117 6116 6188
f 6190 6191 6192
f 6194 6070 6026
f 6195 6196 6191
f 6197 6198 6199
f 6201 6202 6203
f 6205 6206 6207
f 6209 6210 6201
f 6197 6200 6211
f 6212 6211 6213
f 5979 6215 6214
f 6203 6216 6217
f 6206 6199 6198
f 6218 5961 5962
f 5965 6220 6219
f 5972 3355 3354
f 6070 6194 6222
f 6224 6225 6226
f 6228 6229 6230
f 6232 6233 6234
f 6196 6195 6236
f 6071 6070 6223
f 6239 6240 6241
f 6243 6244 6245
f 6247 6073 6248
f 6250 6251 6252
f 6254 6255 6256
f 6258 6259 6260
f 6229 6262 6263
f 6264 6265 6242
f 6266 6267 6268
f 6270 6271 6272
f 6274 6275 6276
f 6195 6278 6279
f 6280 6278 6281
f 6283 6284 6285
f 6123 6122 6287
f 6289 6290 6291
f 6293 6294 6243
f 6240 6296 6297
f 6298 6299 6267
f 6300 6301 6302
f 6304 6305 6306
f 6251 6250 6308
f 6247 6310 6311
f 6313 6314 6315
f 6314 6313 6317
f 6319 6086 6320
f 6322 6087 6088
f 6216 6324 6258
f 6325 6326 6327
f 6217 6258 6261
f 6330 6071 6238
f 6071 6330 6048
f 6015 6332 6333
f 6079 6334 6335
f 6336 6294 6240
f 6294 6293 6296
f 6337 6338 6339
f 6341 6342 6343
f 6345 6346 6347
f 6266 6264 6349
f 6350 6351 6352
f 6295 6243 6246
f 6303 6355 6356
f 6357 6358 6359
f 6361 6362 6363
f 6365 6350 6353
f 6367 6368 6369
f 6371 6367 6370
f 6372 6373 6374
f 6375 6374 6373
f 6376 6377 6378
f 6379 6380 6381
f 6383 6384 6385
f 6387 6388 6389
f 6391 6392 6393
f 6395 6396 6397
f 6398 6399 6400
f 6399 6401 6402
f 6403 6402 6401
f 6405 6406 6407
f 6409 6410 6411
f 6367 6371 6413
f 6374 6375 6415
f 6417 6418 6384
f 6419 6420 6348
f 6421 6422 6423
f 6425 6426 6400
f 6426 6427 6395
f 6393 6396 6428
f 6429 6430 6394
f 6390 6389 6431
f 6433 6434 6408
f 6435 6436 6437
f 6439 6440 6411
f 6392 6391 6441
f 6397 6392 6442
f 6401 6399 6444
f 6446 6447 6437
f 6448 6449 6450
f 6452 6453 6454
f 6442 6441 6456
f 6443 6442 6457
f 6444 6459 6460
f 6445 6444 6461
f 6463 6464 6462
f 6446 6445 6462
f 6466 6467 6468
f 6448 6451 6470
f 6453 6452 6472
f 6474 6475 6476
f 6478 6479 6480
f 6482 6483 6484
f 6486 6487 6488
f 6490 6491 6492
f 6493 6492 6494
f 6496 6497 6498
f 6500 6501 6502
f 6504 6505 6506
f 6508 6468 6509
f 6511 6512 6513
f 6499 6514 6515
f 6516 6517 6518
f 6520 6521 6522
f 6524 6507 6525
f 6507 6524 6527
f 6504 6527 6528
f 6528 6511 6508
f 6529 6530 6531
f 6342 6533 6534
f 6535 6347 6346
f 6347 6535 6537
f 6434 6538 6539
f 6539 6540 6405
f 6541 6542 6451
f 6543 6544 6470
f 6546 6478 6481
f 6499 6498 6548
f 6549 6550 6514
f 6551 6552 6553
f 6555 6556 6557
f 6403 6436 6423
f 6426 6425 6413
f 6415 6560 6428
f 6430 6429 6561
f 6434 6433 6420
f 6563 6564 6565
f 6404 6401 6445
f 6459 6444 6399
f 6455 6454 6388
f 6405 6450 6449
f 6540 6541 6450
f 6567 6495 6568
f 6570 6464 6463
f 6475 6474 6490
f 6458 6457 6571
f 6573 6571 6574
f 6576 6577 6578
f 6193 6192 6580
f 6582 6583 6584
f 6583 6582 6586
f 6588 6589 6587
f 6590 6069 6068
f 6592 6593 6594
f 6251 6310 6595
f 6304 6596 6597
f 6272 3735 6599
f 3737 3736 6558
f 6600 6161 6160
f 6123 6602 6603
f 6604 6605 6606
f 6608 6205 6208
f 5972 6221 6220
f 6610 6611 6612
f 6613 6614 6615
f 6242 6617 6618
f 6226 6619 6245
f 6620 6621 6622
f 6624 6143 6146
f 6626 6213 6211
f 6627 6628 6629
f 6631 6632 6633
f 6235 6635 6636
f 6637 6638 6639
f 6641 6625 6286
f 6643 6644 6645
f 6647 6648 6649
f 6244 6243 6294
f 6336 6651 6652
f 6194 6196 6237
f 6196 6194 6114
f 6115 6192 6191
f 6653 6654 6655
f 6657 6117 6189
f 6117 6657 6659
f 6130 6157 6156
f 6133 6152 6151
f 6661 6111 6662
f 6663 6613 6616
f 6664 6270 6273
f 6418 6417 6432
f 6290 6325 6328
f 6666 6557 6556
f 6557 6666 3805
f 5971 6667 6668
f 6181 6669 6670
f 6671 6672 6673
f 6676 6673 6672
f 6675 6150 6149
f 6067 6066 5999
f 6677 6678 6679
f 6681 6682 6683
f 6087 6322 6090
f 5983 5982 6685
f 5982 6094 6687
f 6094 6093 6688
f 6211 6200 6137
f 6689 6690 6691
f 6690 6689 3833
f 6001 5983 6686
f 5978 6693 6215
f 6694 6693 5978
f 5974 6694 6095
f 6183 6182 6696
f 6698 5959 5961
f 5959 6698 6699
f 6697 6696 6700
f 6702 6629 6703
f 5968 6668 6705
f 6706 5977 5955
f 6707 6618 6617
f 6024 6051 6709
f 6402 6403 6559
f 3852 6711 6712
f 3856 6594 6593
f 5977 6706 6694
f 6713 5955 5977
f 6714 6715 6716
f 6718 6719 6308
f 6720 6255 6254
f 6722 6723 6724
f 6312 6311 6726
f 6069 6590 6728
f 6319 6594 6730
f 6731 6645 6644
f 6732 6733 6734
f 6046 6053 6320
f 3880 3805 6666
f 6736 6737 6738
f 6531 6740 6741
f 6300 6356 6614
f 6742 6532 6325
f 6743 6742 3891
f 6744 6302 6301
f 6746 6747 6534
f 6536 6576 6579
f 6535 6579 6563
f 6566 6538 6537
f 6538 6566 6409
f 6412 6540 6539
f 6412 6748 6541
f 6748 6749 6542
f 6749 6569 6545
f 6568 6750 6547
f 6751 6752 6548
f 6753 6754 6550
f 6755 6756 6757
f 6759 6760 6761
f 6763 6764 6765
f 6764 6620 6623
f 6766 6767 6768
f 6770 6771 6772
f 6774 6775 6776
f 6021 6774 6777
f 6723 6778 6779
f 6780 6781 6782
f 6784 6785 6786
f 6788 6789 6790
f 6185 6792 6793
f 6794 6722 6725
f 6729 6796 6098
f 6135 6797 6798
f 6799 6062 6065
f 6037 6801 6802
f 6005 6004 6588
f 6005 6803 6804
f 6052 6055 6010
f 6586 6582 6803
f 6092 5985 5987
f 6094 5982 5985
f 6096 6806 6695
f 6082 6062 6799
f 6657 6013 6041
f 6013 6657 6658
f 6795 6725 6807
f 6809 6810 6811
f 6813 6814 6815
f 6817 6818 6819
f 6821 6822 6823
f 6329 6209 6204
f 6202 6825 6826
f 6072 6099 6827
f 6598 6829 6305
f 6301 6300 6613
f 6830 6831 6271
f 6822 6779 6778
f 6326 6741 6832
f 6203 6826 6833
f 6027 6048 6051
f 6360 6834 6835
f 6836 6837 6838
f 6837 6840 6841
f 6362 6365 6366
f 6380 6385 6384
f 6421 6564 6578
f 6566 6565 6410
f 6394 6389 6388
f 6414 6422 6368
f 6371 6374 6416
f 6561 6560 6378
f 6382 6381 6562
f 6381 6384 6418
f 6389 6394 6430
f 6391 6388 6454
f 6441 6454 6453
f 6456 6453 6473
f 6495 6494 6750
f 6843 6575 6485
f 6844 6845 6843
f 6573 6845 6847
f 6849 6491 6487
f 6513 6753 6752
f 6517 6521 6850
f 6521 6520 6851
f 6844 6851 6852
f 6505 6504 6510
f 6753 6513 6512
f 6516 6522 6521
f 6614 6740 6854
f 6742 6262 4003
f 6708 6617 6855
f 6307 6306 6857
f 6307 6664 6665
f 6414 6413 6425
f 6416 6415 6427
f 6562 6418 6431
f 6419 6537 6538
f 6358 6836 6839
f 6059 6058 6859
f 6861 6862 6863
f 6865 6866 6867
f 6115 6025 6869
f 6871 6872 6873
f 6721 6254 6596
f 6876 6610 6556
f 6877 6663 6552
f 6551 6878 6268
f 6879 6855 6265
f 6239 6618 6651
f 6230 6263 6619
f 6171 6670 6669
f 6106 6109 6882
f 6883 6884 6822
f 6759 6184 6187
f 6725 6724 6785
f 6885 6795 6808
f 6886 6887 6888
f 6701 6700 6756
f 6884 6786 6779
f 6715 6714 6309
f 6889 6259 6890
f 6743 3890 4042
f 6270 6664 6893
f 6386 6894 6895
f 6895 6348 6420
f 6897 6432 6417
f 6897 6433 6407
f 6390 6898 6899
f 6900 6899 6406
f 6455 6900 6901
f 6902 6903 6904
f 6482 6903 6905
f 6501 6906 6907
f 6496 6515 6908
f 6532 6531 6326
f 6532 6742 6743
f 6612 6910 6735
f 6611 6911 6910
f 6626 5980 5979
f 6704 6912 6105
f 6913 6590 6591
f 6915 6794 6795
f 6229 6228 4067
f 6263 6290 6289
f 6745 6301 6663
f 6916 6771 6757
f 6885 6918 6165
f 6920 6780 6783
f 6921 6922 6923
f 6925 6921 6924
f 6927 6928 6929
f 6931 6932 6933
f 6935 6936 6937
f 6939 6940 6941
f 6943 6944 6945
f 6947 6948 6949
f 6944 6943 6951
f 6953 6954 6955
f 6957 6958 6959
f 6961 6962 6929
f 6964 6965 6966
f 6968 6969 6970
f 6969 6948 6955
f 6972 6943 6946
f 6974 6975 6976
f 6978 6979 6980
f 6940 6939 6982
f 6984 6985 6986
f 6988 6989 6990
f 6992 6990 6989
f 6994 6995 6996
f 6998 6999 7000
f 7002 7003 7004
f 7006 7007 7008
f 7010 7011 7012
f 7014 7015 7016
f 7018 7019 6999
f 7020 7021 7022
f 7024 7025 7026
f 7028 7029 7030
f 7032 7033 7034
f 7003 7002 7036
f 7038 7039 7040
f 6993 6989 7030
f 7042 7043 7044
f 7046 7047 7007
f 7011 7010 7048
f 7050 7051 7052
f 7054 7015 7014
f 7015 7054 7056
f 6621 6620 7045
f 7049 7048 6775
f 7051 7050 6021
f 7055 6697 6701
f 7054 6701 6755
f 6764 6763 7047
f 7020 7058 7059
f 7060 7061 7062
f 6958 7064 7065
f 6925 7066 7067
f 7068 6931 6934
f 7069 6988 6991
f 7071 6995 7072
f 7074 7075 7076
f 7078 7079 7080
f 7014 7017 7082
f 7084 7085 7086
f 7025 7028 7031
f 7085 7084 7072
f 7089 7084 7087
f 7055 7014 7083
f 7090 7087 6770
f 7092 7093 7094
f 7091 6183 6697
f 6770 7087 7086
f 7095 7094 6767
f 7096 7061 6980
f 7098 6941 6940
f 7058 7020 7023
f 7101 6927 6930
f 6974 7060 7063
f 7103 6968 6971
f 7105 6978 6981
f 7106 7107 7036
f 7109 7048 7010
f 7111 7019 7018
f 7098 7003 7037
f 7048 7109 7112
f 7113 6993 7041
f 6994 7114 7115
f 6965 7116 6923
f 6975 6922 6945
f 7061 7096 7065
f 6954 6953 6933
f 6763 7112 7109
f 7046 7045 6620
f 6947 7117 7067
f 6758 7086 7056
f 7118 7119 7039
f 7038 7069 7070
f 7106 7120 7121
f 7123 7124 7053
f 7123 7052 7083
f 7045 7046 7006
f 7107 7106 7122
f 7091 7083 7052
f 7091 7051 6020
f 6936 7096 7097
f 7125 6957 6960
f 6774 6021 7050
f 7119 6939 6942
f 7019 7002 7005
f 7011 7053 7124
f 7021 7126 7040
f 7114 7029 7016
f 7053 7011 7049
f 7086 7085 7057
f 6993 7113 7127
f 7075 7127 7113
f 4281 4280 6603
f 6012 6333 7129
f 7130 6083 6584
f 6797 7132 7133
f 6074 7134 7135
f 6789 6760 6173
f 6760 6789 6776
f 7136 6802 6801
f 6914 6671 6674
f 7007 7110 7059
f 7099 7004 7003
f 6984 7103 7104
f 7110 7007 7047
f 6333 6583 6587
f 5956 6699 6667
f 5957 5956 5971
f 7137 6715 6308
f 4292 4293 6718
f 6693 6705 6668
f 6215 6668 6667
f 6214 6667 6699
f 6698 6197 6212
f 6219 6207 6198
f 6207 6219 6220
f 6220 6221 6609
f 6262 6229 4066
f 7138 7139 7140
f 4298 7142 7140
f 7143 7144 7145
f 7147 7148 7144
f 7149 7150 7151
f 7150 7152 7153
f 6329 6261 7154
f 6261 6260 7155
f 7156 6829 7157
f 6598 6597 7159
f 6257 6256 7161
f 6256 4322 4321
f 6693 6694 6706
f 5954 5969 6705
f 5953 5966 5969
f 7163 5984 5983
f 7164 7165 6138
f 7167 7168 7169
f 6141 7171 7172
f 7166 7171 7173
f 6141 6140 7174
f 7176 7177 7178
f 7180 7181 7182
f 7184 7185 7186
f 6631 7180 7183
f 6218 6198 6197
f 6625 6641 7189
f 6814 6813 7190
f 6882 7192 7193
f 7195 7196 6109
f 6888 7197 7198
f 7200 7201 7202
f 7176 6627 6630
f 6029 7184 7187
f 7205 7206 7207
f 7209 7210 7211
f 7203 7202 7213
f 6886 7215 6778
f 6031 6030 7215
f 7216 7217 7218
f 7220 7221 6880
f 6076 6075 7220
f 6074 6077 6672
f 6147 6150 6662
f 7223 6662 6111
f 6810 6809 6113
f 6920 7134 6914
f 6077 6660 6675
f 6660 6077 6076
f 7222 7220 6669
f 7224 7222 6181
f 6660 6662 6150
f 7225 7226 6794
f 6783 6782 7225
f 6781 6780 6068
f 7217 7227 7228
f 6031 6888 7199
f 6887 6886 6723
f 6164 7225 6915
f 6780 6920 6591
f 7134 6074 6671
f 7229 7230 6824
f 7187 7186 7230
f 7226 6887 6722
f 7231 7232 6169
f 7201 7231 7233
f 6107 7234 7235
f 7215 7229 6823
f 6030 7187 7229
f 7236 7216 7219
f 7237 7238 6820
f 7237 7208 7207
f 7239 7240 7241
f 6739 7243 7244
f 7245 7239 7242
f 7233 6169 6168
f 7247 7213 7202
f 7195 6108 7203
f 7248 7249 7250
f 7227 7251 7252
f 7253 6067 5998
f 6067 7253 7198
f 6781 7198 7197
f 5984 7163 6683
f 7254 7250 6678
f 6679 7249 7252
f 6887 7226 7197
f 6782 7197 7226
f 7135 6919 6163
f 7221 7220 6075
f 6661 6076 7222
f 7224 6112 6111
f 6180 6810 6112
f 6179 6811 6810
f 6811 6179 6793
f 6650 6792 6622
f 6766 6621 7044
f 7095 7044 7043
f 7092 7043 7121
f 7078 7120 7255
f 7256 7232 7257
f 6768 6772 7259
f 6773 6767 7094
f 7090 7094 7093
f 7089 7093 7080
f 7071 7079 7032
f 7077 7018 6998
f 6995 7071 7260
f 7077 7076 7261
f 7035 7034 7018
f 7108 7019 7111
f 6978 7105 7262
f 7105 7263 7264
f 7263 6944 6952
f 6990 6992 6951
f 6972 7117 7266
f 7117 6947 6950
f 6948 6969 7267
f 6969 6968 6982
f 7103 6984 6987
f 7005 7004 6986
f 6999 7005 7268
f 7269 7270 7271
f 7274 7272 7275
f 7274 7273 7276
f 7278 7279 7280
f 7282 7283 7284
f 7286 7287 7288
f 7290 7291 7292
f 7294 7295 7296
f 7068 7297 7298
f 7300 7301 7302
f 7304 6962 7305
f 7307 7285 7305
f 7309 7284 7283
f 7311 7312 7313
f 7125 7304 7306
f 7285 7307 7280
f 7277 7281 7303
f 6965 6964 7316
f 7318 7312 7316
f 7320 7321 7271
f 7312 7318 7296
f 7270 7269 7298
f 7311 7270 7322
f 6961 6932 7300
f 7323 7324 7325
f 7327 7064 7328
f 7064 6958 7325
f 7287 7330 7292
f 6931 7068 7299
f 7331 7327 7329
f 7332 7333 7334
f 7336 7337 7338
f 7340 7341 7333
f 7342 7341 7343
f 7345 7346 7347
f 7348 7349 7350
f 7352 7353 7354
f 7356 7357 7358
f 7360 7361 7362
f 7365 7366 7367
f 7368 7369 7370
f 7372 7373 7336
f 7373 7375 7337
f 7367 7366 7376
f 7378 7379 7380
f 7382 7383 7384
f 7386 7387 7385
f 7388 7389 7390
f 7392 7334 7333
f 7394 7395 7396
f 7398 7399 7400
f 7402 7403 7404
f 7406 7407 7408
f 7410 7411 7383
f 7412 7413 7414
f 7385 7416 7417
f 7389 7418 7419
f 7373 7420 7421
f 7420 7373 7372
f 7369 7423 7424
f 7399 7398 7397
f 7393 7333 7341
f 7398 7358 7357
f 7358 7398 7401
f 7428 7429 7430
f 7433 7434 7435
f 7363 7362 7436
f 7383 7438 7439
f 7411 7440 7438
f 7441 7442 7443
f 7445 7446 7339
f 7374 7336 7339
f 7444 7365 7364
f 7448 7364 7450
f 7364 7367 7451
f 7451 7367 7377
f 7449 7450 7454
f 7455 7454 7450
f 7456 7455 7451
f 7410 7457 7458
f 7460 7461 7462
f 7423 7369 7462
f 7464 7465 7466
f 7468 7469 7347
f 7376 7366 7471
f 7425 7397 7396
f 7475 7476 7477
f 7478 7479 7480
f 7482 7483 7407
f 7484 7485 7351
f 7487 7405 7488
f 7490 7491 7492
f 7412 7415 7434
f 7494 7495 7434
f 7496 7388 7391
f 7440 7411 7498
f 7401 7400 7488
f 7485 7346 7345
f 7500 7502 7427
f 7395 7394 7469
f 7503 7504 7505
f 7507 7508 7509
f 7511 7512 7513
f 7511 7514 7515
f 7517 7518 7519
f 7521 7522 7523
f 7352 7524 7525
f 7415 7414 7527
f 7528 7529 7530
f 7404 7531 7502
f 7477 7388 7496
f 7512 7478 7481
f 7405 7404 7500
f 7533 7534 7535
f 7378 7507 7510
f 7532 7496 7379
f 7539 7540 7541
f 7524 7352 7355
f 7351 7485 7501
f 7414 7524 7523
f 7522 7543 7527
f 7544 7413 7412
f 7546 7416 7547
f 7526 7549 7353
f 7550 7521 7355
f 7521 7550 7551
f 7552 7546 7548
f 7546 7552 7553
f 7522 7521 7548
f 7418 7556 7520
f 7416 7546 7554
f 7457 7557 7558
f 7557 7559 7560
f 7562 7561 7563
f 7564 7563 7349
f 7351 7350 7565
f 7567 7568 7569
f 7570 7555 7520
f 7419 7418 7555
f 7572 7564 7348
f 7389 7476 7556
f 7573 7490 7493
f 7552 7535 7534
f 7562 7574 7536
f 7572 7575 7576
f 7422 7577 7578
f 7423 7579 7580
f 7579 7423 7463
f 7578 7574 7576
f 7583 7584 7381
f 7586 7579 7581
f 7533 7580 7579
f 7447 7339 7338
f 7588 7502 7531
f 7590 7428 7431
f 7321 7320 7592
f 7275 7581 7463
f 7461 7278 7276
f 7279 7278 7461
f 7453 7454 7593
f 7594 7593 7454
f 7330 7287 7498
f 7459 7458 7294
f 7558 7560 7595
f 7560 7592 7320
f 7275 7321 7585
f 7462 7276 7273
f 7596 7583 7380
f 7597 7598 7406
f 7467 7466 7599
f 7601 7602 7603
f 7605 7365 7444
f 7365 7605 7606
f 7607 7495 7494
f 7513 7481 7473
f 7396 7395 7514
f 7514 7395 7468
f 7470 7609 7515
f 7610 7611 7609
f 7612 7556 7476
f 7613 7530 7529
f 7442 7441 7615
f 7574 7578 7577
f 7619 7400 7399
f 7518 7479 7509
f 7491 7399 7425
f 7549 7620 7621
f 7491 7490 7622
f 7377 7438 7440
f 7379 7496 7497
f 7453 7461 7460
f 7411 7410 7459
f 7623 7624 7391
f 7625 7611 7610
f 7487 7407 7483
f 7619 7622 7408
f 7627 7628 7620
f 7538 7379 7378
f 7389 7388 7477
f 7629 7545 7412
f 7489 7408 7407
f 7628 7627 7598
f 7413 7525 7524
f 7592 7560 7559
f 7584 7631 7632
f 7569 7568 7633
f 7570 7508 7566
f 7631 7567 7566
f 7508 7570 7519
f 7614 7573 7480
f 7346 7610 7470
f 7572 7574 7562
f 7571 7633 7634
f 7346 7485 7484
f 7607 7591 7431
f 7585 7592 7630
f 7624 7596 7497
f 7635 7386 7384
f 7636 7427 7502
f 7323 7309 7310
f 7420 7578 7582
f 7637 7594 7455
f 7287 7286 7499
f 7458 7558 7295
f 7439 7376 7472
f 7599 7601 7604
f 7359 7358 7427
f 7436 7638 7639
f 7490 7573 7640
f 7481 7480 7493
f 7641 7506 7505
f 7642 7643 7627
f 7492 7425 7473
f 7517 7612 7625
f 7625 7484 7486
f 7634 7623 7390
f 7474 7477 7532
f 7448 7368 7441
f 7368 7448 7449
f 7615 7441 7368
f 7638 7603 7602
f 7575 7572 7501
f 7571 7555 7570
f 7400 7619 7489
f 7508 7507 7632
f 7503 7506 7540
f 6957 7125 7315
f 7376 7439 7438
f 7507 7378 7381
f 7499 7456 7452
f 7286 7637 7456
f 7504 7642 7644
f 7645 7598 7627
f 7647 7634 7633
f 7647 7648 7623
f 7649 7624 7623
f 7650 7596 7624
f 7646 7633 7568
f 7651 7568 7567
f 7653 7652 7567
f 7651 7654 7655
f 7656 7657 7658
f 7660 7658 7657
f 7663 7657 7656
f 7664 7665 7663
f 7667 7666 7663
f 7667 7662 7668
f 7663 7665 7661
f 7670 7671 7672
f 7661 7672 7671
f 7659 7668 7662
f 7648 7647 7668
f 7648 7659 7673
f 7659 7658 7674
f 7658 7660 7675
f 7668 7647 7646
f 7660 7671 7676
f 7675 7677 7678
f 7677 7675 7676
f 7677 7680 7681
f 7682 7683 7678
f 7677 7679 7684
f 7673 7674 7678
f 7683 7650 7649
f 7685 7676 7671
f 7667 7655 7686
f 7666 7686 7687
f 7654 7688 7686
f 7689 7687 7686
f 7664 7687 7691
f 7650 7692 7583
f 7693 7653 7631
f 7584 7583 7692
f 7693 7692 7682
f 7694 7682 7681
f 7694 7696 7653
f 7650 7683 7682
f 7696 7697 7652
f 7654 7651 7652
f 7688 7654 7697
f 7699 7698 7697
f 7700 7701 7698
f 7695 7699 7696
f 7699 7695 7702
f 7689 7688 7698
f 7689 7701 7703
f 7705 7706 7707
f 7701 7700 7705
f 7704 7703 7707
f 7685 7670 7691
f 7687 7689 7704
f 7680 7702 7695
f 7684 7706 7702
f 7702 7706 7705
f 7684 7679 7707
f 7676 7685 7707
f 7665 7669 7672
f 7670 7669 7690
f 7665 7664 7690
f 7611 7475 7474
f 7510 7509 7479
f 7511 7538 7537
f 7516 7532 7538
f 7517 7530 7613
f 7537 7510 7478
f 7611 7625 7612
f 7613 7480 7479
f 7556 7612 7517
f 7516 7515 7609
f 7708 7709 7710
f 7712 7713 7714
f 7713 7716 7717
f 7719 7720 7721
f 7722 7723 7597
f 7724 7712 7715
f 7726 7727 7728
f 7731 7640 7573
f 7730 7573 7614
f 7733 7734 7735
f 7721 7712 7724
f 7731 7722 7409
f 7708 7726 7729
f 7737 7724 7709
f 7716 7741 7736
f 7742 7743 7744
f 7740 7736 7735
f 7717 7716 7740
f 7716 7713 7720
f 7748 7749 7711
f 7750 7748 7710
f 7720 7719 7751
f 7734 7723 7728
f 7709 7724 7725
f 7752 7753 7715
f 7739 7709 7708
f 7720 7713 7712
f 7749 7754 7755
f 7745 7744 7756
f 7746 7727 7742
f 7743 7742 7755
f 7727 7746 7735
f 7747 7756 7757
f 7753 7750 7725
f 7751 7621 7620
f 7757 7752 7714
f 7718 7721 7737
f 7747 7740 7746
f 7727 7726 7755
f 7726 7708 7711
f 7759 7757 7756
f 7759 7760 7752
f 7760 7761 7753
f 7761 7762 7750
f 7758 7756 7744
f 7763 7744 7743
f 7754 7765 7764
f 7763 7766 7767
f 7768 7769 7770
f 7772 7768 7771
f 7775 7768 7772
f 7776 7777 7775
f 7779 7778 7775
f 7775 7777 7769
f 7770 7769 7781
f 7782 7774 7772
f 7760 7759 7782
f 7760 7773 7783
f 7773 7771 7784
f 7770 7785 7784
f 7779 7774 7782
f 7782 7759 7758
f 7785 7770 7780
f 7785 7787 7788
f 7787 7785 7786
f 7787 7790 7791
f 7792 7793 7788
f 7787 7789 7794
f 7793 7783 7784
f 7762 7761 7783
f 7796 7786 7780
f 7795 7780 7781
f 7779 7767 7798
f 7799 7776 7778
f 7766 7800 7798
f 7800 7801 7799
f 7802 7776 7799
f 7795 7797 7802
f 7762 7804 7748
f 7805 7765 7754
f 7749 7748 7804
f 7805 7804 7792
f 7806 7792 7791
f 7806 7808 7765
f 7793 7792 7804
f 7808 7809 7764
f 7766 7763 7764
f 7766 7809 7810
f 7811 7810 7809
f 7812 7813 7810
f 7807 7811 7808
f 7811 7807 7814
f 7813 7801 7800
f 7801 7813 7815
f 7817 7818 7819
f 7813 7812 7817
f 7816 7815 7819
f 7796 7795 7803
f 7799 7801 7816
f 7790 7814 7807
f 7794 7818 7814
f 7814 7818 7817
f 7794 7789 7819
f 7786 7796 7819
f 7777 7797 7781
f 7777 7776 7802
f 7528 7719 7718
f 7729 7728 7723
f 7738 7731 7730
f 7732 7737 7739
f 7733 7620 7628
f 7722 7731 7738
f 7621 7751 7719
f 7628 7597 7723
f 7733 7736 7741
f 7732 7614 7529
f 7486 7565 7621
f 7549 7565 7350
f 7353 7350 7349
f 7354 7349 7563
f 7821 7822 7823
f 7824 7825 7826
f 7825 7828 7829
f 7830 7831 7832
f 7834 7824 7827
f 7836 7837 7838
f 7840 7482 7406
f 7841 7406 7598
f 7843 7844 7845
f 7833 7824 7834
f 7848 7820 7836
f 7847 7834 7821
f 7828 7851 7846
f 7853 7854 7855
f 7850 7846 7845
f 7829 7828 7850
f 7828 7825 7832
f 7858 7859 7823
f 7860 7858 7822
f 7831 7861 7851
f 7844 7862 7838
f 7834 7835 7822
f 7863 7864 7827
f 7849 7821 7820
f 7825 7824 7833
f 7859 7865 7866
f 7855 7854 7867
f 7837 7852 7855
f 7865 7853 7852
f 7837 7856 7845
f 7857 7867 7868
f 7864 7860 7835
f 7843 7861 7642
f 7868 7863 7826
f 7830 7833 7847
f 7857 7850 7856
f 7837 7836 7866
f 7836 7820 7823
f 7870 7868 7867
f 7870 7871 7863
f 7871 7872 7864
f 7872 7873 7860
f 7869 7867 7854
f 7874 7854 7853
f 7876 7875 7853
f 7874 7877 7878
f 7879 7880 7881
f 7883 7879 7882
f 7886 7879 7883
f 7887 7888 7886
f 7890 7889 7886
f 7886 7888 7880
f 7891 7881 7880
f 7884 7893 7885
f 7871 7870 7893
f 7871 7884 7894
f 7884 7882 7895
f 7882 7881 7896
f 7890 7885 7893
f 7893 7870 7869
f 7881 7891 7897
f 7898 7899 7895
f 7900 7898 7896
f 7901 7902 7899
f 7904 7899 7902
f 7898 7900 7905
f 7894 7895 7899
f 7904 7873 7872
f 7907 7897 7891
f 7906 7891 7892
f 7890 7878 7909
f 7910 7887 7889
f 7877 7911 7909
f 7912 7910 7909
f 7887 7910 7914
f 7906 7908 7913
f 7873 7915 7858
f 7916 7876 7865
f 7859 7858 7915
f 7916 7915 7903
f 7917 7903 7902
f 7917 7919 7876
f 7873 7904 7903
f 7919 7920 7875
f 7877 7874 7875
f 7911 7877 7920
f 7922 7921 7920
f 7923 7924 7921
f 7918 7922 7919
f 7922 7918 7925
f 7924 7912 7911
f 7912 7924 7926
f 7928 7929 7930
f 7924 7923 7928
f 7927 7926 7930
f 7907 7906 7914
f 7910 7912 7927
f 7901 7925 7918
f 7905 7929 7925
f 7925 7929 7928
f 7905 7900 7930
f 7897 7907 7930
f 7888 7908 7892
f 7888 7887 7913
f 7645 7643 7831
f 7839 7838 7862
f 7841 7849 7848
f 7842 7847 7849
f 7504 7503 7844
f 7839 7931 7840
f 7643 7642 7861
f 7503 7539 7862
f 7846 7851 7861
f 7842 7598 7645
f 7932 7933 7934
f 7936 7937 7938
f 7937 7940 7941
f 7942 7943 7944
f 7947 7948 7949
f 7950 7936 7939
f 7953 7954 7955
f 7956 7957 7958
f 7956 7959 7540
f 7962 7963 7964
f 7936 7950 7965
f 7946 7949 7958
f 7966 7932 7952
f 7965 7950 7933
f 7968 7940 7969
f 7970 7971 7972
f 7974 7968 7964
f 7941 7940 7968
f 7940 7937 7944
f 7976 7977 7935
f 7978 7976 7934
f 7943 7979 7969
f 7947 7954 7963
f 7933 7950 7951
f 7980 7981 7939
f 7967 7933 7932
f 7937 7936 7945
f 7977 7982 7983
f 7973 7972 7984
f 7953 7970 7973
f 7982 7971 7970
f 7974 7963 7954
f 7975 7984 7985
f 7981 7978 7951
f 7961 7979 7544
f 7985 7980 7938
f 7942 7945 7965
f 7975 7968 7974
f 7952 7983 7970
f 7952 7932 7935
f 7987 7985 7984
f 7987 7988 7980
f 7988 7989 7981
f 7989 7990 7978
f 7986 7984 7972
f 7991 7972 7971
f 7993 7992 7971
f 7986 7991 7994
f 7997 7998 7999
f 8000 7996 7999
f 8003 7996 8000
f 8005 8003 8006
f 8007 8006 8003
f 7996 8003 8005
f 7998 7997 8009
f 8010 8002 8000
f 7988 7987 8010
f 7988 8001 8011
f 8011 8001 7999
f 7998 8013 8012
f 8007 8002 8010
f 8010 7987 7986
f 8013 7998 8008
f 8015 8016 8012
f 8017 8015 8013
f 8018 8019 8016
f 8021 8016 8019
f 8015 8017 8022
f 8011 8012 8016
f 8021 7990 7989
f 8023 8024 8014
f 8023 8008 8009
f 8007 7995 8026
f 8026 8027 8004
f 8028 8026 7995
f 8029 8027 8026
f 8030 8004 8027
f 8023 8025 8030
f 7990 8032 7976
f 8033 7993 7982
f 7976 8032 8033
f 8034 8033 8032
f 8035 8034 8020
f 8034 8036 7993
f 7990 8021 8020
f 8036 8037 7992
f 7991 7992 8037
f 7994 8037 8038
f 8039 8038 8037
f 8040 8041 8038
f 8035 8039 8036
f 8039 8035 8042
f 8041 8029 8028
f 8029 8041 8043
f 8045 8046 8047
f 8041 8040 8045
f 8044 8043 8047
f 8024 8023 8031
f 8027 8029 8044
f 8042 8035 8019
f 8022 8046 8042
f 8042 8046 8045
f 8017 8047 8046
f 8014 8024 8047
f 8005 8025 8009
f 8005 8004 8030
f 7506 7641 7943
f 7954 7947 7946
f 7967 7966 7957
f 7960 7965 7967
f 7948 7947 7962
f 7955 7946 7957
f 7641 7544 7979
f 7969 7979 7961
f 7960 7540 7506
f 7362 8049 8050
f 8052 7618 7464
f 8051 7464 7467
f 8054 8055 7600
f 8056 7361 7618
f 7436 8050 8057
f 8049 7362 7361
f 8057 8058 7603
f 8055 8053 7467
f 8058 8054 7604
f 8059 8060 8058
f 8060 8061 8054
f 8061 8062 8055
f 8062 8063 8053
f 8059 8057 8050
f 8064 8050 8049
f 8056 8066 8065
f 8059 8064 8067
f 8069 8070 8071
f 8073 8069 8072
f 8075 8069 8073
f 8077 8078 8075
f 8075 8079 8070
f 8079 8080 8081
f 8082 8071 8070
f 8083 8076 8073
f 8061 8060 8083
f 8061 8074 8084
f 8074 8072 8085
f 8072 8071 8086
f 8077 8076 8083
f 8083 8060 8059
f 8071 8082 8087
f 8088 8089 8085
f 8090 8088 8086
f 8091 8092 8089
f 8094 8089 8092
f 8088 8090 8095
f 8084 8085 8089
f 8094 8063 8062
f 8097 8087 8082
f 8096 8082 8081
f 8077 8068 8098
f 8099 8100 8078
f 8101 8098 8068
f 8102 8099 8098
f 8100 8099 8104
f 8096 8080 8103
f 8075 8078 8100
f 8079 8100 8103
f 8105 8051 8053
f 8066 8056 8052
f 8051 8105 8106
f 8107 8106 8105
f 8108 8107 8093
f 8107 8109 8066
f 8063 8094 8093
f 8109 8110 8065
f 8064 8065 8110
f 8067 8110 8111
f 8112 8111 8110
f 8113 8114 8111
f 8108 8112 8109
f 8112 8108 8115
f 8114 8102 8101
f 8102 8114 8116
f 8118 8119 8120
f 8114 8113 8118
f 8117 8116 8120
f 8097 8096 8104
f 8099 8102 8117
f 8091 8115 8108
f 8095 8119 8115
f 8115 8119 8118
f 8095 8090 8120
f 8087 8097 8120
f 7550 7563 7561
f 7552 7551 7561
f 7931 7862 7539
f 7640 7409 7408
f 7549 7526 7644
f 7525 7413 7544
f 7931 7542 7482
f 7483 7482 7542
f 7626 7402 7405
f 7629 7433 7432
f 7629 8121 7949
f 8122 7958 7949
f 8123 8122 8121
f 8124 8123 7432
f 7434 7495 8125
f 8125 7430 8124
f 8124 7430 7429
f 8123 8124 8126
f 8122 8123 8127
f 7541 7540 7959
f 7404 7403 8129
f 8125 7495 7431
f 7526 7525 7505
f 7626 7483 7541
f 7959 7958 8122
f 7961 7545 8048
f 7629 7948 8048
f 8127 7402 7626
f 7402 8127 8126
f 8129 7403 8126
f 7428 7531 8129
f 7589 7531 7428
f 7334 7392 7426
f 7335 7334 7357
f 7616 7615 7446
f 7392 7397 7398
f 7393 7394 7397
f 7342 7469 7394
f 7344 7347 7469
f 7343 7618 7361
f 7360 7345 7344
f 7363 7575 7345
f 7437 7576 7575
f 7582 7576 7437
f 7421 7582 7639
f 7375 7421 7602
f 7599 7337 7375
f 7465 7464 7618
f 7332 7447 7587
f 7447 7332 7335
f 7445 7335 7356
f 7359 7442 7616
f 7636 7443 7442
f 7588 7605 7443
f 7589 7606 7605
f 7590 7471 7606
f 7471 7590 7591
f 7446 7615 7371
f 7371 7370 7372
f 7422 7372 7370
f 7577 7422 7424
f 7536 7577 7580
f 7591 7607 7635
f 7607 7608 7386
f 7543 7608 7494
f 7547 7387 7543
f 7608 7543 7387
f 7387 7547 7416
f 7457 7410 7382
f 7557 7457 7417
f 7559 7557 7554
f 7630 7559 7553
f 7534 7533 7586
f 7466 7338 7337
f 7465 7587 7338
f 7617 7340 7587
f 7341 7340 7617
f 8130 6091 6090
f 6023 6022 8132
f 6182 6023 8133
f 6623 6622 6792
f 6787 6696 6182
f 8134 6700 6696
f 6917 6757 6756
f 6762 6761 7112
f 6762 6765 6184
f 6765 6623 6185
f 6650 6769 6768
f 6772 6771 6916
f 6777 6776 6789
f 6022 6777 6788
f 6756 6700 8134
f 6758 6757 6771
f 6761 6776 6775
f 6769 6622 6621
f 6772 6768 6767
f 6174 6173 6760
f 6187 6186 6178
f 6811 6649 6648
f 6786 6785 6724
f 6791 6790 6918
f 6186 6793 6179
f 6808 6807 8133
f 6884 6883 8135
f 6174 6187 6670
f 6807 6785 6784
f 6791 6808 8132
f 6786 6884 8134
f 6790 6173 6172
f 6649 6793 6792
f 6316 6315 8136
f 8137 6655 6654
f 8139 8140 6601
f 6656 6655 6580
f 6868 8141 8142
f 6316 6712 6711
f 6864 8143 8144
f 6864 6863 8145
f 6868 6867 6869
f 6656 6867 6866
f 8146 8147 8148
f 8139 8150 8151
f 8152 8153 6866
f 8154 8155 8138
f 6874 6873 8156
f 8158 6318 8159
f 8160 8152 6865
f 8161 6317 6313
f 6161 6600 8162
f 8164 8154 6654
f 8153 8164 6653
f 8165 8166 8167
f 8166 5989 8169
f 5989 5988 8170
f 5988 6017 8171
f 8172 8173 6043
f 8174 8175 6032
f 8174 6035 6098
f 8176 6098 6796
f 8177 6796 8178
f 7132 8178 6728
f 6589 6588 8180
f 8180 6588 6004
f 8181 6004 6007
f 6334 6079 6731
f 6079 6078 6645
f 6078 6085 6646
f 6085 8183 8184
f 6091 8130 8185
f 6086 6730 8183
f 6950 6949 7118
f 6952 6951 6992
f 6983 6982 6968
f 6987 6986 7004
f 7001 7000 6979
f 7001 7262 7074
f 7262 7264 7075
f 7264 6952 7127
f 7265 6951 6943
f 7265 7266 6991
f 7266 6950 7070
f 6949 7267 7119
f 7267 6982 6939
f 6983 6987 7099
f 7268 6986 6985
f 7000 7268 8186
f 6938 6937 6985
f 6946 6945 6922
f 6956 6955 6948
f 6971 6970 6928
f 6970 6955 6954
f 6973 6946 6921
f 6977 6976 7263
f 6981 6980 7061
f 6973 7067 7117
f 7097 6980 6979
f 7104 6971 6927
f 6977 6981 7060
f 6976 6945 6944
f 6956 7067 7066
f 6937 7097 8186
f 6938 7104 7101
f 6924 6923 7116
f 6926 6924 7297
f 6930 6929 6962
f 6934 6933 6953
f 6960 6959 6936
f 6963 6929 6928
f 6967 6966 6975
f 7063 7062 7327
f 6959 7065 7096
f 6926 6934 7066
f 7102 6930 7304
f 6967 7063 7331
f 6966 6923 6922
f 7062 7065 7064
f 6963 6933 6932
f 7102 6960 6935
f 7299 7298 7269
f 7301 7300 6932
f 7306 7305 7285
f 7308 7305 6962
f 7315 7306 7284
f 7317 7316 7312
f 7319 7316 6964
f 7322 7298 7297
f 7317 7322 7116
f 7308 7300 7303
f 7326 7325 6958
f 7329 7328 7291
f 7328 7325 7324
f 7301 7299 8187
f 7319 7329 7290
f 7326 7315 7309
f 7272 7271 7321
f 7272 7274 8187
f 7274 7277 7302
f 7281 7280 7307
f 7283 7282 7593
f 7289 7288 7324
f 7293 7292 7330
f 7293 7296 7318
f 7310 7283 7594
f 7314 7313 7595
f 7282 7280 7279
f 7278 7281 7277
f 7314 7271 7270
f 7313 7296 7295
f 7288 7292 7291
f 7289 7310 7637
f 6003 6002 6626
f 6003 6138 7165
f 6690 8188 8189
f 6686 6685 5981
f 6685 6687 6096
f 6687 6688 6806
f 6002 6686 5980
f 6606 8188 5351
f 7164 7173 8190
f 8192 7175 7174
f 6015 6014 8153
f 6189 6188 8155
f 8157 8156 6284
f 6332 6015 8152
f 6593 6592 6317
f 6658 6189 8154
f 6014 6658 8164
f 6332 8194 7131
f 6805 8159 6321
f 6146 8163 8162
f 6607 7128 8195
f 8196 6126 6125
f 8198 7169 7168
f 8199 7168 6633
f 7177 6632 8201
f 8202 8203 8204
f 7208 7186 7185
f 7237 7230 7186
f 6819 6824 7230
f 6818 6821 6824
f 8206 6883 6821
f 8207 6917 8135
f 6917 8207 8209
f 8209 8210 7259
f 8210 8211 6647
f 6812 6648 8212
f 6809 6812 7258
f 6809 7257 8213
f 6113 8213 8214
f 7235 7223 6110
f 7223 7235 7234
f 6147 7234 8215
f 6148 8215 8216
f 8218 6155 6158
f 8219 6285 6116
f 6284 6188 6116
f 6188 6284 8156
f 8155 8156 6873
f 8138 6873 6872
f 8137 6872 8148
f 6193 8147 6281
f 6190 6281 6278
f 8220 8221 8222
f 8224 8225 7139
f 6223 6222 8226
f 6237 6236 8228
f 6238 6223 8227
f 6249 6248 8231
f 6253 6252 8233
f 6236 6279 8221
f 6331 6238 8230
f 6252 6595 8236
f 6222 6237 8229
f 6828 6827 8237
f 6280 8239 8240
f 8208 8135 6883
f 6648 6647 8211
f 6143 6624 8242
f 6624 7189 8244
f 8245 8246 8247
f 8249 8250 8251
f 7195 8253 8254
f 7214 8255 8253
f 8256 8255 7214
f 7243 7211 8257
f 7210 8258 8257
f 8259 7181 6102
f 8261 6122 6121
f 8178 7132 8263
f 7132 6797 8264
f 6797 6135 8265
f 6135 6134 8266
f 6134 6151 8267
f 6151 6154 8268
f 6154 8269 8270
f 8269 8271 8272
f 7194 7193 8273
f 7193 8250 8275
f 8249 8259 8260
f 8248 8277 8278
f 6129 6128 8279
f 7169 8198 8197
f 8198 8190 8192
f 7171 6141 7175
f 6589 6801 7129
f 6801 6037 6040
f 6037 6036 6041
f 6036 6131 6659
f 6131 6156 6118
f 6156 6155 6119
f 8218 8219 6119
f 8219 8218 6815
f 7191 7189 6641
f 8246 8244 7189
f 8245 8278 8281
f 8280 8279 6288
f 6125 6124 7170
f 6288 6127 6602
f 6126 8196 6604
f 8196 8193 6605
f 7174 6140 6691
f 6691 6140 6139
f 7171 7166 8283
f 7172 8283 8284
f 6139 6142 8284
f 8285 8286 8287
f 8211 8210 8289
f 8290 8291 8292
f 8293 8294 8291
f 8293 8207 8208
f 8296 8297 8298
f 6818 6817 8296
f 8285 7256 7258
f 7243 8299 7212
f 7243 6739 8300
f 8301 8300 6739
f 8302 8256 7213
f 8303 8302 7247
f 8304 8303 6168
f 6738 8298 8297
f 8288 8287 6167
f 8304 8292 8291
f 8305 8291 8294
f 6737 6736 8306
f 6736 7244 8307
f 8243 8242 8308
f 8242 8244 8282
f 8247 8246 7191
f 7196 8254 8251
f 8253 8310 8311
f 8255 8312 8310
f 8313 8312 8255
f 7244 8257 8313
f 8313 8257 8258
f 8312 8258 8314
f 8315 8311 8310
f 8311 8315 8316
f 8282 8281 8317
f 8308 8317 8261
f 8309 8261 8262
f 8248 8247 8275
f 8282 8244 8246
f 8307 8313 8256
f 8306 8307 8302
f 8305 8306 8303
f 8298 6738 6737
f 8287 8292 8304
f 7253 8319 7199
f 8319 8320 6028
f 8320 8321 6029
f 8321 8322 7184
f 8322 8203 7185
f 8203 8202 7205
f 8202 7240 7206
f 7239 7245 7210
f 7251 7227 8319
f 7227 7217 8320
f 7217 7216 8321
f 7216 7236 8322
f 7236 8204 8203
f 6175 8199 8200
f 7165 7164 8191
f 6137 8283 7166
f 6200 6199 8283
f 6199 6206 8284
f 8284 6206 6205
f 6205 6608 6689
f 6689 6608 5485
f 7009 7008 8323
f 7013 7012 7021
f 7017 7016 7029
f 7013 7059 7110
f 7073 7072 7084
f 7081 7080 7093
f 7082 7017 7028
f 7088 7072 6995
f 7088 7115 7057
f 7122 7121 7043
f 7124 7123 7024
f 7082 7025 7024
f 7009 7122 7042
f 7012 7124 7126
f 7115 7016 7015
f 7008 7059 7058
f 7081 7121 7120
f 7073 7080 7079
f 6997 6996 7076
f 7023 7022 6942
f 7027 7026 7069
f 7031 7030 6989
f 7079 7078 7033
f 7037 7036 7107
f 7027 7040 7126
f 7041 7030 7029
f 7026 7031 6988
f 7100 7023 6941
f 7108 7036 7002
f 7100 7037 8323
f 6997 7041 7114
f 7022 7040 7039
f 7111 7034 7033
f 7035 7261 7260
f 7261 7076 6996
f 7108 7255 7120
f 7245 8314 8258
f 7246 8315 8314
f 7181 8259 8316
f 8277 6101 6129
f 8278 6129 8280
f 6287 8317 8281
f 6122 8261 8317
f 5487 6145 6144
f 5489 6159 6162
f 6637 8324 8325
f 8326 8325 8225
f 5494 7139 8225
f 6160 6159 8150
f 5496 8324 8151
f 8163 8327 6162
f 6146 6145 8327
f 8243 8328 6144
f 8328 8243 8309
f 8318 8262 5501
f 8262 6121 5502
f 8329 8330 8331
f 8333 8334 8335
f 8338 8182 6007
f 8329 8334 8339
f 8341 6334 6734
f 6006 8342 8337
f 8342 6006 6804
f 6065 6064 8339
f 5995 5994 8341
f 6918 6172 6166
f 7221 6163 6166
f 6172 6171 6880
f 8344 5952 5955
f 5519 5976 5975
f 6806 8345 8346
f 6646 8184 8347
f 8165 8348 8349
f 6322 8350 8131
f 8345 6806 6688
f 6695 8346 5975
f 5976 5519 5528
f 5529 8130 8131
f 6643 8347 8352
f 8183 5533 5532
f 5534 8185 8130
f 6730 5535 5533
f 8351 6688 6093
f 5535 6730 6594
f 8353 8354 6652
f 8354 8353 8355
f 8357 8358 6825
f 8359 8357 6202
f 6224 8354 8356
f 6275 8361 8362
f 6201 6210 7143
f 7146 8363 8359
f 8357 8359 8363
f 8355 8365 8366
f 8361 8360 8368
f 8356 8355 8367
f 8370 8371 8372
f 8220 8373 7145
f 6275 6274 6228
f 5558 4067 6228
f 8375 8369 8367
f 8362 8368 8376
f 8378 8379 8380
f 8363 7146 8382
f 8384 8378 8381
f 8382 8373 8386
f 8383 8387 8364
f 6226 6225 6231
f 6231 6225 8361
f 6636 8388 8389
f 6635 8390 8388
f 8390 6635 5576
f 8379 8378 6232
f 8378 8384 6233
f 8384 8391 8371
f 8372 8392 8393
f 7138 8240 8239
f 8224 8239 8394
f 8146 6638 8394
f 6638 6637 8326
f 6340 6339 6299
f 6747 6338 6577
f 6344 6343 6346
f 6342 6341 6355
f 6353 6352 6349
f 6337 6351 6369
f 6360 6359 6328
f 6358 6357 6386
f 6364 6363 6293
f 6362 6361 6376
f 6366 6353 6297
f 6350 6365 6372
f 6533 6342 6303
f 6534 6536 6346
f 6744 6746 6533
f 6536 6534 6747
f 6357 6835 6894
f 6341 6834 6832
f 6839 6838 6292
f 6837 6836 6380
f 6838 6841 6354
f 6361 6840 6377
f 6363 6366 6296
f 6365 6362 6373
f 6359 6839 6291
f 6836 6358 6385
f 6481 6480 6902
f 6484 6483 6501
f 6477 6488 6487
f 6849 6467 6492
f 6494 6492 6467
f 6547 6481 6544
f 6750 6751 6546
f 6494 6466 6751
f 6843 6484 6500
f 6845 6573 6575
f 6489 6488 6847
f 6474 6487 6491
f 6483 6905 6906
f 6493 6463 6465
f 6471 6470 6544
f 6472 6482 6485
f 6476 6475 6461
f 6470 6451 6542
f 6570 6567 6569
f 6495 6567 6463
f 6475 6465 6462
f 6572 6848 6477
f 6574 6571 6457
f 6569 6568 6543
f 6575 6574 6473
f 6471 6904 6901
f 6469 6468 6508
f 6498 6497 6479
f 6503 6502 6518
f 6489 6506 6505
f 6467 6849 6509
f 6546 6548 6498
f 6549 6548 6752
f 6752 6751 6466
f 6503 6850 6846
f 6850 6851 6844
f 6507 6506 6852
f 6486 6505 6509
f 6502 6907 6909
f 6858 6893 6664
f 8396 8397 6611
f 6833 8398 6324
f 8399 6826 6825
f 6831 6830 8401
f 6707 6833 6826
f 8398 8403 6890
f 6858 6857 8404
f 8405 8396 6610
f 6830 6893 6553
f 8397 6892 6911
f 8400 6825 8358
f 8358 8357 8364
f 8406 8364 8387
f 8389 8408 8380
f 8389 8388 8409
f 8388 8390 8410
f 5575 5597 8410
f 6665 6273 8411
f 8412 8413 6720
f 8413 5602 5601
f 8411 8414 8413
f 6262 6742 6290
f 5602 8413 8414
f 7141 7140 7142
f 8393 8222 8241
f 8227 8226 7147
f 8229 8228 8374
f 8230 8227 7151
f 8232 8231 8415
f 8234 8233 8417
f 8221 8220 8374
f 8235 8230 7153
f 8233 8236 8420
f 8226 8229 7148
f 8238 8237 8421
f 7141 8393 8240
f 6581 6580 6655
f 6640 6639 8140
f 6710 6709 8141
f 6717 6716 6712
f 6860 6859 8143
f 6870 6869 6867
f 6717 8136 6726
f 6870 6580 6192
f 6860 8145 6050
f 6710 6869 6025
f 6639 8149 6871
f 6640 8151 8324
f 6581 8148 8147
f 5615 5614 6234
f 7144 7148 8374
f 7144 7143 6210
f 7150 7149 6210
f 7152 7150 6209
f 7152 7154 8419
f 7154 7155 8421
f 7158 7157 8415
f 7160 7159 8420
f 7162 7161 8418
f 7161 4321 5616
f 8370 6234 6233
f 8373 8382 7146
f 8392 8391 8386
f 8391 8392 8372
f 5617 8344 6713
f 5973 5618 3355
f 8345 5620 5619
f 3880 6735 6910
f 8351 5622 5620
f 8346 5619 5520
f 5621 6910 6911
f 5622 8351 8185
f 8150 5624 5497
f 8423 8424 8425
f 8427 6516 6519
f 8429 8430 8431
f 6523 8432 8433
f 8434 8435 8436
f 8438 8435 8434
f 8438 8440 6511
f 8441 8442 8424
f 8427 8443 8430
f 8444 8428 8445
f 8447 8425 8424
f 8449 8443 8444
f 8451 8431 8430
f 8453 8437 8454
f 8456 8434 8437
f 8439 8434 8456
f 8448 8424 8442
f 8452 8430 8443
f 8425 8447 8459
f 8460 8461 8462
f 8464 8465 8466
f 8468 8469 8470
f 8472 8473 8474
f 8476 8477 8478
f 8480 8481 8482
f 8484 8485 8486
f 8485 8488 8489
f 8490 8491 8481
f 8492 8493 8494
f 8495 8494 8496
f 8498 8499 8500
f 8502 8501 8500
f 8504 8505 8506
f 8508 8509 8510
f 8513 8508 8511
f 8507 8506 8514
f 8516 8517 8518
f 8520 8517 8516
f 8522 8523 8524
f 8526 8527 8522
f 8528 8529 8530
f 8532 8530 8529
f 8534 8535 8536
f 8538 8539 8534
f 8464 8482 8481
f 8483 8540 8541
f 8542 8485 8484
f 8487 8543 8540
f 8488 8485 8542
f 8545 8546 8486
f 8481 8491 8466
f 8547 8545 8489
f 8548 8494 8493
f 8549 8550 8502
f 8551 8496 8494
f 8497 8541 8552
f 8469 8500 8499
f 8547 8541 8497
f 8469 8468 8503
f 8501 8502 8550
f 8460 8504 8507
f 8552 8553 8506
f 8554 8511 8510
f 8549 8552 8505
f 8554 8555 8512
f 8513 8556 8550
f 8461 8507 8515
f 8557 8556 8513
f 8558 8516 8519
f 8559 8560 8527
f 8521 8516 8558
f 8553 8562 8517
f 8477 8525 8524
f 8520 8523 8557
f 8476 8526 8525
f 8527 8560 8556
f 8563 8529 8528
f 8564 8539 8531
f 8533 8529 8563
f 8562 8567 8530
f 8473 8537 8536
f 8559 8562 8532
f 8472 8538 8537
f 8560 8534 8539
f 8463 8462 8555
f 8544 8542 8467
f 8470 8551 8548
f 8475 8474 8566
f 8479 8478 8561
f 8484 8487 8483
f 8490 8489 8488
f 8503 8493 8492
f 8498 8497 8496
f 8504 8510 8509
f 8515 8514 8513
f 8519 8518 8527
f 8521 8524 8523
f 8528 8531 8539
f 8533 8536 8535
f 8467 8484 8482
f 8487 8486 8546
f 8544 8466 8491
f 8480 8541 8547
f 8493 8503 8468
f 8495 8552 8549
f 8551 8470 8499
f 8501 8545 8547
f 8460 8463 8510
f 8508 8550 8549
f 8555 8462 8515
f 8506 8553 8557
f 8519 8526 8476
f 8517 8562 8559
f 8561 8478 8524
f 8522 8556 8557
f 8475 8528 8538
f 8567 8565 8531
f 8566 8474 8536
f 8560 8559 8535
f 8442 8441 8568
f 6512 8570 8568
f 8570 8440 8571
f 8426 6515 6514
f 8428 8444 8443
f 6522 8429 8432
f 8437 8436 8433
f 6524 8436 8435
f 6528 6527 8435
f 8423 6514 6550
f 8429 6522 6516
f 6515 8426 8445
f 8441 6550 6754
f 8570 8572 8569
f 8440 8570 6512
f 8569 8573 8458
f 8574 8575 8572
f 8572 8575 8573
f 8453 8576 8577
f 8576 8453 8455
f 8452 8579 8580
f 8573 8581 8582
f 8575 8583 8581
f 8584 8583 8575
f 8571 8439 8457
f 8439 8571 8440
f 8585 8586 8587
f 8587 8589 8590
f 8589 8591 8592
f 8591 8593 8594
f 8593 8595 8596
f 8595 8597 8598
f 8599 8600 8586
f 8601 8602 8600
f 8603 8604 8602
f 8605 8606 8598
f 8607 8608 8604
f 8609 8610 8608
f 8611 8612 8610
f 8606 8605 8612
f 8613 8614 8589
f 8614 8615 8591
f 8615 8616 8593
f 8616 8617 8595
f 8617 8618 8597
f 8619 8620 8617
f 8620 8621 8618
f 8620 8622 8623
f 8624 8625 8626
f 8626 8623 8622
f 8620 8619 8628
f 8622 8628 8629
f 8627 8629 8630
f 8632 8633 8634
f 8636 8634 8633
f 8637 8638 8636
f 8639 8633 8632
f 8633 8639 8641
f 8635 8641 8642
f 8642 8643 8644
f 8645 8638 8637
f 8586 8646 8613
f 8600 8647 8646
f 8616 8615 8648
f 8615 8614 8649
f 8613 8650 8649
f 8651 8650 8613
f 8647 8652 8651
f 8652 8653 8654
f 8602 8655 8647
f 8655 8656 8652
f 8656 8657 8653
f 8653 8658 8659
f 8658 8660 8661
f 8644 8662 8663
f 8664 8661 8662
f 8661 8664 8666
f 8666 8667 8654
f 8667 8650 8651
f 8668 8605 8597
f 8669 8668 8618
f 8670 8669 8621
f 8671 8670 8623
f 8671 8626 8625
f 8625 8631 8673
f 8636 8674 8675
f 8638 8676 8674
f 8645 8677 8676
f 8645 8663 8678
f 8679 8680 8660
f 8657 8679 8658
f 8583 8584 8648
f 8650 8581 8583
f 8667 8582 8581
f 8666 8681 8582
f 8664 8682 8681
f 8682 8664 8665
f 8684 8685 8643
f 8684 8642 8641
f 8639 8580 8579
f 8580 8639 8640
f 8629 8577 8576
f 8604 8686 8655
f 8608 8687 8686
f 8610 8688 8687
f 8612 8689 8688
f 8605 8668 8689
f 8690 8689 8668
f 8691 8688 8689
f 8692 8687 8688
f 8693 8686 8687
f 8656 8655 8686
f 8694 8690 8669
f 8695 8691 8690
f 8696 8692 8691
f 8697 8693 8692
f 8657 8656 8693
f 8697 8698 8679
f 8696 8699 8698
f 8696 8695 8700
f 8694 8701 8700
f 8670 8671 8701
f 8702 8701 8671
f 8701 8702 8703
f 8703 8704 8699
f 8699 8704 8705
f 8698 8705 8680
f 8672 8673 8706
f 8675 8674 8707
f 8674 8676 8709
f 8709 8676 8677
f 8677 8678 8711
f 8712 8713 8710
f 8702 8706 8714
f 8713 8712 8714
f 8707 8709 8716
f 8717 8716 8713
f 8710 8713 8716
f 8708 8707 8717
f 8546 8601 8599
f 8546 8545 8603
f 8550 8607 8603
f 8556 8609 8607
f 8560 8611 8609
f 8564 8606 8611
f 8565 8598 8606
f 8565 8567 8596
f 8567 8562 8594
f 8562 8553 8592
f 8553 8552 8590
f 8590 8552 8541
f 8540 8585 8588
f 8543 8599 8585
f 8684 8449 8450
f 8579 8452 8449
f 8682 8447 8448
f 8447 8682 8683
f 8681 8448 8458
f 8584 8718 8619
f 8628 8718 8577
f 8457 8456 8577
f 8574 8457 8718
f 7134 6920 6919
f 6164 6163 6919
f 5485 6608 6609
f 3832 5351 8188
f 5921 6609 6221
f 5922 4281 7128
f 6439 8719 8720
f 8720 8719 6570
f 6570 8719 8721
f 6439 6447 8721
f 6727 6058 6057
f 6312 6057 6073
f 6828 6248 6073
f 6877 6268 6267
f 6745 6267 6299
f 6891 6306 6305
f 6338 6747 6746
f 6438 6411 6410
f 6412 6411 6440
f 6564 6421 6424
f 6842 6578 6577
f 6889 6305 6829
f 6579 6578 6564
f 6435 6410 6565
f 8722 6857 6306
f 8723 6859 6058
f 6269 6268 6878
f 7160 7157 6829
f 8724 8144 8143
f 8238 8231 6248
f 6339 6746 6744
f 8395 6577 6338
f 6879 6878 8404
f 8422 8415 8231
f 8725 8143 6859
f 8416 8415 7157
f 6059 6050 6049
f 6330 6099 6049
f 7156 6260 6259
f 6269 6265 6264
f 6297 6349 6264
f 6340 6352 6351
f 6368 6842 8395
f 6422 6414 6559
f 6436 6403 6404
f 6447 6439 6438
f 6424 6423 6436
f 6331 6827 6099
f 6422 6421 6842
f 8722 8403 6856
f 8141 6863 6862
f 6265 6855 6617
f 6324 6890 6259
f 7158 7155 6260
f 6709 8145 6863
f 8235 8237 6827
f 6298 6349 6352
f 6370 6369 6351
f 6891 6890 8403
f 8419 8421 8237
f 6051 6050 8145
f 8422 8421 7155
f 8721 6447 6446
f 6748 6440 8720
f 8727 6008 6011
f 8158 6009 8144
f 6009 6008 6861
f 6008 8727 6862
f 8142 6862 8727
f 6554 6553 6893
f 6833 6707 6708
f 6708 6856 8403
f 5623 6911 6892
f 8406 8366 8365
f 8407 8375 8366
f 8377 8376 8408
f 8397 8396 6530
f 6651 8399 8400
f 8402 8401 6616
f 6618 6707 8399
f 6554 8404 6878
f 8396 8405 6854
f 8401 6553 6552
f 6892 8397 6529
f 8353 8400 8365
f 8377 8409 6276
f 8409 8410 6277
f 8410 5597 5932
f 8726 8404 6857
f 8726 6856 6855
f 7234 6107 6106
f 8279 6124 6127
f 8354 6224 6227
f 6246 6245 6619
f 8239 6280 6282
f 8162 6283 6286
f 6292 6354 6246
f 6382 6378 6377
f 6392 6397 6396
f 6396 6395 6427
f 6398 6397 6443
f 6459 6443 6458
f 6525 6520 6523
f 6558 6272 6271
f 6429 6428 6560
f 6460 6458 6572
f 6272 6558 3736
f 7128 6603 6602
f 6227 6245 6244
f 7180 6631 6634
f 6642 6286 6285
f 6356 6741 6740
f 6816 6815 8218
f 6820 8300 8301
f 6355 6832 6741
f 6344 6835 6834
f 6364 6841 6840
f 6375 6378 6560
f 6848 6847 6488
f 6853 6852 6506
f 6530 6854 6740
f 8140 6871 6874
f 6555 6271 6831
f 8215 6106 6881
f 6348 6895 6894
f 6383 6895 6896
f 6433 6897 6896
f 6432 6897 6898
f 6406 6899 6898
f 6900 6455 6387
f 6900 6449 6448
f 6472 6904 6903
f 6480 6905 6903
f 6497 6907 6906
f 6908 6519 6518
f 4280 5933 6120
f 6100 7167 7170
f 6632 6631 7188
f 7235 8214 7201
f 7206 7209 7212
f 8213 7257 7232
f 8214 8213 7231
f 6108 6107 7200
f 7238 8299 8300
f 7207 7212 8299
f 8205 7241 7240
f 6170 6169 7232
f 6638 8146 8149
f 6601 6874 8157
f 6600 8157 6283
f 8392 8223 8222
f 6278 6280 8241
f 6816 8272 8274
f 6642 6815 6814
f 6128 7170 6124
f 8195 6602 6127
f 8212 8211 8286
f 8292 8287 8286
f 8290 8289 8210
f 8207 8293 8290
f 8294 8293 8295
f 8206 8296 8295
f 6817 8301 8297
f 8288 6170 7256
f 7209 7206 7240
f 6225 6224 8360
f 8369 8368 8360
f 8375 8376 8368
f 8381 8380 8387
f 8385 8381 8383
f 8385 8386 8391
f 8147 8146 6282
f 6345 6894 6835
f 6327 6832 6834
f 6295 6354 6841
f 6379 6377 6840
f 6853 6847 6845
f 6479 6906 6905
f 6848 6572 6571
f 6452 6901 6904
f 6525 6852 6851
f 6496 6909 6907
f 8402 8405 6876
f 8408 8407 8387
f 6279 8241 8222
f 6872 6871 8149
f 8223 8386 8373
f 6526 8433 8436
f 8446 8445 8426
f 8455 8454 8431
f 8446 8459 8450
f 8454 8433 8432
f 6908 8445 8428
f 8578 8455 8451
f 8632 8631 8625
f 8640 8632 8624
f 8660 8663 8662
f 8662 8644 8643
f 8675 8673 8631
f 8680 8678 8663
f 8683 8665 8643
f 8578 8640 8630
f 8673 8675 8708
f 8678 8680 8705
f 8711 8705 8704
f 8706 8708 8715
f 8703 8714 8712
f 8459 8683 8685
f 8407 8408 8376
f 6615 6854 8405
f 5993 6080 6335
f 6060 6682 6018
f 5993 6047 6081
f 6105 6104 6176
f 6177 6104 6000
f 6309 6311 6310
f 8725 6315 6314
f 8724 6314 6318
f 6321 6320 6053
f 6249 6595 6310
f 6596 6254 6257
f 8188 6606 6605
f 5986 6683 6682
f 6714 6726 6311
f 6047 6320 6086
f 6875 6596 6304
f 6001 6105 6912
f 7162 7159 6597
f 7254 7163 6912
f 6684 6683 7163
f 8723 8136 6315
f 6592 8159 6318
f 8332 8331 8171
f 6607 6606 5350
f 8191 8190 8198
f 8197 8192 8193
f 8159 6592 6319
f 8232 8236 6595
f 8192 8190 7173
f 8189 6605 8193
f 6177 8191 8199
f 6733 8331 8330
f 8340 8341 8330
f 8341 5994 6335
f 8412 6721 6875
f 8414 8411 6273
f 8416 8420 8236
f 6727 6726 8136
f 8417 8420 7159
f 6277 5932 5558
f 5935 5576 6635
f 5991 5990 6061
f 6019 6018 6682
f 5999 6034 6033
f 6045 6044 6677
f 6055 6054 6083
f 5995 6064 6063
f 6084 6054 6053
f 6088 5990 5989
f 6063 6084 6046
f 6066 6097 6034
f 6103 6102 7181
f 6673 6676 6133
f 6149 6148 6153
f 6323 6088 8166
f 6585 6584 6083
f 6630 6629 6702
f 6634 6633 7168
f 6676 6149 6152
f 6703 6629 6628
f 6796 6729 6728
f 6069 6729 6097
f 6132 6798 6674
f 6803 6799 6800
f 6011 6010 6055
f 6799 6803 6582
f 7194 8271 6881
f 7131 6584 6583
f 6798 7133 6913
f 7179 7178 8204
f 7183 7182 7246
f 7188 7183 7242
f 6109 7196 7192
f 7204 6630 6176
f 7219 7218 6628
f 7218 7228 7248
f 7179 7219 6627
f 7250 7254 6704
f 7228 7252 7249
f 6678 7250 7249
f 5997 7252 7251
f 8168 8167 6644
f 8167 8169 6732
f 8169 8170 6733
f 8170 8171 8331
f 8336 8335 8173
f 8182 8338 8175
f 8182 8174 8176
f 8181 8176 8177
f 8180 8177 8179
f 7133 6728 6590
f 7130 7131 8194
f 8200 6633 6632
f 7178 8201 8205
f 8269 6154 6153
f 8254 8311 8252
f 8260 6102 6101
f 8179 8263 6802
f 8263 8264 6038
f 8264 8265 6039
f 8265 8266 6130
f 8266 8267 6157
f 8267 8268 6158
f 8268 8270 8217
f 8270 8272 6816
f 6813 8274 8273
f 8273 8275 8247
f 8276 8260 8277
f 7192 8251 8250
f 8252 8316 8259
f 8276 8275 8250
f 7204 8200 7177
f 7182 8316 8315
f 8343 8339 8334
f 8333 8337 8342
f 8343 8342 6800
f 8340 8339 6064
f 6323 8349 8350
f 8168 8352 8348
f 8349 5937 5936
f 8352 5939 5938
f 6103 6634 7167
f 8271 8269 8216
f 8201 7188 7241
f 8274 8272 8271
f 5991 6018 6017
f 8728 8171 6017
f 5997 5996 6680
f 5996 6033 6045
f 6033 6032 6042
f 6042 6032 8175
f 8172 8175 8338
f 8336 8338 8337
f 6684 6678 6677
f 6681 6677 6044
f 6019 6044 6043
f 6016 6043 8173
f 8728 8173 8335
f 8332 8335 8334
f 8194 6332 8160
f 6805 6010 6009
f 5940 5941 7137
f 8324 5496 5942
f 8325 5942 5495
f 6253 5943 4292
f 7137 5941 5944
f 8348 5938 5937
f 8350 5936 5530
f 5624 8150 6159
f 6718 4293 5940
f 8327 5945 5490
f 8347 5946 5939
f 5933 5502 6121
f 8184 5532 5946
f 7142 4298 5615
f 6145 5487 5945
f 8234 5947 5943
f 8328 5948 5488
f 8318 5500 5948
f 7139 5494 4299
f 8418 5616 5947
f 5604 8414 6599
f 5949 3853 6712
f 5944 5949 6716
f 6720 5601 5950
f 6255 5950 4322
f 5614 5935 6235
f 6711 3852 5951
f 8161 5951 3857
f 5973 5964 2965
f 2965 5964 5963
f 222 5963 5960
f 223 5960 5958
f 5958 5957 3185
f 5957 5970 2977
f 5970 5967 1213
f 5967 5966 1214
f 2532 1214 5966
f 2894 2532 5953
f 2871 2894 5952
f 5510 5722 5721
f 5822 5825 5824
f 3511 3512 3844
f 3887 3892 3889
f 3876 3879 3878
f 3356 3357 3911
f 3372 3373 3390
f 3849 3854 3851
f 3481 3478 3867
f 3873 3874 3385
f 3875 3375 3450
f 3915 3794 3865
f 3657 3670 3671
f 5618 5973 3013
f 1997 1996 1889
f 1237 745 744
f 1535 1534 120
f 1531 1532 201
f 1119 1241 1032
f 946 948 824
f 163 8 5
f 9041 9178 9175
f 1155 1156 1162
f 427 213 327
f 553 1902 796
f 8732 2232 2231
f 8732 3178 2230
f 2237 3183 3180
f 8734 8735 8736
f 8735 8737 8738
f 8737 8739 8740
f 8739 8741 8742
f 8743 8744 8745
f 8746 8745 8747
f 8749 8750 8748
f 8751 8752 8750
f 8754 8755 8756
f 8757 8758 8755
f 8759 8760 8758
f 8761 8762 8760
f 8763 8764 8762
f 8766 8751 8749
f 8765 8749 8747
f 8767 8747 8745
f 8768 8745 8744
f 8744 8770 8771
f 8770 8741 8772
f 8741 8739 8773
f 8739 8737 8774
f 8737 8735 8775
f 8735 8734 8776
f 8776 8734 8777
f 2904 8778 8779
f 8780 8778 2904
f 8781 8780 2902
f 2875 8782 8781
f 8783 8784 2733
f 2825 8785 8786
f 8788 8789 8790
f 8792 8788 8787
f 2724 2723 8785
f 8787 8790 3115
f 8791 8787 3117
f 8794 8766 8765
f 8793 8765 8767
f 8795 8767 8768
f 8796 8768 8769
f 8797 8769 8771
f 8771 8772 8799
f 8772 8773 8800
f 8773 8774 8801
f 8774 8775 8802
f 8775 8776 8803
f 8776 3184 3056
f 8802 8803 2253
f 8801 8802 2252
f 8800 8801 1727
f 8799 8800 2150
f 8804 8798 8799
f 8805 8797 8798
f 8806 8796 8797
f 8807 8795 8796
f 8793 8795 8807
f 8794 8793 8808
f 8810 8811 8809
f 8808 8807 8806
f 8810 8806 8805
f 8813 8811 8810
f 8812 8805 8804
f 8815 8813 8812
f 8814 8804 1941
f 8755 8750 8752
f 8758 8748 8750
f 8760 8746 8748
f 8762 8743 8746
f 8816 8817 8764
f 8818 8819 8820
f 8816 8763 8782
f 8821 8818 8817
f 8789 8821 8783
f 8818 8821 8789
f 8819 8818 8788
f 8822 8820 8819
f 8823 8819 8792
f 8824 8792 8791
f 2712 8791 3119
f 8826 8822 8823
f 8825 8823 8824
f 8827 8824 2712
f 8828 8827 2711
f 8829 8825 8827
f 8830 8826 8825
f 8743 8762 8764
f 8817 8820 8831
f 8770 8744 8743
f 8741 8770 8831
f 8820 8822 8742
f 8740 8742 8822
f 8738 8740 8826
f 8736 8738 8830
f 8833 8828 2400
f 8834 8829 8828
f 8832 8830 8829
f 8835 8833 2402
f 3058 8835 2707
f 3061 8836 8835
f 8836 8834 8833
f 8733 8736 8832
f 8837 8832 8834
f 8777 8734 8733
f 8838 8733 8837
f 8837 8836 3061
f 1961 3057 8838
f 3057 3184 8777
f 8779 8754 8753
f 8778 8757 8754
f 8780 8759 8757
f 8781 8761 8759
f 8782 8763 8761
f 8821 8816 8784
f 8785 8790 8789
f 2723 3115 8790
f 2875 2733 8784
f 2736 2824 8786
f 2947 8779 8839
f 8815 8814 1360
f 1900 1925 1924
f 1736 1717 1718
f 1955 1952 1943
f 1671 1738 1735
f 1696 1750 1698
f 1800 1865 1864
f 2063 2055 2056
f 1737 1734 1717
f 1751 1735 1697
f 943 9337 9351
f 9108 8839 8753
f 1577 1578 1764
f 9369 1598 1599
f 1945 146 82
f 68 6 7
f 147 1542 1543
f 1109 1135 1133
f 1503 1910 1907
f 1499 1501 1909
f 452 1922 735
f 1824 2068 9287
f 1825 2067 2068
f 1463 1462 1022
f 841 1012 1009
f 1568 1547 1955
f 1910 1503 1502
f 1939 1502 422
f 309 280 1940
f 1804 1851 1866
f 269 1482 1954
f 2065 1607 2060
f 9264 1685 1758
f 280 276 552
f 1875 1873 1869
f 1739 1721 1734
f 5923 5897 5899
f 1778 1779 1790
f 310 1920 1915
f 1909 1908 1906
f 1789 1783 1778
f 978 981 980
f 1584 1759 1731
f 425 426 311
f 148 1543 115
f 2044 9349 9346
f 277 1910 1939
f 1943 1946 1945
f 1461 1462 1463
f 2253 8803 3056
f 2981 2254 8927
f 2209 2998 8927
f 2254 2253 3055
f 2998 926 958
f 2826 2817 2721
f 8928 2739 2721
f 2816 8929 8928
f 2334 2297 2296
f 2298 2297 2334
f 2301 2298 2336
f 2311 2301 2338
f 2312 2311 2354
f 2359 2358 2361
f 2335 2296 2359
f 2414 2413 2365
f 2413 2270 2361
f 2355 2352 2540
f 2541 2540 2539
f 2722 2721 2739
f 3114 2722 2738
f 3110 3112 3121
f 3108 3110 3120
f 3122 1754 3127
f 3112 3122 3126
f 3127 1754 1753
f 3139 3133 2529
f 9196 9227 3133
f 8928 2789 2740
f 8929 2790 2789
f 228 229 91
f 245 244 243
f 248 7 247
f 2 297 296
f 145 146 300
f 327 213 210
f 329 332 331
f 239 241 240
f 373 376 375
f 178 177 176
f 1218 1225 1228
f 9314 1231 1295
f 808 809 824
f 9310 9311 1013
f 9265 9262 1411
f 2154 2149 2159
f 9297 9287 1758
f 306 807 1922
f 2157 2153 1976
f 708 709 2031
f 1450 1226 1227
f 1672 1604 1605
f 1813 1814 1821
f 1717 1716 1715
f 176 159 402
f 1710 1705 9368
f 1712 1580 1577
f 1705 1713 1711
f 3435 3476 3475
f 971 978 979
f 822 823 1094
f 2909 2810 2793
f 2810 2769 2795
f 2799 2910 2249
f 9114 9095 2910
f 2769 2768 2801
f 3177 3176 3178
f 3178 8732 3180
f 3181 1394 1393
f 3181 1633 1632
f 3182 1632 2244
f 3183 2244 2243
f 8932 2791 2790
f 2808 8932 8929
f 2239 9018 9016
f 1149 1150 9015
f 1150 2009 9011
f 2202 9013 9010
f 2921 9008 9009
f 9012 9004 2133
f 1777 1579 1759
f 1201 1196 1183
f 9005 8998 2195
f 8997 9020 2770
f 9379 9377 1687
f 1516 152 154
f 8993 9006 2974
f 8994 8992 2779
f 2771 2772 9019
f 3070 2771 8990
f 8991 8988 2775
f 1376 1375 1370
f 2767 8987 9000
f 2195 8998 8987
f 2775 8988 8986
f 8344 5617 8989
f 9256 9254 8983
f 2776 8986 8982
f 2240 9016 8979
f 2920 8979 9121
f 8992 8978 2786
f 1805 1850 1851
f 8978 8976 2787
f 2951 2773 8984
f 2772 2951 8975
f 2973 2224 8974
f 2224 2223 8981
f 1957 1953 320
f 306 305 304
f 2770 9020 8972
f 2913 8972 9018
f 2923 9009 8971
f 308 1940 431
f 207 208 132
f 1879 1876 1881
f 9185 9239 8969
f 2475 3070 9002
f 2476 2475 8968
f 2223 2476 8967
f 8966 8993 2803
f 2037 9007 11
f 1959 1958 450
f 2003 8999 8964
f 9 10 334
f 2009 2008 8962
f 2008 2973 8980
f 9329 672 673
f 8959 8994 2778
f 2935 8958 8957
f 111 1149 9014
f 3238 3342 3341
f 8954 8958 2935
f 683 9328 9337
f 8952 9001 2810
f 736 733 732
f 1795 1804 1803
f 8949 8954 2938
f 8951 8949 2939
f 2950 8956 8948
f 2940 2949 8948
f 9253 9243 8956
f 2868 8953 8946
f 2869 8946 8966
f 1024 1034 1023
f 8944 8947 2948
f 551 1939 442
f 2972 8943 9012
f 2032 8977 8943
f 216 93 1924
f 3532 3534 3482
f 203 202 201
f 3539 3542 3541
f 1828 1848 1847
f 1958 1957 449
f 272 271 178
f 2871 8989 8939
f 9071 9121 9008
f 2801 2768 9095
f 2005 9210 9106
f 960 886 899
f 9109 9107 9064
f 9232 9240 9098
f 3151 9098 9045
f 2193 9056 9075
f 9059 9055 3145
f 9055 9101 2761
f 9044 9059 3144
f 2926 9110 9086
f 9086 9044 3104
f 9207 9206 9198
f 566 567 9210
f 8839 9108 1864
f 1602 1586 2079
f 2868 9110 9063
f 2922 9063 9062
f 2923 9062 9070
f 9122 9065 2918
f 9071 9122 9066
f 2921 9070 9122
f 2920 9066 9038
f 9065 9094 2915
f 2917 2766 9074
f 2916 2917 9093
f 2239 9039 9104
f 2911 9092 9104
f 9095 9092 2911
f 2797 2801 9114
f 2797 9043 9050
f 9074 9080 2763
f 9060 9080 2764
f 2194 9075 9100
f 2221 9100 9101
f 2756 9060 9061
f 2750 9050 9061
f 9121 8979 1817
f 9215 9222 1691
f 2515 9073 9042
f 2548 9042 9045
f 2513 2489 9084
f 2513 9068 9073
f 2509 9085 9072
f 2510 9084 9085
f 2289 9072 9091
f 2283 9091 9069
f 2240 9038 9039
f 9111 9109 9076
f 716 2121 9339
f 727 1999 9213
f 2165 2171 2170
f 9112 9111 9078
f 9195 9033 9030
f 2175 2172 769
f 2100 500 2095
f 9210 567 9209
f 640 9004 9012
f 1653 9020 8997
f 1895 8980 8974
f 746 8974 8981
f 1653 1810 8972
f 9214 1603 1604
f 2093 2075 2073
f 959 996 995
f 962 899 919
f 1400 1401 1398
f 1000 817 1127
f 956 959 884
f 1662 8992 8994
f 2034 9002 8990
f 9378 1689 8983
f 8979 9016 766
f 9016 9018 765
f 334 9014 9015
f 1868 8975 8984
f 1684 1651 1652
f 1682 1683 775
f 1585 1603 9214
f 9215 9214 1672
f 2173 2174 490
f 1658 8988 8991
f 9000 8987 1650
f 1571 9206 2010
f 1587 9116 9123
f 2099 2095 2077
f 787 9213 1999
f 2000 9146 786
f 3155 339 9149
f 9165 3155 9135
f 2180 2179 9137
f 8940 2180 9136
f 1684 9298 9292
f 1760 464 8939
f 2607 9141 9145
f 2581 9128 9141
f 2371 2502 9152
f 2371 9147 9145
f 2587 9128 9127
f 2586 9127 9149
f 2497 9143 9139
f 2502 2503 9139
f 2494 9143 9142
f 9142 9140 2472
f 9140 9153 2468
f 9153 9155 2469
f 726 9360 9344
f 581 9011 8962
f 10 8955 9014
f 1837 8958 8954
f 741 8981 8967
f 1299 8968 9002
f 1851 8951 8948
f 8971 9009 1820
f 580 8962 8980
f 1758 1685 8966
f 1693 9001 8952
f 8948 8956 1867
f 1894 1826 9012
f 2126 1418 9265
f 9358 2126 9293
f 2113 9363 9319
f 2179 9165 9241
f 624 9355 9356
f 2192 9056 9240
f 2177 8985 9239
f 1364 9276 9285
f 9310 9307 1470
f 3135 1753 9227
f 2069 9264 9287
f 1351 9313 9305
f 2108 9334 9353
f 2089 2092 9188
f 9280 9286 1358
f 2001 9201 9235
f 2187 9235 9171
f 2130 9208 9204
f 2004 9204 9201
f 2014 9176 9231
f 2201 9231 9208
f 3167 9172 9211
f 3168 9176 9172
f 3159 9161 9216
f 3160 9216 9217
f 9182 9159 3158
f 3158 9159 9161
f 2200 3069 9182
f 9137 9241 9194
f 9174 9226 2197
f 9242 9188 2092
f 9226 9242 9173
f 3154 9158 9242
f 3155 9165 9158
f 2091 9171 9173
f 2196 3148 9202
f 2193 2196 9228
f 9056 2193 9233
f 2086 2192 9232
f 2087 2086 9230
f 2204 9194 9203
f 2205 9203 9202
f 9361 9338 574
f 2124 2087 9229
f 2208 2124 9212
f 9163 9237 3140
f 9237 9197 3138
f 9197 9196 3139
f 9223 9164 3136
f 9164 9163 3137
f 9227 9219 3131
f 9219 9234 3132
f 1813 9291 9290
f 1293 9306 9308
f 2184 2321 9200
f 2181 2184 9184
f 9217 9220 3079
f 9220 9186 3080
f 709 9325 9327
f 2774 2961 9189
f 9238 9221 2134
f 9261 9260 766
f 2968 9236 9218
f 2969 9211 9236
f 2958 9199 9189
f 2132 9199 9218
f 2321 2185 9223
f 9312 9300 1449
f 9357 9326 582
f 9338 9341 577
f 9299 9278 1818
f 705 9354 9339
f 9268 9364 9359
f 2111 9335 9363
f 9262 9281 1366
f 1812 9291 9274
f 675 9303 9304
f 8940 9157 9303
f 2110 9319 9320
f 2104 9348 9353
f 2109 9320 9351
f 9294 9283 703
f 1680 9263 9298
f 1639 1627 9271
f 623 9356 9358
f 2139 2140 9318
f 1808 1640 9296
f 9272 9273 1819
f 9324 9366 9352
f 1646 9284 9282
f 9341 9342 633
f 2139 9317 9327
f 2156 2155 9323
f 674 9304 9365
f 2117 9269 9264
f 1815 9274 9299
f 9307 9301 1444
f 697 9358 9364
f 866 842 9288
f 9316 9321 2136
f 9037 9183 9178
f 9035 9192 9183
f 9205 9198 9190
f 9192 9035 9033
f 1088 9190 9198
f 9191 9192 9195
f 2791 8932 8933
f 8932 2808 2807
f 2792 8933 8934
f 8933 2807 2806
f 8952 2909 8934
f 8960 8934 2806
f 2948 8947 9243
f 2105 9360 9348
f 8982 9254 9256
f 680 9330 9328
f 1891 1890 9362
f 2905 9251 9253
f 2900 9249 9251
f 2901 9249 9259
f 2734 2878 9258
f 2877 9259 9258
f 2820 9252 9246
f 2818 9248 9244
f 2823 9245 9244
f 2822 9245 9250
f 2819 2735 9252
f 2817 9248 9247
f 2809 9257 9247
f 2808 9257 9255
f 2805 9256 9255
f 1702 9373 9375
f 9374 9372 1797
f 9367 9368 1706
f 9370 9379 1692
f 1657 9350 9332
f 1890 1877 9347
f 9224 9222 1674
f 1689 1690 9224
f 9378 9254 8982
f 8960 8983 1689
f 9369 9375 1703
f 1598 9369 9380
f 9332 9336 1876
f 1691 1690 9377
f 9377 9378 1688
f 9386 9385 9389
f 9386 9390 9391
f 9384 9388 9389
f 9390 9394 9395
f 9389 9388 9392
f 9389 9393 9394
f 9394 9398 9399
f 9393 9392 9396
f 9394 9393 9397
f 9399 9398 9402
f 9396 9400 9401
f 9397 9401 9402
f 9402 9406 9407
f 9401 9400 9404
f 9402 9401 9405
f 9407 9406 9410
f 9405 9404 9408
f 9405 9409 9410
f 9411 9410 9414
f 9409 9408 9412
f 9410 9409 9413
f 9414 9418 9419
f 9412 9416 9417
f 9413 9417 9418
f 9418 9422 9423
f 9417 9416 9420
f 9418 9417 9421
f 9422 9426 9427
f 9420 9424 9425
f 9421 9425 9426
f 9426 9430 9431
f 9425 9424 9428
f 9426 9425 9429
f 9431 9430 9434
f 9428 9432 9433
f 9429 9433 9434
f 9434 9438 9439
f 9433 9432 9436
f 9434 9433 9437
f 9439 9438 9442
f 9436 9440 9441
f 9437 9441 9442
f 9443 9442 9446
f 9441 9440 9444
f 9442 9441 9445
f 9447 9446 9450
f 9444 9448 9449
f 9445 9449 9450
f 9450 9454 9455
f 9449 9448 9452
f 9450 9449 9453
f 9454 9458 9459
f 9452 9456 9457
f 9453 9457 9458
f 9458 9462 9463
f 9457 9456 9460
f 9458 9457 9461
f 9463 9462 9466
f 9460 9464 9465
f 9461 9465 9466
f 9466 9470 9471
f 9465 9464 9468
f 9466 9465 9469
f 9471 9470 9474
f 9468 9472 9473
f 9469 9473 9474
f 9475 9474 9478
f 9473 9472 9476
f 9474 9473 9477
f 9479 9478 9482
f 9476 9480 9481
f 9477 9481 9482
f 9483 9482 9486
f 9481 9480 9484
f 9482 9481 9485
f 9486 9490 9491
f 9484 9488 9489
f 9485 9489 9490
f 9490 9494 9495
f 9489 9488 9492
f 9490 9489 9493
f 9495 9494 9498
f 9492 9496 9497
f 9493 9497 9498
f 9498 9502 9503
f 9497 9496 9500
f 9498 9497 9501
f 9503 9502 9507
f 9500 9505 9506
f 9501 9506 9507
f 9508 9507 9511
f 9505 9509 9510
f 9507 9506 9510
f 9512 9511 9386
f 9510 9509 9384
f 9510 9385 9386
f 9521 9520 9533
f 9518 9531 9532
f 9517 9516 9529
f 9515 9514 9527
f 9523 9536 9537
f 9521 9534 9535
f 9519 9532 9533
f 9518 9517 9530
f 9515 9528 9529
f 9513 9526 9527
f 9524 9537 9538
f 9523 9522 9535
f 9528 9541 9542
f 9526 9539 9540
f 9538 9537 9550
f 9535 9548 9549
f 9534 9533 9546
f 9531 9544 9545
f 9530 9529 9542
f 9528 9527 9540
f 9537 9536 9549
f 9534 9547 9548
f 9532 9545 9546
f 9531 9530 9543
f 9541 9554 9555
f 9540 9539 9552
f 9550 9563 9564
f 9548 9561 9562
f 9547 9546 9559
f 9544 9557 9558
f 9542 9555 9556
f 9541 9540 9553
f 9549 9562 9563
f 9547 9560 9561
f 9546 9545 9558
f 9544 9543 9556
f 9555 9554 9567
f 9552 9565 9566
f 9564 9563 9576
f 9562 9561 9574
f 9559 9572 9573
f 9557 9570 9571
f 9555 9568 9569
f 9553 9566 9567
f 9562 9575 9576
f 9561 9560 9573
f 9559 9558 9571
f 9557 9556 9569
f 9567 9580 9581
f 9566 9565 9578
f 9576 9589 9590
f 9575 9574 9587
f 9572 9585 9586
f 9571 9570 9583
f 9569 9568 9581
f 9566 9579 9580
f 9576 9575 9588
f 9574 9573 9586
f 9571 9584 9585
f 9569 9582 9583
f 9581 9580 9593
f 9578 9591 9592
f 9590 9589 9602
f 9588 9587 9600
f 9585 9598 9599
f 9583 9596 9597
f 9582 9581 9594
f 9579 9592 9593
f 9589 9588 9601
f 9587 9586 9599
f 9584 9597 9598
f 9583 9582 9595
f 9594 9593 9606
f 9592 9591 9604
f 9602 9615 9616
f 9601 9600 9613
f 9598 9611 9612
f 9596 9609 9610
f 9594 9607 9608
f 9592 9605 9606
f 9601 9614 9615
f 9600 9599 9612
f 9598 9597 9610
f 9596 9595 9608
f 9607 9606 9619
f 9605 9604 9617
f 9615 9628 9629
f 9613 9626 9627
f 9611 9624 9625
f 9610 9609 9622
f 9607 9620 9621
f 9605 9618 9619
f 9615 9614 9627
f 9613 9612 9625
f 9611 9610 9623
f 9608 9621 9622
f 9619 9632 9633
f 9617 9630 9631
f 9628 9641 9642
f 9627 9626 9639
f 9625 9624 9637
f 9622 9635 9636
f 9621 9620 9633
f 9619 9618 9631
f 9627 9640 9641
f 9625 9638 9639
f 9623 9636 9637
f 9622 9621 9634
f 9632 9645 9646
f 9630 9643 9644
f 9642 9641 9654
f 9639 9652 9653
f 9638 9637 9650
f 9635 9648 9649
f 9634 9633 9646
f 9632 9631 9644
f 9641 9640 9653
f 9638 9651 9652
f 9636 9649 9650
f 9635 9634 9647
f 9645 9658 9659
f 9644 9643 9656
f 9654 9667 9668
f 9652 9665 9666
f 9651 9650 9663
f 9648 9661 9662
f 9646 9659 9660
f 9645 9644 9657
f 9653 9666 9667
f 9651 9664 9665
f 9650 9649 9662
f 9648 9647 9660
f 9659 9658 9671
f 9656 9669 9670
f 9668 9667 9680
f 9665 9678 9679
f 9663 9676 9677
f 9661 9674 9675
f 9659 9672 9673
f 9657 9670 9671
f 9666 9679 9680
f 9665 9664 9677
f 9663 9662 9675
f 9661 9660 9673
f 9671 9684 9685
f 9670 9669 9682
f 9680 9693 9694
f 9678 9691 9692
f 9677 9676 9689
f 9675 9674 9687
f 9673 9672 9685
f 9670 9683 9684
f 9680 9679 9692
f 9678 9677 9690
f 9675 9688 9689
f 9673 9686 9687
f 9685 9684 9697
f 9682 9695 9696
f 9694 9693 9706
f 9692 9691 9704
f 9689 9702 9703
f 9687 9700 9701
f 9686 9685 9698
f 9683 9696 9697
f 9693 9692 9705
f 9691 9690 9703
f 9688 9701 9702
f 9687 9686 9699
f 9698 9697 9710
f 9696 9695 9708
f 9706 9719 9720
f 9705 9704 9717
f 9702 9715 9716
f 9700 9713 9714
f 9698 9711 9712
f 9696 9709 9710
f 9705 9718 9719
f 9704 9703 9716
f 9702 9701 9714
f 9700 9699 9712
f 9711 9710 9723
f 9709 9708 9721
f 9719 9732 9733
f 9717 9730 9731
f 9715 9728 9729
f 9714 9713 9726
f 9711 9724 9725
f 9709 9722 9723
f 9718 9731 9732
f 9717 9716 9729
f 9715 9714 9727
f 9712 9725 9726
f 9723 9736 9737
f 9721 9734 9735
f 9733 9732 9745
f 9731 9730 9743
f 9729 9728 9741
f 9726 9739 9740
f 9725 9724 9737
f 9723 9722 9735
f 9732 9731 9744
f 9729 9742 9743
f 9727 9740 9741
f 9726 9725 9738
f 9736 9749 9750
f 9734 9747 9748
f 9746 9745 9758
f 9743 9756 9757
f 9742 9741 9754
f 9739 9752 9753
f 9738 9737 9750
f 9736 9735 9748
f 9745 9744 9757
f 9742 9755 9756
f 9740 9753 9754
f 9739 9738 9751
f 9749 9762 9763
f 9748 9747 9760
f 9758 9771 9772
f 9756 9769 9770
f 9755 9754 9767
f 9752 9765 9766
f 9750 9763 9764
f 9749 9748 9761
f 9757 9770 9771
f 9756 9755 9768
f 9754 9753 9766
f 9752 9751 9764
f 9762 9775 9776
f 9760 9773 9774
f 9772 9771 9784
f 9770 9769 9782
f 9768 9767 9780
f 9765 9778 9779
f 9763 9776 9777
f 9762 9761 9774
f 9770 9783 9784
f 9768 9781 9782
f 9767 9766 9779
f 9764 9777 9778
f 9775 9788 9789
f 9774 9773 9786
f 9784 9797 9798
f 9782 9795 9796
f 9781 9780 9793
f 9779 9778 9791
f 9777 9776 9789
f 9774 9787 9788
f 9784 9783 9796
f 9782 9781 9794
f 9779 9792 9793
f 9777 9790 9791
f 9789 9788 9802
f 9786 9800 9801
f 9798 9797 9811
f 9796 9795 9809
f 9793 9807 9808
f 9792 9791 9805
f 9790 9789 9803
f 9787 9801 9802
f 9797 9796 9810
f 9795 9794 9808
f 9792 9806 9807
f 9790 9804 9805
f 9803 9802 9815
f 9801 9800 9813
f 9811 9824 9825
f 9810 9809 9822
f 9807 9820 9821
f 9806 9805 9818
f 9803 9816 9817
f 9801 9814 9815
f 9810 9823 9824
f 9809 9808 9821
f 9807 9806 9819
f 9804 9817 9818
f 9816 9815 9828
f 9814 9813 9826
f 9825 9824 9837
f 9822 9835 9836
f 9820 9833 9834
f 9819 9818 9831
f 9816 9829 9830
f 9814 9827 9828
f 9824 9823 9836
f 9822 9821 9834
f 9820 9819 9832
f 9817 9830 9831
f 9828 9841 9842
f 9826 9839 9840
f 9837 9850 9851
f 9836 9835 9848
f 9834 9833 9846
f 9831 9844 9845
f 9830 9829 9842
f 9828 9827 9840
f 9836 9849 9850
f 9834 9847 9848
f 9832 9845 9846
f 9831 9830 9843
f 9841 9854 9855
f 9839 9852 9853
f 9851 9850 9863
f 9848 9861 9862
f 9847 9846 9859
f 9845 9844 9857
f 9843 9842 9855
f 9841 9840 9853
f 9850 9849 9862
f 9847 9860 9861
f 9845 9858 9859
f 9843 9856 9857
f 9854 9867 9868
f 9853 9852 9865
f 9863 9876 9877
f 9861 9874 9875
f 9860 9859 9872
f 9858 9857 9870
f 9855 9868 9869
f 9854 9853 9866
f 9862 9875 9876
f 9860 9873 9874
f 9859 9858 9871
f 9856 9869 9870
f 9868 9867 9880
f 9865 9878 9879
f 9877 9876 9889
f 9875 9874 9887
f 9873 9872 9885
f 9870 9883 9884
f 9868 9881 9882
f 9867 9866 9879
f 9875 9888 9889
f 9873 9886 9887
f 9872 9871 9884
f 9870 9869 9882
f 9880 9893 9894
f 9878 9891 9892
f 9889 9902 9903
f 9887 9900 9901
f 9886 9885 9898
f 9884 9883 9896
f 9882 9881 9894
f 9879 9892 9893
f 9889 9888 9901
f 9887 9886 9899
f 9884 9897 9898
f 9882 9895 9896
f 9894 9893 9906
f 9891 9904 9905
f 9903 9902 9915
f 9901 9900 9913
f 9898 9911 9912
f 9896 9909 9910
f 9895 9894 9907
f 9892 9905 9906
f 9902 9901 9914
f 9899 9912 9913
f 9897 9910 9911
f 9896 9895 9908
f 9907 9906 9919
f 9905 9904 9917
f 9915 9928 9929
f 9914 9913 9926
f 9911 9924 9925
f 9909 9922 9923
f 9907 9920 9921
f 9905 9918 9919
f 9914 9927 9928
f 9913 9912 9925
f 9911 9910 9923
f 9909 9908 9921
f 9920 9919 9515
f 9918 9917 9513
f 9929 9928 9524
f 9926 9522 9523
f 9924 9520 9521
f 9923 9922 9518
f 9920 9516 9517
f 9918 9514 9515
f 9928 9927 9523
f 9926 9925 9521
f 9924 9923 9519
f 9921 9517 9518
f 9387 9513 9917
f 9917 9904 9508
f 9904 9891 9503
f 9891 9878 9499
f 9499 9878 9865
f 9495 9865 9852
f 9491 9852 9839
f 9839 9826 9483
f 9483 9826 9813
f 9813 9800 9475
f 9800 9786 9471
f 9786 9773 9467
f 9467 9773 9760
f 9463 9760 9747
f 9459 9747 9734
f 9734 9721 9451
f 9451 9721 9708
f 9708 9695 9443
f 9695 9682 9439
f 9682 9669 9435
f 9435 9669 9656
f 9431 9656 9643
f 9427 9643 9630
f 9630 9617 9419
f 9419 9617 9604
f 9604 9591 9411
f 9591 9578 9407
f 9578 9565 9403
f 9403 9565 9552
f 9399 9552 9539
f 9395 9539 9526
f 9526 9513 9387
f 9932 9931 9935
f 9932 9936 9937
f 9931 9930 9934
f 9936 9940 9941
f 9934 9938 9939
f 9935 9939 9940
f 9940 9944 9945
f 9939 9938 9942
f 9940 9939 9943
f 9945 9944 9948
f 9942 9946 9947
f 9943 9947 9948
f 9948 9952 9953
f 9947 9946 9950
f 9948 9947 9951
f 9953 9952 9956
f 9950 9954 9955
f 9951 9955 9956
f 9957 9956 9960
f 9955 9954 9958
f 9956 9955 9959
f 9961 9960 9964
f 9958 9962 9963
f 9959 9963 9964
f 9965 9964 9968
f 9963 9962 9966
f 9964 9963 9967
f 9968 9972 9973
f 9966 9970 9971
f 9967 9971 9972
f 9972 9976 9977
f 9970 9974 9975
f 9972 9971 9975
f 9977 9976 9980
f 9974 9978 9979
f 9975 9979 9980
f 9980 9984 9985
f 9979 9978 9982
f 9980 9979 9983
f 9985 9984 9988
f 9982 9986 9987
f 9983 9987 9988
f 9989 9988 9992
f 9986 9990 9991
f 9988 9987 9991
f 9993 9992 9996
f 9991 9990 9994
f 9991 9995 9996
f 9996 10000 10001
f 9994 9998 9999
f 9996 9995 9999
f 10000 10004 10005
f 9999 9998 10002
f 9999 10003 10004
f 10004 10008 10009
f 10003 10002 10006
f 10004 10003 10007
f 10009 10008 10012
f 10006 10010 10011
f 10007 10011 10012
f 10012 10016 10017
f 10011 10010 10014
f 10012 10011 10015
f 10017 10016 10020
f 10014 10018 10019
f 10015 10019 10020
f 10021 10020 10024
f 10019 10018 10022
f 10020 10019 10023
f 10024 10028 10029
f 10022 10026 10027
f 10023 10027 10028
f 10028 10032 10033
f 10027 10026 10030
f 10028 10027 10031
f 10032 10036 10037
f 10030 10034 10035
f 10031 10035 10036
f 10036 10040 10041
f 10035 10034 10038
f 10036 10035 10039
f 10041 10040 10044
f 10038 10042 10043
f 10039 10043 10044
f 10044 10048 10049
f 10043 10042 10046
f 10044 10043 10047
f 10049 10048 10053
f 10046 10051 10052
f 10047 10052 10053
f 10054 10053 10057
f 10052 10051 10055
f 10053 10052 10056
f 10058 10057 9932
f 10055 9930 9931
f 10056 9931 9932
f 10067 10066 10079
f 10064 10077 10078
f 10063 10062 10075
f 10061 10060 10073
f 10070 10069 10082
f 10067 10080 10081
f 10065 10078 10079
f 10064 10063 10076
f 10061 10074 10075
f 10059 10072 10073
f 10071 10070 10083
f 10069 10068 10081
f 10074 10087 10088
f 10072 10085 10086
f 10084 10083 10096
f 10081 10094 10095
f 10080 10079 10092
f 10078 10077 10090
f 10076 10075 10088
f 10074 10073 10086
f 10083 10082 10095
f 10080 10093 10094
f 10078 10091 10092
f 10076 10089 10090
f 10087 10100 10101
f 10086 10085 10098
f 10096 10109 10110
f 10094 10107 10108
f 10093 10092 10105
f 10091 10090 10103
f 10088 10101 10102
f 10087 10086 10099
f 10095 10108 10109
f 10094 10093 10106
f 10092 10091 10104
f 10089 10102 10103
f 10100 10113 10114
f 10098 10111 10112
f 10110 10109 10122
f 10108 10107 10120
f 10105 10118 10119
f 10103 10116 10117
f 10101 10114 10115
f 10100 10099 10112
f 10108 10121 10122
f 10106 10119 10120
f 10105 10104 10117
f 10103 10102 10115
f 10113 10126 10127
f 10112 10111 10124
f 10122 10135 10136
f 10120 10133 10134
f 10119 10118 10131
f 10117 10116 10129
f 10115 10114 10127
f 10113 10112 10125
f 10122 10121 10134
f 10119 10132 10133
f 10117 10130 10131
f 10115 10128 10129
f 10127 10126 10139
f 10124 10137 10138
f 10136 10135 10148
f 10134 10133 10146
f 10131 10144 10145
f 10130 10129 10142
f 10128 10127 10140
f 10125 10138 10139
f 10135 10134 10147
f 10133 10132 10145
f 10130 10143 10144
f 10128 10141 10142
f 10140 10139 10152
f 10138 10137 10150
f 10148 10161 10162
f 10147 10146 10159
f 10144 10157 10158
f 10143 10142 10155
f 10140 10153 10154
f 10138 10151 10152
f 10147 10160 10161
f 10146 10145 10158
f 10144 10143 10156
f 10141 10154 10155
f 10153 10152 10165
f 10151 10150 10163
f 10162 10161 10174
f 10159 10172 10173
f 10157 10170 10171
f 10156 10155 10168
f 10153 10166 10167
f 10151 10164 10165
f 10161 10160 10173
f 10159 10158 10171
f 10157 10156 10169
f 10154 10167 10168
f 10165 10178 10179
f 10163 10176 10177
f 10175 10174 10187
f 10173 10172 10185
f 10171 10170 10183
f 10168 10181 10182
f 10167 10166 10179
f 10165 10164 10177
f 10173 10186 10187
f 10171 10184 10185
f 10169 10182 10183
f 10168 10167 10180
f 10178 10191 10192
f 10176 10189 10190
f 10188 10187 10200
f 10185 10198 10199
f 10184 10183 10196
f 10182 10181 10194
f 10180 10179 10192
f 10178 10177 10190
f 10187 10186 10199
f 10184 10197 10198
f 10182 10195 10196
f 10180 10193 10194
f 10191 10204 10205
f 10190 10189 10202
f 10200 10213 10214
f 10198 10211 10212
f 10197 10196 10209
f 10195 10194 10207
f 10192 10205 10206
f 10191 10190 10203
f 10199 10212 10213
f 10197 10210 10211
f 10196 10195 10208
f 10193 10206 10207
f 10205 10204 10217
f 10202 10215 10216
f 10214 10213 10226
f 10211 10224 10225
f 10210 10209 10222
f 10207 10220 10221
f 10205 10218 10219
f 10204 10203 10216
f 10212 10225 10226
f 10210 10223 10224
f 10209 10208 10221
f 10207 10206 10219
f 10217 10230 10231
f 10216 10215 10228
f 10226 10239 10240
f 10224 10237 10238
f 10223 10222 10235
f 10221 10220 10233
f 10219 10218 10231
f 10217 10216 10229
f 10226 10225 10238
f 10223 10236 10237
f 10221 10234 10235
f 10219 10232 10233
f 10231 10230 10243
f 10228 10241 10242
f 10240 10239 10252
f 10238 10237 10250
f 10235 10248 10249
f 10234 10233 10246
f 10232 10231 10244
f 10229 10242 10243
f 10239 10238 10251
f 10237 10236 10249
f 10234 10247 10248
f 10232 10245 10246
f 10244 10243 10256
f 10242 10241 10254
f 10252 10265 10266
f 10251 10250 10263
f 10248 10261 10262
f 10247 10246 10259
f 10244 10257 10258
f 10242 10255 10256
f 10251 10264 10265
f 10250 10249 10262
f 10248 10247 10260
f 10245 10258 10259
f 10257 10256 10269
f 10255 10254 10267
f 10266 10265 10278
f 10263 10276 10277
f 10261 10274 10275
f 10260 10259 10272
f 10257 10270 10271
f 10255 10268 10269
f 10265 10264 10277
f 10263 10262 10275
f 10261 10260 10273
f 10258 10271 10272
f 10269 10282 10283
f 10267 10280 10281
f 10278 10291 10292
f 10277 10276 10289
f 10275 10274 10287
f 10272 10285 10286
f 10271 10270 10283
f 10269 10268 10281
f 10277 10290 10291
f 10275 10288 10289
f 10273 10286 10287
f 10272 10271 10284
f 10282 10295 10296
f 10280 10293 10294
f 10292 10291 10304
f 10289 10302 10303
f 10288 10287 10300
f 10286 10285 10298
f 10284 10283 10296
f 10282 10281 10294
f 10291 10290 10303
f 10288 10301 10302
f 10286 10299 10300
f 10284 10297 10298
f 10295 10308 10309
f 10294 10293 10306
f 10304 10317 10318
f 10302 10315 10316
f 10301 10300 10313
f 10299 10298 10311
f 10296 10309 10310
f 10295 10294 10307
f 10303 10316 10317
f 10301 10314 10315
f 10300 10299 10312
f 10297 10310 10311
f 10309 10308 10321
f 10307 10306 10319
f 10318 10317 10330
f 10316 10315 10328
f 10314 10313 10326
f 10311 10324 10325
f 10309 10322 10323
f 10308 10307 10320
f 10316 10329 10330
f 10314 10327 10328
f 10313 10312 10325
f 10311 10310 10323
f 10321 10334 10335
f 10320 10319 10332
f 10330 10343 10344
f 10329 10328 10341
f 10326 10339 10340
f 10325 10324 10337
f 10323 10322 10335
f 10320 10333 10334
f 10330 10329 10342
f 10328 10327 10340
f 10325 10338 10339
f 10323 10336 10337
f 10335 10334 10348
f 10332 10346 10347
f 10344 10343 10357
f 10342 10341 10355
f 10339 10353 10354
f 10337 10351 10352
f 10336 10335 10349
f 10333 10347 10348
f 10343 10342 10356
f 10341 10340 10354
f 10338 10352 10353
f 10337 10336 10350
f 10349 10348 10361
f 10347 10346 10359
f 10357 10370 10371
f 10356 10355 10368
f 10353 10366 10367
f 10351 10364 10365
f 10349 10362 10363
f 10347 10360 10361
f 10356 10369 10370
f 10355 10354 10367
f 10353 10352 10365
f 10351 10350 10363
f 10362 10361 10374
f 10360 10359 10372
f 10371 10370 10383
f 10368 10381 10382
f 10366 10379 10380
f 10365 10364 10377
f 10362 10375 10376
f 10360 10373 10374
f 10370 10369 10382
f 10368 10367 10380
f 10366 10365 10378
f 10363 10376 10377
f 10374 10387 10388
f 10372 10385 10386
f 10383 10396 10397
f 10382 10381 10394
f 10380 10379 10392
f 10377 10390 10391
f 10376 10375 10388
f 10374 10373 10386
f 10382 10395 10396
f 10380 10393 10394
f 10378 10391 10392
f 10377 10376 10389
f 10387 10400 10401
f 10385 10398 10399
f 10397 10396 10409
f 10394 10407 10408
f 10393 10392 10405
f 10390 10403 10404
f 10389 10388 10401
f 10387 10386 10399
f 10396 10395 10408
f 10393 10406 10407
f 10391 10404 10405
f 10390 10389 10402
f 10400 10413 10414
f 10399 10398 10411
f 10409 10422 10423
f 10407 10420 10421
f 10406 10405 10418
f 10403 10416 10417
f 10401 10414 10415
f 10400 10399 10412
f 10408 10421 10422
f 10406 10419 10420
f 10405 10404 10417
f 10403 10402 10415
f 10414 10413 10426
f 10411 10424 10425
f 10423 10422 10435
f 10420 10433 10434
f 10418 10431 10432
f 10416 10429 10430
f 10414 10427 10428
f 10412 10425 10426
f 10421 10434 10435
f 10419 10432 10433
f 10418 10417 10430
f 10416 10415 10428
f 10427 10426 10439
f 10425 10424 10437
f 10435 10448 10449
f 10433 10446 10447
f 10431 10444 10445
f 10430 10429 10442
f 10428 10427 10440
f 10425 10438 10439
f 10435 10434 10447
f 10433 10432 10445
f 10430 10443 10444
f 10428 10441 10442
f 10440 10439 10452
f 10437 10450 10451
f 10449 10448 10461
f 10447 10446 10459
f 10444 10457 10458
f 10443 10442 10455
f 10441 10440 10453
f 10438 10451 10452
f 10448 10447 10460
f 10446 10445 10458
f 10443 10456 10457
f 10441 10454 10455
f 10453 10452 10465
f 10451 10450 10463
f 10461 10474 10475
f 10460 10459 10472
f 10457 10470 10471
f 10456 10455 10468
f 10453 10466 10467
f 10451 10464 10465
f 10460 10473 10474
f 10459 10458 10471
f 10457 10456 10469
f 10454 10467 10468
f 10466 10465 10061
f 10464 10463 10059
f 10474 10070 10071
f 10472 10068 10069
f 10470 10066 10067
f 10469 10468 10064
f 10466 10062 10063
f 10464 10060 10061
f 10473 10069 10070
f 10472 10471 10067
f 10470 10469 10065
f 10467 10063 10064
f 9933 10059 10463
f 10463 10450 10054
f 10450 10437 10049
f 10437 10424 10045
f 10045 10424 10411
f 10041 10411 10398
f 10037 10398 10385
f 10385 10372 10029
f 10029 10372 10359
f 10359 10346 10021
f 10346 10332 10017
f 10332 10319 10013
f 10013 10319 10306
f 10009 10306 10293
f 10005 10293 10280
f 10280 10267 9997
f 9997 10267 10254
f 10254 10241 9989
f 10241 10228 9985
f 10228 10215 9981
f 9981 10215 10202
f 9977 10202 10189
f 9973 10189 10176
f 10176 10163 9965
f 9965 10163 10150
f 10150 10137 9957
f 10137 10124 9953
f 10124 10111 9949
f 9949 10111 10098
f 9945 10098 10085
f 9941 10085 10072
f 10072 10059 9933
