# Canonicalized fitted SMPL-X reference for GF5 animation export.
# GF5 bind pose: course_body_24
# Canonical bind source: SMPL-X template SMPL-24 neutral rest joints
# Coordinate space: up2you_smpl_native_y_up
v 0.06048385 0.27701220 -0.01283349
v 0.06448380 0.27601179 -0.01183319
v 0.06508628 0.27742162 -0.01180047
v 0.06099349 0.27832401 -0.01260419
v 0.07349371 0.27782387 -0.02179716
v 0.07339443 0.28122091 -0.01829932
v 0.07289632 0.28402781 -0.01829038
v 0.07299232 0.28372613 -0.02109947
v 0.02732471 0.23730955 -0.06898658
v 0.01392301 0.23648356 -0.07348435
v 0.01345989 0.22666675 -0.06989834
v 0.02553630 0.22467349 -0.06481671
v 0.04083408 0.20054954 -0.04646982
v 0.03705528 0.20929018 -0.05102603
v 0.03509847 0.19622214 -0.05525014
v 0.04295173 0.19184469 -0.04597723
v 0.03989541 0.33762598 0.07079388
v 0.04689791 0.33592600 0.06519629
v 0.04579269 0.32982615 0.06899328
v -0.05656176 0.27691418 -0.01323201
v -0.06045958 0.27591527 -0.01233288
v -0.06106758 0.27731588 -0.01220947
v -0.05686991 0.27821437 -0.01292735
v -0.06936074 0.27771461 -0.02243273
v -0.06946269 0.28111461 -0.01893197
v -0.06907424 0.28380811 -0.01880508
v -0.06916898 0.28360981 -0.02162611
v 0.03908909 0.33062881 0.07349256
v 0.09168978 0.29903203 -0.03391159
v 0.09178949 0.29633173 -0.03491269
v 0.09198969 0.29493162 -0.03301302
v 0.09178981 0.29723153 -0.03211315
v 0.08788369 0.28062534 -0.03162205
v 0.08778809 0.28803298 -0.03351000
v 0.08898973 0.29063246 -0.03441112
v 0.08918826 0.28843269 -0.03341058
v 0.08789121 0.27030930 -0.02769610
v 0.08679118 0.27100983 -0.02729567
v 0.08839560 0.27551892 -0.02949744
v 0.08949827 0.27501488 -0.03009286
v 0.07097632 0.25328749 -0.00559602
v 0.07417724 0.25508404 -0.00730056
v 0.07437515 0.25278217 -0.00849863
v 0.06967603 0.25138488 -0.00668877
v 0.06677796 0.25258327 -0.00758265
v 0.07156163 0.25145656 -0.01170984
v 0.07136475 0.25435469 -0.01251298
v 0.06757961 0.25477993 -0.00918370
v 0.08638850 0.30923110 -0.02021377
v 0.08668768 0.30603042 -0.01961549
v 0.08498680 0.30533007 -0.01721651
v 0.08458703 0.30863053 -0.01751538
v 0.07259669 0.27631471 -0.02699185
v 0.07121046 0.27001706 -0.02476702
v 0.07751396 0.27431750 -0.02836685
v 0.07769462 0.27701470 -0.02879309
v 0.08488363 0.29883054 -0.02701610
v 0.08590186 0.29951715 -0.03049689
v 0.08638926 0.29733202 -0.03141222
v 0.08528836 0.29593208 -0.02881233
v 0.08819023 0.30063295 -0.03490947
v 0.08838940 0.29763278 -0.03611009
v 0.06988858 0.26150399 -0.00428495
v 0.06929012 0.26490396 -0.00348640
v 0.06999020 0.26630348 -0.00458992
v 0.07029019 0.26530242 -0.00598856
v 0.07209308 0.27762204 -0.01850194
v 0.07359594 0.28182799 -0.01699175
v 0.08338840 0.26041076 -0.02229648
v 0.08348811 0.26241130 -0.02139818
v 0.08578981 0.26611057 -0.02479706
v 0.08589044 0.26470971 -0.02599514
v 0.08048808 0.26501253 -0.01989808
v 0.08288961 0.26731071 -0.02339579
v 0.08398944 0.26781186 -0.02509707
v 0.08288883 0.26581144 -0.02289654
v 0.08768858 0.30193102 -0.02681412
v 0.08558793 0.30433056 -0.02231538
v 0.08658865 0.30383042 -0.02201560
v 0.08868927 0.30133104 -0.02651402
v 0.07979060 0.28893554 -0.02900372
v 0.07840001 0.29402745 -0.02739199
v 0.07730152 0.29332700 -0.02719097
v 0.07870436 0.28902444 -0.02868568
v 0.08818956 0.29833183 -0.03321257
v 0.08848970 0.29563206 -0.03411206
v 0.08688945 0.29463241 -0.03261133
v 0.07459486 0.29682449 -0.01580183
v 0.07528792 0.29772675 -0.01692303
v 0.07579050 0.29612711 -0.01732048
v 0.07539495 0.29492474 -0.01620072
v 0.07427470 0.25107691 -0.01149228
v 0.06899263 0.26148924 -0.01876849
v 0.07099171 0.26199314 -0.02037871
v 0.07389395 0.26580805 -0.02338106
v 0.07259935 0.26690799 -0.02367305
v 0.06668086 0.25468650 -0.00388393
v 0.06968005 0.25498596 -0.00389153
v 0.07047760 0.25378731 -0.00479416
v 0.06737870 0.25298631 -0.00498531
v 0.07779127 0.30122384 -0.01731930
v 0.08019619 0.30052307 -0.01950491
v 0.07829589 0.29962307 -0.01880446
v 0.07668828 0.30002636 -0.01702392
v 0.08668759 0.28623351 -0.03170884
v 0.08568615 0.29303181 -0.03021300
v 0.08608977 0.27731386 -0.02580143
v 0.08619668 0.27731723 -0.02879372
v 0.08548905 0.27341497 -0.02720233
v -0.02370326 0.23761600 -0.06823693
v -0.01039152 0.23668632 -0.07310599
v -0.01004854 0.22697313 -0.06950414
v -0.02247944 0.22511709 -0.06420395
v 0.08538783 0.27351594 -0.02430358
v 0.08588595 0.28543350 -0.02620934
v 0.08618686 0.28523391 -0.02960813
v 0.08959014 0.29413188 -0.03181247
v 0.08968843 0.28803280 -0.03191028
v 0.08908976 0.29463187 -0.03271244
v 0.07599713 0.29722789 -0.02549823
v 0.07598391 0.30023256 -0.02991151
v 0.07518493 0.29362777 -0.03082188
v 0.07629823 0.29483011 -0.02659499
v 0.07088413 0.27011082 -0.00502954
v 0.07238440 0.27201262 -0.00622379
v 0.07128393 0.26981056 -0.00762998
v 0.07029081 0.26770315 -0.00709165
v 0.07449255 0.26400891 -0.02198421
v 0.07169095 0.26108980 -0.01947582
v 0.07218971 0.26069152 -0.01877876
v 0.07499014 0.26249379 -0.02038683
v 0.08258775 0.30152619 -0.02171109
v 0.08289590 0.29642448 -0.02210152
v 0.08109645 0.29652491 -0.02070193
v 0.07628836 0.26691285 -0.01209639
v 0.07708841 0.26801288 -0.01389666
v 0.07828839 0.26501027 -0.01549647
v 0.07748783 0.26311076 -0.01389672
v 0.07908353 0.25429523 -0.01659246
v 0.07668441 0.25399482 -0.01728664
v 0.07418470 0.25229570 -0.01418216
v 0.07668287 0.25209686 -0.01389064
v 0.07029107 0.26670247 -0.00638982
v 0.07039002 0.26760411 -0.00479254
v 0.08179016 0.28923509 -0.03100481
v 0.08070201 0.29531604 -0.02909062
v 0.08469724 0.29452327 -0.02639803
v 0.08518554 0.29193205 -0.02771281
v 0.07398883 0.28231883 -0.01079457
v 0.07158933 0.28281897 -0.01199552
v 0.07148855 0.28201920 -0.01199606
v 0.07448838 0.28071919 -0.01069468
v 0.07438899 0.28231877 -0.00939361
v 0.07478862 0.28071898 -0.00929369
v 0.07438849 0.28051913 -0.00809387
v 0.07408868 0.28151906 -0.00799381
v 0.07068876 0.28321904 -0.01239659
v 0.07098874 0.28281906 -0.01219621
v 0.07138873 0.28341907 -0.01249646
v 0.07529834 0.28592470 -0.02449576
v 0.07659536 0.27791983 -0.02549352
v 0.07499547 0.27772120 -0.02428896
v 0.07369249 0.28452465 -0.02280099
v 0.08688343 0.27822554 -0.03052147
v 0.08128549 0.30512428 -0.01323055
v 0.07968571 0.30722496 -0.01322892
v 0.08248490 0.31042388 -0.01773119
v 0.07168877 0.26901460 -0.01629312
v 0.07428969 0.27011275 -0.01359296
v 0.07278211 0.26981202 -0.01213428
v 0.07118900 0.26871392 -0.01459353
v 0.07088430 0.27371019 -0.01033093
v 0.06878326 0.27051151 -0.00943199
v 0.07298458 0.27220967 -0.00892955
v 0.07409701 0.28832504 -0.00948861
v 0.07279712 0.28452650 -0.01189048
v 0.07368939 0.28341863 -0.01059404
v 0.07398921 0.28381881 -0.00929355
v 0.08769249 0.26950762 -0.02909374
v 0.08929932 0.27451482 -0.03168814
v 0.08760161 0.27421266 -0.03308305
v 0.08609569 0.26880559 -0.03059016
v 0.06748337 0.25808758 -0.00269003
v 0.06438203 0.25558475 -0.00547763
v 0.06708968 0.26100439 -0.00227910
v 0.09068725 0.30583119 -0.02891365
v 0.08738759 0.30793166 -0.02941264
v 0.08778785 0.30573201 -0.03171181
v 0.09128704 0.30373147 -0.03101310
v 0.07159887 0.28942540 -0.01779252
v 0.07179620 0.28732702 -0.01719165
v 0.07189567 0.28882688 -0.01599326
v 0.07159808 0.29072550 -0.01629436
v 0.05048672 0.25248882 -0.05428611
v 0.05963043 0.25358406 -0.03665278
v 0.06396556 0.26624045 -0.04601172
v 0.05673681 0.26460454 -0.06153683
v 0.08028423 0.25719538 -0.01589601
v 0.07888341 0.25529698 -0.01359534
v 0.07509550 0.29592478 -0.00869429
v 0.07448570 0.29772744 -0.00762255
v 0.07558660 0.30302641 -0.00942506
v 0.07628575 0.29982606 -0.00922600
v 0.08888844 0.28953195 -0.03701233
v 0.09168842 0.28893146 -0.03541351
v 0.07718810 0.30182648 -0.01572383
v 0.08058688 0.30493048 -0.01911592
v 0.07859664 0.30252206 -0.01790353
v 0.07678806 0.30122617 -0.01612450
v 0.07669578 0.29322502 -0.01359688
v 0.07729569 0.29452443 -0.01329763
v 0.07549544 0.29542476 -0.01349952
v 0.07459534 0.29402509 -0.01359854
v 0.07398724 0.30252758 -0.00702228
v 0.07578722 0.30702668 -0.01042449
v 0.06727692 0.26115948 -0.01792893
v 0.07669590 0.29472461 -0.01099558
v 0.07759594 0.29722413 -0.01079647
v 0.07819611 0.29612428 -0.01309757
v -0.03923587 0.20110360 -0.04555404
v -0.03481647 0.20957129 -0.05044541
v -0.03385745 0.19701062 -0.05445140
v -0.04148782 0.19257972 -0.04498100
v 0.06839087 0.26570469 -0.00168477
v 0.06959085 0.26730391 -0.00348893
v 0.07618817 0.30032629 -0.01582421
v 0.07548805 0.29912660 -0.01572347
v 0.07399475 0.29532507 -0.01490107
v 0.07469476 0.29332525 -0.01610001
v 0.08139278 0.28672269 -0.02300797
v 0.08328816 0.27811727 -0.02380240
v 0.06718733 0.26767302 -0.03270556
v 0.06275978 0.25451630 -0.01801109
v 0.07429520 0.29582483 -0.01360084
v 0.07419512 0.29632464 -0.01390141
v 0.07339465 0.29532522 -0.01430143
v 0.07349502 0.29472524 -0.01380016
v 0.07738322 0.25389811 -0.01139306
v 0.07989059 0.29302377 -0.02070978
v 0.07689773 0.29122305 -0.01869661
v 0.07749061 0.29342717 -0.01801982
v 0.08958381 0.27992508 -0.03052297
v 0.09068809 0.28793272 -0.03171047
v 0.09208805 0.28823209 -0.03321189
v 0.09078419 0.27972510 -0.03182254
v 0.06518015 0.25398448 -0.00617996
v 0.07199649 0.28662720 -0.01799032
v 0.07319618 0.28492716 -0.01729063
v 0.07239456 0.29202607 -0.01649997
v 0.07239455 0.29362577 -0.01490040
v 0.06998716 0.27031785 -0.00309449
v 0.08718818 0.30243146 -0.03071322
v 0.08778944 0.30053154 -0.03201323
v 0.08569385 0.30112615 -0.02930413
v 0.08528789 0.30243137 -0.02771356
v 0.08428789 0.30423102 -0.02471436
v 0.08438777 0.30573094 -0.02441456
v 0.08638814 0.30413133 -0.02881362
v 0.07569727 0.29222456 -0.01729752
v 0.07649057 0.29392737 -0.01691956
v 0.07558870 0.26581267 -0.01079424
v 0.07618620 0.26000246 -0.01149526
v 0.08429091 0.27011058 -0.02479611
v 0.08389657 0.27101818 -0.02189184
v 0.08478609 0.27992705 -0.03411871
v 0.08458900 0.28923440 -0.03510655
v 0.08318967 0.28903496 -0.03280538
v 0.08368698 0.28022715 -0.03261810
v 0.07760508 0.28281975 -0.02918536
v 0.07420376 0.28382331 -0.02868888
v 0.07358855 0.28251931 -0.00759464
v 0.07279609 0.28642699 -0.00588904
v 0.07189514 0.29132614 -0.01659811
v 0.07209483 0.29302606 -0.01499887
v 0.07869305 0.26630723 -0.02458676
v 0.07438821 0.25979257 -0.01708463
v 0.07869215 0.26440781 -0.02278834
v 0.07008912 0.25929463 -0.01497675
v 0.06958843 0.25849658 -0.01277761
v 0.07228750 0.25829536 -0.01438267
v 0.08058930 0.26700920 -0.01909470
v 0.08248996 0.26801077 -0.02169794
v 0.07028852 0.28291968 -0.01289767
v 0.06889428 0.28132224 -0.01400156
v 0.06938858 0.28271928 -0.01239698
v 0.08449281 0.28582370 -0.02420709
v 0.08528879 0.27781501 -0.02410368
v 0.07699604 0.29682440 -0.01369875
v 0.07549692 0.28692576 -0.01368994
v 0.07619727 0.29042539 -0.01199007
v 0.08038791 0.30002666 -0.01342299
v 0.07868826 0.29842699 -0.01392219
v 0.07799629 0.29762411 -0.01379865
v 0.07909679 0.29802388 -0.01299696
v 0.06328276 0.27341270 -0.01233441
v 0.06648261 0.27181250 -0.01083406
v 0.06808365 0.27491376 -0.01082691
v 0.08348702 0.30533046 -0.02271589
v 0.08388671 0.30333039 -0.02381610
v 0.08207816 0.29592949 -0.03091959
v 0.07618789 0.29802653 -0.01792343
v 0.07669052 0.29642656 -0.01882155
v 0.07768451 0.30852479 -0.02532869
v 0.07718529 0.30682546 -0.02172766
v 0.07718546 0.30712557 -0.02042746
v 0.07788371 0.31102422 -0.02113040
v 0.06838049 0.25607857 -0.00998481
v 0.07128737 0.25619596 -0.01257933
v 0.07128743 0.25729638 -0.01288026
v 0.06898107 0.25737739 -0.01108659
v 0.07218197 0.26951471 -0.01142785
v 0.07098933 0.26861328 -0.01369348
v 0.08549105 0.27111039 -0.02749541
v 0.08479068 0.27041081 -0.02639562
v 0.08609531 0.27421963 -0.02879616
v 0.08689553 0.27531922 -0.02969624
v 0.07249808 0.29022470 -0.02029429
v 0.07199922 0.28912517 -0.01979255
v 0.07749677 0.30112541 -0.02219965
v 0.07978775 0.30333236 -0.02381113
v 0.07868750 0.30623218 -0.02061171
v 0.07708584 0.30422577 -0.02022688
v 0.08359024 0.29663399 -0.03320744
v 0.07689060 0.29502702 -0.01832032
v 0.07749058 0.29512686 -0.01942059
v 0.07639051 0.29542699 -0.01782055
v 0.07399537 0.29322550 -0.01379730
v 0.07619606 0.29202527 -0.01409479
v 0.07978842 0.30022642 -0.01482359
v 0.08349738 0.30352083 -0.01800140
v 0.08259783 0.30362129 -0.01820107
v 0.07918821 0.30102631 -0.01512407
v 0.07469523 0.29772440 -0.01480189
v 0.01553844 0.24651878 -0.08117584
v 0.01772029 0.25585032 -0.08981594
v -0.03593310 0.33732119 0.07068267
v -0.04291783 0.33562824 0.06507079
v -0.04183033 0.32952297 0.06888261
v -0.03513278 0.33042228 0.07348470
v 0.07778574 0.30722505 -0.01332879
v 0.07858612 0.30862525 -0.01732818
v 0.07958617 0.30962518 -0.01762830
v 0.07828584 0.30802506 -0.01422861
v 0.08498402 0.30123037 -0.02711646
v 0.08888969 0.29723173 -0.03191272
v 0.07419516 0.28332722 -0.01569169
v 0.07089303 0.28062186 -0.01540253
v 0.06079372 0.27952370 -0.01420391
v 0.06109469 0.28072330 -0.01430284
v 0.06169403 0.28032368 -0.01550367
v 0.06129319 0.27902395 -0.01570418
v 0.06408387 0.27431834 -0.01562681
v 0.06678338 0.27341488 -0.01432861
v 0.06588233 0.27151245 -0.01303453
v 0.06328216 0.27231267 -0.01503516
v 0.06019134 0.27642444 -0.01460677
v 0.06049241 0.27802408 -0.01430537
v 0.06109165 0.27732438 -0.01580585
v 0.06089648 0.27542898 -0.01619636
v 0.08278698 0.30553058 -0.02061567
v 0.08458713 0.30533034 -0.02231609
v 0.09028989 0.29633129 -0.03071369
v 0.09048996 0.29413158 -0.03161300
v 0.08818846 0.30123135 -0.02931338
v 0.08858969 0.29933149 -0.03061335
v 0.07288510 0.27471259 -0.00622244
v 0.07398512 0.27471223 -0.00802189
v 0.07348508 0.27310938 -0.00792880
v 0.09148956 0.29943144 -0.03081330
v 0.09159002 0.30143204 -0.03251154
v 0.07018248 0.25828621 -0.00389471
v 0.06898196 0.25698680 -0.00319246
v 0.03950868 0.18673678 0.01025080
v 0.04915861 0.19112147 0.00007215
v 0.04863051 0.18037339 -0.00037228
v 0.03965735 0.17603904 0.00947135
v 0.07998514 0.30262408 -0.01193098
v 0.07858529 0.30512467 -0.01182964
v 0.06018350 0.27491567 -0.01342998
v 0.06008272 0.27401271 -0.01503466
v 0.06278230 0.27241284 -0.01373494
v 0.06548705 0.27892080 -0.01199960
v 0.06138706 0.27962127 -0.01270014
v 0.06439150 0.27602458 -0.01560524
v 0.06529470 0.28112337 -0.01480246
v 0.06558806 0.28232020 -0.01339826
v 0.06788997 0.26810375 -0.01059463
v 0.06938948 0.26760325 -0.01259445
v 0.07088996 0.26770309 -0.00949397
v 0.06079656 0.27352935 -0.01619750
v 0.07239775 0.29132515 -0.01819618
v 0.06759245 0.27692276 -0.01500345
v 0.07038485 0.27431285 -0.01672826
v 0.06988417 0.27221894 -0.01592210
v 0.06719162 0.27492389 -0.01490499
v 0.07888832 0.26431003 -0.01709609
v 0.07918858 0.26621020 -0.01709615
v 0.07248278 0.26972049 -0.01842223
v 0.07579455 0.27002293 -0.01629345
v 0.07379584 0.28642663 -0.01639123
v 0.07509738 0.28942546 -0.01499163
v 0.07078832 0.28301939 -0.01299756
v 0.06809290 0.27902293 -0.01470368
v 0.07059197 0.27672267 -0.01650394
v 0.06578769 0.28022018 -0.01229877
v 0.06958792 0.28021947 -0.01159796
v 0.06938823 0.28131938 -0.01179747
v 0.06578809 0.28121990 -0.01249812
v 0.07939120 0.29642648 -0.02002138
v 0.07738603 0.30292553 -0.01042749
v 0.07878600 0.30002546 -0.01112729
v 0.07888721 0.31212267 -0.03783274
v 0.07668973 0.30412894 -0.04181620
v 0.07718795 0.30542645 -0.02882100
v 0.06459263 0.27782407 -0.01540442
v 0.06179534 0.28172317 -0.01410195
v 0.06228789 0.28122050 -0.01299893
v 0.08498959 0.26731151 -0.02469672
v 0.07159051 0.26740205 -0.00919241
v 0.07279587 0.29132539 -0.01439548
v 0.08430497 0.27471185 -0.03228192
v 0.08309682 0.26980665 -0.02988754
v 0.07209528 0.29252589 -0.01479761
v 0.07279541 0.29372558 -0.01429764
v 0.07028921 0.26800346 -0.01329482
v 0.07168199 0.26861435 -0.01052842
v 0.07299522 0.29402545 -0.01409861
v 0.07368445 0.27411246 -0.00932336
v 0.08449618 0.29602352 -0.02520012
v 0.07538676 0.25649324 -0.01748453
v 0.07328653 0.25529480 -0.01468225
v 0.06188751 0.28062084 -0.01269959
v 0.06528220 0.27171281 -0.01243489
v 0.06499354 0.27962407 -0.01530392
v 0.07208735 0.27792007 -0.01099670
v 0.07158484 0.27570972 -0.01053056
v 0.07408714 0.27632010 -0.00949577
v 0.07729413 0.27042171 -0.01799265
v 0.07339607 0.27132183 -0.02058908
v 0.07469434 0.27212268 -0.02278723
v 0.07919423 0.27112010 -0.01969114
v 0.08159310 0.26530787 -0.02718958
v 0.07969102 0.26130891 -0.02368998
v 0.08178697 0.25949436 -0.02369278
v 0.08419102 0.26370987 -0.02749279
v 0.07897906 0.32671794 -0.04734741
v 0.07988289 0.31801736 -0.03153623
v 0.08047973 0.33382070 -0.03653957
v 0.08268962 0.30473295 -0.02890945
v 0.08288960 0.30233341 -0.03040837
v 0.08810111 0.30331624 -0.03349615
v 0.07698504 0.30962521 -0.01552825
v 0.07728607 0.30712554 -0.01882738
v 0.07778617 0.30802530 -0.01702790
v 0.08828381 0.27962565 -0.03512119
v 0.07449681 0.29222530 -0.00889010
v 0.07629571 0.29252538 -0.01129440
v 0.07779351 0.26740754 -0.02558487
v 0.07938923 0.26941013 -0.01749607
v 0.08179421 0.26982009 -0.01949392
v 0.08818842 0.30583090 -0.02221421
v 0.08508673 0.30412978 -0.01991743
v 0.00968129 0.17878775 0.03566860
v 0.00940897 0.17011255 0.03223621
v 0.00988384 0.28033265 0.09218342
v 0.01128386 0.28013307 0.09068912
v 0.01008398 0.28203240 0.08958220
v 0.00938378 0.28203309 0.09038295
v 0.01028293 0.27123299 0.09088878
v 0.00968312 0.27273342 0.08978978
v 0.01058308 0.27253360 0.08879023
v 0.01138311 0.27113357 0.08999021
v 0.00698321 0.28163391 0.08948317
v 0.00548339 0.27913332 0.09228374
v 0.00708277 0.28003344 0.09358253
v 0.00808324 0.28223372 0.09018280
v 0.08818938 0.30903167 -0.02321223
v 0.01348284 0.27093089 0.09058375
v 0.01248335 0.27273342 0.08938988
v 0.01318346 0.27323285 0.09128856
v 0.01468264 0.27183026 0.09228195
v 0.00668143 0.27202925 0.09897869
v 0.00758226 0.27413043 0.09908126
v 0.00658281 0.27323070 0.09668256
v 0.00668177 0.27122951 0.09637960
v 0.00918253 0.27452981 0.09838038
v 0.01098128 0.27412871 0.10017719
v 0.01258217 0.27412936 0.09847929
v 0.01058208 0.27432910 0.09687922
v 0.00608306 0.27543369 0.09169035
v 0.00758270 0.27353379 0.09319065
v 0.00538347 0.27573061 0.09528244
v 0.01338353 0.27553311 0.08938920
v 0.01208346 0.27453339 0.08798982
v 0.01108505 0.27833095 0.08738323
v 0.01228493 0.27913103 0.08828320
v 0.04219974 0.20376897 0.01163916
v 0.05049919 0.20538820 -0.00075838
v 0.03538997 0.29363826 0.06950282
v 0.03458841 0.29083842 0.07080028
v 0.03058920 0.29193702 0.07149959
v 0.03148953 0.29443762 0.07050141
v 0.07478794 0.27861941 -0.00879464
v 0.07428811 0.27961940 -0.00759442
v 0.08300519 0.29961705 -0.03188939
v 0.08738818 0.30293119 -0.02731390
v 0.08248940 0.30653247 -0.02701068
v 0.08128534 0.30882409 -0.02243048
v 0.07978775 0.30753183 -0.02151238
v 0.08078811 0.30483210 -0.02521169
v 0.09038866 0.30293143 -0.02761305
v 0.07259043 0.26620126 -0.00889150
v 0.08228957 0.29222363 -0.02241117
v 0.08048495 0.30952409 -0.02003067
v 0.08398484 0.31102368 -0.02073148
v 0.08848397 0.28012565 -0.03062149
v 0.09098963 0.30143139 -0.02941338
v 0.08928847 0.30003133 -0.02821340
v 0.08178497 0.30212367 -0.01403198
v 0.07629322 0.27462280 -0.02499050
v 0.08269314 0.27472189 -0.02269259
v 0.08109481 0.27221945 -0.02128943
v -0.08785985 0.29871020 -0.03455105
v -0.08784999 0.29601052 -0.03552553
v -0.08804717 0.29461211 -0.03362685
v -0.08794793 0.29701144 -0.03272757
v -0.08384617 0.28040949 -0.03192979
v -0.08394827 0.28780878 -0.03393388
v -0.08514749 0.29041171 -0.03492124
v -0.08534727 0.28830934 -0.03383495
v 0.07569183 0.27282479 -0.02398997
v 0.07190008 0.28802529 -0.01908975
v 0.06948792 0.27111778 -0.00089143
v 0.07828525 0.26009685 -0.01449718
v -0.08385606 0.27010584 -0.02812330
v -0.08285739 0.27080503 -0.02772165
v -0.08435925 0.27530211 -0.02972356
v -0.08555318 0.27480578 -0.03052875
v 0.07948567 0.26099533 -0.01669729
v 0.03143590 0.24795729 -0.07568211
v 0.03521924 0.25813612 -0.08353490
v 0.09038379 0.27962500 -0.03382256
v 0.08258703 0.30493042 -0.02151600
v 0.07448921 0.26590204 -0.00999333
v 0.07378705 0.26060322 -0.00899224
v 0.07218672 0.26110381 -0.00739158
v 0.07719066 0.29562670 -0.01912097
v 0.07709414 0.26850858 -0.02578364
v 0.07719575 0.27070731 -0.02698067
v 0.06199462 0.28102365 -0.01510292
v 0.07899153 0.26290834 -0.02298958
v 0.07498725 0.25819308 -0.01728610
v 0.05558357 0.20784926 -0.01294548
v 0.05299439 0.20949805 -0.02628065
v -0.06667003 0.25305611 -0.00584766
v -0.06976328 0.25485772 -0.00765589
v -0.06996705 0.25255597 -0.00874990
v -0.06537176 0.25125498 -0.00704415
v 0.05250376 0.19747260 -0.02494691
v 0.05424630 0.19476026 -0.01219344
v 0.07148933 0.28471792 -0.00239598
v 0.07198741 0.27752036 -0.00449623
v 0.07108843 0.27651775 -0.00259367
v 0.02129109 0.18766475 0.03104519
v 0.01900413 0.17381798 0.02747700
v 0.06898723 0.27181989 0.00280881
v 0.06828748 0.27172023 0.01320947
v 0.07089481 0.28701955 0.01250814
v 0.07039098 0.28151822 0.00290375
v 0.05979460 0.31932738 0.04686761
v 0.06128458 0.31982490 0.04226662
v 0.06178648 0.31032309 0.04278699
v 0.05999152 0.31162503 0.04669359
v 0.02179054 0.37853664 0.06204921
v 0.01157482 0.37932959 0.06447893
v 0.01159961 0.38693470 0.05807176
v 0.02220649 0.38603529 0.05497080
v 0.03683207 0.26644415 -0.08914806
v 0.03844574 0.27675024 -0.09505796
v 0.01974657 0.27316585 -0.10193242
v 0.01873401 0.26325780 -0.09571711
v 0.02266866 0.40353692 0.03150446
v 0.01196651 0.40523669 0.03431832
v 0.01196722 0.40973714 0.02361691
v -0.06247889 0.25245079 -0.00783790
v -0.06718360 0.25148025 -0.01180554
v -0.06708348 0.25447759 -0.01251018
v -0.06327986 0.25474882 -0.00933897
v 0.02276659 0.40753838 0.02110091
v 0.05298359 0.29133224 0.06010278
v 0.05488451 0.28522763 0.06050840
v 0.05118469 0.28462872 0.06401167
v 0.04968914 0.29073253 0.06290601
v 0.07317913 0.25648427 -0.00639888
v 0.07198080 0.25728464 -0.00539642
v -0.08263241 0.30911812 -0.02072488
v -0.08293021 0.30591902 -0.02012679
v -0.08126010 0.30510715 -0.01783811
v -0.08076452 0.30850640 -0.01794125
v -0.06846922 0.27610090 -0.02712253
v -0.06704816 0.26992166 -0.02503918
v -0.07336687 0.27400148 -0.02862591
v -0.07356532 0.27670139 -0.02912351
v 0.01216260 0.41313642 0.01120498
v 0.02295856 0.41083843 0.00909811
v 0.01378404 0.30073786 0.07708741
v -0.08106945 0.29870319 -0.02754127
v -0.08196730 0.29930225 -0.03102339
v -0.08245051 0.29711047 -0.03202600
v -0.08144975 0.29581124 -0.02932553
v -0.08436057 0.30041060 -0.03554952
v -0.08456020 0.29731026 -0.03674929
v -0.06564836 0.26123771 -0.00448748
v -0.06505194 0.26463526 -0.00358611
v -0.06584962 0.26613528 -0.00478927
v -0.06614660 0.26503643 -0.00609204
v -0.06806379 0.27751380 -0.01912933
v -0.06967389 0.28170878 -0.01760316
v -0.07924411 0.26021689 -0.02273141
v -0.07934555 0.26221579 -0.02182963
v -0.08175509 0.26590693 -0.02522374
v -0.08175539 0.26450667 -0.02632392
v 0.01418399 0.30263829 0.07428982
v 0.01778764 0.29934117 0.07290279
v 0.01738476 0.29733953 0.07519147
v 0.00918845 0.35153162 0.07758576
v 0.01019004 0.35953167 0.07488552
v 0.01908136 0.35943621 0.07314288
v 0.01739306 0.35153133 0.07628115
v 0.02209102 0.29683822 0.07160224
v 0.02119034 0.29483786 0.07320134
v 0.01179818 0.39403248 0.05086765
v 0.02248872 0.39283550 0.04793952
v 0.02229712 0.41402081 -0.04264566
v -0.07644097 0.26471832 -0.02023157
v -0.07894216 0.26711681 -0.02383056
v -0.08005480 0.26760674 -0.02552082
v -0.07884278 0.26561651 -0.02332954
v 0.02269802 0.41452172 -0.03394606
v 0.01158515 0.41712210 -0.03455545
v -0.08383079 0.30171806 -0.02732745
v -0.08183113 0.30411834 -0.02272652
v -0.08282760 0.30362010 -0.02242935
v -0.08472802 0.30111957 -0.02702948
v 0.01268178 0.41592100 -0.04725594
v 0.06898153 0.28352246 -0.05594620
v 0.07218062 0.28352404 -0.04041657
v 0.07449453 0.29532927 -0.04290412
v 0.07248018 0.29990274 -0.06034586
v 0.03030939 0.19309416 0.02257717
v 0.02851104 0.17990234 0.01905274
v -0.07564925 0.28861499 -0.02931609
v -0.07427963 0.29370400 -0.02775863
v -0.07315838 0.29311317 -0.02756424
v -0.07446243 0.28861538 -0.02898338
v -0.08435104 0.29810986 -0.03372742
v -0.08464950 0.29541084 -0.03462279
v -0.08294934 0.29441130 -0.03312182
v -0.07076320 0.29670414 -0.01622299
v -0.07141370 0.29763120 -0.01732435
v -0.07193451 0.29601616 -0.01772871
v -0.07156277 0.29480401 -0.01662279
v -0.06986761 0.25105333 -0.01174887
v -0.06498610 0.26140982 -0.01888654
v -0.06687776 0.26180831 -0.02049334
v -0.06976109 0.26570755 -0.02351902
v -0.06846610 0.26670539 -0.02391731
v 0.05409261 0.34193146 0.05337942
v 0.05629202 0.34713060 0.04857776
v 0.05929143 0.33963025 0.04528044
v 0.05679275 0.33543155 0.05038284
v 0.00769134 0.33853894 0.08147629
v 0.01497561 0.33853701 0.08087047
v 0.01317724 0.33203608 0.08187339
v 0.00709282 0.33193794 0.08237863
v -0.06237832 0.25445461 -0.00393986
v -0.06537172 0.25475740 -0.00414664
v -0.06616966 0.25365722 -0.00514809
v -0.06307651 0.25295386 -0.00514059
v 0.05968391 0.30433115 0.04749664
v 0.06199252 0.30122665 0.04470295
v 0.06098084 0.29333279 0.04959651
v 0.05827781 0.29743543 0.05129093
v 0.05538297 0.29263291 0.05710100
v -0.07391539 0.30103028 -0.01782661
v -0.07646582 0.30030641 -0.01993508
v -0.07447132 0.29940540 -0.01924470
v -0.07281303 0.29983133 -0.01752483
v 0.05768718 0.28682783 0.05690624
v -0.08284750 0.28600922 -0.03213321
v -0.08174662 0.29291311 -0.03062730
v 0.02067254 0.36893326 0.06872509
v 0.01099316 0.36933243 0.07088339
v 0.06068743 0.33012891 0.04297804
v 0.05859295 0.32753158 0.04818300
v 0.01098306 0.30393863 0.07978581
v 0.01168283 0.30533913 0.07618695
v 0.00918386 0.30983624 0.07878546
v -0.08225735 0.27710411 -0.02612548
v -0.08225843 0.27710292 -0.02912359
v -0.08165502 0.27320492 -0.02762548
v -0.08155508 0.27320543 -0.02462636
v 0.00567523 0.30962083 0.08464473
v 0.00568766 0.31373751 0.08328293
v 0.00878458 0.31343454 0.07968634
v 0.03518781 0.35083652 0.06883705
v 0.03718098 0.35813379 0.06503458
v 0.04468400 0.35643542 0.05923657
v 0.04278200 0.34973663 0.06343447
v 0.02257118 0.39853567 0.04031086
v -0.08204554 0.28531137 -0.02663659
v -0.08234648 0.28511027 -0.03003492
v 0.01186970 0.40003517 0.04323147
v 0.00619286 0.32333824 0.08228505
v 0.01038174 0.32333580 0.08068422
v 0.00948337 0.31963435 0.07978576
v -0.08564806 0.29401109 -0.03232503
v -0.08584702 0.28780970 -0.03243575
v -0.08524806 0.29441139 -0.03322374
v -0.07197178 0.29690641 -0.02585331
v -0.07185534 0.29991132 -0.03011547
v -0.07119083 0.29330477 -0.03108113
v -0.07227934 0.29450548 -0.02696277
v 0.00609057 0.31993696 0.08208414
v 0.02589261 0.29313383 0.07230590
v 0.02679394 0.29533282 0.07120879
v 0.06516904 0.25596035 -0.00929845
v 0.06618108 0.25537956 -0.00867921
v 0.07198838 0.30232897 -0.00091885
v 0.07118798 0.29182950 0.00148273
v 0.07098909 0.30022857 0.01077882
v 0.07138800 0.31282693 0.00797436
v 0.07458536 0.32392389 0.00396688
v 0.07687818 0.33282349 -0.00214798
v 0.07698344 0.31682488 -0.00822954
v 0.07488620 0.31082803 -0.00342148
v 0.04740722 0.19963504 -0.03637235
v 0.04582441 0.21045311 -0.03875924
v 0.00567576 0.30651402 0.08736364
v 0.00557400 0.30370954 0.08987013
v 0.02127176 0.31458655 -0.12007543
v -0.06685520 0.26992348 -0.00532260
v -0.06835450 0.27191970 -0.00653518
v -0.06715312 0.26962417 -0.00792266
v -0.06623100 0.26754671 -0.00731896
v 0.02137069 0.30098483 -0.11556939
v 0.04027298 0.30609235 -0.10717049
v 0.03967819 0.31860521 -0.11055283
v 0.06627366 0.27332777 -0.05094348
v -0.07035764 0.26380920 -0.02211973
v -0.06757642 0.26091334 -0.01969282
v -0.06797384 0.26051491 -0.01899434
v -0.07086872 0.26231232 -0.02059938
v 0.07008816 0.27487138 -0.03681469
v 0.01208349 0.27703276 0.09268831
v 0.00888417 0.28153250 0.08788282
v 0.00898502 0.27793106 0.08738346
v 0.00858459 0.28073221 0.08768342
v 0.01198318 0.27403066 0.09468321
v 0.01418250 0.27332941 0.09587962
v 0.00988334 0.27423346 0.08758992
v 0.00898336 0.27443364 0.08819034
v 0.00828487 0.27823135 0.08768354
v 0.00998400 0.28193250 0.08848237
v 0.00387955 0.27023008 0.10127877
v 0.00437825 0.27183050 0.10407794
v 0.00807958 0.27312964 0.10297709
v 0.00678030 0.27162930 0.10097789
v 0.00658361 0.28083372 0.08918373
v 0.00578416 0.27863285 0.09008440
v 0.00668274 0.27663082 0.09728148
v 0.00848337 0.28033268 0.09318269
v 0.00878343 0.28223348 0.09038272
v 0.00848273 0.27723107 0.09648282
v 0.00788218 0.27123055 0.09378250
v 0.01018312 0.27733257 0.09488776
v -0.07887106 0.30140361 -0.02214068
v -0.07907415 0.29640257 -0.02254239
v -0.07737523 0.29640353 -0.02114652
v -0.07213719 0.26663202 -0.01253076
v -0.07303713 0.26773185 -0.01433008
v -0.07413945 0.26472387 -0.01603501
v -0.07324109 0.26292354 -0.01443356
v 0.07788893 0.26881066 -0.01569669
v 0.05266462 0.22337157 0.00421947
v 0.05801947 0.23764372 -0.00289905
v 0.05760399 0.23691162 -0.00780897
v -0.07475790 0.25422528 -0.01690509
v -0.07226113 0.25402281 -0.01750217
v -0.06976768 0.25232115 -0.01449636
v -0.07236130 0.25212499 -0.01420162
v -0.06623127 0.26654655 -0.00672041
v -0.06625080 0.26743436 -0.00498831
v -0.07764857 0.28891411 -0.03141827
v -0.07656194 0.29500306 -0.02952553
v 0.05411200 0.22170307 -0.00394506
v 0.07969091 0.29482660 -0.02042083
v 0.06768490 0.34542555 0.02676793
v 0.06938835 0.35681933 0.01606847
v 0.07488339 0.34482235 0.00546160
v -0.08077195 0.29430324 -0.02684591
v -0.08124597 0.29181400 -0.02812657
v 0.07318334 0.33412352 0.01186464
v 0.06938967 0.36591622 0.00736613
v 0.07517694 0.35502374 -0.00256098
v 0.07857930 0.34262252 -0.01114590
v 0.07998391 0.32162365 -0.02333215
v 0.04358529 0.30693594 0.06459624
v 0.04388640 0.30673540 0.06479242
v 0.04238449 0.30643672 0.06599502
v -0.06986833 0.28221422 -0.01131209
v -0.06746870 0.28271425 -0.01251122
v -0.06736876 0.28181452 -0.01241208
v -0.07036784 0.28051463 -0.01111341
v 0.04238518 0.30663595 0.06589518
v 0.04308504 0.30703562 0.06409610
v 0.04178630 0.30653539 0.06509545
v -0.07016950 0.28221366 -0.00991144
v -0.07056863 0.28061447 -0.00971247
v -0.07016907 0.28041419 -0.00851171
v -0.06987000 0.28131369 -0.00841131
v 0.04398538 0.30743560 0.06309605
v 0.04448571 0.30723596 0.06359698
v 0.04478574 0.30703622 0.06369767
v 0.02637662 0.30753717 0.06768793
v 0.02698382 0.30793640 0.06708831
v 0.02968599 0.30713764 0.06740063
v 0.02898600 0.30703813 0.06850187
v 0.02607530 0.30723915 0.06808738
v 0.02888640 0.30673853 0.06880284
v -0.06666958 0.28301454 -0.01291113
v -0.06696910 0.28271449 -0.01261161
v -0.06726907 0.28321430 -0.01301073
v -0.07148072 0.28560430 -0.02475723
v -0.07275538 0.27771261 -0.02583210
v -0.07115749 0.27751297 -0.02473221
v -0.06986417 0.28441459 -0.02322424
v 0.03008604 0.30953628 0.06149719
v 0.02968823 0.30973461 0.06140199
v -0.08294537 0.27811018 -0.03083096
v 0.03097920 0.30913407 0.06168741
v 0.02458932 0.30943194 0.06549884
v 0.02468865 0.31053162 0.06569696
v -0.07751848 0.30492517 -0.01363398
v -0.07591771 0.30702609 -0.01363223
v -0.07871329 0.31032678 -0.01812975
v 0.02938916 0.31053105 0.06159768
v 0.02938995 0.31003127 0.06139962
v 0.02488752 0.30903536 0.06560148
v -0.06773882 0.26883233 -0.01662773
v -0.07023899 0.26983204 -0.01393128
v -0.06874918 0.26962247 -0.01252937
v -0.06723946 0.26853248 -0.01502890
v -0.06675602 0.27371773 -0.01063498
v -0.06475477 0.27051783 -0.00973256
v -0.06885424 0.27211905 -0.00923531
v -0.07007246 0.28820935 -0.01000378
v -0.06877286 0.28430998 -0.01240375
v -0.06956931 0.28321350 -0.01101109
v -0.06986989 0.28361285 -0.00970988
v -0.08375534 0.26920617 -0.02942377
v -0.08535592 0.27420425 -0.03202601
v -0.08355363 0.27390549 -0.03342722
v -0.08195464 0.26870644 -0.03072479
v 0.02328786 0.30873570 0.06570333
v 0.02248979 0.30903220 0.06530058
v -0.06327499 0.25795650 -0.00274642
v -0.05998657 0.25545201 -0.00552775
v -0.06285760 0.26073375 -0.00237880
v -0.08683956 0.30551735 -0.02955486
v -0.08354187 0.30771738 -0.03005859
v -0.08394259 0.30561668 -0.03235725
v -0.08734036 0.30351773 -0.03165898
v -0.06766716 0.28921267 -0.01830640
v -0.06787353 0.28710845 -0.01780704
v -0.06807244 0.28860807 -0.01650839
v -0.06766678 0.29051203 -0.01680656
v 0.02248908 0.31043193 0.06569842
v 0.03408098 0.30563548 0.06889489
v 0.03428122 0.30483556 0.06899521
v 0.02958540 0.30513743 0.06920009
v 0.02918712 0.30603850 0.06910288
v 0.03388055 0.30613545 0.06879481
v 0.03727930 0.30623657 0.06789429
v 0.03737922 0.30573705 0.06799413
v 0.03747902 0.30493754 0.06799392
v -0.04644767 0.25244960 -0.05410238
v -0.05539507 0.25376460 -0.03658633
v -0.05967947 0.26612133 -0.04596376
v -0.05257569 0.26427272 -0.06150535
v -0.07605804 0.25712508 -0.01630647
v -0.07465888 0.25522625 -0.01390502
v -0.07126314 0.29570824 -0.00911133
v -0.07054719 0.29761437 -0.00808801
v -0.07174754 0.30291337 -0.00969093
v -0.07244574 0.29971373 -0.00959400
v 0.02630126 0.30613884 0.06889584
v 0.02619450 0.30693984 0.06849466
v 0.03747820 0.30413896 0.06798775
v 0.03447958 0.30413741 0.06889373
v -0.08505064 0.28930983 -0.03742783
v -0.08774968 0.28861046 -0.03592821
v 0.02978534 0.30443749 0.06910023
v 0.02629261 0.30553937 0.06899737
v 0.02348693 0.30663818 0.06830192
v 0.02467933 0.30704024 0.06829330
v 0.03447765 0.30323854 0.06868442
v 0.03437697 0.30223951 0.06858405
v 0.02958137 0.30254021 0.06908673
v 0.02978206 0.30353984 0.06909037
v -0.07341495 0.30152991 -0.01622737
v -0.07686532 0.30470702 -0.01954156
v -0.07486912 0.30240604 -0.01834356
v -0.07301327 0.30103061 -0.01652620
v -0.07286006 0.29300547 -0.01412490
v -0.07345894 0.29440570 -0.01382465
v -0.07165985 0.29530540 -0.01392376
v -0.07076080 0.29390532 -0.01402403
v 0.03747926 0.30333760 0.06768566
v 0.03737866 0.30243838 0.06758513
v -0.07004824 0.30231339 -0.00738779
v -0.07193736 0.30681834 -0.01069792
v 0.04578594 0.30703637 0.06199814
v 0.04628577 0.30743635 0.06109801
v 0.04628587 0.30693644 0.06119837
v -0.06319159 0.26103556 -0.01793585
v 0.04598763 0.30653250 0.06170669
v 0.04858284 0.30413187 0.05869541
v 0.04938928 0.30542970 0.05770511
v 0.05089145 0.30462897 0.05650898
v -0.07286090 0.29460922 -0.01151369
v -0.07376017 0.29710498 -0.01122282
v -0.07435840 0.29590577 -0.01352446
v -0.06425656 0.26553342 -0.00178212
v -0.06545255 0.26713425 -0.00358669
v -0.07231332 0.30013099 -0.01632539
v -0.07161380 0.29893118 -0.01622493
v -0.07006213 0.29520458 -0.01532309
v -0.07086366 0.29320458 -0.01652053
v 0.04979196 0.30322936 0.05761045
v -0.07743224 0.28642011 -0.02314772
v -0.07946039 0.27790430 -0.02412421
v 0.05708222 0.29453269 0.05409978
v 0.05188328 0.30043310 0.05710047
v 0.05318222 0.30183285 0.05519833
v 0.04538591 0.30683634 0.06279802
v 0.04478567 0.30653647 0.06369827
v 0.04528573 0.30723605 0.06279729
v 0.04568578 0.30753615 0.06179753
v 0.04558446 0.30613029 0.06250574
v 0.04488556 0.30583680 0.06349851
v 0.04388534 0.30633748 0.06479587
v 0.04398550 0.30553722 0.06469249
v 0.04238356 0.30513865 0.06599502
v 0.04228259 0.30603898 0.06599373
v 0.04027194 0.30583918 0.06708690
v -0.06297218 0.26761892 -0.03288811
v -0.05860268 0.25468248 -0.01806916
v 0.04057314 0.30633825 0.06688754
v 0.04027200 0.30503938 0.06698723
v 0.04248448 0.30453840 0.06579594
v 0.04037271 0.30433896 0.06688816
v 0.04398625 0.30483657 0.06439344
v 0.04488533 0.30523735 0.06319850
v 0.04568515 0.30563068 0.06200703
v 0.04628737 0.30603212 0.06120735
v 0.04668591 0.30663654 0.06069853
v 0.04598543 0.30503073 0.06150796
v 0.04658224 0.30422968 0.06070734
v 0.04538542 0.30373082 0.06200860
v 0.04508588 0.30463696 0.06269958
v 0.04678760 0.30553216 0.06060825
v 0.04748750 0.30493256 0.05960808
v -0.07045982 0.29570547 -0.01402339
v -0.07036018 0.29610536 -0.01432341
v -0.06956183 0.29520470 -0.01472264
v -0.06966142 0.29460490 -0.01432282
v 0.04408502 0.30423802 0.06399851
v 0.04408424 0.30343875 0.06349796
v 0.04238461 0.30293697 0.06509130
v 0.04248498 0.30373687 0.06549164
v -0.07296194 0.25372612 -0.01180215
v -0.07605863 0.29290801 -0.02104096
v -0.07306640 0.29100895 -0.01891164
v -0.07373369 0.29321650 -0.01842903
v 0.04037890 0.30353791 0.06658898
v 0.04047924 0.30263719 0.06628594
v -0.08564625 0.27970976 -0.03093324
v -0.08684716 0.28770986 -0.03213717
v -0.08814471 0.28801101 -0.03373910
v -0.08684491 0.27951041 -0.03223393
v 0.03387998 0.30633509 0.06859384
v 0.03357961 0.30643445 0.06749234
v 0.03707916 0.30623457 0.06689250
v 0.03737938 0.30643541 0.06769370
v 0.04057522 0.30643609 0.06678881
v -0.06088318 0.25385016 -0.00633432
v -0.06807446 0.28640848 -0.01850704
v -0.06927384 0.28480855 -0.01780535
v 0.03997708 0.30623400 0.06608970
v 0.03687863 0.30613390 0.06579083
v 0.03518112 0.30823237 0.06168751
v 0.03648296 0.30823159 0.06128593
v 0.03957760 0.30613312 0.06508887
v -0.06846548 0.29200280 -0.01702005
v -0.06856211 0.29350457 -0.01532226
v 0.03377972 0.30643368 0.06629043
v 0.03368158 0.30843103 0.06188426
v 0.03048774 0.30723560 0.06629548
v -0.06583870 0.27003482 -0.00333226
v 0.03219017 0.30883619 0.06189467
v 0.02778366 0.30803424 0.06638859
v 0.03527926 0.31853947 0.06828747
v 0.03538337 0.31863588 0.06849176
v 0.03968012 0.31813824 0.06778365
v 0.03937882 0.31783932 0.06748214
v 0.05106141 0.28069881 -0.08546690
v 0.05207433 0.29537573 -0.09266236
v 0.03996152 0.29024786 -0.10159226
v 0.04228064 0.31563765 0.06678423
v 0.04217740 0.31653792 0.06628093
v 0.04457404 0.31513670 0.06497770
v 0.04437452 0.31433699 0.06517806
v 0.04228047 0.31463814 0.06728406
v -0.08333475 0.30221662 -0.03122327
v -0.08385149 0.30031025 -0.03252721
v -0.08173612 0.30101800 -0.02983287
v -0.08143603 0.30221805 -0.02823277
v -0.08043721 0.30401844 -0.02523414
v -0.08053461 0.30551717 -0.02482295
v -0.08253568 0.30401626 -0.02932254
v -0.07186819 0.29210886 -0.01770806
v -0.07263305 0.29381704 -0.01732958
v 0.04418331 0.31333578 0.06538652
v 0.03957916 0.31593853 0.06888214
v -0.07133740 0.26553181 -0.01123230
v -0.07185028 0.25983194 -0.01191268
v -0.08045404 0.26990774 -0.02522297
v -0.08003572 0.27072260 -0.02234371
v -0.08074290 0.27971128 -0.03443420
v -0.08074519 0.28891098 -0.03553585
v -0.07914437 0.28881139 -0.03323657
v -0.07954453 0.28001079 -0.03283424
v 0.03947933 0.31693867 0.06838229
v 0.03937872 0.31773958 0.06768221
v 0.04358049 0.31163076 0.06118356
v 0.04278002 0.31263089 0.06178220
v -0.07346676 0.28250122 -0.02942487
v -0.07007241 0.28350747 -0.02896066
v -0.06937127 0.28241262 -0.00800941
v -0.06877750 0.28630766 -0.00619884
v -0.06795965 0.29121044 -0.01701526
v -0.06826403 0.29290384 -0.01542164
v -0.07455136 0.26621217 -0.02482500
v -0.07016699 0.25971928 -0.01729836
v -0.07454778 0.26421422 -0.02302636
v -0.06597695 0.25921589 -0.01529192
v -0.06537803 0.25841689 -0.01309177
v -0.06807061 0.25821924 -0.01469620
v 0.04338551 0.31263068 0.06328011
v 0.04438029 0.31173101 0.06208343
v 0.04428514 0.31093228 0.06058821
v 0.04508045 0.31093088 0.06118385
v 0.03908664 0.31073299 0.05898984
v 0.03868569 0.31113261 0.05928878
v 0.03818053 0.31163076 0.05968360
v -0.07663738 0.26672372 -0.01953522
v -0.07864100 0.26771805 -0.02213193
v 0.03918670 0.31043309 0.05879007
v -0.06626972 0.28271464 -0.01340961
v -0.06477115 0.28121781 -0.01441213
v -0.06527031 0.28251466 -0.01291024
v -0.08053195 0.28571957 -0.02454743
v -0.08155818 0.27760464 -0.02442567
v -0.07315904 0.29660553 -0.01412405
v 0.03928673 0.31013319 0.05869031
v -0.07146809 0.28681099 -0.01420651
v -0.07216754 0.29031050 -0.01250755
v -0.07661524 0.29983005 -0.01382844
v -0.07491592 0.29822999 -0.01442785
v -0.07425752 0.29740599 -0.01422459
v -0.07535751 0.29780585 -0.01342422
v -0.05935662 0.27341616 -0.01283261
v -0.06245539 0.27171698 -0.01123244
v -0.06405709 0.27481669 -0.01123378
v 0.03928684 0.30983329 0.05879061
v 0.03918598 0.30953467 0.05889370
v 0.05948513 0.27832758 0.05470628
v 0.05958630 0.28943008 0.05340645
v -0.07966716 0.30520526 -0.02324246
v -0.08006763 0.30320495 -0.02424296
v -0.07804521 0.29561463 -0.03142552
v 0.06187788 0.28142998 0.05069369
v 0.04498569 0.30753574 0.06259654
v -0.07231319 0.29783142 -0.01832457
v -0.07293339 0.29631680 -0.01912957
v 0.04548562 0.30783582 0.06169666
v -0.07372095 0.30822355 -0.02553461
v -0.07322045 0.30652416 -0.02193362
v -0.07331916 0.30692476 -0.02073240
v -0.07401577 0.31072634 -0.02132884
v 0.04438547 0.30773550 0.06219590
v -0.06407978 0.25604776 -0.01014058
v -0.06706952 0.25612634 -0.01288689
v -0.06707301 0.25721925 -0.01319481
v -0.06477858 0.25734705 -0.01124314
v -0.06814770 0.26932070 -0.01183685
v -0.06693920 0.26843274 -0.01412903
v 0.04488545 0.30813548 0.06149581
v -0.08155688 0.27090526 -0.02791983
v -0.08085471 0.27020660 -0.02692143
v -0.08215869 0.27400240 -0.02922232
v -0.08296066 0.27520105 -0.03002091
v 0.04598551 0.30833560 0.06079604
v 0.04628564 0.30803597 0.06079718
v 0.04248479 0.30703521 0.06329501
v 0.03808490 0.30863529 0.06039505
v 0.03848550 0.30893540 0.05989542
v -0.06866701 0.29001150 -0.02060706
v -0.06816758 0.28881231 -0.02020651
v -0.07345868 0.30090940 -0.02263564
v -0.07576036 0.30320913 -0.02424761
v -0.07485443 0.30611137 -0.02103381
v -0.07312347 0.30402353 -0.02063659
v -0.07964930 0.29631251 -0.03372423
v 0.04318515 0.30763522 0.06239510
v 0.04128601 0.30643475 0.06419398
v 0.03748601 0.30833486 0.06079406
v 0.03878541 0.30913526 0.05959503
v 0.03897985 0.30933344 0.05919005
v -0.07303338 0.29491678 -0.01862944
v -0.07373288 0.29501694 -0.01972982
v 0.04348532 0.30793518 0.06169502
v -0.07253311 0.29531699 -0.01822968
v 0.04388524 0.30833516 0.06099494
v 0.04528541 0.30873543 0.06089572
v -0.07006150 0.29300532 -0.01432452
v -0.07226139 0.29180524 -0.01462540
v -0.07611542 0.30002922 -0.01522979
v -0.07975670 0.30330861 -0.01853485
v -0.07886081 0.30340713 -0.01863388
v -0.07541473 0.30082926 -0.01552926
v 0.04448675 0.30933315 0.06009047
v 0.04458662 0.30983305 0.06009021
v 0.04548685 0.30923346 0.06059116
v -0.07075743 0.29760939 -0.01521691
v 0.04558661 0.30973321 0.06059061
v 0.04428536 0.30883446 0.06039321
v -0.01148387 0.24658991 -0.08063381
v -0.01359643 0.25558171 -0.08977690
v 0.04448660 0.31033289 0.06018985
v 0.04538538 0.31023261 0.06068904
v 0.04658578 0.30753624 0.06069780
v 0.04658524 0.30833632 0.06039634
v 0.04708457 0.30933580 0.05989005
v 0.04698300 0.30753535 0.06019530
v -0.07391641 0.30702695 -0.01362949
v -0.07471658 0.30852658 -0.01763034
v -0.07581752 0.30942622 -0.01803199
v -0.07451680 0.30782649 -0.01453080
v -0.08117054 0.30110294 -0.02764141
v 0.04757997 0.30753440 0.05949260
v 0.04718289 0.30633557 0.05989582
v 0.04808355 0.30993736 0.05949296
v 0.04927780 0.31034243 0.05878702
v -0.08494887 0.29701099 -0.03242857
v -0.07017246 0.28320938 -0.01630537
v -0.06686769 0.28051305 -0.01592818
v 0.04888123 0.30743739 0.05849303
v 0.04817757 0.30603787 0.05888978
v 0.04618550 0.30883569 0.06039610
v -0.05667021 0.27941409 -0.01452754
v -0.05707086 0.28061396 -0.01462770
v -0.05757073 0.28011373 -0.01582788
v -0.05727069 0.27881345 -0.01602717
v 0.04648629 0.30953395 0.06019102
v 0.04748293 0.31103557 0.06079149
v -0.06006679 0.27421048 -0.01612909
v -0.06275841 0.27331743 -0.01483179
v -0.06195522 0.27151650 -0.01343298
v -0.05935758 0.27221501 -0.01543206
v 0.04818668 0.31193548 0.06069617
v 0.04687747 0.31053394 0.06088224
v 0.04627847 0.31133300 0.06208243
v 0.04678174 0.31203595 0.06219070
v -0.05627067 0.27631351 -0.01492537
v -0.05647020 0.27791384 -0.01462668
v -0.05707024 0.27701336 -0.01622656
v -0.05687702 0.27530202 -0.01662126
v 0.04728571 0.31283700 0.06209955
v 0.04577864 0.31303695 0.06368273
v -0.07906763 0.30530536 -0.02104209
v -0.08076561 0.30510566 -0.02284216
v 0.04617551 0.31393653 0.06358106
v 0.04548099 0.31213397 0.06358428
v 0.04627910 0.31033245 0.06078352
v -0.08644582 0.29611251 -0.03132784
v -0.08664677 0.29391220 -0.03202651
v -0.08433314 0.30101755 -0.02982750
v -0.08464900 0.29911116 -0.03122865
v 0.04577971 0.31103164 0.06178345
v 0.04497994 0.31183133 0.06308307
v 0.04388195 0.31253189 0.06488457
v -0.06875579 0.27451876 -0.00663465
v -0.06975550 0.27462316 -0.00832395
v -0.06935330 0.27301973 -0.00823609
v -0.08754609 0.29921228 -0.03143357
v -0.08765895 0.30111092 -0.03314981
v -0.06596828 0.25815836 -0.00405274
v -0.06467048 0.25685829 -0.00324986
v -0.03762091 0.18715648 0.01054024
v -0.04726788 0.19152385 0.00050167
v -0.04736073 0.18089375 -0.00002768
v -0.03843455 0.17653796 0.00977351
v -0.07621797 0.30242565 -0.01233259
v -0.07481664 0.30492648 -0.01213043
v 0.04208406 0.31363443 0.06688746
v 0.04138958 0.31362751 0.06487031
v 0.03937998 0.31503683 0.06858312
v -0.05635851 0.27481508 -0.01383186
v -0.05636052 0.27391374 -0.01533046
v -0.05895661 0.27241582 -0.01413245
v -0.06146836 0.27881530 -0.01240967
v -0.05726937 0.27951586 -0.01300864
v 0.03858172 0.31453592 0.06648519
v 0.03588426 0.31933472 0.06959075
v 0.04070344 0.31903788 0.06889121
v 0.03828728 0.31442392 0.06456370
v 0.03578553 0.31242445 0.06096452
v 0.03428583 0.31253111 0.06148215
v 0.03498721 0.31453303 0.06558584
v -0.06036769 0.27591425 -0.01602795
v 0.02518828 0.31133133 0.06609579
v 0.02598796 0.31213099 0.06649525
v -0.06117125 0.28101334 -0.01522815
v -0.06157227 0.28211486 -0.01390758
v -0.06373072 0.26804483 -0.01081732
v -0.06533123 0.26754424 -0.01291638
v -0.06683087 0.26764596 -0.00971736
v -0.05687292 0.27340373 -0.01642315
v -0.06846806 0.29121029 -0.01860562
v 0.02998867 0.31133080 0.06189634
v 0.02958891 0.31083092 0.06179691
v 0.02378815 0.31123143 0.06679608
v 0.02508767 0.31213099 0.06739479
v -0.06346703 0.27671459 -0.01542891
v -0.06636044 0.27410930 -0.01723523
v -0.06575978 0.27211300 -0.01633300
v -0.06316569 0.27491528 -0.01522871
v -0.07483839 0.26412359 -0.01753385
v -0.07513756 0.26592422 -0.01753550
v -0.06854810 0.26941434 -0.01864004
v -0.07174799 0.26971933 -0.01662577
v -0.06987175 0.28620920 -0.01700634
v -0.07116605 0.28931087 -0.01550939
v -0.06676885 0.28281465 -0.01360998
v -0.06406903 0.27891344 -0.01512832
v -0.06656481 0.27661505 -0.01702969
v -0.06176935 0.28011498 -0.01270935
v -0.06546795 0.28001523 -0.01201150
v -0.06526935 0.28121480 -0.01231080
v -0.06177005 0.28111482 -0.01300933
v -0.07553199 0.29631743 -0.02043056
v -0.07354627 0.30281276 -0.01069556
v -0.07494222 0.29981449 -0.01149933
v -0.07471934 0.31162450 -0.03803274
v -0.07275331 0.30361772 -0.04216497
v -0.07312097 0.30502519 -0.02913119
v -0.06056899 0.27771401 -0.01582834
v -0.05767122 0.28161395 -0.01442808
v -0.05817115 0.28111491 -0.01340816
v -0.08085448 0.26710731 -0.02512275
v -0.06743070 0.26724571 -0.00941863
v -0.06886248 0.29110909 -0.01491407
v -0.08025221 0.27450669 -0.03253007
v -0.07895668 0.26970550 -0.03012555
v -0.06816302 0.29240471 -0.01532364
v -0.06886303 0.29350474 -0.01472373
v -0.06623108 0.26784405 -0.01361626
v -0.06764966 0.26842430 -0.01092444
v -0.06916247 0.29390472 -0.01452312
v -0.06945448 0.27412358 -0.00972504
v -0.08077478 0.29590213 -0.02564470
v 0.02928426 0.31393382 0.06669130
v 0.03138472 0.31223410 0.06209197
v -0.07106046 0.25652269 -0.01770331
v -0.06896462 0.25522730 -0.01498965
v 0.03058867 0.31183061 0.06199620
v -0.05777082 0.28051537 -0.01310822
v 0.02758781 0.31303108 0.06649555
v -0.06135572 0.27171648 -0.01273248
v -0.06097042 0.27951336 -0.01572766
v 0.02868429 0.31443381 0.06849118
v 0.02648529 0.31313384 0.06779753
v 0.03518394 0.31503513 0.06759354
v -0.06786491 0.27781647 -0.01141417
v -0.06745663 0.27572224 -0.01092431
v -0.06986268 0.27631751 -0.00991573
v 0.02326844 0.35131875 -0.12257799
v 0.02287427 0.33450028 -0.12417009
v -0.07334458 0.27011561 -0.01834092
v -0.06944928 0.27101332 -0.02094003
v -0.07074736 0.27181363 -0.02304053
v -0.07524483 0.27081513 -0.02004098
v -0.07735407 0.26520750 -0.02742495
v -0.07534296 0.26121682 -0.02393003
v -0.07745665 0.25951794 -0.02400953
v -0.07995293 0.26360822 -0.02772565
v 0.03927766 0.33720779 -0.11216500
v 0.03866918 0.35082063 -0.11017626
v -0.07491699 0.32632807 -0.04752515
v -0.07592025 0.31752506 -0.03173142
v -0.07631929 0.33332536 -0.03663095
v -0.07873347 0.30451936 -0.02952631
v -0.07893342 0.30211839 -0.03102264
v -0.08407601 0.30310169 -0.03415355
v -0.07321416 0.30932781 -0.01582600
v -0.07341428 0.30692703 -0.01912730
v -0.07391518 0.30792728 -0.01732785
v -0.08424045 0.27941266 -0.03563559
v 0.04078572 0.31373113 0.06327931
v 0.03718051 0.31203043 0.06028270
v 0.04836807 0.35232103 -0.10157827
v 0.04757082 0.36112419 -0.09915890
v 0.03936618 0.36252046 -0.10578526
v 0.03415213 0.22342581 -0.05571418
v 0.02526130 0.21197373 -0.06290639
v -0.07056847 0.29210973 -0.00930634
v -0.07246142 0.29240513 -0.01182423
v 0.02168829 0.31103176 0.06779655
v -0.07365572 0.26720971 -0.02582285
v 0.02338793 0.31243122 0.06819574
v -0.07543916 0.26912332 -0.01793572
v -0.07784327 0.26951522 -0.01984043
v -0.08442780 0.30562019 -0.02282885
v -0.08135697 0.30400899 -0.02034189
v 0.02058909 0.30973238 0.06749830
v 0.01998926 0.30953264 0.06769894
v 0.02108889 0.31103227 0.06789795
v 0.02248820 0.31253204 0.06819739
v 0.02548632 0.31373224 0.06869577
v 0.02478630 0.31403288 0.06909662
v 0.02808422 0.31563395 0.07009157
v 0.02818422 0.31493378 0.06969115
v 0.03538300 0.31573519 0.06959251
v 0.03548333 0.31663528 0.06989460
v 0.02768449 0.31623405 0.06949174
v 0.02428636 0.31433329 0.06849694
v 0.02728479 0.31693411 0.06869193
v 0.02418694 0.31523240 0.06809653
v 0.03527857 0.31824002 0.06868578
v 0.03548224 0.31763670 0.06939176
v 0.02338362 0.30763942 0.06779920
v 0.02118883 0.30783597 0.06760505
v 0.02378569 0.30803823 0.06760161
v 0.02148820 0.30813584 0.06730380
v 0.02498572 0.30833733 0.06659950
v 0.02078944 0.30863318 0.06730171
v 0.02008860 0.30833551 0.06750355
v -0.00712191 0.17903982 0.03568594
v -0.00749237 0.17035262 0.03216814
v 0.02578611 0.30853641 0.06609762
v 0.02038923 0.31103265 0.06759887
v 0.01908930 0.30933288 0.06779911
v 0.01928952 0.31133294 0.06699920
v 0.01848963 0.30943298 0.06749961
v 0.02148900 0.31373188 0.06719764
v 0.02188870 0.31263268 0.06759900
v 0.01908854 0.30803594 0.06760409
v 0.01968731 0.30753788 0.06750106
v 0.01848914 0.30793554 0.06760401
v 0.01898749 0.30723777 0.06760072
v 0.02609374 0.30483967 0.06909779
v 0.02577282 0.30394000 0.06909039
v 0.02280010 0.30604142 0.06840164
v 0.02218300 0.30544090 0.06829598
v 0.03407660 0.30113998 0.06848380
v 0.03717729 0.30123988 0.06738417
v 0.03367866 0.29994100 0.06848621
v -0.00571656 0.28023148 0.09228450
v -0.00711720 0.28012997 0.09078079
v -0.00591946 0.28193209 0.08977970
v -0.00531779 0.28193307 0.09048360
v 0.03698317 0.29994160 0.06738965
v 0.02879270 0.30033368 0.06930732
v 0.02928205 0.30144015 0.06918730
v 0.02861042 0.17091589 0.01727535
v 0.04727738 0.30323777 0.05998481
v 0.04829246 0.30212972 0.05941075
v 0.04658801 0.30133611 0.06109487
v 0.04587781 0.30273807 0.06138545
v 0.04428254 0.30224025 0.06299401
v -0.00621833 0.27113092 0.09098331
v -0.00551797 0.27272993 0.08988071
v -0.00641769 0.27242991 0.08888072
v -0.00731773 0.27113029 0.09008151
v 0.04458815 0.30073586 0.06289629
v 0.04228555 0.30033851 0.06459455
v 0.04228320 0.30183822 0.06468986
v 0.04027769 0.30153900 0.06598466
v 0.04008365 0.29994142 0.06599308
v 0.05039043 0.30693012 0.05710488
v 0.05168705 0.31022814 0.05690101
v 0.05218909 0.30643144 0.05569946
v 0.05388557 0.30992737 0.05489865
v 0.01779022 0.31213301 0.06730086
v -0.00291781 0.28163353 0.08958431
v -0.00141628 0.27903211 0.09238610
v -0.00301667 0.28003159 0.09368490
v -0.00401617 0.28213188 0.09038549
v 0.01738946 0.30973381 0.06730096
v 0.01609026 0.31283310 0.06870022
v 0.01588799 0.31003633 0.06830276
v 0.01748948 0.31583330 0.06979634
v 0.01928976 0.31503239 0.06789961
v 0.01768866 0.30773616 0.06770404
v 0.01828754 0.30683777 0.06770065
v 0.01648665 0.30773756 0.06809952
v 0.01738724 0.30623779 0.06810074
v 0.02528122 0.30294079 0.06909385
v 0.02468662 0.30194151 0.06919613
v 0.02158442 0.30474076 0.06849626
v 0.02068736 0.30383906 0.06869897
v 0.04943924 0.26989454 -0.07935267
v 0.05257591 0.31088406 -0.09757212
v 0.04809283 0.32312739 0.06679159
v 0.04590080 0.32033402 0.06739443
v 0.04240212 0.32153434 0.06949487
v 0.04439087 0.32502687 0.06989271
v 0.05069376 0.32712722 0.06459247
v 0.05310183 0.32343012 0.06207198
v 0.05059842 0.32082686 0.06396449
v 0.04839829 0.31862798 0.06517805
v 0.05228870 0.31302905 0.05779745
v 0.05048679 0.31303504 0.05939528
v 0.05039386 0.31493622 0.06079438
v 0.05229483 0.31543100 0.05947808
v 0.05458835 0.31302819 0.05589758
v 0.05479459 0.31623071 0.05757581
v 0.05169879 0.31792682 0.06176481
v 0.04959873 0.31662691 0.06286480
v 0.05430093 0.31952754 0.05996458
v 0.02528513 0.32063490 0.07149390
v 0.02608528 0.31893462 0.06979321
v 0.02288795 0.31713307 0.06869867
v 0.02148922 0.31783223 0.06939812
v 0.02409977 0.32223895 0.07319409
v 0.01948925 0.31883338 0.07109704
v 0.03798815 0.32552981 0.07259375
v 0.03700535 0.32233831 0.07109133
v 0.02698485 0.31733403 0.06829175
v 0.02488478 0.31623408 0.06809181
v 0.02688490 0.31753406 0.06829190
v 0.02428701 0.31603277 0.06789732
v 0.05668036 0.37381926 -0.08193645
v 0.05948083 0.38072306 -0.06983279
v 0.04428202 0.39252374 -0.07803168
v 0.04278121 0.38341799 -0.08983862
v 0.04217911 0.31683710 0.06618284
v 0.04278158 0.31723657 0.06648578
v 0.04517570 0.31603542 0.06517973
v 0.04467470 0.31553593 0.06497844
v 0.04647787 0.31443509 0.06358410
v 0.04707664 0.31493515 0.06368130
v 0.04828582 0.31383452 0.06199358
v 0.04768614 0.31353626 0.06219785
v 0.04838688 0.31273508 0.06099527
v 0.04898684 0.31263518 0.06059551
v 0.02458504 0.31693423 0.06839219
v 0.02678493 0.31783396 0.06879152
v 0.05037211 0.34042120 -0.10226358
v 0.04668619 0.36352912 0.05345017
v 0.05348448 0.35953152 0.04703957
v 0.05138244 0.35333440 0.05323373
v 0.04388469 0.31813452 0.06728931
v 0.04637776 0.31693432 0.06548250
v 0.04807789 0.31573418 0.06348305
v 0.04908611 0.31443462 0.06169414
v 0.04948666 0.31343496 0.06049499
v 0.07048772 0.27371767 -0.00259511
v 0.07118717 0.27361816 -0.00429648
v 0.07960229 0.28201923 -0.02908954
v 0.07760525 0.28892577 -0.02858559
v 0.07640114 0.29242873 -0.02749280
v 0.07778814 0.30172625 -0.01532425
v 0.08118677 0.30473068 -0.01841561
v 0.08298827 0.26441169 -0.02169817
v 0.07948747 0.26281047 -0.01789765
v -0.08443090 0.30881867 -0.02372643
v 0.08288833 0.26521191 -0.02229791
v 0.08848833 0.30033103 -0.02861411
v 0.08888949 0.29863119 -0.02981406
v 0.08978926 0.29833099 -0.02951446
v 0.04215935 0.24994265 -0.06566231
v 0.04722584 0.26148969 -0.07372863
v 0.08928948 0.29653147 -0.03101334
v 0.07358756 0.27801982 -0.00689545
v 0.08090192 0.28141814 -0.02939061
v 0.08260278 0.28061625 -0.03128822
v 0.08340209 0.27541658 -0.03118785
v 0.08260144 0.27601746 -0.03028845
v 0.08249547 0.27070579 -0.02888726
v 0.08189639 0.27170667 -0.02828741
v 0.08448925 0.26771206 -0.02489777
v 0.08589161 0.27120987 -0.02739506
v 0.08248684 0.30503041 -0.01971610
v 0.08189745 0.30422154 -0.01820223
v 0.08318690 0.30483019 -0.01991646
v 0.07438733 0.27671987 -0.00809550
v 0.07588800 0.29992640 -0.01512397
v 0.07539511 0.29772460 -0.01380216
v 0.07509490 0.29802448 -0.01430317
v 0.07078796 0.28161967 -0.01179785
v 0.07078831 0.28251943 -0.01209729
v 0.07208772 0.28001985 -0.01169692
v 0.07458752 0.27851996 -0.01029567
v 0.06798272 0.27111229 -0.00993358
v 0.06738178 0.26991296 -0.01183511
v 0.06778201 0.26891261 -0.01123417
v 0.08538855 0.31073141 -0.02371296
v 0.07559514 0.29672480 -0.01350125
v 0.07689539 0.29772457 -0.01370123
v 0.07738819 0.29902670 -0.01392306
v 0.08408684 0.30432999 -0.02011690
v 0.07768818 0.29992649 -0.01422372
v 0.07688822 0.29992652 -0.01432359
v 0.07848821 0.30152634 -0.01522398
v 0.07628804 0.29992646 -0.01452383
v 0.07489365 0.27452412 -0.02368786
v 0.07329907 0.27442437 -0.02158572
v 0.07228607 0.29432800 -0.00442067
v 0.07319666 0.29212588 -0.00628967
v 0.07838715 0.26241103 -0.01579843
v 0.07569640 0.29912752 -0.02420010
v 0.07598503 0.30183452 -0.02600647
v 0.08749542 0.27551964 -0.02949747
v 0.08059418 0.27082053 -0.01929330
v 0.07829411 0.27022156 -0.01749412
v 0.08269621 0.27181834 -0.02109216
v 0.08439244 0.27422297 -0.02279399
v 0.07199746 0.29032588 -0.01809605
v 0.08309533 0.29432446 -0.02290138
v 0.08378998 0.29192427 -0.02411098
v 0.08149544 0.29452467 -0.02150147
v 0.07688609 0.30542502 -0.02452811
v 0.07658598 0.30562565 -0.02212712
v 0.07659676 0.30042592 -0.02240078
v 0.07628659 0.30382589 -0.02132658
v 0.06998403 0.27451089 -0.01043217
v 0.06928885 0.26850441 -0.01349583
v 0.06918196 0.27041590 -0.01433359
v 0.07038857 0.26851431 -0.01429485
v 0.07058203 0.26941571 -0.01563322
v 0.07108287 0.27081475 -0.01733169
v 0.07178498 0.27261814 -0.01851958
v 0.07209339 0.27502546 -0.01900089
v 0.06948691 0.27862045 -0.01129959
v 0.07678574 0.30592519 -0.01212844
v 0.06898613 0.27682135 -0.01100020
v 0.07108763 0.28021982 -0.01159809
v 0.07108707 0.27842030 -0.01109831
v 0.07078624 0.27652124 -0.01059909
v 0.07488889 0.26791278 -0.01139494
v 0.07578910 0.26941359 -0.01369648
v 0.07348194 0.26851425 -0.01082854
v 0.07679375 0.26972234 -0.01579546
v 0.07238217 0.26871413 -0.01052784
v 0.07629629 0.30022642 -0.02320102
v 0.07628634 0.30352575 -0.02332669
v 0.07048849 0.27721816 -0.00089344
v 0.06378211 0.28652781 0.04580343
v 0.06519197 0.29582399 0.04010452
v 0.02697717 0.23623386 0.06599040
v 0.02607730 0.23323733 0.06649011
v 0.05638461 0.27563053 0.05900513
v 0.05178376 0.27302983 0.06399828
v 0.02597554 0.24222963 0.07769426
v 0.02527747 0.24143004 0.07779224
v 0.02447745 0.24193002 0.07799187
v 0.02517444 0.24232955 0.07769486
v 0.02307806 0.24233080 0.07629125
v 0.02387805 0.24233092 0.07559066
v 0.02407734 0.24233036 0.07649112
v 0.02337803 0.24243045 0.07719138
v 0.02898440 0.25822955 0.07909207
v 0.03218340 0.26232854 0.07718893
v 0.03498186 0.25792906 0.07599092
v 0.03188358 0.25442982 0.07809307
v 0.02557710 0.24093361 0.06829011
v 0.02527728 0.24253441 0.06879172
v 0.02419022 0.24253638 0.07269856
v 0.02458823 0.24193564 0.07229737
v 0.02537805 0.23833139 0.06849203
v 0.02438428 0.24063393 0.07179400
v 0.02707718 0.24023351 0.06588954
v 0.02647665 0.24273434 0.06619143
v 0.03407701 0.23643309 0.07359453
v 0.03097947 0.23843294 0.07539970
v 0.03197661 0.24153209 0.07589543
v 0.03518343 0.24103154 0.07419238
v 0.02578538 0.26953012 0.07829148
v 0.02918440 0.26592928 0.07778933
v 0.02628545 0.26183027 0.07939129
v 0.02278819 0.26593411 0.07969797
v 0.01928937 0.27053732 0.08059993
v 0.02208511 0.27333394 0.07879607
v 0.01778731 0.27813610 0.08429680
v 0.01828614 0.27453566 0.08559559
v 0.01788410 0.27363113 0.08908457
v 0.01808541 0.27573496 0.08779398
v 0.01638498 0.26973146 0.08748542
v 0.01838677 0.27233598 0.08419649
v 0.01268551 0.26863420 0.08798693
v -0.00931881 0.27082983 0.09068026
v -0.00841753 0.27263007 0.08948101
v -0.00901780 0.27312973 0.09138019
v -0.01061975 0.27172872 0.09227770
v 0.01248435 0.26933190 0.08898606
v 0.01638619 0.26913267 0.08598837
v -0.00261883 0.27202627 0.09897216
v -0.00361730 0.27412716 0.09917443
v -0.00261661 0.27322745 0.09687525
v -0.00261820 0.27122700 0.09647425
v 0.01648895 0.26833770 0.08400072
v 0.01288560 0.26793617 0.08668839
v 0.01198281 0.27023122 0.09008449
v 0.01458314 0.27013081 0.09018370
v -0.00521787 0.27452683 0.09847363
v -0.00701981 0.27412635 0.10017222
v -0.00862037 0.27402863 0.09847731
v -0.00651984 0.27432817 0.09697644
v -0.00201763 0.27543005 0.09188115
v -0.00351756 0.27353045 0.09328204
v -0.00141622 0.27562734 0.09547502
v -0.00931742 0.27553007 0.08948099
v -0.00801740 0.27443007 0.08808106
v -0.00691928 0.27823138 0.08748005
v -0.00811968 0.27903190 0.08837961
v 0.01598275 0.27213100 0.09158289
v 0.00618104 0.27082926 0.09867890
v 0.00728085 0.27222875 0.10067773
v 0.01098295 0.30193806 0.08288556
v 0.01368369 0.29843882 0.07978757
v 0.01098258 0.29933953 0.08518606
v 0.01358332 0.29613847 0.08208565
v 0.01518189 0.27423069 0.09527954
v 0.01638318 0.27613285 0.09348858
v 0.01298128 0.27543032 0.09917907
v 0.01388026 0.27813292 0.09848099
v 0.00578908 0.31693661 0.08248359
v 0.00408196 0.26743019 0.09438033
v 0.00438256 0.26673126 0.09378092
v 0.00388240 0.26843041 0.09638158
v 0.02277496 0.37462336 -0.10924907
v 0.02358158 0.38841972 -0.09833784
v 0.02338732 0.40532383 -0.07563184
v 0.02127906 0.41052112 -0.06314893
v 0.00756455 0.25062525 0.09310696
v 0.00718934 0.25323543 0.09309512
v 0.01448893 0.24613670 0.07629561
v 0.00918639 0.24652976 0.07768597
v 0.00888038 0.24473280 0.08230340
v 0.01388199 0.24463409 0.08110379
v 0.01778829 0.24443789 0.07919507
v 0.01859135 0.24583231 0.07438719
v 0.01479151 0.24733096 0.07378440
v 0.00928895 0.24772958 0.07498182
v 0.01347241 0.24373066 0.08550365
v 0.00847210 0.24402943 0.08750559
v 0.00837172 0.24572870 0.09030511
v 0.01346957 0.24523021 0.08770765
v 0.01908969 0.26383874 0.08250336
v 0.01518908 0.26453766 0.08500060
v 0.01138801 0.26473507 0.08849435
v 0.00838370 0.26453438 0.09118231
v 0.00778300 0.26663366 0.09178164
v 0.01018484 0.26723492 0.08948483
v 0.00758244 0.26743287 0.09228130
v 0.00988393 0.26803377 0.09018353
v 0.00988405 0.26883146 0.09088337
v 0.01028395 0.27023065 0.09128308
v 0.00858288 0.27003020 0.09258179
v 0.00898290 0.27123001 0.09218143
v 0.00758226 0.26833171 0.09268127
v 0.00558055 0.29363674 0.09768049
v 0.00548438 0.29733261 0.09488808
v 0.01158130 0.25471985 0.09113612
v 0.00698858 0.25533375 0.09249096
v 0.00628780 0.25913393 0.09209137
v 0.01038532 0.25913906 0.09059212
v 0.01458952 0.25843701 0.08819913
v 0.01628225 0.25301754 0.08863195
v 0.00468245 0.26593262 0.09328084
v 0.01186953 0.25262621 0.09133172
v 0.01226568 0.25012717 0.09110882
v 0.01686741 0.25072527 0.08862858
v 0.01716914 0.24853113 0.08821459
v 0.02089091 0.25053144 0.08548596
v 0.01968981 0.25653711 0.08539944
v 0.02509088 0.25453117 0.08198548
v 0.02457872 0.24783298 0.08220915
v 0.03197994 0.24473226 0.07689738
v 0.02727630 0.24213296 0.07749777
v 0.02749025 0.24343483 0.07800379
v 0.02718942 0.24463466 0.07900541
v 0.03108697 0.24783194 0.07819881
v 0.03508366 0.24552941 0.07529515
v 0.03398359 0.25012949 0.07669428
v 0.02898390 0.25103065 0.07979534
v 0.02638951 0.24603441 0.08020414
v 0.02617289 0.24302934 0.07829622
v 0.02527337 0.24272946 0.07799558
v 0.02597029 0.24372910 0.07909846
v 0.02507126 0.24312924 0.07879730
v 0.02536866 0.24452896 0.08020011
v 0.02456966 0.24352911 0.07969852
v 0.02366794 0.24422896 0.08110006
v 0.02426613 0.24572849 0.08180162
v 0.02327327 0.24262989 0.07659275
v 0.02237146 0.24272946 0.07769343
v 0.02246992 0.24272905 0.07899601
v 0.02327163 0.24262936 0.07779522
v 0.02377733 0.24253063 0.07588966
v 0.02377353 0.24252975 0.07709371
v 0.02379015 0.24313621 0.07349769
v 0.02288768 0.24343513 0.07439474
v -0.03957433 0.20412877 0.01190938
v -0.04786715 0.20560059 -0.00035487
v 0.02428195 0.24233250 0.07519273
v 0.02437740 0.24243046 0.07619048
v 0.02437376 0.24242957 0.07749459
v 0.02427269 0.24272949 0.07809532
v 0.02387069 0.24292918 0.07889687
v 0.02306895 0.24322894 0.07999779
v 0.01717142 0.24643160 0.08701244
v 0.02068439 0.24644269 0.08489362
v 0.02038504 0.24474142 0.08349409
v 0.01707710 0.24433631 0.08500333
v 0.02008632 0.24344026 0.08199465
v 0.01909210 0.24693078 0.07198428
v 0.01688176 0.24333709 0.08319990
v 0.02208984 0.24493597 0.07189658
v 0.02298985 0.24593596 0.06939658
v 0.02107311 0.24383114 0.07618862
v 0.02477874 0.24373467 0.06969245
v 0.02388994 0.24393606 0.07029688
v 0.02567668 0.24453413 0.06729091
v 0.02448007 0.24513371 0.06819030
v 0.01987874 0.24283591 0.08019405
v 0.02088358 0.24834326 0.08539300
v 0.01277169 0.24773102 0.08971214
v 0.00786794 0.24822693 0.09200643
v -0.03121263 0.29333565 0.06949113
v -0.03042480 0.29052940 0.07069714
v -0.02643104 0.29162738 0.07150506
v -0.02733174 0.29412794 0.07041009
v 0.00637817 0.28603312 0.10417640
v 0.00597899 0.29003730 0.10077917
v 0.02377803 0.24233031 0.07789063
v 0.00995895 0.16312042 0.02928417
v -0.07056562 0.27861580 -0.00911369
v -0.07006741 0.27941477 -0.00811194
v -0.07896575 0.29930422 -0.03242104
v 0.02647791 0.24082936 0.07749241
v 0.02477789 0.23603174 0.06859444
v 0.02367801 0.23953223 0.07219114
v 0.03127770 0.23193313 0.07409324
v 0.02707674 0.22763489 0.07640102
v 0.02517728 0.23163345 0.07839718
v 0.02867777 0.23503162 0.07619337
v 0.02277731 0.23752952 0.08079808
v 0.02517777 0.23933025 0.07869359
v -0.08343312 0.30261728 -0.02782488
v 0.02407783 0.24063006 0.07919314
v 0.02177749 0.23952970 0.08129660
v 0.02097765 0.24103005 0.08159523
v 0.02317788 0.24153011 0.07929257
v 0.01908776 0.24264133 0.08009864
v 0.01489049 0.24313699 0.08270513
v 0.01437742 0.23933162 0.07809550
v 0.01887787 0.23903155 0.07589258
v 0.02257790 0.23913296 0.07339310
v 0.02217799 0.24243070 0.07719225
v -0.07863180 0.30642101 -0.02752952
v -0.07741508 0.30872566 -0.02292974
v -0.07585654 0.30741030 -0.02193384
v -0.07685556 0.30471009 -0.02573532
v 0.01968735 0.24274032 0.08089881
v 0.02247793 0.24243033 0.07809257
v 0.01538421 0.24313402 0.08390215
v 0.01892563 0.16603108 0.02438928
v 0.02267796 0.24223012 0.07889185
v 0.02018628 0.24233854 0.08129759
v 0.01607729 0.24243115 0.08459733
v 0.01707726 0.24053052 0.08509780
v 0.01787192 0.23833783 0.08528964
v 0.01857169 0.23553775 0.08449244
v 0.02007740 0.22852571 0.08138076
v 0.02107588 0.22363719 0.07989991
v 0.01437679 0.22662635 0.08388270
v 0.01507546 0.22173215 0.08299042
v 0.01367138 0.23413463 0.08780406
v 0.01328197 0.23763572 0.08920650
v 0.01258155 0.24033128 0.08859984
v 0.01197996 0.24243160 0.08759797
v 0.00518341 0.26423281 0.09268120
v 0.00748223 0.26993033 0.09388162
v 0.00638157 0.27012983 0.09618054
v 0.00928086 0.27362835 0.10147706
v 0.00378092 0.26933014 0.09858041
v 0.01158048 0.27532932 0.10087673
v 0.01008021 0.27472904 0.10237680
v 0.01067964 0.27642980 0.10317653
v 0.01178051 0.27713129 0.10187944
v 0.00867932 0.27412933 0.10357666
v 0.00987909 0.27622926 0.10417586
v 0.00477749 0.27313054 0.10537715
v 0.00547677 0.27673128 0.10717622
v 0.00637727 0.28233266 0.10647671
v 0.00587708 0.27893183 0.10747768
v 0.01108042 0.27813032 0.10357898
v 0.01228018 0.28003132 0.10177821
v -0.08652885 0.30271918 -0.02822873
v 0.01238009 0.28303319 0.09927803
v 0.01428102 0.28073379 0.09578215
v 0.01207957 0.41702738 -0.01815326
v 0.01118243 0.24343300 0.08660010
v 0.01038354 0.24343374 0.08470085
v -0.06843069 0.26604536 -0.00922006
v -0.07835540 0.29210910 -0.02274184
v 0.01407840 0.22933294 0.07147743
v 0.01417804 0.23353454 0.07398785
v 0.00967795 0.23333608 0.07529017
v -0.07661323 0.30932638 -0.02042932
v -0.08011303 0.31082642 -0.02123029
v 0.00957821 0.22933860 0.07298215
v 0.00658125 0.24343440 0.08550525
v -0.08444570 0.27990979 -0.03093232
v -0.08704596 0.30121258 -0.03003248
v -0.08532855 0.29981911 -0.02883013
v -0.07801919 0.30192444 -0.01453523
v -0.07245213 0.27431476 -0.02523336
v -0.07875128 0.27451423 -0.02303307
v -0.07724773 0.27191463 -0.02153881
v -0.07174967 0.27261677 -0.02423485
v -0.06806623 0.28781417 -0.01960585
v 0.00638027 0.23953910 0.08039305
v 0.00988023 0.23953721 0.07969221
v 0.00678021 0.24363394 0.08770498
v 0.00728012 0.24243307 0.08910219
v 0.00788471 0.24023305 0.09050442
v 0.00608217 0.23313856 0.07589455
v 0.00617754 0.22893819 0.07358344
v -0.06524011 0.27083462 -0.00123529
v 0.02317789 0.23453529 0.06969199
v -0.07395662 0.25992611 -0.01490911
v -0.07535704 0.26072440 -0.01710857
v -0.02708136 0.24811029 -0.07498692
v -0.03089604 0.25791129 -0.08337668
v -0.08644232 0.27941164 -0.03413546
v 0.02367781 0.23093951 0.06758934
v 0.01887782 0.23353435 0.07209142
v 0.01907784 0.22983947 0.06998859
v 0.00918118 0.22113921 0.08570309
v 0.00868089 0.22593842 0.08589995
v 0.00818112 0.23703884 0.09090456
v 0.00827695 0.23303650 0.08949789
v 0.02378278 0.39811969 -0.08743878
v 0.06398842 0.36441904 0.02296479
v 0.06249003 0.35782507 0.03146636
v -0.07877001 0.30480444 -0.02204232
v 0.05598115 0.36583400 0.03813082
v 0.05748094 0.37112898 0.03024568
v 0.06428961 0.37161687 0.01426491
v 0.05787719 0.37732834 0.02213830
v 0.04078900 0.40682009 -0.03744721
v 0.04128713 0.40672237 -0.02304874
v 0.02318880 0.41452667 -0.01934879
v 0.03618839 0.40732005 -0.05194312
v 0.04788318 0.39812258 -0.06073469
v 0.04978761 0.40071863 -0.04094733
v 0.04968814 0.40102044 -0.02544867
v -0.07023024 0.26564476 -0.01041980
v -0.06943069 0.26034540 -0.00941678
v -0.06784452 0.26073763 -0.00769204
v -0.07343278 0.29551709 -0.01952995
v 0.02432193 0.19697244 -0.06377955
v 0.05207858 0.32320732 -0.10055185
v 0.04847036 0.40072632 -0.01164755
v 0.04075937 0.40572917 -0.00905800
v 0.04036839 0.40362835 0.00365090
v 0.04727059 0.39922690 0.00025201
v 0.02307105 0.41313106 -0.00444721
v 0.01217257 0.41553023 -0.00244805
v 0.02096308 0.28503782 -0.10986738
v 0.00547544 0.30081195 0.09225862
v 0.04508273 0.23711377 -0.04753457
v 0.05601903 0.23631221 -0.03156144
v 0.05339428 0.18408579 -0.01251889
v 0.06909021 0.25989342 -0.01587316
v 0.06889101 0.26039183 -0.01667243
v 0.05738911 0.22241850 -0.01475825
v 0.05929255 0.23606016 -0.01589827
v 0.03656218 0.23685716 -0.05881821
v 0.07889640 0.27030894 -0.02708519
v 0.07951028 0.27381650 -0.02837419
v 0.08009333 0.26940829 -0.02668905
v 0.08100903 0.27321553 -0.02827604
v 0.08110140 0.27721834 -0.02918915
v 0.08069333 0.26780763 -0.02578940
v 0.07688598 0.30562565 -0.01962729
v 0.07828647 0.30732536 -0.01892778
v -0.07297838 0.26829475 -0.02601049
v -0.07308076 0.27049395 -0.02721091
v 0.06828608 0.25848460 -0.01187543
v 0.06829046 0.25909978 -0.01337244
v -0.05787120 0.28091368 -0.01542790
v 0.06768687 0.25878289 -0.01267160
v 0.06738671 0.25838438 -0.01137194
v 0.06788178 0.25777787 -0.01038418
v 0.06718246 0.25787687 -0.01038063
v 0.07888191 0.32172355 -0.01453265
v 0.06607545 0.25787836 -0.01350009
v 0.06809188 0.25999147 -0.01606649
v 0.06809060 0.25949392 -0.01466912
v 0.06698728 0.25878206 -0.01336785
v 0.06646859 0.25775570 -0.01170748
v 0.06636853 0.25695911 -0.01010682
v 0.06718142 0.25657833 -0.00948104
v -0.07474484 0.26281586 -0.02322852
v -0.07076316 0.25812119 -0.01750113
v -0.05284978 0.20809585 -0.01234173
v -0.05046563 0.21006390 -0.02563956
v -0.05058178 0.19816576 -0.02405066
v -0.05224700 0.19517624 -0.01152386
v -0.06746721 0.28451225 -0.00271645
v -0.06796793 0.27731377 -0.00471014
v -0.06693826 0.27633461 -0.00303479
v 0.08089324 0.26660770 -0.02628981
v 0.07288677 0.25699541 -0.01468399
v -0.01877934 0.18799078 0.03132492
v -0.01703208 0.17440894 0.02745475
v 0.07759728 0.29792738 -0.02479797
v 0.07779817 0.29622829 -0.02599606
v 0.08018525 0.29773310 -0.02770977
v 0.07998587 0.29993272 -0.02651058
v 0.05914782 0.27220574 -0.06685704
v 0.06116834 0.28261408 -0.07355704
v 0.01278162 0.20044644 -0.06785774
v 0.01313754 0.21436733 -0.06826690
v 0.07447851 0.31621253 -0.06135257
v 0.07749705 0.29952738 -0.02349812
v 0.07988890 0.30162928 -0.02520607
v 0.07990186 0.27791980 -0.02908903
v 0.07649676 0.29902741 -0.02339900
v 0.07669698 0.29732785 -0.02469826
v 0.08098553 0.30323187 -0.02691261
v 0.08118571 0.30113232 -0.02841151
v 0.08140192 0.29871523 -0.02969231
v 0.07689822 0.29552880 -0.02599632
v -0.06464060 0.27153620 0.00236375
v -0.06385746 0.27132457 0.01280038
v -0.06663509 0.28682399 0.01220135
v -0.06615793 0.28121755 0.00258593
v 0.07688628 0.30392516 -0.02622767
v 0.07918053 0.34732002 -0.04013993
v 0.07757779 0.34072381 -0.05365176
v 0.07538102 0.36381838 -0.04474694
v 0.07378060 0.35781696 -0.05944667
v 0.06897791 0.35092041 -0.07504172
v 0.07287654 0.33271775 -0.06915520
v 0.07658592 0.30552560 -0.02072732
v 0.07928533 0.30832428 -0.01943023
v 0.06428318 0.37722063 0.00595421
v 0.06928437 0.37162226 -0.00094960
v 0.05777641 0.38252735 0.01443403
v 0.05707707 0.38702580 0.00733306
v 0.06297834 0.38262337 -0.00145859
v 0.07017919 0.37502396 -0.01306332
v 0.08037884 0.33942202 -0.02454259
v 0.07847872 0.35362145 -0.02644709
v 0.07607871 0.35852244 -0.01344972
v -0.05582318 0.31873262 0.04677087
v -0.05732231 0.31933239 0.04207156
v -0.05783725 0.30982256 0.04268947
v -0.05603862 0.31112239 0.04659561
v 0.07407838 0.36962256 -0.02984834
v 0.06558301 0.38381991 -0.02016149
v 0.06918519 0.37941742 -0.03434718
v 0.05898141 0.39232054 -0.02447055
v 0.06108581 0.39001754 -0.03894779
v 0.06078164 0.38692120 -0.05493777
v 0.07018150 0.37482131 -0.04903701
v 0.06087820 0.38762349 -0.00806079
v 0.05527585 0.39132535 0.00143353
v 0.05607667 0.39392370 -0.01186103
v 0.05297436 0.39502582 -0.00326951
v 0.07438643 0.36072055 -0.00653706
v 0.06166714 0.25214714 -0.00969948
v 0.06286529 0.25217977 -0.00508157
v -0.01813231 0.37830845 0.06213854
v -0.00773191 0.37911332 0.06442086
v -0.00802560 0.38692340 0.05796541
v -0.01863183 0.38591963 0.05517280
v 0.06739020 0.26330689 0.00141974
v -0.03258245 0.26590869 -0.08908983
v -0.03396402 0.27651149 -0.09527978
v -0.01516574 0.27248904 -0.10197729
v -0.01447649 0.26298535 -0.09545924
v 0.06788686 0.28861955 0.03389976
v 0.06758627 0.30132344 0.03088846
v 0.07069599 0.29311869 0.02110407
v 0.06878738 0.27841699 0.02339877
v -0.01910879 0.40332791 0.03145900
v -0.00851881 0.40522903 0.03435210
v -0.00861773 0.40962964 0.02365331
v -0.01930784 0.40752769 0.02105974
v -0.04893629 0.29093322 0.05999060
v -0.05083998 0.28482896 0.06039525
v -0.04714143 0.28431964 0.06401078
v -0.04563688 0.29043257 0.06289301
v 0.06628827 0.31492490 0.02838654
v 0.06968679 0.30722484 0.01887371
v 0.07038565 0.32102662 0.01627264
v 0.06718448 0.32922560 0.02727013
v 0.06057695 0.34462130 -0.09044731
v 0.06317620 0.32811469 -0.08755852
v -0.06876609 0.25635618 -0.00675519
v -0.06766565 0.25715774 -0.00565570
v 0.06398057 0.31569904 -0.08446073
v 0.04948035 0.34743580 0.05763074
v -0.00871958 0.41302913 0.01115015
v -0.01962371 0.41062832 0.00904546
v 0.02266945 0.36521855 -0.11597556
v 0.04878769 0.37073109 0.04544734
v 0.05277962 0.36531839 -0.09233823
v 0.00149293 0.21569738 -0.06895854
v 0.04057794 0.37101892 -0.10044596
v 0.06877904 0.36912140 -0.06364027
v 0.06498057 0.36281687 -0.07654175
v 0.05727854 0.35561901 -0.09154138
v 0.06327666 0.30007201 -0.08086707
v 0.04816819 0.39612859 0.00822124
v 0.05699013 0.31303057 0.05288976
v 0.05608910 0.30853012 0.05219077
v 0.05709863 0.31782904 0.05416929
v 0.05428617 0.30393350 0.05369665
v 0.01698436 0.29513818 0.07718773
v 0.01648420 0.29313704 0.07928576
v 0.01618422 0.29053724 0.08128825
v 0.01958738 0.29043561 0.07699563
v 0.01898726 0.28733480 0.07889360
v 0.01288361 0.29083675 0.08678704
v 0.01338374 0.29353699 0.08428595
v 0.01558388 0.28803653 0.08348536
v 0.01508330 0.28473753 0.08548628
v 0.01288274 0.28763679 0.08918358
v 0.01888821 0.27213669 0.08199830
v 0.01988564 0.27683556 0.07999532
v 0.01758765 0.28113571 0.08219588
v 0.02248798 0.28443542 0.07729518
v 0.02138815 0.28103614 0.07879685
v 0.01838810 0.28453365 0.08069053
v 0.02368797 0.28783602 0.07539675
v 0.01578294 0.28113681 0.08788517
v 0.01678404 0.27793354 0.09109038
v 0.01348181 0.28413624 0.09238288
v 0.01178094 0.28633621 0.09578077
v 0.01108201 0.28993687 0.09248302
v 0.02038893 0.29263660 0.07509819
v 0.02488956 0.29053745 0.07390036
v 0.02458767 0.27753454 0.07790036
v 0.02878385 0.27422890 0.07728976
v 0.02678671 0.28193673 0.07619510
v 0.03078458 0.27923545 0.07568812
v 0.02798783 0.28563571 0.07459614
v 0.03228524 0.28313556 0.07388934
v 0.03258378 0.27072844 0.07668827
v 0.03578313 0.26682708 0.07568604
v 0.03868298 0.26192537 0.07408130
v 0.03868065 0.27183297 0.07388341
v 0.04198621 0.26652780 0.07208640
v 0.04068068 0.27683330 0.07198464
v 0.04468377 0.27193120 0.07008480
v -0.00961380 0.30053458 0.07699060
v -0.01003475 0.30232856 0.07420210
v -0.01362103 0.29913625 0.07275193
v -0.01321402 0.29713795 0.07498144
v -0.00543325 0.35140613 0.07767098
v -0.00643401 0.35930324 0.07497813
v -0.01533026 0.35920879 0.07322753
v -0.01373313 0.35140547 0.07635561
v 0.03508016 0.27583325 0.07498234
v 0.03677984 0.28013432 0.07308494
v 0.03358681 0.28703678 0.07229233
v 0.02938759 0.28893721 0.07309533
v 0.04228757 0.28803724 0.06840026
v 0.04198343 0.28253755 0.07019198
v 0.03788455 0.28483817 0.07119288
v 0.03858682 0.28943878 0.06959914
v 0.04658663 0.27873263 0.06819841
v 0.04658638 0.28633520 0.06659541
v 0.04588744 0.29143625 0.06519478
v 0.03288306 0.29793569 0.06909501
v 0.02819376 0.29853272 0.06990767
v 0.03638382 0.29764071 0.06798939
v 0.04218778 0.29213795 0.06710203
v 0.03898930 0.29293802 0.06850231
v 0.04989128 0.29922897 0.05920739
v 0.04768713 0.29833522 0.06139223
v 0.04238296 0.29764158 0.06539572
v 0.03958358 0.29754069 0.06689253
v 0.04518427 0.29793823 0.06349187
v 0.02369053 0.30013788 0.06990146
v 0.01928821 0.30213732 0.06989967
v 0.05415385 0.22321665 -0.02865105
v 0.01088462 0.29343408 0.09009182
v 0.01088205 0.29643863 0.08758757
v 0.01668349 0.31913644 0.07338601
v 0.01478418 0.31613678 0.07238800
v 0.00888285 0.31663391 0.07968418
v 0.02080110 0.32313755 0.07588942
v 0.01618663 0.30463707 0.07009886
v -0.01793601 0.29662788 0.07155182
v -0.01702811 0.29462609 0.07308493
v 0.01438209 0.30713966 0.07038838
v 0.01368669 0.30983591 0.07099642
v 0.01358390 0.31303817 0.07158951
v -0.00821903 0.39382496 0.05066216
v -0.01892284 0.39252403 0.04776666
v -0.01863120 0.41402537 -0.04279841
v -0.01903052 0.41432685 -0.03409960
v -0.00803504 0.41702691 -0.03461054
v -0.00903781 0.41592476 -0.04741089
v 0.03150567 0.33813256 0.07588365
v 0.02830029 0.33133507 0.07838468
v 0.05958878 0.35162485 0.04127164
v 0.06278873 0.34282500 0.03786688
v 0.05139662 0.33252642 0.06098904
v 0.05450705 0.32803425 0.05838024
v 0.05640484 0.32293350 0.05608146
v 0.06378673 0.33092710 0.03577283
v 0.06368655 0.31842476 0.03566687
v 0.06448483 0.30682194 0.03718347
v -0.06484500 0.28320980 -0.05627993
v -0.06816685 0.28300902 -0.04065540
v -0.07046271 0.29481241 -0.04327433
v -0.06812122 0.29942375 -0.06052986
v 0.05007878 0.38242978 0.03033979
v -0.02768084 0.19360781 0.02290521
v -0.02658647 0.18040392 0.01918149
v 0.00097055 0.20293880 -0.06874996
v 0.04987396 0.38773143 0.02312168
v 0.04978474 0.37673092 0.03784122
v 0.04047761 0.40052691 0.01365612
v 0.04078607 0.39672729 0.02256535
v 0.04927273 0.39223054 0.01581975
v 0.04148753 0.39212716 0.03036183
v 0.04197766 0.38683352 0.03751929
v 0.04160135 0.38103279 0.04505014
v 0.04070279 0.37453011 0.05225786
v 0.03908288 0.36633179 0.05993733
v 0.04329525 0.22379921 -0.04408487
v 0.00928425 0.28213289 0.08878351
v 0.00858449 0.28223270 0.08948395
v -0.05021828 0.34152493 0.05347047
v -0.05241823 0.34692386 0.04846760
v -0.05531982 0.33932704 0.04517106
v -0.05281785 0.33502883 0.05026982
v 0.00818435 0.28183290 0.08828388
v 0.00748473 0.28183255 0.08888444
v 0.00718498 0.28053194 0.08868423
v 0.00858304 0.27313405 0.09119130
v 0.00698320 0.27503395 0.08989099
v 0.00658504 0.27843133 0.08878417
v 0.06568163 0.25679278 -0.00038027
v -0.00393573 0.33840972 0.08165684
v -0.01125070 0.33839881 0.08105627
v -0.00935066 0.33199832 0.08185633
v -0.00323728 0.33190781 0.08245991
v -0.05562266 0.30383611 0.04737708
v -0.05803529 0.30082852 0.04457458
v -0.05692444 0.29293823 0.04947972
v -0.05422260 0.29703733 0.05117990
v -0.05134194 0.29232427 0.05700304
v -0.05364266 0.28642744 0.05689771
v -0.01702507 0.36871612 0.06889064
v -0.00723329 0.36920586 0.07085483
v -0.05662345 0.32972875 0.04276838
v -0.05462071 0.32703105 0.04807050
v -0.00691367 0.30373454 0.07968996
v -0.00763712 0.30512789 0.07610308
v -0.00501490 0.30973303 0.07868772
v -0.00172531 0.30961475 0.08465832
v -0.00160672 0.31373492 0.08328573
v -0.00472921 0.31342903 0.07949587
v -0.03142668 0.35061428 0.06889835
v -0.03352160 0.35792047 0.06516977
v -0.04111592 0.35612357 0.05956592
v -0.03911749 0.34942317 0.06356713
v -0.01911152 0.39832744 0.04025663
v -0.00832088 0.39982930 0.04305187
v -0.00212404 0.32332766 0.08228668
v -0.00632305 0.32332373 0.08057902
v -0.00542517 0.31962290 0.07967840
v -0.00202581 0.31992689 0.08208622
v -0.02172814 0.29292437 0.07228958
v -0.02262431 0.29512176 0.07118351
v -0.06091305 0.25597417 -0.00917331
v -0.06188890 0.25524512 -0.00883034
v -0.06836090 0.30201498 -0.00110278
v -0.06706619 0.29151630 0.00119817
v -0.06695899 0.29990962 0.01063132
v -0.06796005 0.31271392 0.00789528
v -0.07122387 0.32362381 0.00376225
v -0.07351989 0.33252475 -0.00243472
v -0.07331651 0.31662488 -0.00843499
v -0.07122938 0.31052437 -0.00372436
v -0.04555485 0.20035347 -0.03526096
v -0.04343203 0.21088147 -0.03789746
v -0.00182457 0.30651456 0.08726268
v -0.00172626 0.30360952 0.08987212
v -0.01671661 0.31439820 -0.12024129
v -0.01611894 0.30089340 -0.11554501
v -0.03572302 0.30560473 -0.10774245
v -0.03511987 0.31862074 -0.11083151
v -0.06215129 0.27291739 -0.05118066
v -0.06585897 0.27462062 -0.03690229
v -0.00791766 0.27692991 0.09278067
v -0.00481963 0.28143272 0.08798083
v -0.00491891 0.27793148 0.08748133
v -0.00451911 0.28063220 0.08788108
v -0.00791896 0.27382889 0.09467814
v -0.01012015 0.27322924 0.09597878
v -0.00571759 0.27413025 0.08768148
v -0.00481756 0.27433038 0.08828177
v -0.00411896 0.27823150 0.08778131
v -0.00591967 0.28183261 0.08858044
v 0.00017982 0.27032766 0.10127534
v -0.00042091 0.27182761 0.10407516
v -0.00412027 0.27312627 0.10297205
v -0.00271974 0.27162629 0.10097217
v -0.00251728 0.28083366 0.08938571
v -0.00171689 0.27853289 0.09028623
v -0.00271642 0.27662742 0.09747516
v -0.00441647 0.28023207 0.09338595
v -0.00471600 0.28213239 0.09048672
v -0.00441677 0.27722761 0.09657548
v -0.00381840 0.27113292 0.09388826
v -0.00611783 0.27722985 0.09498051
v -0.07383845 0.26852635 -0.01613165
v -0.04860271 0.22343665 0.00417369
v -0.05375636 0.23755497 -0.00294169
v -0.05336455 0.23684871 -0.00783180
v -0.05033467 0.22174454 -0.00387826
v -0.07582941 0.29471895 -0.02083237
v -0.06382299 0.34512344 0.02645771
v -0.06582007 0.35662407 0.01596129
v -0.07121824 0.34452507 0.00535763
v -0.06971978 0.33372551 0.01165819
v -0.06561723 0.36562315 0.00706464
v -0.07121497 0.35472438 -0.00293253
v -0.07481476 0.34232652 -0.01122790
v -0.07602247 0.32112518 -0.02352872
v -0.03951472 0.30663365 0.06438152
v -0.03981443 0.30643398 0.06448533
v -0.03821426 0.30613407 0.06578553
v -0.03831460 0.30633375 0.06558472
v -0.03902020 0.30673409 0.06377802
v -0.03771514 0.30623311 0.06488368
v -0.03991486 0.30713359 0.06278019
v -0.04041440 0.30693394 0.06328099
v -0.04072024 0.30673575 0.06337786
v -0.02231371 0.30733636 0.06759175
v -0.02301416 0.30773595 0.06699020
v -0.02561520 0.30683309 0.06728610
v -0.02491474 0.30683365 0.06838740
v -0.02211361 0.30703628 0.06799270
v -0.02491435 0.30643407 0.06868852
v -0.02600846 0.30933166 0.06137342
v -0.02562247 0.30962700 0.06128153
v -0.02690685 0.30903757 0.06157850
v -0.02053154 0.30932793 0.06530076
v -0.02063138 0.31032747 0.06549908
v -0.02533214 0.31032693 0.06139933
v -0.02533328 0.30982697 0.06120151
v -0.02082235 0.30882698 0.06548021
v -0.01922252 0.30852759 0.06558242
v -0.01833240 0.30882835 0.06520296
v -0.01843277 0.31022769 0.06550150
v -0.03011372 0.30543411 0.06878850
v -0.03021349 0.30453432 0.06888893
v -0.02551346 0.30493426 0.06908905
v -0.02521426 0.30583414 0.06898857
v -0.02991408 0.30593392 0.06858818
v -0.03331693 0.30603302 0.06768468
v -0.03331649 0.30543339 0.06788547
v -0.03342780 0.30464038 0.06784588
v -0.02221525 0.30583489 0.06878752
v -0.02211427 0.30673558 0.06849009
v -0.03343190 0.30394402 0.06783176
v -0.03042332 0.30384099 0.06875426
v -0.02571331 0.30413452 0.06908938
v -0.02221611 0.30533373 0.06888696
v -0.01942882 0.30652922 0.06830008
v -0.02063594 0.30682817 0.06830702
v -0.03042157 0.30294269 0.06855877
v -0.03032185 0.30194309 0.06845830
v -0.02551163 0.30223742 0.06909368
v -0.02571190 0.30323678 0.06899241
v -0.03343194 0.30304414 0.06753231
v -0.03333193 0.30204415 0.06743313
v -0.04171402 0.30673414 0.06178249
v -0.04221415 0.30713403 0.06078228
v -0.04211407 0.30663410 0.06098269
v -0.04191394 0.30613425 0.06148307
v -0.04442910 0.30372852 0.05850043
v -0.04534252 0.30502176 0.05750597
v -0.04684753 0.30421939 0.05630958
v -0.04574814 0.30281934 0.05751072
v -0.05303385 0.29413292 0.05398590
v -0.04783163 0.30002767 0.05699729
v -0.04912920 0.30142885 0.05509513
v -0.04131397 0.30653429 0.06258256
v -0.04072019 0.30623597 0.06347974
v -0.04121425 0.30683407 0.06248173
v -0.04161416 0.30713421 0.06158179
v -0.04141956 0.30573639 0.06227886
v -0.04081991 0.30553627 0.06328062
v -0.03981905 0.30603644 0.06458183
v -0.03991366 0.30513459 0.06448721
v -0.03831339 0.30483496 0.06578767
v -0.03821380 0.30573449 0.06578677
v -0.03621363 0.30553433 0.06688747
v -0.03651394 0.30603412 0.06668635
v -0.03621316 0.30473503 0.06688809
v -0.03841332 0.30413494 0.06558776
v -0.03631316 0.30393514 0.06678823
v -0.03992403 0.30444038 0.06415147
v -0.04082011 0.30493668 0.06298073
v -0.04152019 0.30533674 0.06177894
v -0.04211392 0.30573428 0.06098348
v -0.04251402 0.30633405 0.06038296
v -0.04182038 0.30473700 0.06127916
v -0.04241352 0.30393481 0.06048484
v -0.04122064 0.30333751 0.06187899
v -0.04092035 0.30423707 0.06248063
v -0.04262089 0.30523643 0.06027929
v -0.04332085 0.30453697 0.05937999
v -0.03992805 0.30394155 0.06374931
v -0.03992893 0.30314186 0.06324895
v -0.03832973 0.30264544 0.06483670
v -0.03832976 0.30344489 0.06523722
v -0.03631898 0.30323556 0.06647883
v -0.03632767 0.30234194 0.06614553
v -0.02981475 0.30603316 0.06838654
v -0.02951519 0.30613253 0.06728513
v -0.03301775 0.30593172 0.06668235
v -0.03331734 0.30613247 0.06748325
v -0.03651440 0.30623356 0.06658529
v -0.03591500 0.30593282 0.06578445
v -0.03292821 0.30583715 0.06554610
v -0.03113035 0.30804020 0.06143422
v -0.03241931 0.30803266 0.06107576
v -0.03551580 0.30593178 0.06478301
v -0.02971546 0.30623236 0.06608482
v -0.02962520 0.30823904 0.06165176
v -0.02641609 0.30703276 0.06608475
v -0.02811671 0.30853263 0.06168428
v -0.02380882 0.30783722 0.06628585
v -0.03121912 0.31813219 0.06807785
v -0.03131944 0.31833148 0.06827763
v -0.03571941 0.31773019 0.06757610
v -0.03531910 0.31753108 0.06727675
v -0.04654373 0.28026783 -0.08595394
v -0.04742331 0.29500216 -0.09303654
v -0.03543394 0.28977686 -0.10196144
v -0.03821867 0.31523162 0.06657656
v -0.03811730 0.31613198 0.06607788
v -0.04051508 0.31483227 0.06478056
v -0.04043243 0.31392431 0.06499267
v -0.03821910 0.31433105 0.06697618
v -0.04024352 0.31292030 0.06519691
v -0.03551900 0.31553105 0.06867619
v -0.03551880 0.31663132 0.06817615
v -0.03531887 0.31733137 0.06747632
v -0.03951520 0.31133336 0.06078173
v -0.03882186 0.31234017 0.06156601
v -0.03932175 0.31224072 0.06296561
v -0.04032104 0.31143618 0.06177480
v -0.04021817 0.31063169 0.06017887
v -0.04101520 0.31063345 0.06078207
v -0.03501894 0.31043136 0.05867750
v -0.03461845 0.31083155 0.05897794
v -0.03411955 0.31133452 0.05937698
v -0.03511889 0.31013140 0.05847766
v -0.03521879 0.30983159 0.05847783
v -0.03521879 0.30953163 0.05847808
v -0.03511783 0.30933350 0.05858006
v -0.05544265 0.27802864 0.05459694
v -0.05554313 0.28902003 0.05330773
v -0.05774086 0.28102079 0.05051159
v -0.04091468 0.30723357 0.06228099
v -0.04141465 0.30753347 0.06138107
v -0.04041486 0.30743337 0.06188036
v -0.04081504 0.30783296 0.06108017
v -0.04191535 0.30803299 0.06058061
v -0.04221442 0.30773363 0.06048179
v -0.03841958 0.30673310 0.06297851
v -0.03412000 0.30833322 0.06007778
v -0.03451612 0.30863252 0.05967867
v -0.03911715 0.30733332 0.06207808
v -0.03721645 0.30623212 0.06388219
v -0.03341794 0.30813265 0.06058058
v -0.03471547 0.30883190 0.05927914
v -0.03492055 0.30913290 0.05887706
v -0.03941544 0.30763221 0.06137955
v -0.03991532 0.30803251 0.06067945
v -0.04121521 0.30843294 0.06057987
v -0.04041860 0.30903223 0.05977828
v -0.04051859 0.30953228 0.05977819
v -0.04141819 0.30893296 0.06037881
v -0.04141843 0.30943260 0.06027842
v -0.04022141 0.30853301 0.06007626
v -0.04041868 0.31003207 0.05987794
v -0.04131804 0.30993244 0.06047881
v -0.04241424 0.30723396 0.06038225
v -0.04251515 0.30803370 0.06018126
v -0.04301782 0.30903345 0.05968004
v -0.04292089 0.30723563 0.05997793
v -0.04352117 0.30713564 0.05927853
v -0.04312106 0.30603617 0.05967917
v -0.04401773 0.30953327 0.05928021
v -0.04533627 0.30992323 0.05869966
v -0.04481989 0.30703682 0.05828098
v -0.04402001 0.30563721 0.05868124
v -0.04211510 0.30853337 0.06018045
v -0.04231821 0.30913290 0.05997905
v -0.04341678 0.31073275 0.06058085
v -0.04411483 0.31153247 0.06048287
v -0.04271495 0.31013390 0.06068299
v -0.04222290 0.31093717 0.06187221
v -0.04273438 0.31172422 0.06199519
v -0.04321544 0.31243247 0.06188276
v -0.04183818 0.31272218 0.06339556
v -0.04211541 0.31353179 0.06338104
v -0.04143811 0.31182945 0.06338250
v -0.04221503 0.30993381 0.06048285
v -0.04171484 0.31063378 0.06148224
v -0.04092274 0.31153733 0.06277111
v -0.03993501 0.31213114 0.06467955
v -0.03804209 0.31332120 0.06659588
v -0.03733397 0.31332791 0.06468739
v -0.03544214 0.31472126 0.06829544
v -0.03454265 0.31422120 0.06619598
v -0.03193905 0.31892225 0.06939073
v -0.03673710 0.31862184 0.06868824
v -0.03422747 0.31413233 0.06438061
v -0.03182029 0.31213808 0.06066871
v -0.03021829 0.31233338 0.06127758
v -0.03091867 0.31423286 0.06537451
v -0.02113136 0.31102702 0.06599792
v -0.02203231 0.31192645 0.06639748
v -0.02593262 0.31112632 0.06169815
v -0.02553227 0.31062663 0.06159858
v -0.01973253 0.31112704 0.06659972
v -0.02103289 0.31192642 0.06729834
v -0.02521881 0.31373206 0.06647926
v -0.02741916 0.31203157 0.06188005
v -0.02653270 0.31152612 0.06189782
v -0.02363351 0.31282586 0.06639774
v -0.02461870 0.31423256 0.06837918
v -0.02243947 0.31292433 0.06769796
v -0.03113833 0.31482288 0.06739025
v -0.01892788 0.35131830 -0.12276451
v -0.01832108 0.33450165 -0.12425446
v -0.03441881 0.33702275 -0.11203206
v -0.03442050 0.35062465 -0.11033124
v -0.03672175 0.31344032 0.06306526
v -0.03312111 0.31183955 0.06006585
v -0.04402051 0.35192552 -0.10143012
v -0.04332090 0.36072624 -0.09912841
v -0.03512049 0.36232680 -0.10582752
v -0.03126809 0.22415078 -0.05513394
v -0.02302819 0.21238798 -0.06253818
v -0.01763154 0.31082803 0.06770029
v -0.01933200 0.31222740 0.06809974
v -0.01653120 0.30962875 0.06740155
v -0.01593067 0.30932933 0.06760218
v -0.01693128 0.31082892 0.06780162
v -0.01843212 0.31232810 0.06810120
v -0.02143277 0.31352678 0.06859250
v -0.02073235 0.31382769 0.06899332
v -0.02411792 0.31543300 0.06998091
v -0.02421821 0.31473285 0.06957996
v -0.03143863 0.31552288 0.06939106
v -0.03141915 0.31633207 0.06977715
v -0.02361781 0.31603345 0.06928186
v -0.02023138 0.31412849 0.06839280
v -0.02321806 0.31663322 0.06858255
v -0.02013106 0.31492803 0.06809350
v -0.03121881 0.31793234 0.06837706
v -0.03141909 0.31733191 0.06917688
v -0.01933911 0.30742696 0.06770691
v -0.01712142 0.30762866 0.06758464
v -0.01983943 0.30782649 0.06750523
v -0.01742283 0.30802816 0.06728442
v -0.02092881 0.30822745 0.06649183
v -0.01663136 0.30842912 0.06720356
v -0.01592163 0.30812943 0.06748682
v -0.02171035 0.30843061 0.06597296
v -0.01623111 0.31072935 0.06750216
v -0.01503035 0.30912969 0.06770241
v -0.01513106 0.31112972 0.06690212
v -0.01432997 0.30913004 0.06740265
v -0.01743102 0.31342894 0.06720039
v -0.01783216 0.31242871 0.06750142
v -0.01502057 0.30782935 0.06748447
v -0.01550662 0.30733347 0.06757710
v -0.01432210 0.30772978 0.06758808
v -0.01490731 0.30703345 0.06757744
v -0.02191587 0.30453405 0.06898794
v -0.02170459 0.30363858 0.06898864
v -0.01860621 0.30583385 0.06837752
v -0.01800588 0.30523458 0.06827880
v -0.03001203 0.30083674 0.06839383
v -0.03303220 0.30094409 0.06723347
v -0.02963832 0.29962629 0.06841581
v -0.03282299 0.29964232 0.06715654
v -0.02472809 0.30012536 0.06919675
v -0.02523343 0.30112872 0.06911121
v -0.02729421 0.17143911 0.01739240
v -0.04311252 0.30283681 0.05978920
v -0.04414547 0.30172095 0.05921036
v -0.04241242 0.30093712 0.06089108
v -0.04172046 0.30233970 0.06128204
v -0.04013148 0.30194589 0.06284512
v -0.04051561 0.30043599 0.06268924
v -0.03821533 0.30003619 0.06448960
v -0.03822967 0.30154526 0.06453759
v -0.03622799 0.30124214 0.06584541
v -0.03591248 0.29963717 0.06589245
v -0.04633971 0.30652282 0.05700315
v -0.04763622 0.30972305 0.05670294
v -0.04813323 0.30602574 0.05559743
v -0.04983420 0.30942371 0.05470297
v -0.01363279 0.31192937 0.06720327
v -0.01322557 0.30943155 0.06720104
v -0.01193323 0.31262910 0.06860263
v -0.01171963 0.30982918 0.06828233
v -0.01333464 0.31562749 0.06960004
v -0.01513317 0.31482860 0.06790167
v -0.01351983 0.30752960 0.06758365
v -0.01410784 0.30673331 0.06757773
v -0.01231963 0.30752942 0.06798317
v -0.01320854 0.30603296 0.06797747
v -0.02122314 0.30273128 0.06910072
v -0.02062515 0.30172741 0.06909692
v -0.01740668 0.30453467 0.06838075
v -0.01661947 0.30364245 0.06856059
v -0.04526759 0.26962489 -0.07952022
v -0.04812048 0.31040373 -0.09784222
v -0.04401343 0.32283005 0.06647433
v -0.04183567 0.31992117 0.06718789
v -0.03843578 0.32112110 0.06928832
v -0.04031821 0.32472757 0.06957403
v -0.04661818 0.32672754 0.06437194
v -0.04891265 0.32312900 0.06177256
v -0.04660680 0.32033217 0.06377698
v -0.04430474 0.31823337 0.06487823
v -0.04823314 0.31262377 0.05769787
v -0.04641403 0.31263265 0.05928290
v -0.04640664 0.31443492 0.06068235
v -0.04821392 0.31493288 0.05927781
v -0.05053333 0.31262377 0.05569983
v -0.05071598 0.31573248 0.05737644
v -0.04760423 0.31743377 0.06147982
v -0.04560389 0.31613380 0.06267921
v -0.05020843 0.31903180 0.05967573
v -0.02133946 0.32042441 0.07139672
v -0.02203872 0.31872523 0.06989683
v -0.01883368 0.31682786 0.06869557
v -0.01743317 0.31762770 0.06939909
v -0.02013436 0.32202578 0.07309467
v -0.01543629 0.31862646 0.07100029
v -0.03393461 0.32522160 0.07248718
v -0.03294006 0.32182047 0.07099339
v -0.02291831 0.31703305 0.06828243
v -0.02081873 0.31593245 0.06808308
v -0.02281882 0.31723267 0.06828305
v -0.02023269 0.31582782 0.06789307
v -0.05251797 0.37342831 -0.08202376
v -0.05532006 0.38042516 -0.06993133
v -0.04022361 0.39222488 -0.07794356
v -0.03862265 0.38312694 -0.08984643
v -0.03811830 0.31643099 0.06597721
v -0.03871920 0.31683040 0.06627548
v -0.04121535 0.31563157 0.06487948
v -0.04061526 0.31513190 0.06478003
v -0.04241551 0.31403166 0.06338055
v -0.04301535 0.31453156 0.06338011
v -0.04421514 0.31343180 0.06178122
v -0.04361556 0.31313202 0.06198198
v -0.04421517 0.31233212 0.06078213
v -0.04481453 0.31223249 0.06038245
v -0.02051921 0.31673205 0.06838349
v -0.02271921 0.31753203 0.06878252
v -0.04571945 0.34012449 -0.10223075
v -0.04302470 0.36332715 0.05364231
v -0.04972341 0.35932770 0.04694361
v -0.04761446 0.35312435 0.05336772
v -0.03991923 0.31773013 0.06707454
v -0.04241590 0.31653136 0.06527895
v -0.04401517 0.31523141 0.06327999
v -0.04501461 0.31403151 0.06148123
v -0.04541461 0.31303185 0.06038200
v -0.06633782 0.27343437 -0.00293468
v -0.06703796 0.27333453 -0.00453269
v -0.07536502 0.28180194 -0.02942158
v -0.07345966 0.28851762 -0.02878826
v -0.07225700 0.29211509 -0.02777063
v -0.07401448 0.30152965 -0.01582948
v -0.07746667 0.30460638 -0.01884177
v -0.07874177 0.26421806 -0.02213184
v -0.07543693 0.26262432 -0.01833394
v -0.07874025 0.26501858 -0.02273215
v -0.08452649 0.30011991 -0.02913168
v -0.08504356 0.29841337 -0.03043522
v -0.08594261 0.29811358 -0.03003782
v -0.03806324 0.24987161 -0.06524523
v -0.04298488 0.26112956 -0.07370611
v -0.08544350 0.29631305 -0.03163427
v -0.06936654 0.27791500 -0.00721227
v -0.07666644 0.28109968 -0.02972009
v -0.07846263 0.28040135 -0.03162304
v -0.07925888 0.27520320 -0.03142566
v -0.07856061 0.27580243 -0.03052434
v -0.07825597 0.27060679 -0.02912455
v -0.07786053 0.27150431 -0.02852149
v -0.08055338 0.26740810 -0.02532200
v -0.08195542 0.27100652 -0.02782172
v -0.07876705 0.30490565 -0.02014168
v -0.07816686 0.30400571 -0.01874062
v -0.07946512 0.30470601 -0.02034048
v -0.07016323 0.27661678 -0.00851517
v -0.07211438 0.29973003 -0.01562791
v -0.07155830 0.29750630 -0.01422522
v -0.07125962 0.29790583 -0.01472499
v -0.06666786 0.28151521 -0.01231231
v -0.06666800 0.28231511 -0.01251221
v -0.06786626 0.27991578 -0.01211380
v -0.07036449 0.27851695 -0.01061497
v -0.06385326 0.27111852 -0.01023340
v -0.06335169 0.26981857 -0.01213377
v -0.06365035 0.26881927 -0.01153393
v -0.08152758 0.31072062 -0.02432433
v -0.07175791 0.29650638 -0.01392510
v -0.07315695 0.29760665 -0.01412566
v -0.07361564 0.29882941 -0.01442959
v -0.08026104 0.30420709 -0.02053946
v -0.07391538 0.29972911 -0.01463043
v -0.07311504 0.29972968 -0.01472925
v -0.07471479 0.30132928 -0.01563031
v -0.07251468 0.29972988 -0.01502864
v -0.07095266 0.27431583 -0.02403403
v -0.06925171 0.27421361 -0.02203695
v -0.06856073 0.29411626 -0.00470549
v -0.06927500 0.29200807 -0.00670210
v -0.07423744 0.26222476 -0.01633430
v -0.07166746 0.29880741 -0.02454955
v -0.07197112 0.30160490 -0.02624448
v -0.08345957 0.27530217 -0.02982382
v -0.07674250 0.27051675 -0.01964118
v -0.07434204 0.26991704 -0.01784179
v -0.07883612 0.27152315 -0.02144361
v -0.08054829 0.27401525 -0.02313487
v -0.06806611 0.29021189 -0.01850817
v -0.07927163 0.29410377 -0.02334406
v -0.07995589 0.29180896 -0.02444336
v -0.07767162 0.29430422 -0.02184422
v -0.07281701 0.30522493 -0.02472958
v -0.07272174 0.30532297 -0.02243662
v -0.07255947 0.30020854 -0.02284139
v -0.07232282 0.30362278 -0.02173770
v -0.06585493 0.27441821 -0.01073520
v -0.06523079 0.26844418 -0.01381543
v -0.06515753 0.27031809 -0.01471657
v -0.06633902 0.26833317 -0.01472735
v -0.06655201 0.26922059 -0.01601946
v -0.06705000 0.27061436 -0.01763902
v -0.06775188 0.27241305 -0.01903951
v -0.06805923 0.27491638 -0.01953246
v -0.06546625 0.27851579 -0.01171234
v -0.07311570 0.30572748 -0.01252779
v -0.06496544 0.27671608 -0.01141157
v -0.06696673 0.28011557 -0.01201292
v -0.06696552 0.27831614 -0.01151330
v -0.06666441 0.27641645 -0.01101270
v -0.07073738 0.26763231 -0.01193145
v -0.07173708 0.26903212 -0.01413019
v -0.06944549 0.26832300 -0.01123419
v -0.07274306 0.26941720 -0.01614136
v -0.06834615 0.26842201 -0.01083726
v -0.07225678 0.30000901 -0.02353971
v -0.07232205 0.30332279 -0.02373710
v -0.06623900 0.27693477 -0.00123705
v -0.05972609 0.28623512 0.04567143
v -0.06112389 0.29543424 0.04006682
v -0.02272112 0.23622279 0.06576148
v -0.02192091 0.23312604 0.06616308
v -0.05234315 0.27522814 0.05889374
v -0.04783723 0.27272624 0.06399292
v -0.02172466 0.24213441 0.07757968
v -0.02102475 0.24133489 0.07768038
v -0.02022459 0.24183440 0.07787992
v -0.02092517 0.24213479 0.07757924
v -0.01892431 0.24223614 0.07618248
v -0.01962412 0.24223526 0.07548165
v -0.01982455 0.24223500 0.07638089
v -0.01922435 0.24233523 0.07698143
v -0.02482449 0.25802132 0.07900812
v -0.02812266 0.26202315 0.07709910
v -0.03082818 0.25772050 0.07588365
v -0.02762852 0.25422060 0.07790092
v -0.02132134 0.24083132 0.06817835
v -0.02102366 0.24242501 0.06856062
v -0.02002257 0.24242572 0.07246112
v -0.02031567 0.24172901 0.07206845
v -0.02112122 0.23823312 0.06828652
v -0.02021905 0.24043392 0.07168126
v -0.02282150 0.24012244 0.06566111
v -0.02222301 0.24262302 0.06596122
v -0.03002499 0.23622872 0.07336093
v -0.02682394 0.23822872 0.07536219
v -0.02772368 0.24132851 0.07576313
v -0.03101707 0.24072996 0.07386927
v -0.02151519 0.26933056 0.07818002
v -0.02501791 0.26562527 0.07769702
v -0.02211796 0.26162529 0.07930337
v -0.01851357 0.26573414 0.07958714
v -0.01501285 0.27043709 0.08049369
v -0.01781412 0.27313536 0.07878975
v -0.01371532 0.27803355 0.08418787
v -0.01411641 0.27443242 0.08558615
v -0.01371797 0.27353111 0.08898297
v -0.01401670 0.27563223 0.08768512
v -0.01221732 0.26963115 0.08748335
v -0.01421596 0.27223277 0.08408714
v -0.00841519 0.26853123 0.08798391
v -0.00831741 0.26923123 0.08908358
v -0.01221571 0.26903227 0.08588608
v -0.01221408 0.26823455 0.08399122
v -0.00861371 0.26783237 0.08668667
v -0.00781868 0.27023062 0.09018213
v -0.01041901 0.27003035 0.09018140
v -0.01191959 0.27203012 0.09158070
v -0.00211899 0.27082646 0.09867265
v -0.00321971 0.27222607 0.10067158
v -0.00701376 0.30183408 0.08278935
v -0.00961321 0.29823425 0.07968984
v -0.00691281 0.29923442 0.08508938
v -0.00951337 0.29603392 0.08198869
v -0.01112021 0.27412942 0.09527907
v -0.01231802 0.27603087 0.09338276
v -0.00892056 0.27542913 0.09917814
v -0.00981709 0.27802837 0.09837718
v -0.00182671 0.31682682 0.08248708
v -0.00001816 0.26743209 0.09438575
v -0.00021736 0.26673296 0.09378677
v 0.00028097 0.26843184 0.09638408
v -0.01862756 0.37452441 -0.10935512
v -0.01952025 0.38842657 -0.09832790
v -0.01972818 0.40562385 -0.07576237
v -0.01764077 0.41082382 -0.06330072
v -0.00333013 0.25052524 0.09310398
v -0.00293786 0.25322199 0.09310011
v -0.01001056 0.24602765 0.07627254
v -0.00481592 0.24643277 0.07770003
v -0.00441334 0.24472980 0.08229066
v -0.00950596 0.24452873 0.08107699
v -0.01331102 0.24422899 0.07907271
v -0.01421828 0.24573226 0.07430225
v -0.01031978 0.24723172 0.07380431
v -0.00481659 0.24773324 0.07500207
v -0.00910858 0.24363250 0.08548685
v -0.00412712 0.24392812 0.08749612
v -0.00402439 0.24562895 0.09030291
v -0.00910849 0.24513285 0.08768699
v -0.01481318 0.26373437 0.08239084
v -0.01091477 0.26443455 0.08489177
v -0.00711428 0.26463440 0.08839193
v -0.00411460 0.26453403 0.09109113
v -0.00361565 0.26653361 0.09169012
v -0.00581488 0.26723295 0.08938843
v -0.00341652 0.26743358 0.09228994
v -0.00571613 0.26803303 0.09018855
v -0.00571725 0.26883298 0.09098838
v -0.00621784 0.27013171 0.09138525
v -0.00451812 0.27003327 0.09258900
v -0.00491832 0.27113265 0.09228746
v -0.00341753 0.26823315 0.09268878
v -0.00181885 0.29363620 0.09768178
v -0.00171576 0.29733270 0.09488805
v -0.00722975 0.25472644 0.09109703
v -0.00262690 0.25522399 0.09251275
v -0.00191579 0.25912639 0.09210879
v -0.00601614 0.25902748 0.09060965
v -0.01031256 0.25823343 0.08808793
v -0.01202703 0.25292778 0.08850774
v -0.00051667 0.26593342 0.09328736
v -0.00773530 0.25252318 0.09130175
v -0.00802999 0.25002563 0.09110624
v -0.01262121 0.25062659 0.08859845
v -0.01280521 0.24832983 0.08807756
v -0.01663096 0.25042710 0.08541386
v -0.01542152 0.25632966 0.08529694
v -0.02082802 0.25432733 0.08190725
v -0.02032488 0.24763085 0.08206954
v -0.02772434 0.24452725 0.07676586
v -0.02302573 0.24193250 0.07747293
v -0.02322397 0.24323228 0.07787366
v -0.02292418 0.24443226 0.07887273
v -0.02682051 0.24762881 0.07797030
v -0.03082501 0.24532120 0.07508591
v -0.02972595 0.24992113 0.07648651
v -0.02472609 0.25082055 0.07968800
v -0.02212449 0.24582744 0.08006002
v -0.02192457 0.24283393 0.07817899
v -0.02102488 0.24253435 0.07787906
v -0.02172476 0.24363391 0.07897858
v -0.02082483 0.24293403 0.07867864
v -0.02112482 0.24433352 0.08007772
v -0.02032478 0.24333349 0.07957786
v -0.01942487 0.24403313 0.08097712
v -0.01992525 0.24553333 0.08167633
v -0.01892408 0.24243300 0.07647880
v -0.01802395 0.24263217 0.07757764
v -0.01812439 0.24263263 0.07887735
v -0.01902446 0.24243318 0.07767824
v -0.01952399 0.24243385 0.07578054
v -0.01952458 0.24233389 0.07697915
v -0.01952244 0.24302472 0.07336088
v -0.01852231 0.24332871 0.07427371
v -0.02012360 0.24223372 0.07497905
v -0.02012431 0.24223432 0.07608059
v -0.02012502 0.24233453 0.07737910
v -0.02002471 0.24253391 0.07797881
v -0.01952466 0.24273339 0.07877807
v -0.01872463 0.24303286 0.07997721
v -0.01290516 0.24632904 0.08697754
v -0.01631407 0.24633314 0.08477157
v -0.01611324 0.24463221 0.08337203
v -0.01281098 0.24423096 0.08497350
v -0.01571244 0.24333142 0.08187246
v -0.01471862 0.24683335 0.07190780
v -0.01251042 0.24322897 0.08317323
v -0.01772207 0.24482313 0.07176062
v -0.01852166 0.24582255 0.06926073
v -0.01672294 0.24373031 0.07617614
v -0.02052312 0.24362430 0.06956044
v -0.01952146 0.24382256 0.07016089
v -0.02132296 0.24442378 0.06706028
v -0.02011934 0.24502310 0.06807552
v -0.01551819 0.24273250 0.08007848
v -0.01661462 0.24813303 0.08537099
v -0.00850537 0.24762945 0.08967734
v -0.00362966 0.24812636 0.09200631
v -0.00251844 0.28602812 0.10417678
v -0.00222072 0.29003713 0.10078098
v -0.01962469 0.24213524 0.07778035
v -0.00853995 0.16336089 0.02920420
v -0.02231756 0.24073493 0.07738107
v -0.02062272 0.23593405 0.06838775
v -0.01952389 0.23943534 0.07207860
v -0.02722717 0.23183139 0.07396084
v -0.02312650 0.22753352 0.07626263
v -0.02122629 0.23153074 0.07816099
v -0.02462629 0.23493150 0.07606107
v -0.01870927 0.23743097 0.08057459
v -0.02101992 0.23923498 0.07848116
v -0.01992297 0.24043587 0.07908212
v -0.01771582 0.23943731 0.08118384
v -0.01691399 0.24093761 0.08148574
v -0.01902482 0.24143527 0.07908051
v -0.01510933 0.24253556 0.07997638
v -0.01100540 0.24303961 0.08259658
v -0.01031217 0.23924194 0.07800015
v -0.01481310 0.23893191 0.07567211
v -0.01852472 0.23903666 0.07317730
v -0.01812453 0.24233651 0.07698245
v -0.01570919 0.24263515 0.08067638
v -0.01832470 0.24233580 0.07798146
v -0.01140713 0.24313886 0.08369403
v -0.01762452 0.16663249 0.02450315
v -0.01862463 0.24213541 0.07868069
v -0.01610836 0.24223496 0.08107715
v -0.01210772 0.24233821 0.08449239
v -0.01310760 0.24043770 0.08499136
v -0.01391386 0.23823419 0.08517243
v -0.01461487 0.23543318 0.08437155
v -0.01612163 0.22843625 0.08126758
v -0.01722655 0.22354223 0.07966735
v -0.01051639 0.22653718 0.08387244
v -0.01120191 0.22164714 0.08299029
v -0.00971462 0.23404156 0.08779094
v -0.00941146 0.23764062 0.08910000
v -0.00870943 0.24023922 0.08859408
v -0.00800879 0.24243994 0.08749564
v -0.00091601 0.26423371 0.09268746
v -0.00331836 0.26993299 0.09398841
v -0.00221879 0.27013254 0.09618736
v -0.00531989 0.27362615 0.10147171
v 0.00038060 0.26922837 0.09867702
v -0.00762029 0.27522659 0.10087270
v -0.00612043 0.27472621 0.10237186
v -0.00662027 0.27642643 0.10317243
v -0.00771856 0.27702758 0.10177528
v -0.00472067 0.27422625 0.10357194
v -0.00582075 0.27622610 0.10417163
v -0.00082106 0.27322742 0.10537472
v -0.00162125 0.27672702 0.10707392
v -0.00241972 0.28232795 0.10647628
v -0.00192137 0.27892950 0.10737969
v -0.00701893 0.27812725 0.10347439
v -0.00821778 0.28002766 0.10157551
v -0.00831640 0.28302795 0.09917629
v -0.01021645 0.28062907 0.09557878
v -0.00853051 0.41692808 -0.01829701
v -0.00730861 0.24344099 0.08649755
v -0.00640857 0.24344161 0.08469909
v -0.01001551 0.22923103 0.07147022
v -0.01011381 0.23333676 0.07388853
v -0.00560979 0.23324282 0.07530201
v -0.00550762 0.22924465 0.07299250
v -0.00270994 0.24343735 0.08549873
v -0.00241782 0.23953180 0.08038484
v -0.00592370 0.23953471 0.07968970
v -0.00291091 0.24363673 0.08769816
v -0.00341244 0.24233542 0.08899651
v -0.00401687 0.24013688 0.09049217
v -0.00212521 0.23313752 0.07589316
v -0.00211462 0.22894354 0.07359442
v -0.01912283 0.23443411 0.06948416
v -0.01952099 0.23082998 0.06736508
v -0.01481898 0.23343027 0.07196672
v -0.01502102 0.22973093 0.06976555
v -0.00530892 0.22114789 0.08559842
v -0.00471621 0.22594379 0.08590008
v -0.00431596 0.23694117 0.09099270
v -0.00451901 0.23303601 0.08947878
v -0.01981789 0.39802745 -0.08742584
v -0.06042333 0.36412671 0.02274771
v -0.05882283 0.35762614 0.03144708
v -0.05232549 0.36562794 0.03794156
v -0.05411012 0.37103304 0.03025170
v -0.06071704 0.37142333 0.01406521
v -0.05450753 0.37723145 0.02195615
v -0.03714108 0.40692577 -0.03769287
v -0.03774271 0.40672749 -0.02329948
v -0.01962849 0.41432759 -0.01948944
v -0.03244161 0.40752465 -0.05219354
v -0.04393040 0.39802432 -0.06085229
v -0.04594526 0.40062600 -0.04109884
v -0.04604454 0.40102729 -0.02569671
v -0.02322174 0.19765565 -0.06325984
v -0.04742042 0.32302547 -0.10062955
v -0.04483382 0.40062135 -0.01185779
v -0.03723147 0.40562353 -0.00916099
v -0.03703584 0.40352359 0.00363871
v -0.04383589 0.39922291 0.00013971
v -0.01962907 0.41282663 -0.00455686
v -0.00862791 0.41532719 -0.00265541
v -0.01583286 0.28505123 -0.10934743
v -0.00162460 0.30081180 0.09225982
v -0.04145452 0.23734039 -0.04735190
v -0.05211119 0.23658615 -0.03138550
v -0.05198579 0.18453686 -0.01195205
v -0.06498042 0.25971398 -0.01608964
v -0.06478226 0.26021269 -0.01688865
v -0.05354911 0.22248188 -0.01460437
v -0.05506457 0.23613037 -0.01585307
v -0.03287395 0.23722683 -0.05847792
v -0.07477064 0.26999953 -0.02741471
v -0.07535841 0.27360544 -0.02873059
v -0.07596495 0.26920226 -0.02701772
v -0.07685670 0.27290583 -0.02863034
v -0.07696381 0.27700105 -0.02952220
v -0.07655877 0.26760572 -0.02602086
v -0.07302275 0.30542323 -0.01993703
v -0.07441580 0.30712575 -0.01933089
v -0.06407195 0.25843972 -0.01215595
v -0.06407336 0.25902119 -0.01369324
v -0.06347653 0.25873786 -0.01285091
v -0.06317656 0.25833872 -0.01165038
v -0.06368435 0.25764510 -0.01063774
v -0.06288903 0.25784400 -0.01053232
v -0.07521766 0.32142380 -0.01463535
v -0.06181030 0.25792006 -0.01373489
v -0.06398817 0.25991088 -0.01628459
v -0.06388659 0.25931236 -0.01498581
v -0.06277211 0.25863954 -0.01365449
v -0.06229039 0.25777674 -0.01170044
v -0.06199061 0.25707904 -0.01009911
v -0.06287807 0.25654888 -0.00974194
v -0.07664608 0.26651308 -0.02652957
v -0.06865818 0.25692549 -0.01500652
v -0.07355472 0.29771155 -0.02524888
v -0.07375970 0.29591039 -0.02645274
v -0.07614478 0.29751238 -0.02812662
v -0.07585196 0.29971048 -0.02694116
v -0.05504797 0.27197480 -0.06689274
v -0.05632997 0.28249300 -0.07352527
v -0.01107201 0.20092010 -0.06722809
v -0.01052400 0.21464182 -0.06767435
v -0.07031992 0.31582510 -0.06163163
v -0.07345165 0.29931226 -0.02394625
v -0.07584970 0.30151150 -0.02574139
v -0.07565228 0.27760857 -0.02943126
v -0.07245324 0.29871213 -0.02384779
v -0.07265499 0.29711184 -0.02515026
v -0.07705098 0.30311096 -0.02744224
v -0.07725199 0.30091020 -0.02894138
v -0.07735045 0.29850969 -0.03013701
v -0.07276096 0.29521063 -0.02635559
v -0.07271556 0.30362472 -0.02653120
v -0.07511585 0.34702644 -0.04022870
v -0.07331584 0.34022871 -0.05372391
v -0.07132350 0.36342525 -0.04484230
v -0.06952228 0.35742563 -0.05943660
v -0.06461716 0.35052827 -0.07512484
v -0.06851997 0.33222479 -0.06913166
v -0.07272208 0.30522296 -0.02113866
v -0.07541296 0.30822641 -0.01983201
v -0.06053798 0.37702888 0.00572076
v -0.06542064 0.37132394 -0.00124230
v -0.05430469 0.38243210 0.01435610
v -0.05363676 0.38693330 0.00710830
v -0.05933907 0.38243166 -0.00177246
v -0.06621847 0.37472612 -0.01333935
v -0.07621438 0.33912703 -0.02472746
v -0.07451654 0.35332748 -0.02663578
v -0.07221533 0.35822725 -0.01362607
v -0.06992527 0.36922562 -0.03005364
v -0.06163199 0.38342777 -0.02037507
v -0.06502765 0.37902766 -0.03456212
v -0.05504308 0.39212930 -0.02469087
v -0.05713918 0.38972789 -0.03917815
v -0.05683351 0.38662526 -0.05506701
v -0.06622405 0.37452644 -0.04924519
v -0.05704064 0.38732991 -0.00838360
v -0.05174103 0.39123213 0.00131170
v -0.05234050 0.39373064 -0.01218646
v -0.04944222 0.39493135 -0.00349417
v -0.07041778 0.36042291 -0.00693599
v -0.05723413 0.25216499 -0.00964650
v -0.05841720 0.25197208 -0.00506668
v -0.06326856 0.26302984 0.00123093
v -0.06374206 0.28852463 0.03386982
v -0.06354288 0.30102089 0.03078191
v -0.06643371 0.29283124 0.02097410
v -0.06434413 0.27823028 0.02318415
v -0.06235509 0.31451985 0.02817156
v -0.06565522 0.30690700 0.01883634
v -0.06693885 0.32082570 0.01594665
v -0.06343106 0.32892361 0.02695231
v -0.05601960 0.34422514 -0.09032929
v -0.05861975 0.32762426 -0.08762915
v -0.05931939 0.31531912 -0.08443227
v -0.04581412 0.34712461 0.05786835
v -0.01842741 0.36511567 -0.11617023
v -0.04522531 0.37062535 0.04524875
v -0.04851830 0.36483255 -0.09231419
v -0.03642714 0.37072757 -0.10044807
v -0.06462149 0.36872754 -0.06363887
v -0.06081603 0.36243218 -0.07661568
v -0.05281918 0.35523015 -0.09141995
v -0.05822118 0.29971120 -0.08053236
v -0.04473986 0.39603004 0.00810671
v -0.05293544 0.31252250 0.05268789
v -0.05213908 0.30812123 0.05209120
v -0.05310889 0.31733161 0.05397529
v -0.05032610 0.30352873 0.05368984
v -0.01291385 0.29503316 0.07708599
v -0.01241427 0.29293263 0.07918525
v -0.01211954 0.29043439 0.08128073
v -0.01551380 0.29023325 0.07688638
v -0.01491463 0.28723311 0.07888518
v -0.00892131 0.29073572 0.08667725
v -0.00932330 0.29343593 0.08417368
v -0.01152441 0.28793377 0.08337554
v -0.01102362 0.28463453 0.08537645
v -0.00881758 0.28753442 0.08908223
v -0.01461518 0.27203387 0.08188634
v -0.01561509 0.27673405 0.07988606
v -0.01341537 0.28103328 0.08208505
v -0.01842725 0.28422749 0.07729201
v -0.01722948 0.28082716 0.07879543
v -0.01421575 0.28443328 0.08058430
v -0.01952691 0.28772727 0.07529258
v -0.01171999 0.28103390 0.08777931
v -0.01261738 0.27782986 0.09097983
v -0.00941819 0.28403348 0.09238192
v -0.00771610 0.28623119 0.09568381
v -0.00711537 0.28993186 0.09238501
v -0.01621338 0.29253393 0.07508818
v -0.02072051 0.29023027 0.07379136
v -0.02043103 0.27722514 0.07789556
v -0.02471633 0.27392861 0.07727453
v -0.02262957 0.28172550 0.07619336
v -0.02662997 0.27892220 0.07569394
v -0.02392830 0.28542581 0.07449149
v -0.02812913 0.28292298 0.07389250
v -0.02851839 0.27042532 0.07668617
v -0.03172642 0.26651958 0.07569779
v -0.03463684 0.26161739 0.07399023
v -0.03463827 0.27151048 0.07391097
v -0.03793212 0.26621953 0.07209775
v -0.03663828 0.27651009 0.07201494
v -0.04063445 0.27161771 0.07010391
v -0.03093892 0.27561095 0.07500564
v -0.03273869 0.27991110 0.07300624
v -0.02952991 0.28672522 0.07219105
v -0.02523001 0.28872594 0.07299177
v -0.03832573 0.28772900 0.06829503
v -0.03793581 0.28221929 0.07020551
v -0.03373063 0.28462335 0.07119672
v -0.03452003 0.28923133 0.06949054
v -0.04263473 0.27842131 0.06819972
v -0.04254002 0.28611937 0.06670435
v -0.04193605 0.29113117 0.06518948
v -0.02883349 0.29762653 0.06910911
v -0.02402437 0.29832187 0.06978416
v -0.03221251 0.29733536 0.06788925
v -0.03811307 0.29183537 0.06698707
v -0.03481280 0.29263526 0.06838828
v -0.04584327 0.29882231 0.05900093
v -0.04361775 0.29793847 0.06118272
v -0.03821232 0.29723626 0.06528953
v -0.03551250 0.29723603 0.06668968
v -0.04111902 0.29753685 0.06338301
v -0.01963615 0.29992959 0.06974782
v -0.01512080 0.30193961 0.06976105
v -0.05047982 0.22340272 -0.02835180
v -0.00691663 0.29333511 0.09007778
v -0.00691752 0.29633671 0.08747180
v -0.01263330 0.31892666 0.07329629
v -0.01063475 0.31592664 0.07219719
v -0.00482594 0.31662405 0.07967979
v -0.01682810 0.32302460 0.07588494
v -0.01201063 0.30443084 0.06997430
v -0.01023450 0.30692789 0.07019924
v -0.00942963 0.30962867 0.07079346
v -0.00943344 0.31282702 0.07139681
v -0.02764017 0.33790636 0.07592958
v -0.02442392 0.33122289 0.07847801
v -0.05582229 0.35132492 0.04095083
v -0.05902296 0.34242603 0.03774798
v -0.04741802 0.33212608 0.06086727
v -0.05041534 0.32762823 0.05816962
v -0.05241531 0.32252854 0.05587177
v -0.05982599 0.33052823 0.03556243
v -0.05972093 0.31803551 0.03536381
v -0.06053386 0.30622101 0.03698958
v -0.04680819 0.38242972 0.03036132
v -0.04650817 0.38772920 0.02316060
v -0.04642420 0.37663004 0.03794051
v -0.03713447 0.40052676 0.01363344
v -0.03761385 0.39682654 0.02267254
v -0.04593323 0.39223412 0.01580182
v -0.03821420 0.39212430 0.03036762
v -0.03853340 0.38673002 0.03752580
v -0.03802620 0.38082829 0.04504075
v -0.03712235 0.37432495 0.05235086
v -0.03542033 0.36612222 0.06016042
v -0.04003981 0.22405162 -0.04394225
v -0.00511848 0.28203106 0.08898046
v -0.00451738 0.28223124 0.08958250
v -0.00411851 0.28173107 0.08838059
v -0.00341755 0.28183132 0.08908246
v -0.00301915 0.28043082 0.08877929
v -0.00451795 0.27302957 0.09127992
v -0.00291780 0.27492929 0.08997931
v -0.00241900 0.27843028 0.08897921
v -0.06148291 0.25655746 -0.00043496
v -0.05087675 0.18781005 -0.02470553
v -0.04686797 0.19105113 -0.03511406
v 0.05213034 0.18659538 -0.02552287
v 0.04831515 0.18971123 -0.03617859
v 0.01902684 0.15823537 0.02180110
v 0.02904439 0.16225885 0.01586544
v 0.03044849 0.15284231 0.01416359
v 0.01973744 0.14919798 0.01928908
v 0.05363919 0.16608179 -0.03135556
v 0.05276074 0.17597823 -0.02577347
v 0.04921043 0.17943101 -0.03913988
v 0.05165078 0.16940576 -0.04512168
v 0.04317927 0.18157890 -0.05097797
v 0.04573813 0.17143837 -0.05636821
v 0.03652127 0.17130031 -0.06506807
v 0.03451367 0.18316926 -0.05980811
v 0.02400963 0.18243010 -0.06613582
v 0.02593409 0.16970213 -0.07049774
v 0.03988862 0.16643579 0.00861902
v 0.04853734 0.17047687 -0.00141940
v 0.04821972 0.16006976 -0.00227439
v 0.03988834 0.15734026 0.00751780
v 0.05310936 0.17457688 -0.01302718
v 0.05356814 0.16422382 -0.01598767
v 0.01349139 0.17042406 -0.07347708
v 0.01253535 0.18523379 -0.06907731
v 0.02237836 0.12947486 0.01531903
v 0.01073442 0.12736689 0.01689441
v 0.01029095 0.13675120 0.01966907
v 0.02124006 0.13900501 0.01679973
v 0.05045251 0.12740505 -0.00320637
v 0.06327400 0.13308790 -0.01709091
v 0.06914891 0.12479732 -0.01296541
v 0.05525735 0.11756734 0.00035146
v 0.06530093 0.09990562 0.01679856
v 0.08758532 0.10665919 0.00217046
v 0.08404160 0.08679478 0.01983677
v 0.06588970 0.08269124 0.02589237
v 0.08196864 0.06979693 0.03326623
v 0.06568138 0.06614433 0.03679536
v 0.07683026 0.02046886 0.06455802
v 0.06172116 0.01924067 0.06753475
v 0.06298619 0.03522428 0.05777935
v 0.07854278 0.03680488 0.05440585
v 0.08994392 -0.08119872 0.08253154
v 0.07863084 -0.07775722 0.08883139
v 0.08485131 -0.06092244 0.09125773
v 0.09478389 -0.06255160 0.08688670
v 0.14190765 0.03959351 0.03221929
v 0.14457287 0.05641859 0.02468955
v 0.15496506 0.04585027 0.02342817
v 0.15067688 0.02898607 0.02924494
v 0.10401145 0.14057618 -0.03830581
v 0.09814362 0.12741886 -0.01754029
v 0.08616658 0.12854850 -0.02439342
v 0.09196603 0.14150862 -0.04192466
v 0.13107379 -0.04565870 0.04639941
v 0.12656528 -0.05847871 0.05276776
v 0.12363489 -0.04915321 0.06055266
v 0.12735175 -0.03656668 0.05510055
v 0.10478857 -0.16027682 0.04318206
v 0.09147657 -0.16234030 0.05576535
v 0.09294835 -0.14202292 0.05651042
v 0.10593320 -0.13946088 0.04482609
v 0.13782513 -0.11147558 -0.00701220
v 0.14043161 -0.11251932 -0.02817786
v 0.13747206 -0.12945068 -0.02916461
v 0.13625509 -0.13055731 -0.00781617
v 0.10378584 0.02009679 0.05677698
v 0.09099005 0.02081417 0.06087614
v 0.09315008 0.03723126 0.05096000
v 0.10642084 0.03644555 0.04741677
v 0.32015508 0.04814292 -0.01001383
v 0.32151219 0.03264305 -0.01135145
v 0.29681000 0.03665259 -0.01055545
v 0.29525518 0.05179255 -0.00894067
v 0.12885590 -0.22820327 0.00208060
v 0.12856288 -0.22460908 -0.01763686
v 0.13263154 -0.24171178 -0.01500702
v 0.13211279 -0.24541803 0.00599864
v 0.17589279 0.10146141 0.00088703
v 0.17724568 0.11867956 -0.01504444
v 0.18589105 0.11326571 -0.01430419
v 0.18607305 0.09549061 -0.00014754
v 0.13320439 0.01125106 0.04365705
v 0.13794625 0.02520737 0.03827199
v 0.14498508 0.01573800 0.03343783
v 0.13950200 0.00384684 0.03735181
v 0.14617108 -0.08310762 -0.02840513
v 0.14408201 -0.08140866 -0.01070626
v 0.14767520 -0.06567346 -0.01502725
v 0.15032503 -0.06750396 -0.03097543
v 0.14098164 -0.09666852 -0.00819917
v 0.14301693 -0.09806918 -0.02764667
v 0.12498131 0.01590576 0.04829136
v 0.11517529 0.01849067 0.05261493
v 0.11814290 0.03484413 0.04423830
v 0.12838921 0.03197984 0.04141549
v 0.08406033 -0.09707756 0.07532153
v 0.07053920 -0.09291933 0.08300330
v 0.12581357 -0.24972415 0.02616679
v 0.11451022 -0.25476140 0.04335696
v 0.11276092 -0.23639846 0.03849981
v 0.12335268 -0.23215936 0.02150225
v 0.07797395 -0.12508483 0.06477357
v 0.07954948 -0.11014725 0.06733056
v 0.09234478 -0.10969998 0.05964490
v 0.09163502 -0.12374648 0.05630852
v 0.09937342 -0.25932664 0.05721066
v 0.08264946 -0.26295525 0.06824591
v 0.08162235 -0.24328728 0.06294191
v 0.09834541 -0.24044573 0.05224897
v 0.08024804 0.05319156 0.04422373
v 0.06459650 0.05078074 0.04753772
v 0.10817081 -0.07958429 0.06925967
v 0.09982769 -0.08139855 0.07580546
v 0.10389515 -0.06278290 0.08101646
v 0.11122110 -0.06185337 0.07447197
v 0.15595597 0.01518750 0.02256686
v 0.16551414 0.03179046 0.01773520
v 0.16390187 0.00982282 0.00651566
v 0.15531066 0.00067281 0.01086675
v 0.13727576 -0.25844434 -0.01171460
v 0.13621476 -0.26216531 0.00977902
v 0.10176990 -0.27815875 0.06152196
v 0.08464259 -0.28253511 0.07260764
v 0.18037635 -0.00447217 -0.03608418
v 0.18878871 0.00361101 -0.04083892
v 0.19212860 0.00297482 -0.05133427
v 0.18445660 -0.00515310 -0.04744004
v 0.04966273 -0.05941749 0.09524483
v 0.06306759 -0.04926350 0.09544791
v 0.06857498 -0.06715903 0.09405804
v 0.05754904 -0.08075259 0.09048091
v 0.10510297 -0.09497605 0.06107086
v 0.10350130 -0.10674835 0.05251867
v 0.09545475 -0.09711374 0.06813135
v 0.03566398 -0.07069870 0.09127119
v 0.04472100 -0.09776748 0.08339687
v 0.04826925 0.04758676 0.05061854
v 0.04702091 0.03301146 0.06051134
v 0.04860156 0.06321068 0.04145953
v 0.03157425 0.05925523 0.04561015
v 0.03036380 0.07491302 0.03764366
v 0.04768407 0.07849632 0.03258935
v 0.02825486 0.09025281 0.03149962
v 0.04562539 0.09421163 0.02574001
v 0.03613329 0.12237289 0.00751027
v 0.03918402 0.11346953 0.01095351
v 0.14859833 0.00414972 0.02554882
v 0.14312689 -0.00635380 0.02851174
v 0.11729395 -0.27281862 0.04765093
v 0.10953605 0.06719110 -0.11720248
v 0.10658210 0.04934265 -0.12138654
v 0.12314160 0.05333482 -0.11353888
v 0.12601238 0.07003392 -0.11010604
v 0.11471534 0.14284287 -0.03609416
v 0.11188646 0.12946780 -0.01435280
v 0.16461989 -0.00472386 -0.08416408
v 0.17406365 0.00435361 -0.08119373
v 0.17321713 0.01243154 -0.08529204
v 0.16312122 0.00417486 -0.08920947
v 0.19451362 0.01685514 -0.07156498
v 0.19505896 0.01032692 -0.06676527
v 0.21109773 0.01747207 -0.07053354
v 0.20988023 0.02397932 -0.07529059
v 0.12758230 -0.23857622 -0.03428205
v 0.12255393 -0.22127339 -0.03649991
v 0.12104207 -0.09965900 -0.08152355
v -0.00077454 0.16136573 -0.07982603
v -0.00022670 0.17461763 -0.07457770
v 0.13100837 -0.10654821 -0.06568064
v 0.13661213 -0.09109869 -0.06348184
v 0.12886624 -0.08454441 -0.07895682
v 0.01756883 0.03443285 -0.11658429
v 0.01770269 0.01843200 -0.11791048
v 0.03578218 0.02378314 -0.12260379
v 0.03588535 0.03930517 -0.12100284
v 0.07261899 0.07174033 -0.12338371
v 0.07395870 0.08786507 -0.11936326
v 0.05304322 0.07846367 -0.12071380
v 0.05326623 0.06303561 -0.12350570
v 0.09093679 0.06178293 -0.12325238
v 0.08916341 0.04345503 -0.12691291
v 0.15081741 -0.06625563 -0.04668285
v 0.14518246 -0.08114289 -0.04558714
v 0.16247511 -0.03527498 -0.03963773
v 0.16305742 -0.03457319 -0.05223668
v 0.15912701 -0.04373793 -0.05081637
v 0.15864719 -0.04417311 -0.03733521
v 0.08345555 0.14566080 -0.04523289
v 0.08068330 0.15002191 -0.06313148
v 0.09132060 0.14753768 -0.06106414
v 0.04766796 0.12595181 -0.09989624
v 0.04746873 0.12042700 -0.10418542
v 0.06084285 0.12569432 -0.10029841
v 0.05714633 0.13071285 -0.09612292
v 0.03926999 -0.03923766 -0.12030664
v 0.01931536 -0.04087749 -0.11837986
v 0.01981564 -0.05921475 -0.11389825
v 0.04102431 -0.05948465 -0.11582353
v 0.17555188 -0.00911029 -0.07091312
v 0.16686012 -0.01867651 -0.07182629
v 0.16783899 -0.02359194 -0.06365825
v 0.17585300 -0.01460452 -0.06390242
v 0.15774910 -0.04108422 -0.06241643
v 0.16193493 -0.03202739 -0.06300551
v 0.16018479 -0.02743238 -0.07236142
v 0.15488663 -0.03653776 -0.07304231
v 0.13687000 -0.07005759 -0.07625438
v 0.14235756 -0.07633510 -0.06140183
v 0.14905353 -0.06222043 -0.06151236
v 0.14484829 -0.05663513 -0.07519767
v 0.01895652 -0.12525918 -0.10076968
v 0.03653953 -0.12808108 -0.10425949
v 0.03792276 -0.10440220 -0.10779747
v 0.01929983 -0.10292447 -0.10577676
v 0.20115946 0.01740404 -0.02616205
v 0.20070475 0.02359951 -0.01527850
v 0.21479051 0.02326085 -0.02008983
v 0.21796700 0.01775373 -0.03204363
v 0.22609945 0.05557597 -0.09024310
v 0.21496205 0.05050084 -0.08973908
v 0.21642356 0.04441528 -0.08834441
v 0.22732809 0.04993464 -0.08974242
v 0.24081188 0.01291485 -0.04660956
v 0.23618828 0.01673188 -0.03583496
v 0.25743002 0.01500124 -0.03822378
v 0.26160553 0.01084647 -0.04950289
v 0.12628783 0.14295264 -0.06060366
v 0.12610799 0.14490023 -0.03446286
v 0.11658601 0.14544362 -0.06001713
v 0.24424803 0.01108606 -0.06468458
v 0.24366863 0.01546428 -0.07226651
v 0.22654000 0.01426322 -0.06865952
v 0.22696494 0.01160570 -0.06078517
v 0.29490453 0.06755663 -0.01548416
v 0.31954789 0.06415875 -0.01646087
v 0.28680015 0.00957510 -0.06111099
v 0.28840065 0.01201330 -0.07037668
v 0.26528034 0.01152662 -0.06757065
v 0.26447487 0.00926719 -0.05917146
v 0.11408591 -0.11521467 -0.08268605
v 0.12593165 -0.12237339 -0.06758542
v 0.10409876 -0.23400410 -0.06588124
v 0.11770861 -0.23600982 -0.05176448
v 0.11189755 -0.21756046 -0.05304858
v 0.09900001 -0.21416588 -0.06680916
v 0.13203759 -0.25603384 -0.03253411
v 0.10831189 -0.25360045 -0.06506976
v 0.12202846 -0.25436562 -0.05049822
v 0.06319236 0.15848136 -0.05918030
v 0.05240556 0.15693226 -0.07221714
v 0.06141799 0.15009627 -0.07577626
v 0.07166478 0.15250425 -0.06378397
v 0.16008872 -0.36652681 -0.03238884
v 0.16171567 -0.39469734 -0.03641546
v 0.16911043 -0.39501607 -0.01020095
v 0.16536361 -0.36793706 -0.00586475
v 0.03382709 0.13831621 -0.09030271
v 0.04863936 0.14501779 -0.08342727
v 0.04026205 0.15080024 -0.07966447
v 0.02801553 0.14585733 -0.08493804
v 0.16064101 -0.34314501 -0.00437154
v 0.15667681 -0.34013057 -0.02984835
v 0.07456426 0.14794719 -0.04563841
v 0.06519594 0.15145825 -0.04212110
v 0.06984466 0.14095820 -0.03071538
v 0.06196713 0.14577216 -0.02737421
v 0.05565581 0.14053854 -0.01290913
v 0.17081887 -0.40066785 0.01640684
v 0.16529223 -0.37413761 0.01842283
v 0.05023079 0.16487217 -0.06315210
v 0.03913215 0.16200909 -0.07177688
v 0.02513951 0.15846956 -0.07757802
v 0.01113464 0.15706517 -0.08050366
v 0.13584603 -0.27270681 -0.03049943
v 0.14016330 -0.27477470 -0.00862099
v 0.11834317 -0.50299263 -0.10058548
v 0.09178817 -0.50640565 -0.10779034
v 0.09016605 -0.51917171 -0.09795216
v 0.12079455 -0.51843160 -0.09112700
v 0.02694790 -0.49081483 -0.10714748
v 0.02461972 -0.50193167 -0.09236766
v 0.05734845 -0.51356131 -0.09810910
v 0.06059796 -0.50189912 -0.11052761
v 0.05884159 -0.37600228 -0.12796251
v 0.05828286 -0.35354623 -0.11996531
v 0.03136568 -0.35399878 -0.12068241
v 0.03104155 -0.37649062 -0.12803023
v 0.11235382 -0.27165142 -0.06494845
v 0.12616925 -0.27167568 -0.04956819
v 0.13860889 -0.27829197 0.01345851
v 0.18182282 -0.53747922 -0.01119945
v 0.17711592 -0.57413405 -0.01377942
v 0.17334856 -0.58018142 0.02090595
v 0.17642751 -0.54312801 0.02463402
v 0.14546034 -0.56805414 -0.06752725
v 0.14903003 -0.53795099 -0.06997269
v 0.11904789 -0.53976959 -0.08433510
v 0.11615367 -0.56547058 -0.08048288
v 0.06748178 -0.28622395 0.08260092
v 0.08575188 -0.30134496 0.07447934
v 0.06816991 -0.30567285 0.08452525
v 0.01786588 -0.29437703 0.10148121
v 0.03572671 -0.29178026 0.09734508
v 0.03390868 -0.31186643 0.09830925
v 0.01673638 -0.31428561 0.10153229
v 0.02406918 -0.42394868 0.08823363
v 0.01127432 -0.42422482 0.09050655
v 0.01270479 -0.40162954 0.09145873
v 0.02736378 -0.40010121 0.08878453
v 0.15783486 -0.38090509 0.04159751
v 0.14181358 -0.38778153 0.05902513
v 0.13564061 -0.36564896 0.05705523
v 0.15056410 -0.35843432 0.04044810
v 0.02346337 -0.51066583 -0.07463408
v 0.05356922 -0.52378577 -0.08343378
v 0.15838905 -0.58419913 0.05190379
v 0.15928854 -0.54727256 0.05617213
v 0.13255598 -0.58666998 0.07445653
v 0.10278900 -0.58513337 0.08347010
v 0.10442164 -0.55278802 0.08591297
v 0.13491188 -0.55193388 0.07733199
v 0.02929758 -0.49668804 0.06352336
v 0.01556558 -0.51123428 0.04128297
v 0.01195264 -0.50459838 0.04658603
v 0.02280625 -0.48487824 0.07029479
v 0.02862521 -0.47829360 -0.11733662
v 0.06053475 -0.48673567 -0.12074617
v 0.05962783 -0.46924505 -0.12794943
v 0.02910382 -0.46263000 -0.12529646
v 0.09218396 -0.25333983 -0.07549627
v 0.09592346 -0.27253005 -0.07625164
v 0.07491471 -0.25322935 -0.08214626
v 0.08852006 -0.23205084 -0.07575233
v 0.07174331 -0.23074701 -0.08148305
v 0.08142085 -0.09604798 -0.10320724
v 0.09920666 -0.10634769 -0.09452838
v 0.10735276 -0.09105821 -0.09512878
v 0.09043484 -0.07909083 -0.10547187
v 0.05315241 0.03020333 -0.12767290
v 0.05294682 0.04685164 -0.12600115
v 0.08242018 -0.55673218 -0.08334180
v 0.04582352 -0.53896701 -0.07264481
v 0.05377183 -0.57977700 -0.07342441
v 0.08522761 -0.58817118 -0.08136529
v 0.16159797 -0.60248554 -0.04566306
v 0.16744141 -0.56941152 -0.04497216
v 0.14194885 -0.59895700 -0.06641235
v 0.17144001 -0.60831279 -0.01593061
v 0.16939533 -0.61443937 0.01773208
v 0.12971452 -0.62029713 0.07137277
v 0.09986254 -0.61759573 0.07921741
v 0.02851543 -0.57455653 0.04045835
v 0.04752329 -0.57865071 0.05988212
v 0.04617510 -0.60508084 0.05388324
v 0.02804504 -0.59906715 0.03251135
v 0.06054507 -0.42869702 0.08304662
v 0.09240896 -0.41037986 0.07721891
v 0.09743942 -0.43641603 0.07931564
v 0.07068774 -0.45500082 0.08165323
v 0.02242986 -0.27312139 0.09747708
v 0.03639537 -0.27010173 0.09448490
v 0.05101005 -0.28914589 0.09145162
v 0.05046726 -0.26789534 0.08832401
v 0.06612679 -0.26575363 0.07882256
v 0.03856432 -0.18402568 0.08444949
v 0.05643154 -0.18449900 0.07751592
v 0.05247357 -0.20441560 0.07841557
v 0.03582422 -0.20419300 0.08554859
v 0.04156938 -0.16311607 0.08313953
v 0.06022570 -0.16349140 0.07688444
v 0.04334619 -0.12056489 0.07807460
v 0.06391399 -0.10729068 0.07532915
v 0.06164845 -0.12375626 0.07219199
v 0.03173352 0.04365668 0.05376989
v 0.03112648 0.02889148 0.06231235
v 0.16460679 -0.40711832 0.04176937
v 0.02017716 -0.54463285 -0.04846826
v 0.00912365 -0.55434322 -0.02559817
v 0.01458909 -0.58208650 -0.03313702
v 0.02796881 -0.57828897 -0.05571049
v 0.15841800 -0.35030684 0.01918018
v 0.12920418 -0.26706794 0.03030468
v 0.13119467 -0.28377727 0.03345531
v 0.12897262 -0.13131435 0.01374315
v 0.12904660 -0.10788781 0.01829989
v 0.07581925 -0.04338520 0.09344926
v 0.07687877 -0.05675175 0.09385219
v 0.17232355 -0.53493309 -0.04482633
v 0.12066165 -0.68217301 0.06179702
v 0.09081654 -0.67983717 0.06742290
v 0.09614172 -0.64876485 0.07382650
v 0.12533388 -0.65188408 0.06682803
v 0.02034387 -0.62246263 0.00302619
v 0.02907651 -0.62712908 0.02402909
v 0.03175493 -0.65717155 0.01615435
v 0.02512631 -0.65329093 -0.00559441
v 0.02953883 -0.68461162 -0.01196014
v 0.03327494 -0.68882477 0.00993820
v 0.03395806 -0.72032529 0.00233111
v 0.03209452 -0.71512514 -0.01877257
v 0.15393624 -0.61890596 0.04815020
v 0.15670781 -0.67703086 0.01365932
v 0.14399464 -0.68159765 0.04141083
v 0.14918680 -0.65062362 0.04480916
v 0.16255629 -0.64601892 0.01542641
v 0.11596631 -0.59538060 -0.07850385
v 0.01696900 -0.59421670 0.01174410
v 0.01556146 -0.57083470 0.02030199
v 0.03077349 -0.64909351 -0.04614381
v 0.04449024 -0.64867210 -0.06530145
v 0.03619036 -0.61486602 -0.06131543
v 0.02205750 -0.61574143 -0.04003144
v 0.13771047 -0.65833884 -0.06478304
v 0.15238397 -0.66284949 -0.04414796
v 0.15676393 -0.63347077 -0.04457446
v 0.13968869 -0.62910980 -0.06533947
v 0.15845604 -0.66996485 -0.01652175
v 0.16473815 -0.63982332 -0.01595572
v 0.14609985 -0.73687267 0.01051365
v 0.13301596 -0.74105591 0.03544861
v 0.13831747 -0.71190870 0.03860508
v 0.15133280 -0.70734245 0.01192316
v 0.14994805 -0.72932649 -0.01843671
v 0.15389714 -0.69978631 -0.01757114
v 0.14975874 -0.69267219 -0.04418615
v 0.14695966 -0.72210705 -0.04330119
v 0.13350767 -0.71561307 -0.06169035
v 0.13587503 -0.68690395 -0.06358981
v 0.11620999 -0.68329626 -0.07675797
v 0.11609448 -0.71127003 -0.07452400
v 0.09420757 -0.68060285 -0.08168513
v 0.07155204 -0.67892790 -0.07796035
v 0.07619199 -0.70734441 -0.07690704
v 0.09666617 -0.70875454 -0.07937604
v 0.04341050 -0.70929134 -0.05520520
v 0.05745491 -0.70773220 -0.06912735
v 0.05145404 -0.67911911 -0.06765915
v 0.03788600 -0.68016785 -0.05089362
v 0.05984075 -0.82245529 -0.07406278
v 0.07575674 -0.82075608 -0.07736508
v 0.07102132 -0.79129183 -0.07491748
v 0.05457952 -0.79304117 -0.07002007
v 0.09146076 -0.81957763 -0.08088690
v 0.10710406 -0.81927377 -0.08064237
v 0.10326963 -0.79168695 -0.07711541
v 0.08746568 -0.79117417 -0.07672101
v 0.13139012 -0.79897773 -0.05784222
v 0.11868746 -0.79401642 -0.07142821
v 0.12247009 -0.82160461 -0.07429785
v 0.13515227 -0.82681477 -0.06021799
v 0.14632605 -0.83293885 -0.04244232
v 0.14539337 -0.80576444 -0.04166106
v 0.14379540 -0.83999777 -0.02146624
v 0.14638606 -0.81323934 -0.02078169
v 0.13236503 -0.81997055 0.00359320
v 0.13127074 -0.84591776 0.00221591
v 0.03808784 -0.83533406 -0.03268665
v 0.03818483 -0.82997042 -0.05072002
v 0.03429644 -0.80106848 -0.04353863
v 0.03651557 -0.80666500 -0.02605651
v 0.05758555 -0.81797969 0.01322368
v 0.07188821 -0.82217371 0.03701295
v 0.07107002 -0.84856617 0.02562616
v 0.05955890 -0.84520817 0.00096055
v 0.14728856 -0.75819832 -0.01932849
v 0.14122221 -0.76583230 0.00890477
v 0.13100007 -0.74363506 -0.05940491
v 0.14455590 -0.75054914 -0.04210741
v 0.04784407 -0.73711050 -0.05979028
v 0.06262413 -0.73534834 -0.07059491
v 0.03443957 -0.75011683 -0.00660317
v 0.03296170 -0.74443907 -0.02650865
v 0.10321749 -0.76922393 0.04678120
v 0.12495147 -0.76868093 0.03254607
v 0.12113323 -0.79649931 0.03044149
v 0.09940570 -0.79758829 0.04450153
v 0.14562435 -0.78552800 -0.02038541
v 0.14402463 -0.77809739 -0.04180954
v 0.12999053 -0.77135557 -0.05789860
v 0.11658091 -0.76643485 -0.07078692
v 0.10054559 -0.76414990 -0.07577472
v 0.08398412 -0.76308298 -0.07520088
v 0.06693980 -0.76304072 -0.07250480
v 0.05120338 -0.76480544 -0.06483138
v 0.03393963 -0.77273512 -0.03517134
v 0.03619180 -0.77861357 -0.01706370
v 0.09660501 -0.82447058 0.04282443
v 0.11982962 -0.82390201 0.02905024
v 0.11971924 -0.84902352 0.02376288
v 0.09479186 -0.84922290 0.03433533
v 0.09490140 -0.87206560 0.02214923
v 0.07410604 -0.87079102 0.01315306
v 0.09572665 -0.84825253 -0.08563825
v 0.11140422 -0.84793937 -0.08457704
v 0.12657829 -0.85038066 -0.07771592
v 0.14774428 -0.85984695 -0.04556669
v 0.14238377 -0.86775184 -0.02068070
v 0.13014200 -0.87285590 0.00099867
v 0.11672442 -0.87150115 0.01755442
v 0.05247457 -0.88749409 -0.05925009
v 0.04568684 -0.85794806 -0.05470687
v 0.04421759 -0.86234349 -0.03844936
v 0.05155228 -0.89155054 -0.04316064
v 0.06951299 -0.88303435 -0.08282963
v 0.08325597 -0.87965477 -0.09191470
v 0.08081392 -0.85063303 -0.08088960
v 0.06721018 -0.85212094 -0.07470669
v 0.09977064 -0.87802273 -0.09568915
v 0.11708336 -0.87817043 -0.09256182
v 0.13330355 -0.87934184 -0.08464221
v 0.14019169 -0.85373545 -0.06476423
v 0.14617546 -0.88292152 -0.06966213
v 0.14932722 -0.88934720 -0.04719076
v 0.14295597 -0.89692646 -0.01772489
v 0.12612970 -0.93306363 -0.00200262
v 0.12299719 -0.90223277 0.00155498
v 0.14576997 -0.92738587 -0.01928561
v 0.10108875 -1.03491628 -0.01492288
v 0.12385113 -1.03226447 -0.01520206
v 0.12027598 -1.06807160 -0.02173628
v 0.09972327 -1.07103586 -0.02114263
v 0.05468898 -0.92147130 -0.04781229
v 0.05418222 -0.91912252 -0.06587304
v 0.06841591 -0.91508633 -0.09269217
v 0.08418481 -0.91161162 -0.10185075
v 0.15697023 -0.95215619 -0.05281340
v 0.15355784 -0.92011923 -0.04844890
v 0.15081105 -0.91387528 -0.07361934
v 0.15371130 -0.94680220 -0.07828842
v 0.05102362 -1.02358615 -0.05893660
v 0.05002481 -1.02198434 -0.07783446
v 0.04866939 -0.98710161 -0.07544676
v 0.04985581 -0.98880917 -0.05525581
v 0.06649525 -0.94898802 -0.09986520
v 0.06588335 -0.98354048 -0.10463694
v 0.08290028 -0.98077399 -0.11413363
v 0.08332115 -0.94591552 -0.10965716
v 0.15236488 -1.02318025 -0.05953446
v 0.15665504 -0.98654866 -0.05678828
v 0.15408427 -0.98220229 -0.08166859
v 0.15036875 -1.01994729 -0.08323248
v 0.14849421 -0.95870781 -0.02424536
v 0.14750440 -0.99168402 -0.02911077
v 0.12704331 -0.99745291 -0.01023238
v 0.12673563 -0.96426773 -0.00516554
v 0.10208030 -0.99927497 -0.00936914
v 0.10141878 -0.96559525 -0.00546352
v 0.00021324 -0.49940768 0.05424315
v -0.00001887 -0.51047176 0.03381709
v -0.00022717 -0.51150846 0.01844685
v 0.06152522 -1.09819126 -0.07830156
v 0.05602279 -1.05914915 -0.07796553
v 0.05611578 -1.06212771 -0.06076664
v 0.06169575 -1.10225439 -0.06302068
v 0.08436715 -1.01759589 -0.11409225
v 0.06769488 -1.01905084 -0.10566277
v 0.07176007 -1.05691850 -0.10251617
v 0.08635583 -1.05614114 -0.11032987
v 0.14079589 -1.10237074 -0.06299870
v 0.14695713 -1.06200194 -0.06138032
v 0.14468509 -1.05988467 -0.08324866
v 0.13766104 -1.10019696 -0.08359935
v 0.11715610 -1.10691035 -0.02853275
v 0.13963932 -1.06448066 -0.03681658
v 0.13449335 -1.10456264 -0.04191040
v 0.11273590 -1.14594579 -0.03234324
v 0.09613933 -1.14846015 -0.03150996
v 0.09817187 -1.10950899 -0.02756641
v 0.06646005 -1.14007819 -0.06429686
v 0.06497914 -1.13681972 -0.07847504
v 0.08565571 -1.13213813 -0.10511022
v 0.08700037 -1.09454358 -0.10693613
v 0.07386485 -1.09593713 -0.09965066
v 0.07402472 -1.13415539 -0.09781581
v 0.11809839 -1.09806991 -0.10584015
v 0.10246661 -1.09562397 -0.10942096
v 0.10014489 -1.13279724 -0.10709167
v 0.11436592 -1.13520730 -0.10312948
v 0.13020046 -1.13684988 -0.08270624
v 0.12993935 -1.09925759 -0.09725246
v 0.12354152 -1.13634694 -0.09493478
v 0.13434863 -1.13867569 -0.06357477
v 0.12890153 -1.14245594 -0.04423270
v 0.00818070 -0.51755071 -0.03062736
v 0.00543025 -0.52867985 -0.00622963
v 0.00751934 -0.53731948 -0.01574586
v 0.01544606 -0.52406335 -0.03899526
v 0.04530205 -0.63370043 0.04725472
v 0.04417771 -0.66488045 0.03960618
v 0.04231965 -0.72678888 0.02427921
v 0.04335193 -0.69682115 0.03237679
v 0.04304940 -0.75660115 0.01443937
v 0.04502308 -0.78596759 0.00355720
v 0.04576761 -0.81320935 -0.00831380
v 0.04673474 -0.84054095 -0.01737397
v 0.05162228 -0.86767614 -0.02267420
v 0.05818401 -0.89665151 -0.02499067
v 0.06214597 -0.95645678 -0.03359751
v 0.05238311 -0.95458454 -0.05148023
v 0.06262314 -0.92540646 -0.03003995
v 0.06126513 -1.02708840 -0.03916826
v 0.06042280 -0.99060518 -0.03627256
v 0.06456123 -1.06667793 -0.04330811
v 0.06893678 -1.10676038 -0.04786701
v 0.07339432 -1.14416349 -0.05016277
v 0.07714397 -0.52694207 0.08161286
v 0.05184120 -0.53168315 0.06896296
v 0.05339192 -0.51262516 0.07199777
v 0.07784941 -0.50223035 0.08164915
v 0.00952914 -0.51475149 0.02524072
v 0.00560627 -0.51387817 0.01199635
v 0.00478133 -0.51123452 0.01554982
v 0.00790537 -0.51096612 0.02907867
v 0.13635473 -0.79282677 0.00626173
v 0.11580868 -0.73882347 -0.07179078
v 0.09852086 -0.73640883 -0.07686312
v 0.08045743 -0.73517549 -0.07537335
v -0.00032019 -0.50752205 0.00324309
v 0.05703125 -0.76280409 0.03509407
v 0.07760348 -0.76692271 0.04757340
v 0.07455973 -0.79503143 0.04256596
v 0.05489450 -0.79190320 0.02679760
v 0.09915531 -0.93748707 -0.00232058
v 0.08025714 -0.96180791 -0.01823746
v 0.07853539 -0.93192965 -0.01328155
v 0.09828759 -0.91180974 0.00321489
v 0.12232699 -0.90889907 -0.10110759
v 0.13904218 -0.91007549 -0.09149808
v 0.12515457 -0.94215292 -0.10935529
v 0.10317380 -0.90921366 -0.10443140
v 0.10412314 -0.94278049 -0.11289619
v 0.06139877 -0.70560020 0.05146666
v 0.08595254 -0.71003920 0.06040595
v 0.08168381 -0.73873585 0.05310097
v 0.05869845 -0.73418909 0.04304275
v 0.10783710 -0.19903859 -0.05603328
v 0.09584232 -0.19431013 -0.06932613
v 0.12189877 -0.08127254 0.04790229
v 0.12376226 -0.09259929 0.03532309
v 0.11310946 -0.10150056 0.04452245
v 0.11401262 -0.08968392 0.05463303
v 0.12821910 -0.07008247 0.04228083
v 0.13048518 -0.08126298 0.02914497
v 0.13294385 -0.05719837 0.03599683
v -0.00052118 0.10796533 -0.10006500
v -0.00061420 0.11982191 -0.09681252
v 0.13550808 -0.06822555 0.02334909
v 0.15647131 -0.00942983 -0.00239489
v 0.16395527 -0.00202398 -0.00661859
v 0.04319435 -0.14226975 0.08084422
v 0.02311657 -0.14272988 0.08322214
v 0.02357239 -0.12291989 0.08111390
v 0.05060570 -0.30921268 0.09244300
v 0.03896882 -0.42527798 0.08515212
v 0.04409047 -0.39805010 0.08517963
v 0.06459457 -0.39441365 0.08124534
v 0.00758704 -0.48759639 0.06789074
v 0.05698604 -0.10849047 -0.10581347
v 0.05476070 -0.13232809 -0.10309766
v 0.03535201 0.05514826 -0.11885612
v 0.01732267 0.04961838 -0.11478528
v 0.03392983 0.08341163 -0.11342096
v 0.03275307 0.09555013 -0.11055508
v 0.01585148 0.08938865 -0.10734282
v 0.00135010 -0.18358941 0.08745539
v 0.00066974 -0.20331162 0.08931440
v 0.01669264 0.07732424 -0.10990866
v 0.01633263 0.13645479 -0.09196106
v 0.00269451 -0.12483175 0.08000796
v 0.00243268 -0.14395280 0.08184905
v 0.01332472 0.14701575 -0.08627281
v 0.00579536 -0.51789260 0.00880868
v 0.00309736 -0.51219994 -0.01066895
v 0.00291932 -0.51066715 -0.00307337
v 0.02993603 -0.55315119 0.04753936
v 0.01606334 -0.55210340 0.02821734
v 0.01739527 -0.53765887 0.03479080
v 0.03174535 -0.53581691 0.05290029
v 0.17699879 -0.50565416 0.02943058
v 0.18355899 -0.49980432 -0.00602638
v 0.08638741 -0.53466463 -0.08880259
v 0.33443540 0.00974419 -0.07298551
v 0.33601078 0.01770943 -0.08131982
v 0.31204432 0.01789988 -0.08041775
v 0.31080022 0.01094001 -0.07192843
v 0.06123485 -0.03781673 -0.12131511
v 0.06856190 -0.06202128 -0.11380760
v 0.07796744 0.13468549 -0.02932324
v 0.14852972 0.14287710 -0.02948123
v 0.14530274 0.13186334 -0.00578997
v 0.13525607 0.13282859 -0.00953384
v 0.13731380 0.14492293 -0.03236480
v -0.00041996 -0.50247175 -0.01082778
v 0.14091411 0.08886182 -0.09684409
v 0.14303634 0.10670099 -0.08769111
v 0.13172147 0.10735887 -0.09435304
v 0.12896323 0.08812730 -0.10375473
v 0.03034918 -0.40028286 -0.13261659
v 0.05833332 -0.39994693 -0.13373321
v 0.03491342 -0.20249125 -0.08977750
v 0.05236406 -0.20549117 -0.08823632
v 0.05183681 -0.18214798 -0.09375614
v -0.00001727 -0.50226319 -0.04974954
v 0.00012965 -0.49765062 -0.05854416
v 0.03458074 -0.17819220 -0.09502944
v 0.09058531 -0.05017007 -0.11464109
v 0.10409652 -0.06490241 -0.10492124
v 0.03011139 -0.02116767 0.08662324
v 0.04570789 -0.01640025 0.08675104
v 0.04659785 -0.03623286 0.09309942
v 0.03150146 -0.04355469 0.09196416
v 0.27901319 0.04515375 -0.08912123
v 0.25722206 0.03691751 -0.08742267
v 0.26242876 0.02501651 -0.08242414
v 0.28625768 0.02760113 -0.08566678
v 0.17341746 -0.49419418 -0.04573930
v 0.14949843 -0.51065117 -0.07592813
v 0.12516825 -0.16377422 -0.04795413
v 0.11480363 -0.15849948 -0.06611601
v 0.11009170 -0.17926310 -0.06138544
v 0.12123331 -0.18438351 -0.04428743
v 0.13752216 -0.11053939 -0.04789276
v 0.13314368 -0.12725401 -0.04918005
v 0.14121580 -0.09586285 -0.04632795
v 0.18634866 -0.00274933 -0.05725205
v 0.19409977 0.00513751 -0.06021777
v 0.18715429 0.00269286 -0.06431739
v 0.04963027 -0.55312169 0.06543127
v 0.04864369 -0.47677606 0.07762216
v 0.04043254 -0.46059665 0.08175938
v 0.00279109 -0.50803161 0.00155947
v 0.05629843 0.15366901 -0.02208701
v 0.05137593 0.15003505 -0.00795533
v 0.22545272 0.01221191 -0.05182281
v 0.24353544 0.01057099 -0.05600567
v 0.17083931 -0.01638768 -0.03196365
v 0.17422125 -0.01887969 -0.04443558
v 0.16747053 -0.02727129 -0.04187036
v 0.16459785 -0.02426704 -0.02866583
v 0.17573807 -0.01796348 -0.05505408
v 0.16837887 -0.02678600 -0.05373170
v 0.12100445 0.05141434 0.03584839
v 0.12398321 0.06815883 0.02641625
v 0.13438424 0.06384051 0.02528772
v 0.13197349 0.04707166 0.03400514
v 0.10889944 0.05320513 0.03808340
v 0.09524380 0.05370796 0.04086822
v 0.09748014 0.07082073 0.02988289
v 0.11154000 0.07033653 0.02774200
v 0.06166484 0.11203503 0.00951295
v 0.07707532 0.11921448 -0.00548640
v 0.04303300 0.10608092 0.01893389
v 0.02640119 0.10261133 0.02540534
v 0.01745116 0.12538150 -0.09711767
v 0.01618651 0.11264227 -0.10136870
v 0.03507548 0.11662674 -0.10314205
v 0.03761777 0.12813850 -0.09736433
v 0.04533766 0.13867438 -0.00024950
v 0.03420790 0.13275486 0.00830545
v 0.02298364 0.11934324 0.01502384
v 0.29553494 0.07906134 -0.02723318
v 0.31940523 0.07466655 -0.02723832
v 0.05682288 0.16354710 -0.05085426
v 0.05803897 0.15821506 -0.03674002
v 0.29629090 0.08594427 -0.04185346
v 0.32064894 0.08086879 -0.04173829
v 0.12449324 0.13170007 -0.01217107
v 0.13196263 0.11243246 0.00650586
v 0.12049376 0.11053595 0.00442418
v 0.04203560 0.14847091 0.00400435
v 0.03237015 0.14262570 0.01137555
v 0.18077679 -0.46247655 0.00330992
v 0.17446536 -0.46866024 0.03401560
v 0.12231706 -0.21415837 0.01717292
v 0.12710397 -0.21051055 -0.00157642
v 0.02015731 -0.18378393 0.08743070
v 0.01860638 -0.20400864 0.08905636
v 0.00981072 0.14664023 0.02346954
v 0.03432639 -0.24746972 0.09012657
v 0.01643288 -0.25066078 0.09240850
v 0.01714966 -0.22578111 0.09019123
v 0.03414740 -0.22516775 0.08700726
v 0.00949346 -0.28664815 0.10083092
v 0.01065533 -0.27470067 0.09770475
v 0.00965687 -0.44283631 0.08877026
v 0.01941590 -0.44348162 0.08749191
v 0.21581502 0.06664666 -0.00177659
v 0.21305558 0.08513248 -0.00561760
v 0.23080273 0.08076245 -0.00882785
v 0.23264873 0.06339041 -0.00404886
v 0.04949496 -0.24562514 0.08359345
v 0.06527583 -0.24472240 0.07338101
v 0.15024443 -0.01777493 0.00027686
v 0.14892843 -0.00835723 0.01355362
v 0.02310648 -0.10154241 0.08309717
v 0.06132128 -0.03090030 0.09224426
v 0.06070657 -0.01348694 0.08561915
v 0.07486548 -0.01156740 0.08286620
v 0.07503760 -0.02758453 0.08962119
v 0.00213804 -0.50718957 -0.00624184
v 0.20844018 0.07479055 -0.08775962
v 0.22059393 0.07856958 -0.08584189
v 0.21744114 0.08625550 -0.08149308
v 0.20557556 0.08367860 -0.08372195
v 0.00766203 -0.54779160 0.00772584
v 0.00905802 -0.56439680 -0.00116631
v 0.02120329 -0.51531929 -0.05697255
v 0.00766138 -0.50869262 -0.04684883
v 0.07022221 -0.61296475 0.07176627
v 0.07310721 -0.58257943 0.07708775
v 0.06773251 -0.64406133 0.06493621
v 0.06513308 -0.67575151 0.05830598
v 0.06454407 -0.87142962 -0.00647675
v 0.07470327 -0.90104836 -0.00642520
v 0.08083207 -0.99558491 -0.02241562
v 0.00036505 -0.49723935 -0.07122795
v 0.08097143 -1.03175914 -0.02663121
v 0.08159306 -1.07000327 -0.03156484
v 0.08234081 -1.11002922 -0.03636679
v 0.08340029 -1.14756703 -0.03847286
v 0.32315645 0.08006608 -0.05676443
v 0.29748303 0.08616598 -0.05842014
v 0.30144092 0.07801664 -0.07265451
v 0.32707095 0.07354676 -0.06997257
v 0.28369763 0.01052963 -0.05105748
v 0.28037775 0.01436759 -0.03983286
v 0.30236205 0.01108008 -0.04030662
v 0.30504605 0.00826098 -0.05174211
v 0.32804087 0.00435162 -0.05255234
v 0.33119273 0.00512984 -0.06319888
v 0.30788428 0.00804766 -0.06217847
v 0.33508134 0.02892547 -0.08729035
v 0.33348483 0.04129402 -0.08889936
v 0.30809736 0.04361021 -0.08931494
v 0.31079295 0.02848190 -0.08680640
v 0.32970357 0.06372009 -0.08041715
v 0.30500719 0.06639294 -0.08279551
v 0.30687851 0.05477683 -0.08807275
v 0.33182508 0.05237912 -0.08673532
v 0.32294753 0.02038653 -0.01856757
v 0.32412705 0.01178854 -0.02909899
v 0.30043387 0.01637796 -0.02880184
v 0.29865864 0.02481718 -0.01805443
v 0.21206675 0.10268549 -0.01592069
v 0.23013175 0.09621820 -0.01954985
v 0.17425919 0.02084540 -0.00284659
v 0.17543939 0.03315986 0.00780718
v 0.18728553 0.03502501 -0.00004973
v 0.18232629 0.02219493 -0.00999261
v 0.27080238 0.07174032 -0.01394033
v 0.24967870 0.07655953 -0.01155904
v 0.24981718 0.08948632 -0.02301749
v 0.27210495 0.08281684 -0.02579744
v 0.27474424 0.02881603 -0.01802001
v 0.00000111 -0.50207615 -0.04063602
v 0.27732259 0.02030496 -0.02860477
v 0.25406721 0.02197927 -0.02685206
v 0.25216046 0.03087575 -0.01671607
v 0.28787714 0.01785913 -0.07850394
v 0.26459143 0.01714439 -0.07549408
v 0.21724883 0.04909746 -0.00300327
v 0.23351946 0.04618729 -0.00606664
v 0.14386958 -0.01823082 0.01709895
v 0.15543079 -0.04091400 -0.02297946
v 0.15972440 -0.03188640 -0.02571043
v 0.11476879 -0.07586764 0.06345642
v 0.11668788 -0.06050436 0.06829957
v 0.13946344 -0.07633340 0.00700636
v 0.14322169 -0.06136713 0.00155786
v 0.12074739 -0.06914778 0.05813172
v 0.12039080 -0.05898285 0.06341788
v 0.07856061 -0.14330019 0.06616640
v 0.02425609 0.11091937 0.01857246
v 0.25143087 0.05968294 -0.00626727
v 0.25162187 0.04303461 -0.00899840
v 0.22429320 0.02793543 -0.08048154
v 0.22519200 0.02043689 -0.07496925
v 0.24262936 0.02300698 -0.07894662
v 0.00094731 -0.48913595 -0.08413786
v 0.00073923 -0.47821036 -0.09754859
v 0.24029897 0.03207752 -0.08455347
v 0.12343409 -0.02791665 -0.10837451
v 0.10847433 -0.03856280 -0.11199518
v 0.11854079 -0.05138853 -0.10203472
v 0.13101976 -0.03936196 -0.09885050
v 0.21620621 0.09918942 -0.07017045
v 0.22014391 0.10327129 -0.06219362
v 0.20489341 0.10670259 -0.06222284
v 0.20307614 0.10046821 -0.07136270
v 0.22428563 0.10629002 -0.05033065
v 0.22841971 0.10539614 -0.03483780
v 0.21049528 0.11216845 -0.03292006
v 0.20692594 0.11197903 -0.04975801
v 0.16355561 -0.42315072 -0.04314714
v 0.17303987 -0.42497087 -0.01657480
v 0.11889195 -0.29042208 0.04992094
v 0.10304346 -0.29630747 0.06329555
v 0.09017845 -0.38476789 0.07612150
v 0.03185785 -0.50906122 0.06000527
v 0.01637562 -0.51873708 0.03948439
v 0.01222795 -0.58849812 -0.01031492
v 0.17633191 -0.42856687 0.01051362
v 0.01842243 -0.61879045 -0.01805991
v 0.02502421 -0.65058351 -0.02564053
v 0.06658739 -0.64956087 -0.07816084
v 0.09165229 -0.65181965 -0.08269408
v 0.08874372 -0.62139565 -0.08265043
v 0.06056676 -0.61697870 -0.07685864
v 0.11636103 -0.65485454 -0.07799061
v 0.11627711 -0.62568426 -0.07826173
v 0.11031719 -0.74046892 0.05058180
v 0.10381117 -0.97918177 -0.11763467
v 0.12315242 -1.01741755 -0.11292503
v 0.12492149 -0.97812974 -0.11363766
v 0.10385370 -1.01729178 -0.11691020
v 0.14231110 -0.97907948 -0.10114942
v 0.14204150 -0.94318658 -0.09766748
v 0.14394386 -1.02691865 -0.03243862
v 0.10386808 -1.05630624 -0.11303292
v 0.12103758 -1.05790722 -0.10926625
v 0.13556689 -1.05841529 -0.09895124
v 0.13988696 -1.01785338 -0.10091072
v 0.00816482 -0.53596014 0.01539019
v 0.15836367 -0.51142102 0.05941021
v 0.15571439 -0.47815046 0.06195161
v 0.10214782 -0.46435186 0.08257928
v 0.07570839 -0.47863820 0.08169735
v 0.08235868 -0.22387509 0.05885042
v 0.09857205 -0.22182828 0.04797671
v 0.10251028 -0.18177581 0.04305420
v 0.11504813 -0.17839722 0.02876577
v 0.11295567 -0.19897978 0.03065994
v 0.10008633 -0.20256414 0.04469647
v 0.13104877 -0.17141531 -0.00707968
v 0.13090886 -0.16781928 -0.02812126
v 0.12770298 -0.18826127 -0.02477289
v 0.12827107 -0.19156837 -0.00460197
v 0.12605503 -0.20704843 -0.02079075
v 0.11903119 -0.20381810 -0.03946316
v 0.06959446 -0.16228296 -0.09393860
v 0.08449265 -0.16759810 -0.08588534
v 0.08774942 -0.14458157 -0.09148964
v 0.07201466 -0.13805380 -0.09865350
v 0.02967482 -0.44883788 0.08502793
v 0.00933412 -0.52040344 0.02358725
v 0.07567591 -0.55364847 0.08051813
v 0.10558768 -0.52243757 0.08674009
v 0.13414741 -0.51817912 0.07912322
v 0.22235033 0.01437542 -0.04234886
v 0.15623705 -0.01308109 -0.08738442
v 0.15425923 -0.00322247 -0.09337637
v 0.24406607 0.09957768 -0.05337925
v 0.24868964 0.09819065 -0.03857077
v 0.23281410 0.03190353 -0.01297516
v 0.19831869 0.08961447 -0.00230261
v 0.20068514 0.06962928 0.00185642
v 0.18729478 0.07322290 0.00666013
v 0.11913368 -0.39780319 0.06995998
v 0.14809893 -0.41435322 0.06130107
v 0.12429249 -0.42421499 0.07301906
v 0.00400849 -0.50721538 -0.03626017
v 0.05271778 -0.49436882 0.07492679
v 0.03034649 -0.68190235 -0.03169326
v 0.03449580 -0.71172422 -0.03787921
v 0.03759938 -0.74014306 -0.04438243
v 0.03959349 -0.76803172 -0.05138950
v 0.04122143 -0.79636568 -0.05888402
v 0.04614832 -0.82469243 -0.06493111
v 0.05427596 -0.85439652 -0.06702850
v 0.05931397 -0.88511395 -0.07233228
v 0.05109236 -0.95277864 -0.07117195
v 0.05599708 -0.95085084 -0.08666673
v 0.05842028 -0.91706145 -0.08029372
v 0.05446963 -0.98558336 -0.09124384
v 0.05628483 -1.02057290 -0.09295125
v 0.06168050 -1.05783188 -0.09149530
v 0.06784845 -1.13463938 -0.08921326
v 0.06592035 -1.09640682 -0.09004097
v 0.00197783 -0.50507218 -0.01682105
v 0.00252243 -0.50597310 -0.02625308
v 0.10666842 0.10733268 0.00225420
v 0.16080484 -0.01739941 -0.01552846
v 0.16721272 -0.01028910 -0.01939962
v 0.21606931 0.03364556 -0.00911251
v 0.28151008 0.06803386 -0.08421401
v 0.27728862 0.08199833 -0.07562723
v 0.23238935 0.02264120 -0.02384694
v 0.18019712 0.01325791 -0.02012537
v 0.17369336 0.00936363 -0.01318396
v 0.52248019 0.06293698 -0.04622008
v 0.52033335 0.06614951 -0.05819864
v 0.54163980 0.06311277 -0.05691897
v 0.54317033 0.05925001 -0.04595663
v 0.52365416 0.05440860 -0.03728673
v 0.54387295 0.05078362 -0.03841988
v 0.52575344 0.00121107 -0.05572478
v 0.52467471 0.00879579 -0.04518704
v 0.54524189 0.00978400 -0.04929965
v 0.54639274 0.00302511 -0.05981650
v 0.56413412 0.03750449 -0.03672261
v 0.56429958 0.02759476 -0.03930433
v 0.54419607 0.02906104 -0.03612959
v 0.54419887 0.04011889 -0.03472226
v 0.52473527 0.00234764 -0.08213203
v 0.52221209 0.01047606 -0.09111835
v 0.50231922 0.00655566 -0.08875493
v 0.50486779 -0.00144872 -0.07846726
v 0.44068494 0.00231441 -0.03554064
v 0.44386274 -0.00673636 -0.04503471
v 0.42678955 -0.00617951 -0.03926340
v 0.42312449 0.00439906 -0.03078413
v 0.47978434 0.06983691 -0.04623893
v 0.47750419 0.07126699 -0.05963382
v 0.49870011 0.06860759 -0.05909811
v 0.50118810 0.06639697 -0.04629890
v 0.48135051 0.03549536 -0.02777137
v 0.48107150 0.02155401 -0.03115073
v 0.45817733 0.02443563 -0.02980848
v 0.45825973 0.03881869 -0.02722619
v 0.45680535 0.07340184 -0.04742222
v 0.45579380 0.07141283 -0.06039795
v 0.52414757 0.03097432 -0.03254748
v 0.52351570 0.01875019 -0.03750625
v 0.50244564 0.01968303 -0.03375506
v 0.50309896 0.03282426 -0.02956891
v 0.56423491 0.00933645 -0.08528275
v 0.56210214 0.01740767 -0.09207340
v 0.54215991 0.01414558 -0.09199110
v 0.54456484 0.00591519 -0.08430271
v 0.56449622 0.01876584 -0.04507666
v 0.56540930 0.01086827 -0.05281911
v 0.54433566 0.01887750 -0.04163286
v 0.56039518 0.05684602 -0.07855495
v 0.56151193 0.06051912 -0.06715596
v 0.53994441 0.06251705 -0.06927315
v 0.53857160 0.05760085 -0.08121124
v 0.48313674 -0.00048585 -0.04593715
v 0.48160237 0.00905289 -0.03704773
v 0.50327116 0.00812411 -0.04068215
v 0.50460052 -0.00000522 -0.05093987
v 0.48130044 0.06216545 -0.03499542
v 0.50282454 0.05800255 -0.03605708
v 0.51690352 0.05765507 -0.08326536
v 0.51810801 0.06418180 -0.07089084
v 0.49645227 0.06469156 -0.07191440
v 0.49512750 0.05646034 -0.08474270
v 0.47454280 0.04182821 -0.09357954
v 0.47629654 0.02741817 -0.09506993
v 0.49661377 0.03133256 -0.09605521
v 0.49526578 0.04501535 -0.09329371
v 0.46125779 0.00061505 -0.04091881
v 0.46377349 -0.00663450 -0.05227469
v 0.48470208 -0.00449717 -0.07350178
v 0.48230359 0.00262057 -0.08529258
v 0.46280390 -0.00124949 -0.08026129
v 0.46458417 -0.00748609 -0.06698591
v 0.41472307 0.05709867 -0.02953142
v 0.41505784 0.06870501 -0.03797259
v 0.43604869 0.06976760 -0.03595806
v 0.43611163 0.05713149 -0.02810040
v 0.43558809 0.07510982 -0.04867503
v 0.41623503 0.07447592 -0.05116666
v 0.39011985 0.06567349 -0.06434948
v 0.39110035 0.05657839 -0.07230507
v 0.40186840 0.05535249 -0.07152205
v 0.40152085 0.06593116 -0.06450570
v 0.43618208 0.03264629 -0.09416352
v 0.43777952 0.01713666 -0.09129371
v 0.45652750 0.02255018 -0.09338211
v 0.45465294 0.03783622 -0.09402820
v 0.42498630 -0.00136556 -0.08087767
v 0.42887092 -0.00998169 -0.06909814
v 0.44456357 -0.00599009 -0.07459686
v 0.44089374 0.00387238 -0.08483750
v 0.37234437 -0.00014265 -0.06667423
v 0.37101305 -0.00301390 -0.05544358
v 0.38621289 -0.00794102 -0.05661792
v 0.38753855 -0.00431562 -0.06866850
v 0.36670652 0.00468672 -0.03126110
v 0.36566967 0.01380567 -0.02185932
v 0.38048860 0.01084295 -0.02328850
v 0.38162264 0.00074602 -0.03187145
v 0.36559564 0.06497673 -0.02845230
v 0.36503544 0.07143638 -0.04146374
v 0.37768006 0.07066131 -0.04070061
v 0.37888366 0.06248359 -0.02860034
v 0.42106727 0.02859228 -0.09312481
v 0.41968495 0.01152892 -0.08904881
v 0.39634919 -0.00215727 -0.03327993
v 0.39428055 0.00808826 -0.02501986
v 0.40800792 0.00547702 -0.02741225
v 0.41119960 -0.00484597 -0.03547574
v 0.00019578 0.04720785 -0.11256701
v 0.00015102 0.06095437 -0.11068495
v 0.39030510 0.03423817 -0.02300046
v 0.39080554 0.04712090 -0.02444228
v 0.40361804 0.04599275 -0.02609973
v 0.40412527 0.03167016 -0.02547138
v 0.39053828 0.06129289 -0.02885537
v 0.38921535 0.06967640 -0.03945110
v 0.40246570 0.06959616 -0.03881077
v 0.40347958 0.05972496 -0.02920577
v 0.40166065 0.03587969 -0.08621389
v 0.40382451 0.02455892 -0.09087400
v -0.00131737 -0.30017477 0.10209282
v -0.00166563 -0.28782237 0.10083457
v 0.41152278 0.02690530 -0.09198014
v 0.40922132 0.03810329 -0.08708473
v 0.41266945 -0.00424890 -0.07581140
v 0.41453475 -0.01187513 -0.06373637
v -0.00010458 -0.30967262 -0.10321634
v -0.00010782 -0.29145336 -0.09602811
v 0.41882035 0.02976224 -0.02781489
v 0.41994244 0.01616681 -0.02746476
v 0.40633288 0.01862447 -0.02410607
v 0.40140247 0.07226125 -0.05250992
v 0.37365949 0.00598861 -0.07597442
v 0.37431982 0.01361691 -0.08394106
v 0.35823491 0.01608962 -0.08272816
v 0.35760671 0.00858822 -0.07459457
v 0.35536876 0.00340490 -0.06502566
v 0.35319674 0.00150944 -0.05412934
v 0.34831351 0.00868719 -0.03004697
v 0.34672609 0.01681209 -0.01996041
v 0.34569344 0.02983788 -0.01370641
v 0.34460363 0.04573626 -0.01265738
v 0.36430696 0.04293672 -0.01661521
v 0.36498743 0.02701923 -0.01664975
v 0.34436095 0.07515313 -0.04177079
v 0.34348163 0.07015898 -0.02770493
v 0.34724197 0.07335354 -0.05571266
v 0.36571527 0.07038828 -0.05394146
v 0.39859337 -0.00982076 -0.04510615
v -0.00001873 -0.37877369 0.09486087
v 0.00020389 -0.40272847 0.09261899
v 0.38404381 -0.00574312 -0.04337366
v 0.51651639 0.04737409 -0.09240112
v 0.51731902 0.03466459 -0.09594025
v 0.53832418 0.03697148 -0.09483143
v 0.53802174 0.04860966 -0.09041627
v 0.56033343 0.02788113 -0.09431978
v 0.53985065 0.02516104 -0.09532851
v 0.52408791 0.04319488 -0.03240426
v 0.50330776 0.04625303 -0.03010197
v 0.56421703 0.04805037 -0.03873394
v 0.41804489 0.04335143 -0.02737854
v 0.43573141 0.04125848 -0.02739716
v 0.39206317 0.04657714 -0.07991213
v 0.38068542 0.05722209 -0.07344475
v 0.38252604 0.04796202 -0.08132147
v 0.43495238 0.04758597 -0.08617509
v 0.43375036 0.05895991 -0.07220675
v 0.41534755 0.05309743 -0.07312798
v 0.41933078 0.04245911 -0.08680673
v 0.39586002 0.02334720 -0.08919112
v 0.39383429 0.03552366 -0.08579817
v 0.38445771 0.03631662 -0.08640400
v 0.38610762 0.02362535 -0.08831652
v 0.37873572 0.04985675 -0.02251043
v 0.36468342 0.05473866 -0.02046777
v 0.36892062 0.05834785 -0.07499930
v 0.36734432 0.06493738 -0.06515662
v 0.35137591 0.06784528 -0.06761739
v 0.35287380 0.06047333 -0.07772965
v 0.37919828 0.06486550 -0.06411638
v 0.37069574 0.04913451 -0.08289068
v 0.35459158 0.05105948 -0.08479829
v 0.34352070 0.05966536 -0.01762506
v 0.37363306 0.02501973 -0.08794147
v 0.37235802 0.03780618 -0.08717732
v 0.35617027 0.03966280 -0.08808798
v 0.35755569 0.02705285 -0.08770580
v 0.51941103 0.02201294 -0.09534474
v 0.49917191 0.01832910 -0.09417532
v 0.42942968 -0.01268216 -0.05350659
v 0.44569996 -0.01124803 -0.05994312
v 0.41355446 -0.01251545 -0.04833816
v 0.52625161 -0.00108356 -0.06917780
v 0.54619104 0.00173444 -0.07275613
v 0.48473334 -0.00592579 -0.05872870
v 0.50569433 -0.00373805 -0.06449298
v 0.47409680 0.05468192 -0.08538669
v 0.39979276 0.00244390 -0.08067962
v 0.40099445 -0.00579293 -0.07156155
v 0.40941408 0.00409444 -0.08478909
v 0.34965512 0.00302116 -0.04172179
v 0.36880481 -0.00142361 -0.04277911
v 0.41169149 0.01659287 -0.09217523
v 0.32594994 0.00711510 -0.04090337
v 0.41518494 0.06744517 -0.06361760
v 0.38975230 0.07191104 -0.05254505
v 0.37797934 0.06999426 -0.05309694
v 0.56261969 0.06075213 -0.05543215
v 0.48207423 0.04982533 -0.02862041
v 0.43610597 0.02700728 -0.02881416
v 0.43818152 0.01379844 -0.03070032
v 0.39775711 0.01125646 -0.08799943
v 0.38772526 0.01180662 -0.08546446
v 0.38802180 0.00361491 -0.07775173
v 0.37826049 0.03921107 -0.01996647
v 0.37964368 0.02391333 -0.01931302
v 0.56574255 0.00490876 -0.07493784
v 0.39263022 0.02085737 -0.02156757
v 0.43343860 0.06991877 -0.06181964
v 0.01680966 0.06416905 -0.11238915
v 0.13523537 -0.09118015 0.01170485
v 0.10375086 -0.12037437 0.04664518
v 0.11573061 -0.11556103 0.03502833
v 0.15011494 -0.03519915 -0.00899527
v 0.15472394 -0.02515540 -0.01253756
v 0.17593071 0.00035487 -0.02439292
v 0.18364863 0.00630912 -0.03020395
v 0.13902482 -0.05437313 0.01676258
v 0.00889136 -0.26230878 0.09334625
v 0.04281560 -0.27493629 -0.08814242
v 0.02212718 -0.27496207 -0.08945788
v 0.02461107 -0.29277694 -0.09602224
v 0.04693529 -0.29295006 -0.09382365
v 0.02712976 -0.31222808 -0.10317338
v 0.14746444 -0.34211755 -0.05468626
v 0.14182621 -0.32065725 -0.05275081
v 0.12849620 -0.32363257 -0.07309567
v 0.13360065 -0.34603095 -0.07694720
v 0.14496471 -0.30326977 -0.02877733
v 0.13530821 -0.30294135 -0.05077705
v 0.15086795 -0.31998935 -0.02901576
v 0.15421365 -0.32303146 -0.00436246
v 0.14860442 -0.30568555 -0.00504896
v 0.15153633 -0.32973287 0.01838163
v 0.14602874 -0.31098086 0.01744719
v 0.14351858 -0.33765265 0.03865698
v 0.12961367 -0.34548879 0.05533117
v 0.11410332 -0.37414518 0.06780824
v 0.08837266 -0.36105594 0.07555919
v 0.10990041 -0.35326254 0.06689177
v 0.04685535 -0.37236893 0.08745150
v 0.06648336 -0.36772230 0.08203739
v 0.01396508 -0.37747198 0.09391511
v 0.02966691 -0.37549731 0.09134743
v 0.10121012 0.08827674 0.01679903
v 0.09593785 0.13898282 -0.07875416
v 0.10559883 0.14638782 -0.05923612
v 0.08320951 0.14196520 -0.07864089
v 0.11321972 0.08543064 -0.11185993
v 0.11628891 0.10547198 -0.10256338
v 0.09644218 0.09728095 -0.11217371
v 0.09379715 0.07942411 -0.11863926
v 0.07251228 0.13313363 -0.09170348
v 0.06607979 0.13479890 -0.09086288
v 0.08203278 0.12900226 -0.09411886
v 0.05020614 0.11227121 -0.10833347
v 0.06601720 0.12076589 -0.10467498
v 0.14812844 0.13952120 -0.05489995
v 0.14562783 0.12591664 -0.07515240
v 0.15597615 0.12398414 -0.07001951
v 0.16021703 0.13801816 -0.05048683
v 0.13912420 0.07212410 -0.10317995
v 0.13729781 0.05556072 -0.10693381
v 0.14781909 0.05784981 -0.10176131
v 0.14886349 0.07364089 -0.09806441
v 0.17702124 0.12421381 -0.03609735
v 0.17470756 0.11989054 -0.05561025
v 0.18225503 0.11810772 -0.05231105
v 0.18460906 0.12044409 -0.03392466
v 0.14986280 0.08996087 -0.09154374
v 0.08148591 -0.03237409 -0.12201746
v 0.11632575 -0.01561727 -0.11561270
v 0.09936380 -0.02472793 -0.11952318
v 0.15184982 0.00724767 -0.09818038
v 0.14216088 0.00040783 -0.10341699
v 0.14516026 -0.01124534 -0.09804153
v 0.17076454 0.02111086 -0.08961679
v 0.16141909 0.01406625 -0.09358191
v 0.18871972 0.05264536 0.00683211
v 0.17689709 0.05385083 0.01366545
v 0.17571706 0.07760591 0.00976713
v 0.18336222 0.02041121 -0.07802235
v 0.19188125 0.02739067 -0.07797389
v 0.19012003 0.03235348 -0.08047263
v 0.18123585 0.02539453 -0.08103031
v 0.13654408 0.14110143 -0.05827491
v 0.17281660 0.10848011 -0.06939897
v 0.17113471 0.09764823 -0.07844920
v 0.17990592 0.10027472 -0.07585667
v 0.18053320 0.10954458 -0.06604251
v 0.17238383 0.08504709 -0.08621381
v 0.17380896 0.07198555 -0.09138873
v 0.18339264 0.07668068 -0.08847423
v 0.18141207 0.08873640 -0.08329347
v 0.18939996 0.03798245 -0.08378738
v 0.17865589 0.03116078 -0.08421048
v 0.19777693 0.10803130 -0.01450635
v 0.16633482 0.13396043 -0.02044941
v 0.16196606 0.11910030 0.00130594
v 0.15420659 0.12726571 -0.00147817
v 0.15895073 0.14033988 -0.02451579
v 0.20697343 0.00958793 -0.04688032
v 0.20366341 0.01266261 -0.03683052
v 0.20880497 0.00807700 -0.05609863
v 0.18440241 0.00715700 -0.07025948
v 0.20988756 0.01009394 -0.06398369
v 0.20121294 0.03498556 -0.00531492
v 0.20183152 0.05101179 0.00071503
v 0.15687098 0.09400233 0.01154904
v 0.14881824 0.10332932 0.01087500
v 0.19582058 0.11673383 -0.03275340
v 0.19293019 0.11558185 -0.05048393
v 0.20679229 0.03382737 -0.08232251
v 0.21910803 0.03957247 -0.08674081
v 0.20463257 0.03822746 -0.08479733
v 0.17360236 -0.00386855 -0.07685153
v 0.18455876 0.01522629 -0.07446365
v 0.16737120 0.13468128 -0.04531306
v 0.19150282 0.10865004 -0.06390727
v 0.19063286 0.10055817 -0.07390819
v 0.16506220 0.08025258 -0.08962431
v 0.16444156 0.09395701 -0.08226576
v 0.15776077 0.09121138 -0.08660307
v 0.15750760 0.07616189 -0.09374274
v 0.19341132 0.08187310 -0.08612643
v 0.19626378 0.07008170 -0.08956990
v 0.16555259 0.06647298 -0.09430553
v 0.15717632 0.06161055 -0.09765407
v 0.20289238 0.04425748 -0.08730784
v 0.14088500 0.11011123 0.00875620
v 0.13723275 0.08487201 0.01599306
v 0.12779155 0.08830705 0.01582693
v 0.15524244 0.06857464 0.01742489
v 0.14578240 0.07775621 0.01685978
v 0.16609584 0.05917473 0.01693210
v 0.11579773 0.08838489 0.01589435
v 0.40624982 0.01344517 -0.09079240
v 0.23126683 0.04562332 -0.08905031
v 0.22253472 0.03482865 -0.08463124
v 0.23595306 0.03999994 -0.08758797
v 0.28264734 0.05721830 -0.08759055
v 0.40068203 0.04573580 -0.07900452
v 0.40794942 0.04525409 -0.07944064
v 0.45376885 0.05147582 -0.08568093
v 0.47492975 0.06472220 -0.07262427
v 0.45444056 0.06288537 -0.07247022
v 0.45883769 0.06658220 -0.03466675
v 0.45881531 0.05372447 -0.02768920
v 0.45993853 0.01159225 -0.03397920
v 0.45934397 0.00931174 -0.08885770
v 0.60392642 0.05148153 -0.04189239
v 0.60371858 0.05682248 -0.05090856
v 0.62432903 0.05476907 -0.04869931
v 0.62435222 0.04837283 -0.04072022
v 0.64367217 0.03610318 -0.03701718
v 0.62425071 0.03946044 -0.03801815
v 0.64457917 0.04562850 -0.03803772
v 0.64249390 0.02808041 -0.04078619
v 0.62360841 0.03120246 -0.04054331
v 0.64143765 0.02213005 -0.04746004
v 0.64144093 0.01637460 -0.05441347
v 0.62334543 0.01780267 -0.05276202
v 0.62315667 0.02391088 -0.04602717
v 0.62386465 0.01354504 -0.06075016
v 0.62385011 0.01206065 -0.06968788
v 0.60483843 0.00966458 -0.06794858
v 0.60458463 0.01289457 -0.05848694
v 0.64107674 0.02138024 -0.08509973
v 0.64080870 0.02914626 -0.08769501
v 0.62180024 0.02681975 -0.08929051
v 0.62259495 0.01870650 -0.08596005
v 0.60141611 0.04312287 -0.08845118
v 0.60135359 0.03332150 -0.09114720
v 0.62185824 0.03636183 -0.08928040
v 0.62188947 0.04571427 -0.08697511
v 0.64100617 0.04821264 -0.08678623
v 0.64184213 0.05366326 -0.07883432
v 0.62270689 0.05160274 -0.08021957
v 0.56356502 0.05633355 -0.04529449
v 0.58369201 0.05400898 -0.04366064
v 0.58408344 0.04530498 -0.03841562
v 0.58414656 0.02632731 -0.04198626
v 0.58399767 0.03540548 -0.03840924
v 0.60387921 0.03312112 -0.03947105
v 0.60380280 0.02498785 -0.04395018
v 0.56621343 0.00541255 -0.06332174
v 0.58513695 0.01204815 -0.05605057
v 0.58564270 0.00763316 -0.06582636
v 0.60408825 0.01844186 -0.05048236
v 0.58446622 0.01877271 -0.04823197
v 0.60431409 0.01035336 -0.07794522
v 0.62329817 0.01360567 -0.07886338
v 0.60342473 0.05729697 -0.06191134
v 0.60303658 0.05526502 -0.07266711
v 0.62373549 0.05466739 -0.07012977
v 0.62414330 0.05626035 -0.05938242
v 0.58521426 0.00773564 -0.07633315
v 0.58202142 0.05619984 -0.07556292
v 0.58259660 0.05888731 -0.06459834
v 0.60218781 0.05072617 -0.08227385
v 0.58135307 0.04982989 -0.08490579
v 0.64391673 0.05591621 -0.05701867
v 0.64430642 0.05334167 -0.04600259
v 0.58322442 0.05876961 -0.05328811
v 0.60326254 0.01537793 -0.08626433
v 0.60195929 0.02371112 -0.09082246
v 0.58217639 0.02054567 -0.09155140
v 0.58382577 0.01241593 -0.08577138
v 0.55939686 0.03907150 -0.09291790
v 0.58078420 0.03047858 -0.09269115
v 0.58054650 0.04085040 -0.09059718
v 0.64099354 0.03864258 -0.08854093
v 0.55996871 0.04915329 -0.08781747
v 0.72265637 0.01912975 -0.03891408
v 0.73204756 0.01199275 -0.04115120
v 0.72753417 0.01317002 -0.04993808
v 0.71872354 0.01947401 -0.04807333
v 0.69780988 0.03497227 -0.02444164
v 0.70623827 0.03509399 -0.01549596
v 0.70872962 0.02988534 -0.02203051
v 0.70250034 0.03196222 -0.03183270
v 0.72601509 0.01792573 -0.03097348
v 0.73542297 0.01359965 -0.03304287
v 0.74378127 0.01365151 -0.03414922
v 0.73577940 0.01982196 -0.02705952
v 0.74433315 0.02007039 -0.03006670
v 0.74087703 0.03055253 -0.03086759
v 0.75120300 0.03009861 -0.03468775
v 0.75200921 0.02167840 -0.03148516
v 0.73179215 0.04142454 -0.05424387
v 0.72842145 0.04237373 -0.06458809
v 0.74343449 0.04052840 -0.06535097
v 0.74615872 0.03852458 -0.05484254
v 0.73413932 0.03650766 -0.08302620
v 0.73998201 0.03808948 -0.07401383
v 0.72486210 0.04102463 -0.07258569
v 0.72048575 0.03904865 -0.08072405
v 0.71437478 0.01788603 -0.05759205
v 0.72306538 0.01411570 -0.05809098
v 0.72085279 0.01370565 -0.06398962
v 0.71123624 0.01529445 -0.06421665
v 0.73774242 0.02596733 -0.02470576
v 0.73463732 0.02446018 -0.01736728
v 0.73591197 0.02811716 -0.01554691
v 0.73475564 0.03166692 -0.02263115
v 0.67468780 0.00956618 -0.06670064
v 0.68563843 0.00835220 -0.06973647
v 0.68594235 0.00645807 -0.07682319
v 0.67378956 0.00823975 -0.07488807
v 0.67555404 0.01404817 -0.04726220
v 0.66958946 0.02111024 -0.03730029
v 0.67806506 0.02338115 -0.03181273
v 0.68208945 0.01956776 -0.03974247
v 0.68883961 0.03202147 -0.02590007
v 0.70104438 0.04311256 -0.01953028
v 0.69013631 0.02993721 -0.03242312
v 0.71070194 0.04321032 -0.01153419
v 0.68102467 0.00933700 -0.08845808
v 0.67203265 0.01198929 -0.08507367
v 0.77978945 -0.01842801 -0.04192134
v 0.78080487 -0.01649426 -0.03682283
v 0.78447729 -0.02106654 -0.03692092
v 0.78382230 -0.02280769 -0.04191642
v 0.67278308 0.03658397 -0.09070598
v 0.67180938 0.02751969 -0.09201384
v 0.67891908 0.02767913 -0.09399526
v 0.68034643 0.03650613 -0.09095726
v 0.68781090 0.02774066 -0.09697549
v 0.68961352 0.03665363 -0.09180309
v 0.78811932 -0.01038992 -0.03392237
v 0.79178715 -0.00811337 -0.03642679
v 0.79531866 -0.01328105 -0.03594867
v 0.79144466 -0.01568105 -0.03372359
v 0.73686689 0.01107202 -0.04993854
v 0.74125022 0.00986419 -0.04166659
v 0.74991018 0.01002599 -0.04018971
v 0.75709856 0.01055840 -0.03862270
v 0.75740969 0.00812098 -0.04476912
v 0.74836791 0.01003788 -0.04912262
v 0.73385769 0.01285139 -0.06096474
v 0.74504638 0.01143468 -0.06119112
v 0.74049908 0.01226535 -0.06807604
v 0.72979265 0.01318518 -0.06786889
v 0.73473328 0.00914486 -0.08639650
v 0.72616941 0.00889136 -0.08554455
v 0.72632647 0.01083560 -0.07962711
v 0.73650634 0.01066926 -0.07989573
v 0.76128817 0.00942742 -0.08098952
v 0.75479156 0.01154332 -0.08040345
v 0.75630146 0.01126287 -0.07549693
v 0.76312828 0.00881681 -0.07621682
v 0.66514921 0.03776829 -0.09033321
v 0.66464186 0.02836882 -0.09050240
v 0.72986770 0.02223029 -0.10887091
v 0.73407543 0.02909119 -0.10287315
v 0.72446084 0.03032463 -0.09930944
v 0.71998638 0.02339594 -0.10510884
v 0.68308097 0.04352331 -0.08449464
v 0.67499614 0.04460136 -0.08513214
v 0.79450792 -0.00715806 -0.04121077
v 0.79775107 -0.01221431 -0.04091595
v 0.70532811 0.04553264 -0.02119221
v 0.71780342 0.04690694 -0.01261308
v 0.69105947 0.03808977 -0.02802886
v 0.67072815 0.03214131 -0.03420928
v 0.68023539 0.03346436 -0.03262447
v 0.75308692 0.00995780 -0.05398729
v 0.73091733 0.01283458 -0.05678532
v 0.71900284 0.01305211 -0.06831989
v 0.71008700 0.00635367 -0.08704049
v 0.71709579 0.00671580 -0.08950307
v 0.71449739 0.00635798 -0.09634220
v 0.70637834 0.00654815 -0.09595303
v 0.72991818 0.00850079 -0.10478390
v 0.72848552 0.01407729 -0.10930403
v 0.71906173 0.01465085 -0.10659145
v 0.72134042 0.00844953 -0.10291389
v 0.73726255 0.03247929 -0.01150034
v 0.73080045 0.03587433 -0.01860131
v 0.67149353 0.01856888 -0.09040865
v 0.67893422 0.01788234 -0.09386556
v 0.66386211 0.02069909 -0.08741002
v 0.68763864 0.01207724 -0.05878525
v 0.70053101 0.01609526 -0.06301115
v 0.69832736 0.01285205 -0.06756157
v 0.68586838 0.01002307 -0.06477675
v 0.70870978 0.02636114 -0.04649247
v 0.69688565 0.02532059 -0.04233054
v 0.71247607 0.02762783 -0.03621644
v 0.67475909 0.01092218 -0.05878495
v 0.66562521 0.01334162 -0.05638802
v 0.66548413 0.01278926 -0.06510371
v 0.66481632 0.01266564 -0.07402564
v 0.66406858 0.01550507 -0.08239944
v 0.65566230 0.01514488 -0.05538040
v 0.65587848 0.01415177 -0.06382404
v 0.65567023 0.01487567 -0.07270999
v 0.65545827 0.01724516 -0.08042987
v 0.66618580 0.04671121 -0.08567512
v 0.65550339 0.04868551 -0.08640365
v 0.65502119 0.03889456 -0.08972581
v 0.66645962 0.01601564 -0.04736546
v 0.65635371 0.01922524 -0.04752440
v 0.65751439 0.02381803 -0.03909955
v 0.65943861 0.03313204 -0.03543251
v 0.72342008 0.02098243 -0.01442770
v 0.71998316 0.02388114 -0.02042967
v 0.71385479 0.02636463 -0.01513481
v 0.71881491 0.02295946 -0.00943735
v 0.75834113 0.01495647 -0.03421322
v 0.75103128 0.01504506 -0.03391631
v 0.76037931 0.02118470 -0.03324559
v 0.69450098 0.00591281 -0.08225140
v 0.69021404 0.00820218 -0.09214462
v 0.75910211 0.00755755 -0.05001574
v 0.77413708 0.00407697 -0.03482126
v 0.77885008 0.00674725 -0.03752985
v 0.78742695 -0.00245768 -0.03702327
v 0.78351068 -0.00506853 -0.03431767
v 0.76586002 -0.00460820 -0.04782999
v 0.77018708 -0.00369786 -0.05192738
v 0.76586592 0.00402068 -0.05354842
v 0.76187301 0.00259611 -0.04858138
v 0.75676548 0.00917680 -0.08712422
v 0.75192571 0.01075213 -0.08684434
v 0.76118821 0.03334881 -0.04450294
v 0.74838132 0.03750995 -0.04349923
v 0.76115310 0.03058504 -0.05582110
v 0.74624431 0.01094300 -0.08023770
v 0.73799318 0.01182678 -0.07431862
v 0.74768084 0.01145061 -0.07499693
v 0.76014382 0.01116116 -0.06007086
v 0.75311100 0.01108020 -0.06117200
v 0.75637817 0.01032005 -0.05635066
v 0.76083595 0.00872545 -0.05450431
v 0.70884371 0.02570484 -0.10222256
v 0.70780653 0.01433301 -0.10414427
v 0.78399163 -0.01339353 -0.03403882
v 0.78737307 -0.01845433 -0.03424797
v 0.65505672 0.02923251 -0.08834018
v 0.65534985 0.02191930 -0.08537427
v 0.72746378 0.01233236 -0.07363209
v 0.73568678 0.03867116 -0.04295784
v 0.71714520 0.01211515 -0.07318079
v 0.75725102 0.01568052 -0.09547137
v 0.76069236 0.01944425 -0.09418826
v 0.75226820 0.02553538 -0.09310558
v 0.75065458 0.01959639 -0.09706621
v 0.78180146 -0.01788136 -0.04702704
v 0.78567255 -0.01547312 -0.05032749
v 0.78017527 -0.01081095 -0.05081908
v 0.77617586 -0.01304100 -0.04712078
v 0.76568055 -0.00148752 -0.03804399
v 0.76451409 -0.00391762 -0.04284100
v 0.76008284 0.00348828 -0.04368030
v 0.76118749 0.00706870 -0.03858251
v 0.76357901 0.00989222 -0.03529600
v 0.76940453 0.00118635 -0.03532043
v 0.78028750 0.00597414 -0.04951643
v 0.77635789 -0.00012990 -0.05263063
v 0.78546202 -0.00713655 -0.05181262
v 0.78933775 -0.00294096 -0.04801348
v 0.70725989 0.04196630 -0.07862494
v 0.70384687 0.03905705 -0.08670620
v 0.71667963 0.03612273 -0.08911280
v 0.72922540 0.03322291 -0.09182751
v 0.74161106 0.02862405 -0.09397739
v 0.74729240 0.03372862 -0.08528240
v 0.71296966 0.03271879 -0.09591847
v 0.76990104 0.02037921 -0.06040195
v 0.76894128 0.01349686 -0.05908174
v 0.77109694 0.01964128 -0.05230290
v 0.71543115 0.01020607 -0.08000160
v 0.77913421 -0.00826169 -0.03453004
v 0.68147445 0.04623436 -0.04282838
v 0.68088514 0.05097432 -0.05386593
v 0.69103962 0.04931113 -0.05465499
v 0.69145989 0.04454396 -0.04203830
v 0.77433985 -0.01329871 -0.04212474
v 0.77534068 -0.01175529 -0.03712971
v 0.75511491 0.01034717 -0.09606034
v 0.75121176 0.01271703 -0.09818956
v 0.75094467 0.01117711 -0.09333553
v 0.75550199 0.01024951 -0.09232716
v 0.70077407 0.03556404 -0.09331409
v 0.74233234 0.02832153 -0.10613188
v 0.73825455 0.02235266 -0.11133680
v 0.68570113 0.04750570 -0.07537383
v 0.69234824 0.04192870 -0.08501011
v 0.69533044 0.04499476 -0.07672594
v 0.75671959 0.03153487 -0.07534347
v 0.71101350 0.04384815 -0.07129747
v 0.69844407 0.04667064 -0.06931008
v 0.68781561 0.04930709 -0.06675467
v 0.67896938 0.05154777 -0.06556854
v 0.67723405 0.04951695 -0.07508791
v 0.79392701 -0.00866784 -0.04720056
v 0.78994632 -0.00143473 -0.04202908
v 0.66752678 0.05168450 -0.07536447
v 0.65616041 0.05382441 -0.07693014
v 0.66922885 0.05347607 -0.06546515
v 0.65768874 0.05495329 -0.06666256
v 0.70150703 0.04753873 -0.06114743
v 0.70471555 0.04670883 -0.05232884
v 0.71422905 0.04480544 -0.06331911
v 0.71796644 0.04382130 -0.05377858
v 0.75778484 0.03639349 -0.06606279
v 0.79048383 -0.02043579 -0.05019746
v 0.79709446 -0.02654741 -0.04960321
v 0.80057436 -0.02404967 -0.04871044
v 0.79468554 -0.01762795 -0.04961145
v 0.79026437 -0.01234210 -0.05060179
v 0.79755431 -0.01428558 -0.04648890
v 0.72270614 0.04128394 -0.04239378
v 0.76499110 0.00855280 -0.05958343
v 0.70867902 0.04324443 -0.03937387
v 0.73078376 0.03728450 -0.03029175
v 0.72206986 0.04000329 -0.02702694
v 0.69200402 0.04260761 -0.03270127
v 0.70751715 0.04614899 -0.02683095
v 0.67191523 0.04055716 -0.03668552
v 0.68120682 0.04053832 -0.03595943
v 0.66071308 0.04217762 -0.03678723
v 0.72128999 0.04645490 -0.01840797
v 0.78955156 -0.02754996 -0.03793312
v 0.78946877 -0.02869898 -0.04313162
v 0.66078138 0.05087272 -0.04371417
v 0.67225724 0.04788876 -0.04302518
v 0.71651667 0.02475302 -0.02757449
v 0.70743871 0.01203001 -0.07242653
v 0.70576131 0.00949438 -0.07756599
v 0.70287943 0.00608667 -0.08486222
v 0.69870967 0.00727091 -0.09491409
v 0.65936041 0.05530930 -0.05510616
v 0.64197373 0.01406469 -0.06267867
v 0.64184839 0.01438046 -0.07147844
v 0.64291322 0.05525525 -0.06836453
v 0.79256010 -0.02517302 -0.03472309
v 0.76676571 0.00909094 -0.07807551
v 0.76586258 0.01029561 -0.08036566
v 0.71189177 0.03177560 -0.00924384
v 0.71813560 0.02728296 -0.00474855
v 0.71605670 0.03794633 -0.00556034
v 0.72404975 0.04269669 -0.00592822
v 0.72893232 0.03502472 -0.00203048
v 0.72214925 0.03118608 -0.00216761
v 0.69727594 0.01022869 -0.07125014
v 0.69650036 0.00813263 -0.07604965
v 0.69716978 0.01614789 -0.10166962
v 0.69784033 0.02730212 -0.09976926
v 0.76767606 0.01366296 -0.03472528
v 0.76258183 0.02648538 -0.03696600
v 0.77153325 0.01597735 -0.03813306
v 0.78100526 0.00861665 -0.04332237
v 0.77040762 0.00712323 -0.05447220
v 0.76813793 0.00837024 -0.05827581
v 0.69199079 0.01664335 -0.05133568
v 0.70457381 0.02093596 -0.05585015
v 0.72755265 0.02068962 -0.02414361
v 0.73009819 0.02170848 -0.01835969
v 0.74960577 0.01140205 -0.06798008
v 0.76951748 0.02290337 -0.07393625
v 0.77035785 0.02694906 -0.06679682
v 0.75783098 0.01160904 -0.06789339
v 0.80044663 -0.02067211 -0.03592271
v 0.79644746 -0.02308799 -0.03402397
v 0.77282572 0.02068011 -0.04447848
v 0.74399263 0.00980115 -0.08691731
v 0.76455885 0.02146036 -0.08016250
v 0.76915807 0.01369374 -0.07699344
v 0.73473608 0.01476379 -0.11035431
v 0.67135358 0.05287452 -0.05393531
v 0.79186004 -0.02835449 -0.04793129
v 0.78587496 -0.02245205 -0.04743788
v 0.80224454 -0.02101421 -0.04584403
v 0.80239636 -0.01935861 -0.04094324
v 0.68766892 0.01730728 -0.09800942
v 0.70908856 0.01360611 -0.06845259
v 0.64148605 0.01657572 -0.07942577
v 0.73538065 0.03646401 -0.00572938
v 0.72993088 0.04313849 -0.01098923
v 0.76308191 0.00917546 -0.06814092
v 0.74712801 0.02490333 -0.10003683
v 0.76644582 0.02088275 -0.08928177
v 0.76957399 0.01567794 -0.08357030
v 0.75788641 0.02904018 -0.08734952
v 0.76906037 0.01054149 -0.08187974
v 0.80643457 -0.02611054 -0.04574388
v 0.80651486 -0.02486237 -0.04074310
v 0.80465072 -0.02606880 -0.03592267
v 0.80025494 -0.02816791 -0.03422357
v 0.79614317 -0.02976797 -0.03533371
v 0.80478227 -0.02874822 -0.04850241
v 0.80141133 -0.03101795 -0.04960106
v 0.79601407 -0.03242607 -0.04790360
v 0.80841517 -0.03338702 -0.04870275
v 0.81124949 -0.03189565 -0.04553570
v 0.81269395 -0.03449661 -0.03743037
v 0.81482190 -0.03776870 -0.03702788
v 0.81202191 -0.03796867 -0.03492789
v 0.80971241 -0.03238670 -0.03583002
v 0.81462193 -0.04246867 -0.03552788
v 0.81772190 -0.04156867 -0.03732789
v 0.81318605 -0.03309873 -0.04043014
v 0.81642193 -0.03686870 -0.04062789
v 0.81892192 -0.04106868 -0.04482789
v 0.81972194 -0.04086868 -0.04092789
v 0.81563264 -0.03744774 -0.04432553
v 0.81344187 -0.03402877 -0.04352305
v 0.81080961 -0.02996413 -0.04064365
v 0.82192189 -0.04446868 -0.04112789
v 0.82012194 -0.04726870 -0.04162788
v 0.81752193 -0.04586867 -0.03742788
v 0.81982189 -0.04426868 -0.03792788
v 0.80404240 -0.03290929 -0.03452541
v 0.80822194 -0.03886867 -0.03492789
v 0.81142193 -0.04366869 -0.03612788
v 0.81442189 -0.04716868 -0.03832788
v 0.80892193 -0.04506869 -0.03802789
v 0.80505908 -0.04057823 -0.03652435
v 0.81172192 -0.04756869 -0.04012788
v 0.80772191 -0.04606864 -0.04082788
v 0.80329657 -0.04230865 -0.03972126
v 0.79698050 -0.03542963 -0.03891969
v 0.79966211 -0.03387439 -0.03582350
v 0.81022191 -0.04746870 -0.04162788
v 0.81710339 -0.04815105 -0.04261996
v 0.81410187 -0.03723919 -0.04711570
v 0.81720525 -0.04170766 -0.04721809
v 0.81187737 -0.03837373 -0.04881771
v 0.81504327 -0.04281887 -0.04851477
v 0.82122189 -0.04376868 -0.04462789
v 0.81972194 -0.04556868 -0.04602788
v 0.79318756 -0.03143745 -0.03842120
v 0.79324049 -0.03226028 -0.04371574
v 0.79697508 -0.03630501 -0.04411276
v 0.80305940 -0.04300467 -0.04461562
v 0.79992169 -0.03600261 -0.04820571
v 0.80519921 -0.03488868 -0.04970305
v 0.80919123 -0.04006290 -0.04941724
v 0.80570167 -0.04170968 -0.04840944
v 0.80955023 -0.04562956 -0.04752450
v 0.81215405 -0.04431977 -0.04872338
v 0.80803186 -0.04645572 -0.04442681
v 0.81392825 -0.04725922 -0.04692706
v 0.81702262 -0.04666749 -0.04682778
v 0.81173027 -0.04725686 -0.04642688
v 0.81112224 -0.04776820 -0.04402784
v 0.81372190 -0.04826868 -0.04342788
v 0.78422409 -0.01945509 -0.07232693
v 0.78546500 -0.01876290 -0.06762615
v 0.79031265 -0.02446402 -0.06902663
v 0.78928339 -0.02532680 -0.07392471
v 0.79185313 -0.01334806 -0.06362398
v 0.79566640 -0.00947236 -0.06552644
v 0.79964012 -0.01528515 -0.06632192
v 0.79576039 -0.01934543 -0.06482340
v 0.79726040 -0.00708386 -0.07123036
v 0.80085522 -0.01324091 -0.07193343
v 0.77568376 0.00361619 -0.06148514
v 0.77940333 0.00839027 -0.06275096
v 0.79043180 -0.00336471 -0.06442427
v 0.78642499 -0.00762344 -0.06272644
v 0.76852447 0.00002625 -0.07482608
v 0.77132881 0.00023295 -0.07780705
v 0.78827035 -0.01653325 -0.06482448
v 0.79260677 -0.02245372 -0.06612268
v 0.78525025 -0.01882770 -0.07692285
v 0.78796399 -0.01685649 -0.08023014
v 0.78184181 -0.01064267 -0.07902215
v 0.77894360 -0.01294011 -0.07572370
v 0.76884294 -0.00123549 -0.06322794
v 0.76791775 -0.00027180 -0.06903739
v 0.77209717 0.00001616 -0.06141419
v 0.77977550 0.00893287 -0.07496824
v 0.77627826 0.00396057 -0.07809088
v 0.78608245 -0.00734784 -0.07983613
v 0.79006070 -0.00321623 -0.07703485
v 0.78254253 -0.01080033 -0.06352416
v 0.77796733 -0.01337245 -0.07082152
v 0.77935153 -0.01299679 -0.06602358
v 0.79527014 -0.00964600 -0.07783529
v 0.79193968 -0.00096819 -0.07042873
v 0.79302782 -0.02238714 -0.08143073
v 0.80050862 -0.02950986 -0.08252721
v 0.80341953 -0.02617670 -0.08153180
v 0.79652250 -0.01929478 -0.08113658
v 0.79153186 -0.01380564 -0.08043471
v 0.79945582 -0.01530018 -0.07823493
v 0.79756284 -0.03286370 -0.07102273
v 0.79702353 -0.03343797 -0.07612254
v 0.79965627 -0.03107355 -0.06792370
v 0.78158188 0.01202576 -0.06842752
v 0.80572128 -0.02385244 -0.06783044
v 0.80225074 -0.02788003 -0.06682526
v 0.79776603 -0.03217303 -0.08041059
v 0.79033631 -0.02445726 -0.07851170
v 0.80590314 -0.02291769 -0.07873413
v 0.80707371 -0.02111748 -0.07293428
v 0.81053036 -0.02901618 -0.07943025
v 0.81206548 -0.02729856 -0.07431792
v 0.81103843 -0.02998774 -0.06912412
v 0.80715477 -0.03346742 -0.06802382
v 0.80406994 -0.03584176 -0.06932279
v 0.80846661 -0.03134999 -0.08201419
v 0.80560941 -0.03391244 -0.08300162
v 0.80210149 -0.03628413 -0.08120768
v 0.81321484 -0.03663193 -0.08319829
v 0.81624985 -0.03526576 -0.08090494
v 0.82194251 -0.04169638 -0.07432521
v 0.82565230 -0.04536443 -0.07522412
v 0.82324880 -0.04708508 -0.07362487
v 0.81993347 -0.04243098 -0.07182650
v 0.81959945 -0.03848408 -0.07392694
v 0.81690174 -0.03669194 -0.07122757
v 0.81940395 -0.03745020 -0.07682911
v 0.82278228 -0.04028371 -0.07792567
v 0.82556105 -0.04413766 -0.08301741
v 0.82737994 -0.04405443 -0.07932014
v 0.82113546 -0.04093434 -0.08122460
v 0.81866264 -0.03809477 -0.07982822
v 0.82657832 -0.05039545 -0.07652178
v 0.82846951 -0.04820771 -0.07652217
v 0.81672919 -0.03379298 -0.07573155
v 0.81184095 -0.03821113 -0.06932566
v 0.81663549 -0.04402912 -0.07112642
v 0.82055575 -0.04887345 -0.07372446
v 0.82369345 -0.05206945 -0.07722087
v 0.81787586 -0.05043002 -0.07502292
v 0.81345826 -0.04607508 -0.07242443
v 0.82091600 -0.05242313 -0.07821923
v 0.81602913 -0.05120866 -0.07771859
v 0.81091362 -0.04745264 -0.07551991
v 0.80521691 -0.04104177 -0.07331905
v 0.80787098 -0.03983999 -0.07032291
v 0.81894249 -0.05226554 -0.07921716
v 0.82922649 -0.05083502 -0.08091620
v 0.82575077 -0.05219790 -0.08141492
v 0.83120084 -0.04778425 -0.08021782
v 0.81933790 -0.04139930 -0.08282208
v 0.82349342 -0.04535268 -0.08431409
v 0.81756759 -0.04221241 -0.08471816
v 0.82183415 -0.04646035 -0.08561079
v 0.82894099 -0.04675094 -0.08371302
v 0.82747096 -0.04858714 -0.08461083
v 0.80179548 -0.03719063 -0.07232063
v 0.80097604 -0.03742618 -0.07701996
v 0.80412638 -0.04121196 -0.07801562
v 0.81011307 -0.04732790 -0.08011162
v 0.80564296 -0.04013543 -0.08211494
v 0.80971569 -0.03862609 -0.08381800
v 0.81474900 -0.04345536 -0.08511337
v 0.81165844 -0.04538517 -0.08381005
v 0.81665456 -0.04900065 -0.08450541
v 0.81934792 -0.04746720 -0.08560364
v 0.81539690 -0.05075219 -0.08141263
v 0.82211769 -0.05052914 -0.08470876
v 0.82500225 -0.04993400 -0.08500899
v 0.81942600 -0.05084304 -0.08410887
v 0.81928378 -0.05205868 -0.08171337
v 0.82246995 -0.05247239 -0.08171397
v 0.77445704 -0.01209913 -0.09502733
v 0.77793425 -0.01130632 -0.09092628
v 0.78162956 -0.01616062 -0.09282636
v 0.77835995 -0.01698976 -0.09702375
v 0.78462869 -0.00627364 -0.08913007
v 0.78626519 -0.00240566 -0.09093928
v 0.79004860 -0.00819500 -0.09344289
v 0.78830576 -0.01099228 -0.09143125
v 0.78561848 -0.00021150 -0.09624765
v 0.78986663 -0.00649897 -0.09795818
v 0.77263170 0.00490848 -0.08432586
v 0.77481514 0.00954143 -0.08613063
v 0.78202718 0.00272351 -0.08912514
v 0.78038603 -0.00152315 -0.08712028
v 0.78171200 -0.00929798 -0.08922353
v 0.78542626 -0.01395945 -0.09142689
v 0.77335852 -0.01133818 -0.09942159
v 0.77453810 -0.00928144 -0.10241532
v 0.76914853 -0.00429809 -0.10022619
v 0.76804090 -0.00635013 -0.09712552
v 0.76092595 0.00206005 -0.08913408
v 0.76459563 0.00207798 -0.08532651
v 0.76865888 0.00257507 -0.08401835
v 0.76871723 0.01116626 -0.09689868
v 0.76375020 0.00734490 -0.09772392
v 0.77242517 -0.00076241 -0.10192911
v 0.77695757 0.00346688 -0.10013215
v 0.77714777 -0.00497178 -0.08732314
v 0.76923716 -0.00774795 -0.09282691
v 0.77291071 -0.00717308 -0.08892696
v 0.78199595 -0.00171601 -0.10172872
v 0.78072518 0.00485106 -0.09453426
v 0.77903807 -0.01429048 -0.10490256
v 0.78760034 -0.02103713 -0.10794275
v 0.79063457 -0.01831671 -0.10786782
v 0.78255063 -0.01079302 -0.10556573
v 0.77769721 -0.00596561 -0.10406318
v 0.78671378 -0.00745708 -0.10316889
v 0.78805166 -0.02329794 -0.09612460
v 0.78548104 -0.02404248 -0.10032196
v 0.79133439 -0.02103278 -0.09462622
v 0.77352148 0.01232806 -0.09163074
v 0.75984365 0.00399887 -0.09673288
v 0.79610252 -0.01630360 -0.09633151
v 0.79412621 -0.01885482 -0.09462712
v 0.78510535 -0.02313570 -0.10501704
v 0.77751756 -0.01616699 -0.10171248
v 0.79400766 -0.01548686 -0.10531302
v 0.79635066 -0.01409165 -0.10043964
v 0.79845935 -0.02035973 -0.10695907
v 0.80072713 -0.01943814 -0.10214634
v 0.80074322 -0.02172193 -0.09792207
v 0.79824036 -0.02390894 -0.09652521
v 0.79515129 -0.02568794 -0.09662427
v 0.79546708 -0.02318046 -0.10920130
v 0.79287022 -0.02515039 -0.10910699
v 0.78955233 -0.02672509 -0.10641245
v 0.79895687 -0.02677639 -0.11087099
v 0.80275828 -0.02536543 -0.10836193
v 0.80953979 -0.03150663 -0.10262540
v 0.81322193 -0.03476868 -0.10382789
v 0.81212193 -0.03596870 -0.10212789
v 0.80872846 -0.03204680 -0.10062701
v 0.80733353 -0.02832636 -0.10202615
v 0.80542189 -0.02666868 -0.09992789
v 0.80685490 -0.02679327 -0.10464256
v 0.81025094 -0.02965917 -0.10602347
v 0.81082195 -0.03316853 -0.11082787
v 0.81376475 -0.03301080 -0.10742170
v 0.80726886 -0.03016713 -0.10933959
v 0.80559725 -0.02710035 -0.10765520
v 0.81482190 -0.03846870 -0.10462788
v 0.81572193 -0.03676868 -0.10522789
v 0.80438304 -0.02413685 -0.10361536
v 0.80202192 -0.02826867 -0.09792788
v 0.80612189 -0.03346870 -0.09942789
v 0.80962193 -0.03756870 -0.10152788
v 0.81192189 -0.04016868 -0.10442788
v 0.80662191 -0.03866870 -0.10212789
v 0.80282193 -0.03486869 -0.09992789
v 0.80872190 -0.04076869 -0.10482789
v 0.80412191 -0.03926868 -0.10382789
v 0.79982191 -0.03586868 -0.10172789
v 0.79502499 -0.03056446 -0.09972741
v 0.79852194 -0.02966869 -0.09812789
v 0.80652189 -0.04056869 -0.10542788
v 0.81547964 -0.03848267 -0.10902082
v 0.81228793 -0.04048190 -0.10922082
v 0.81656563 -0.03591146 -0.10872186
v 0.80520421 -0.03009856 -0.11121946
v 0.80872190 -0.03386868 -0.11242788
v 0.80246484 -0.03117700 -0.11214118
v 0.80653334 -0.03514779 -0.11302571
v 0.81378192 -0.03516384 -0.11141995
v 0.81250054 -0.03641966 -0.11221828
v 0.79177392 -0.02694448 -0.09822238
v 0.78951025 -0.02727412 -0.10201918
v 0.79292548 -0.03063514 -0.10331565
v 0.79811001 -0.03607349 -0.10551984
v 0.79297388 -0.03000654 -0.10753626
v 0.79592329 -0.02897054 -0.11025184
v 0.80012202 -0.03295407 -0.11165003
v 0.79801363 -0.03478407 -0.10942972
v 0.80242890 -0.03815804 -0.11052689
v 0.80423456 -0.03664778 -0.11242582
v 0.80252194 -0.03936870 -0.10712788
v 0.80722195 -0.03926862 -0.11172788
v 0.80982190 -0.03816867 -0.11242788
v 0.80522197 -0.03966862 -0.11052788
v 0.80602193 -0.04066867 -0.10802788
v 0.80882192 -0.04106868 -0.10862789
v 0.75953412 0.00333787 -0.09333377
v 0.75342768 0.00182924 -0.11702688
v 0.75633150 0.00194348 -0.11442809
v 0.75892204 -0.00126868 -0.11762786
v 0.75582999 -0.00136949 -0.12002664
v 0.76293522 0.00627602 -0.11372730
v 0.76423144 0.00970565 -0.11622541
v 0.76642263 0.00563178 -0.11962748
v 0.76542193 0.00253131 -0.11722788
v 0.76203156 0.01179291 -0.12071969
v 0.76423043 0.00733528 -0.12362210
v 0.75367534 0.01635996 -0.10330330
v 0.75388753 0.02137372 -0.10514572
v 0.76082665 0.01357840 -0.11202011
v 0.75946999 0.00980955 -0.10962525
v 0.74332446 0.01164479 -0.11103749
v 0.74221671 0.01427901 -0.11398339
v 0.73860252 0.01627612 -0.11099827
v 0.74013168 0.01213508 -0.10778211
v 0.75992626 0.00343946 -0.11322790
v 0.76242191 0.00013130 -0.11672789
v 0.75144327 0.00282923 -0.12002557
v 0.75108528 0.00495191 -0.12302430
v 0.74771720 0.00845745 -0.11962717
v 0.74804264 0.00578458 -0.11663102
v 0.74943334 0.01151210 -0.10477471
v 0.74554229 0.01046043 -0.10794690
v 0.74291730 0.01069110 -0.10410895
v 0.74724591 0.01095118 -0.10048956
v 0.75152338 0.01299440 -0.10337709
v 0.74634326 0.02193495 -0.11460631
v 0.74331158 0.01800926 -0.11523608
v 0.74955052 0.01181939 -0.12112150
v 0.75383252 0.01493433 -0.12031927
v 0.75662136 0.00687265 -0.10962982
v 0.74995619 0.00465110 -0.11362854
v 0.75342095 0.00535307 -0.11084013
v 0.75724643 0.01055671 -0.12401848
v 0.75871819 0.01606744 -0.11642087
v 0.75345790 0.00152244 -0.12642172
v 0.75736016 -0.00316478 -0.13082221
v 0.75935918 -0.00086150 -0.13212028
v 0.75555587 0.00432382 -0.12801911
v 0.75307703 0.00806375 -0.12472154
v 0.75974286 0.00673120 -0.12711851
v 0.76252192 -0.00606868 -0.12152788
v 0.75910145 -0.00598712 -0.12393599
v 0.76572186 -0.00466869 -0.12082788
v 0.75170922 0.02455513 -0.10994114
v 0.76972193 -0.00016868 -0.12372789
v 0.76852190 -0.00276867 -0.12152789
v 0.75744522 -0.00496624 -0.12752491
v 0.75384569 -0.00047324 -0.12322442
v 0.76326597 0.00103012 -0.13112624
v 0.76748908 0.00177178 -0.12742707
v 0.76644433 -0.00300602 -0.13432385
v 0.77059162 -0.00202329 -0.13032706
v 0.77242196 -0.00406860 -0.12642789
v 0.77092189 -0.00616868 -0.12402788
v 0.76802200 -0.00776867 -0.12332789
v 0.76239020 -0.00489203 -0.13501762
v 0.76050347 -0.00657514 -0.13321953
v 0.76034880 -0.00756125 -0.12992451
v 0.76560611 -0.00836570 -0.13721702
v 0.77026159 -0.00701325 -0.13691676
v 0.77792192 -0.01176867 -0.13252789
v 0.78002191 -0.01436869 -0.13402790
v 0.77962190 -0.01556868 -0.13252789
v 0.77762192 -0.01236868 -0.13052788
v 0.77612376 -0.00886403 -0.13172761
v 0.77522188 -0.00796870 -0.12942788
v 0.77471524 -0.00758616 -0.13402529
v 0.77722359 -0.01026659 -0.13562746
v 0.77663577 -0.01365320 -0.14032514
v 0.77992189 -0.01286863 -0.13752787
v 0.77434528 -0.01064385 -0.13872282
v 0.77308112 -0.00826199 -0.13682024
v 0.78132194 -0.01786867 -0.13532788
v 0.78192192 -0.01606867 -0.13572788
v 0.77308190 -0.00555106 -0.13272253
v 0.77342194 -0.00936869 -0.12662789
v 0.77632189 -0.01356868 -0.12912789
v 0.77862191 -0.01736868 -0.13182789
v 0.77962190 -0.01966867 -0.13512787
v 0.77612191 -0.01806868 -0.13162789
v 0.77362192 -0.01426867 -0.12852788
v 0.77712190 -0.01996869 -0.13462788
v 0.77352190 -0.01816869 -0.13192788
v 0.77052194 -0.01466868 -0.12892789
v 0.76702243 -0.01086836 -0.12612781
v 0.77042192 -0.01026869 -0.12572789
v 0.77522194 -0.01966867 -0.13412789
v 0.78082192 -0.01816869 -0.13922790
v 0.77852190 -0.01986868 -0.13842788
v 0.78182191 -0.01536868 -0.13922790
v 0.77191377 -0.01121718 -0.13981991
v 0.77474529 -0.01484550 -0.14142396
v 0.76903909 -0.01218906 -0.13932000
v 0.77264726 -0.01624698 -0.14082439
v 0.77892613 -0.01536360 -0.14112706
v 0.77782631 -0.01716389 -0.14142714
v 0.76482213 -0.00866858 -0.12412785
v 0.76182640 -0.00856722 -0.12642732
v 0.76403445 -0.01096321 -0.12832637
v 0.76772761 -0.01476528 -0.13092723
v 0.76276124 -0.01035570 -0.13192293
v 0.76320827 -0.00957051 -0.13531877
v 0.76716691 -0.01344078 -0.13752231
v 0.76645201 -0.01455169 -0.13442457
v 0.77052969 -0.01796314 -0.13632704
v 0.77114201 -0.01725332 -0.13892546
v 0.77142191 -0.01826867 -0.13362789
v 0.77452278 -0.01936791 -0.13872777
v 0.77612454 -0.01876612 -0.14042751
v 0.77332222 -0.01946844 -0.13702786
v 0.77432191 -0.01976869 -0.13562790
v 0.77642190 -0.02016870 -0.13712788
v 0.73966658 0.01894597 -0.11261530
v 0.74141407 0.02215051 -0.00912999
v 0.74237084 0.02550965 -0.00522912
v 0.72777081 0.01505847 -0.00782286
v 0.73332405 0.01602620 -0.01082819
v 0.72453672 0.01674343 -0.00293357
v 0.72903806 0.02344385 0.00325972
v 0.72548783 0.01999338 0.00096299
v 0.73843724 0.01869818 -0.01122131
v 0.74065930 0.02800882 -0.00032138
v 0.73466831 0.02692353 0.00317090
v 0.74545288 0.02139239 0.00537106
v 0.73987639 0.01983758 0.00897108
v 0.73342246 0.01662941 0.00947203
v 0.72912443 0.01342644 0.00617179
v 0.72755909 0.01126845 0.00136790
v 0.74722016 0.02002528 -0.00032742
v 0.74572599 0.01743163 -0.00482351
v 0.74144918 0.01422006 -0.00732142
v 0.75202298 0.01413536 0.00427312
v 0.75202197 0.01253130 0.01187211
v 0.74462199 0.00543132 0.02057211
v 0.74722189 0.00273132 0.02357212
v 0.74432230 0.00003143 0.02147214
v 0.74082190 0.00363132 0.01867212
v 0.74392200 0.00763133 0.01807211
v 0.73942190 0.00863131 0.01577212
v 0.75032192 0.00803130 0.02077211
v 0.74842197 0.00953131 0.01757211
v 0.75262189 0.01033133 0.01617211
v 0.75552189 0.00893133 0.01797212
v 0.75282198 0.00563133 0.02447212
v 0.75484824 0.00216336 0.02597623
v 0.75022924 0.00073644 0.02557295
v 0.74917334 -0.00203840 0.02367687
v 0.74592245 0.01203078 0.01467207
v 0.73332202 0.00743098 0.01117211
v 0.73762190 0.00173130 0.01507211
v -0.00009315 0.08697930 -0.10572357
v -0.00018799 0.09846999 -0.10295144
v 0.74272782 -0.00236734 0.01807253
v 0.74870235 -0.00422484 0.01977862
v 0.74329603 -0.00364888 0.01317716
v 0.73682690 -0.00017535 0.00987208
v 0.74872893 -0.00441022 0.01508067
v 0.74542189 -0.00316868 0.00947212
v 0.73942190 -0.00036869 0.00477211
v 0.73282433 0.00613027 -0.00072771
v 0.73065883 0.00616844 0.00526788
v 0.74882191 -0.00396869 0.01207212
v 0.75580847 -0.00177306 0.02388265
v 0.75491071 -0.00328209 0.01928161
v 0.75692308 0.00863456 0.01367256
v 0.75943631 0.00516658 0.01677605
v 0.75772280 0.00643349 0.02087239
v 0.75652891 0.00824861 0.00867450
v 0.75914675 0.00338089 0.01267745
v 0.75854552 0.00387793 0.02357738
v 0.75976992 0.00162001 0.02058116
v 0.73012215 0.01063101 -0.00392791
v 0.73544526 0.01168039 -0.00702597
v 0.73869169 0.00771739 -0.00392061
v 0.74472678 0.00182733 0.00178092
v 0.74536872 0.01004602 -0.00401925
v 0.75043726 0.01275602 -0.00092116
v 0.75474769 0.00647236 0.00457799
v 0.75058252 0.00418130 0.00178082
v 0.75350022 0.00030790 0.00738186
v 0.75687534 0.00170764 0.00938074
v 0.74933016 -0.00160293 0.00768224
v 0.75639921 -0.00137756 0.01288190
v 0.75878018 -0.00048161 0.01648087
v 0.75421262 -0.00148007 0.01078251
v 0.75182676 -0.00288917 0.01158222
v 0.75341797 -0.00348619 0.01488168
v 0.73608714 0.00922666 -0.10621602
v 0.73896372 0.00791489 -0.10096052
v 0.73209476 0.00710005 -0.09943824
v 0.72333813 0.00635817 -0.09781149
v 0.71412551 0.00834977 -0.10154294
v 0.72523838 0.00704172 -0.09155727
v 0.73408103 0.00751552 -0.09329769
v 0.74352282 0.00900170 -0.09496919
v 0.71965450 0.00840497 -0.08489504
v 0.01436103 0.07142371 0.04035408
v 0.01516945 0.05527620 0.04866240
v 0.27322343 0.04009866 -0.01045215
v 0.27166724 0.05520720 -0.00784083
v 0.27188611 0.09133724 -0.04116989
v 0.26863751 0.09312046 -0.06035146
v 0.05006376 -0.22451675 0.07983408
v 0.09769540 -0.17334633 -0.07516903
v 0.10206386 -0.15185963 -0.08069599
v 0.03545400 -0.15297027 -0.09985043
v 0.05299884 -0.15731674 -0.09896581
v 0.12288809 -0.19498855 0.01390755
v 0.12516895 -0.17473465 0.01233854
v 0.08501496 -0.20460227 0.05606315
v 0.08849455 -0.18394904 0.05550893
v 0.11239430 -0.21810715 0.03382024
v 0.06977772 -0.20777927 -0.08379179
v 0.08483656 -0.21091041 -0.07709198
v 0.08289011 -0.18955602 -0.08026942
v 0.06839852 -0.18555869 -0.08872406
v 0.01836913 -0.14954710 -0.09606699
v 0.01740335 -0.17394704 -0.09216231
v 0.13423042 -0.15048102 -0.00777887
v 0.13454768 -0.14773208 -0.02920624
v 0.11972296 -0.13945203 -0.06785444
v 0.10722400 -0.13259126 -0.08276094
v 0.09222858 -0.12423811 -0.09319130
v 0.07534345 -0.11585341 -0.10048319
v 0.07700523 -0.16337815 0.06728052
v 0.06176359 -0.14310873 0.07486539
v 0.12763707 -0.15329818 0.01230844
v 0.02205545 -0.16316050 0.08542369
v 0.06088282 -0.08622897 -0.10902850
v 0.03950661 -0.08177762 -0.11172347
v 0.12933022 -0.14427674 -0.04945289
v 0.02964178 0.01424834 0.07131571
v 0.04586194 0.01736037 0.06975428
v 0.04562252 0.00089989 0.07865919
v 0.02966563 -0.00314804 0.07947762
v 0.06100313 0.00311692 0.07704113
v 0.07570250 0.00429056 0.07417157
v 0.08926034 0.00457259 0.07028396
v 0.12116247 0.00051296 0.05570461
v 0.11203124 0.00276065 0.06093585
v 0.13506694 -0.00827826 0.04252081
v 0.12883125 -0.00286583 0.04959730
v 0.13862924 -0.01803474 0.03318832
v 0.14008145 -0.02978531 0.02203609
v 0.14571927 -0.02803295 0.00410254
v 0.14244850 -0.04115825 0.01011604
v 0.13682902 -0.04317412 0.02907791
v 0.13474742 -0.03141381 0.03935031
v 0.13113858 -0.02226724 0.04877063
v 0.01900676 -0.07701740 0.08794998
v 0.01642833 -0.05074847 0.08900398
v 0.01359599 0.08676082 0.03289854
v 0.47894213 0.01424866 -0.09200311
v 0.60412061 0.04253571 -0.03785396
v 0.01502018 0.10075732 -0.10470150
v 0.03252583 0.10682004 -0.10722686
v 0.09037307 0.12337153 -0.09802430
v 0.10720785 0.13583282 -0.08150987
v 0.07030052 0.11330207 -0.10969101
v 0.05073560 0.10368571 -0.11280142
v 0.11814289 -0.13545544 0.03132705
v 0.03477668 0.06933392 -0.11620653
v 0.05225655 0.09226602 -0.11704231
v 0.07308301 0.10241209 -0.11407735
v 0.09561318 0.11357518 -0.10424627
v 0.11919135 0.12746447 -0.08745538
v 0.13465700 0.12680842 -0.08043982
v 0.15202440 0.10625634 -0.08250692
v 0.16296270 0.10967669 -0.07291727
v 0.16802970 0.12138185 -0.06035039
v 0.16329177 0.12204061 -0.06532039
v 0.15882145 0.10648223 -0.07754909
v 0.23540370 0.09945504 -0.06447929
v 0.25935167 0.08417737 -0.07926616
v 0.25041834 0.09289406 -0.07037421
v 0.26314336 0.07108662 -0.08565492
v 0.26380807 0.06176602 -0.08795939
v 0.25877094 0.05281863 -0.08896684
v 0.24824861 0.04545036 -0.08893159
v 0.20873593 0.02955963 -0.07979250
v 0.19354993 0.02325567 -0.07570280
v 0.16469523 -0.01313978 -0.07842100
v 0.15747836 -0.02144988 -0.08056843
v 0.13838609 -0.04963918 -0.08782277
v 0.12795818 -0.06297895 -0.08963131
v -0.00110930 0.13407376 -0.09235553
v 0.11755681 -0.07653195 -0.09325030
v 0.00095199 -0.05966734 -0.11213925
v 0.00100896 -0.04165036 -0.11684372
v 0.00139009 -0.12259944 -0.09494464
v 0.00131220 -0.10258679 -0.10220695
v 0.10594584 -0.30715224 -0.08303517
v 0.10008912 -0.28986752 -0.07797367
v 0.08267649 -0.29178590 -0.08632982
v -0.00059520 -0.27488983 -0.08779649
v -0.00032773 -0.25232479 -0.08159904
v 0.00044369 -0.19704789 -0.08333655
v 0.00094908 -0.17122480 -0.08769525
v 0.08852688 -0.30970037 -0.09270588
v 0.03956263 -0.25275400 -0.08647875
v 0.00064202 -0.01370725 -0.11942206
v 0.00059070 -0.00095676 -0.11577466
v 0.00043678 0.01622044 -0.11562907
v 0.01986602 -0.25274986 -0.08572462
v 0.13946275 -0.28808755 -0.02880273
v 0.14350210 -0.28993896 -0.00644110
v 0.11617039 -0.28823227 -0.06584346
v 0.12983422 -0.28767496 -0.04905958
v 0.14133254 -0.29378030 0.01569468
v 0.08668763 -0.32012078 0.07581595
v 0.06820434 -0.32499465 0.08492487
v 0.03255535 -0.33133677 0.09755027
v 0.01560397 -0.33341584 0.10070686
v 0.13414136 -0.30015868 0.03596394
v 0.05002983 -0.32861212 0.09240495
v 0.12164138 -0.30760506 0.05231217
v 0.10498066 -0.31439441 0.06529902
v 0.05775412 -0.25279677 -0.08516068
v 0.06098186 -0.27389494 -0.08674794
v -0.00058463 0.13485430 0.02031792
v -0.00071310 0.12570061 0.01664001
v 0.07827852 -0.27348900 -0.08355313
v 0.05589690 -0.01923610 -0.12604947
v 0.03677255 -0.02176450 -0.12415425
v 0.07520153 -0.01545501 -0.12697555
v 0.09068048 0.00772353 -0.12805784
v 0.09407315 -0.00863423 -0.12496474
v 0.11078705 -0.00152222 -0.12050173
v -0.00009675 0.14451367 0.02430533
v -0.00014375 0.06937083 0.04102674
v -0.00001698 0.05330909 0.04963058
v 0.10740995 0.01435867 -0.12342078
v 0.00156151 -0.05478556 0.08692454
v 0.00199275 -0.08110423 0.08570356
v -0.00044087 0.08488831 0.03317446
v 0.00252946 -0.10472772 0.08175259
v 0.13641465 0.02587756 -0.10863042
v 0.13855146 0.01260427 -0.10720142
v 0.14969914 0.01840968 -0.10146163
v 0.14784113 0.03025335 -0.10326818
v 0.16885883 0.03108877 -0.09250717
v 0.15958001 0.02409954 -0.09686345
v 0.17759410 0.03891054 -0.08736162
v 0.18882598 0.04546314 -0.08746096
v 0.18486992 0.06640723 -0.09117602
v 0.17488962 0.06052449 -0.09268461
v 0.13580762 0.03964627 -0.10882031
v 0.12148156 0.03600654 -0.11601039
v 0.03612678 0.00674302 -0.12303608
v 0.01836254 0.00199972 -0.11842065
v 0.14683256 -0.04787123 -0.00387629
v 0.15131941 -0.05292223 -0.01936432
v 0.15417588 -0.05530159 -0.03437594
v 0.15405193 -0.05437978 -0.04823436
v 0.15366821 -0.05148773 -0.06184132
v 0.15015705 -0.04655128 -0.07398631
v 0.15123805 -0.03035780 -0.08298614
v 0.14544779 -0.03954247 -0.08508164
v 0.00060883 -0.46803480 -0.10786279
v 0.14805195 -0.02179177 -0.09124853
v 0.14015324 -0.03074720 -0.09495617
v 0.12992093 -0.00777490 -0.10969959
v 0.13487773 -0.01994842 -0.10302893
v 0.12546089 0.00576945 -0.11423078
v 0.12255157 0.02084760 -0.11631615
v 0.10595764 0.03170562 -0.12373380
v 0.08956484 0.02550798 -0.12890553
v 0.07206833 0.05492266 -0.12707025
v 0.07172580 0.03710653 -0.12959574
v 0.07195348 0.01907852 -0.13071345
v 0.07186849 0.00119989 -0.13017547
v 0.07022221 0.14353913 -0.08051787
v 0.05364009 0.13676642 -0.09037867
v 0.24064401 0.05083475 -0.08967128
v 0.24648388 0.05652476 -0.08955804
v 0.00037389 -0.42385316 -0.12920628
v 0.00032756 -0.40109387 -0.13083626
v 0.23640446 0.05784052 -0.08989899
v 0.23513126 0.05357181 -0.09000181
v 0.24849276 0.06365618 -0.08870883
v 0.24806243 0.07291146 -0.08700509
v 0.23555803 0.07256542 -0.08792276
v 0.23693314 0.06364464 -0.08980940
v 0.24459943 0.08326527 -0.08206586
v 0.23259692 0.08167629 -0.08407376
v 0.23806062 0.09158859 -0.07600014
v 0.22836125 0.09681189 -0.07156210
v 0.22392997 0.09384598 -0.07529918
v 0.22813404 0.08934069 -0.07944450
v 0.19189386 0.09161450 -0.08079067
v 0.20328504 0.09321551 -0.07790869
v 0.21496488 0.09363025 -0.07593354
v 0.20130216 0.05151477 -0.08936280
v 0.21360944 0.05794859 -0.09038307
v 0.22515331 0.06242838 -0.09022943
v 0.22344300 0.07070646 -0.08889305
v 0.21151152 0.06619620 -0.08984700
v 0.00062429 -0.44307578 -0.12349419
v 0.19912358 0.06028561 -0.09042586
v 0.05388112 -0.00324285 -0.12864703
v 0.03650827 -0.00856769 -0.12447693
v 0.00047788 -0.44432291 0.08933040
v 0.00056997 -0.46017593 0.08496115
v 0.16695942 0.04101272 -0.09412630
v 0.00031864 -0.47435498 0.07732466
v 0.00027394 -0.48775452 0.06756188
v 0.15837310 0.03579549 -0.09876732
v 0.17591172 0.04748150 -0.09056313
v 0.18696702 0.05476147 -0.09012446
v 0.16640130 0.05400905 -0.09539261
v 0.15752530 0.04814084 -0.09900898
v 0.14719315 0.04343534 -0.10328123
v 0.05356739 0.01261663 -0.12837264
v 0.01838126 -0.01229171 -0.12100256
v -0.00012978 -0.35390520 -0.12066247
v -0.00010820 -0.33122221 -0.11232981
v -0.00026125 -0.35572183 0.09895926
v 0.00034766 0.15349424 0.02769034
v 0.00044867 0.18823627 -0.07009510
v -0.00074622 0.11453043 0.01394263
v -0.00070266 0.10378040 0.01734342
v -0.00024841 -0.50267553 -0.02128435
v -0.00053988 0.09484511 0.02608899
v -0.00009610 -0.50340527 -0.03041041
v 0.00136691 -0.14659819 -0.09040065
v 0.16527018 0.08486269 0.01085348
v 0.16798678 0.10919625 0.00169712
v 0.17108811 0.12554656 -0.01666322
v 0.17056942 0.12909335 -0.03999174
v 0.40031123 -0.01127685 -0.05950222
v 0.01744545 -0.19941546 -0.08744389
v 0.01851757 -0.22537258 -0.08480125
v 0.03664403 -0.22706866 -0.08656715
v 0.01947932 -0.08078182 -0.10988705
v 0.01844304 -0.02407380 -0.12227786
v 0.09769467 -0.02731412 0.08145766
v 0.08738226 -0.02689108 0.08594836
v 0.08795968 -0.01106020 0.07888751
v 0.09905916 -0.01151273 0.07437555
v 0.11484769 -0.02881991 0.06935098
v 0.10711370 -0.02803205 0.07566109
v 0.10903985 -0.01251463 0.06885753
v 0.11794680 -0.01427540 0.06284448
v 0.12201217 -0.03135457 0.06256489
v 0.12518130 -0.01707875 0.05632834
v 0.10560894 -0.04451144 0.08052740
v 0.09691378 -0.04405467 0.08649849
v 0.08705693 -0.04348704 0.09070464
v 0.11901409 -0.04557323 0.06743114
v 0.11310714 -0.04461777 0.07409556
v 0.00981455 0.15547007 0.02662581
v 0.01158126 0.10788291 0.01922773
v 0.01096914 0.11759242 0.01584931
v 0.01496501 -0.02780130 0.08563650
v 0.01426770 0.00944089 0.07236220
v 0.01517275 0.02225319 0.06298427
v 0.01549125 0.03832366 0.05584085
v 0.01253937 0.09813609 0.02619996
v 0.01444403 -0.00861413 0.07960772
v 0.15826684 -0.47588906 -0.06865364
v 0.14185591 -0.49309421 -0.08686067
v 0.14645639 -0.46692416 -0.08401223
v 0.13382934 -0.47990161 -0.09649668
v 0.15083462 -0.39642316 -0.06046832
v 0.15183409 -0.42289934 -0.06664063
v 0.14994749 -0.36878988 -0.05697433
v 0.11482230 -0.48781827 -0.10849576
v 0.09030375 -0.49032614 -0.11680050
v 0.08795604 -0.47163609 -0.12392882
v 0.13634965 -0.37223205 -0.07923067
v 0.13782197 -0.39915302 -0.08241381
v 0.15136935 -0.44716665 -0.07447999
v 0.13948821 -0.44695297 -0.09050655
v 0.13878882 -0.46173933 -0.09261055
v 0.11139170 -0.47079277 -0.11450159
v 0.12855828 -0.46713826 -0.10263380
v 0.02990025 -0.33273706 -0.11198367
v 0.05571104 -0.33291829 -0.11027072
v 0.05122519 -0.31293204 -0.10136410
v 0.11232428 -0.32668209 -0.08871134
v 0.12222805 -0.30429101 -0.06945278
v 0.12619397 -0.44948739 -0.10493021
v 0.10861252 -0.45043445 -0.11824475
v 0.08551143 -0.45002699 -0.12845981
v 0.08289641 -0.37581021 -0.12266289
v 0.08358327 -0.40006652 -0.12753311
v 0.10474789 -0.40120244 -0.11680108
v 0.10366561 -0.37579319 -0.11219052
v 0.11762738 -0.34918246 -0.09393229
v 0.12094735 -0.37480369 -0.09783676
v 0.08091020 -0.35256544 -0.11516284
v 0.10046260 -0.35105285 -0.10635065
v 0.09507533 -0.32904416 -0.09950335
v 0.12267593 -0.40150353 -0.10142332
v 0.05737223 -0.42449731 -0.13580489
v 0.08395052 -0.42586899 -0.13022937
v 0.02923737 -0.42338523 -0.13355300
v 0.07651896 -0.33103797 -0.10654131
v 0.07076251 -0.31128338 -0.09807780
v 0.06543760 -0.29219911 -0.09115149
v 0.05428270 -0.22924483 -0.08459188
v 0.11519586 -0.71285391 0.05643070
v 0.00527546 -0.52272987 0.00325334
v 0.00431992 -0.51498181 -0.01941320
v 0.16931652 -0.43645287 0.03910319
v 0.17582746 -0.45720252 -0.02752439
v 0.16403195 -0.45098859 -0.05343414
v 0.03271015 -0.52161759 0.05693064
v 0.01754227 -0.52708834 0.03835168
v 0.15290219 -0.44490463 0.06285293
v 0.10506643 -0.49277565 0.08551626
v 0.00892369 -0.52713114 0.02092709
v 0.13914210 -0.42441681 -0.08663634
v 0.12465588 -0.42715853 -0.10397237
v 0.10632590 -0.42711356 -0.11900060
v 0.05803990 -0.44797513 -0.13343923
v 0.02912554 -0.44447559 -0.13077497
v 0.01957745 -0.46584854 0.08144847
v 0.01564562 -0.45580828 0.08527013
v 0.00851293 -0.45835736 0.08518590
v 0.00898110 -0.47268239 0.07842956
v 0.08732981 -0.34000537 0.07582377
v 0.06781088 -0.34545502 0.08410896
v 0.03125656 -0.35229892 0.09512338
v 0.01494065 -0.35451147 0.09789559
v 0.13813977 -0.31832901 0.03729899
v 0.04877526 -0.34943825 0.09063617
v 0.12508817 -0.32608876 0.05382907
v 0.10689297 -0.33350924 0.06623819
v 0.07039492 -1.17366517 -0.06258402
v 0.07001556 -1.20362520 -0.05843466
v 0.07127391 -1.20158529 -0.07316199
v 0.06859665 -1.17102861 -0.07695179
v 0.08354868 -1.16610050 -0.10369728
v 0.07296221 -1.16822922 -0.09596360
v 0.09733968 -1.16595256 -0.10561398
v 0.09413193 -1.19704974 -0.10485978
v 0.10423018 -1.19788599 -0.09792774
v 0.10965503 -1.16744721 -0.10080281
v 0.11787620 -1.16851294 -0.09222917
v 0.12114462 -1.20015395 -0.06240181
v 0.12752256 -1.17076421 -0.06292459
v 0.12371349 -1.16927421 -0.08119449
v 0.11929244 -1.19963074 -0.07988074
v 0.12218168 -1.17556775 -0.04382687
v 0.11609010 -1.20354605 -0.04321259
v 0.10722036 -1.17913759 -0.03284046
v 0.07498462 -1.17672539 -0.04761276
v 0.07269613 -1.20557904 -0.04204129
v 0.08166827 -1.19708610 -0.10348356
v 0.07319587 -1.19861174 -0.09390305
v 0.06865826 -1.16975105 -0.08672895
v 0.07241842 -1.20012987 -0.08354059
v 0.06770486 -1.23096919 -0.06884198
v 0.06076530 -1.23271739 -0.05320299
v 0.07953253 -1.22743189 -0.10418174
v 0.07591876 -1.22889841 -0.09117889
v 0.09866656 -1.22745609 -0.09485437
v 0.09092679 -1.22672796 -0.10667387
v 0.11963581 -1.22847843 -0.07886915
v 0.11276245 -1.19874430 -0.08960945
v 0.10987686 -1.22795939 -0.08718432
v 0.11996688 -1.22838759 -0.06204304
v 0.11433388 -1.23050189 -0.03922074
v 0.06787035 -1.23221529 -0.03498828
v 0.07119243 -1.22928548 -0.08013522
v 0.12197491 -1.31567633 0.12164753
v 0.12650628 -1.31565666 0.12063317
v 0.12793574 -1.32006872 0.12124313
v 0.12107265 -1.32098114 0.12275500
v 0.07808173 -1.31242692 0.13413659
v 0.08695821 -1.31062949 0.13611089
v 0.08906765 -1.31982946 0.13411936
v 0.07721400 -1.32232022 0.13196723
v 0.11283679 -1.32493603 0.12829372
v 0.10795742 -1.32492459 0.12880161
v 0.10695270 -1.32113314 0.13257261
v 0.11492091 -1.32091784 0.13167857
v 0.15192766 -1.32107902 0.08577561
v 0.14788851 -1.32141638 0.08739901
v 0.14779204 -1.31691861 0.08979511
v 0.15311068 -1.31725681 0.08705949
v 0.13955207 -1.32417440 0.10424442
v 0.13568714 -1.32479167 0.10575271
v 0.13536561 -1.32029378 0.10864808
v 0.14148782 -1.32055414 0.10603183
v 0.08937886 -1.30722678 0.11153170
v 0.08916473 -1.30772483 0.12621374
v 0.07640705 -1.31042445 0.12406344
v 0.07501394 -1.30604613 0.10929860
v 0.06986462 -1.31952953 0.12043769
v 0.07754179 -1.32502902 0.11790809
v 0.07626490 -1.32545936 0.10337631
v 0.06887507 -1.31719053 0.10441706
v 0.08989441 -1.32522762 0.11984580
v 0.08971187 -1.32503366 0.10647818
v 0.09646606 -1.31653392 0.11062182
v 0.09825832 -1.31642997 0.12520678
v 0.11594632 -1.31642449 0.11098881
v 0.11931828 -1.31853461 0.12319116
v 0.11323936 -1.31262159 0.12458907
v 0.11074625 -1.30902410 0.11188435
v 0.10505162 -1.31291509 0.12580471
v 0.10007524 -1.30961156 0.11361373
v 0.09677839 -1.31902623 0.11282831
v 0.09926435 -1.31982410 0.12611461
v 0.10478747 -1.32520676 0.12222448
v 0.10171227 -1.32440507 0.10914751
v 0.11078480 -1.32350659 0.10851655
v 0.11375082 -1.32512057 0.12090535
v 0.11999862 -1.31437361 0.11575788
v 0.11744719 -1.31041563 0.10617775
v 0.12774943 -1.30909324 0.10375546
v 0.12755974 -1.31341314 0.11462425
v 0.11947577 -1.32410491 0.10380101
v 0.11425078 -1.31962693 0.10649607
v 0.11585131 -1.32162273 0.11609519
v 0.12117558 -1.32550108 0.11419574
v 0.12845168 -1.32517672 0.11327693
v 0.12858099 -1.32298267 0.10218446
v 0.13255234 -1.31579661 0.10366765
v 0.13267206 -1.31906164 0.11425819
v 0.14210083 -1.31337047 0.10028426
v 0.14323808 -1.30866289 0.09020998
v 0.14674263 -1.31557691 0.08933027
v 0.14497031 -1.31941664 0.09901537
v 0.13533376 -1.30949724 0.09404169
v 0.13633613 -1.31311452 0.10226708
v 0.13486183 -1.32299125 0.09257222
v 0.13223672 -1.31571424 0.09606460
v 0.13142352 -1.31803596 0.10297137
v 0.13394530 -1.32491601 0.10057680
v 0.14127146 -1.32472312 0.09863044
v 0.14287038 -1.32286286 0.08885203
v 0.15704329 -1.31653786 0.08018950
v 0.15532729 -1.31076407 0.08169047
v 0.15600461 -1.30812812 0.07293296
v 0.15731846 -1.31499934 0.07012065
v 0.14940213 -1.30797720 0.07788578
v 0.14901665 -1.31059599 0.08422087
v 0.14733911 -1.32128119 0.07633562
v 0.14712523 -1.31387925 0.07941648
v 0.14532204 -1.31571138 0.08454343
v 0.14653006 -1.32231152 0.08255341
v 0.15310258 -1.32206404 0.08017152
v 0.15344171 -1.32064092 0.07189658
v 0.07523644 -1.30276430 0.09463383
v 0.09303480 -1.30688024 0.09713615
v 0.08020995 -1.32462859 0.12716904
v 0.06961717 -1.31562912 0.08979630
v 0.08697426 -1.32443929 0.12813210
v 0.09391009 -1.32445645 0.09380465
v 0.07744946 -1.32416856 0.08876961
v 0.09547601 -1.31683290 0.10394172
v 0.11301440 -1.31564009 0.13128728
v 0.11325348 -1.31732285 0.10130255
v 0.11349751 -1.32410717 0.09193416
v 0.10813592 -1.31563175 0.13178171
v 0.11152098 -1.30674851 0.09478007
v 0.12899840 -1.30723166 0.08563238
v 0.12304873 -1.32468069 0.11997143
v 0.12706861 -1.32428849 0.11946889
v 0.13128252 -1.32347953 0.08478259
v 0.13254455 -1.31479788 0.09405746
v 0.14076678 -1.31601357 0.10570618
v 0.14732945 -1.31376791 0.07960934
v 0.14505467 -1.32245672 0.07323066
v 0.13712697 -1.31588066 0.10683843
v 0.14486514 -1.30548787 0.07375315
v 0.15212785 -1.31428742 0.08622572
v 0.15392509 -1.32151544 0.06135063
v 0.15854032 -1.31377816 0.05810067
v 0.14941461 -1.31351531 0.08804002
v 0.15581331 -1.30552948 0.06232731
v 0.08236432 -1.18005669 -0.03618990
v 0.08038629 -1.20704091 -0.03095998
v 0.09322381 -1.18131292 -0.03123575
v 0.10338931 -1.20670724 -0.03085592
v 0.09150613 -1.20840919 -0.02709091
v 0.07881542 -1.23237371 -0.02236834
v 0.10224514 -1.23272073 -0.02491198
v 0.09181160 -1.23265576 -0.01875586
v 0.12216024 -1.24971426 -0.08091726
v 0.12333484 -1.25100064 -0.06447984
v 0.10783656 -1.24880004 -0.08888853
v 0.08968590 -1.24801219 -0.11070733
v 0.09794903 -1.24830461 -0.09931058
v 0.07790028 -1.25153720 -0.01039212
v 0.06852835 -1.25404894 -0.02843220
v 0.09218325 -1.25047064 -0.00453854
v 0.10634814 -1.25100291 -0.01311553
v 0.07109544 -1.29739928 0.07802361
v 0.07154939 -1.29590559 0.05710736
v 0.08541459 -1.28578985 0.05971884
v 0.08939552 -1.29563284 0.07874417
v 0.10346362 -1.28662038 0.05556431
v 0.10721682 -1.29848349 0.07466222
v 0.11958474 -1.29048550 0.04743301
v 0.12397824 -1.29985082 0.06667638
v 0.13454136 -1.29427326 0.03815553
v 0.13990314 -1.30061102 0.05664033
v 0.14772311 -1.29984474 0.02899082
v 0.15330015 -1.30275512 0.04755691
v 0.15584055 -1.30938411 0.02416146
v 0.16000664 -1.31189597 0.04320566
v 0.06572185 -1.31400013 0.07294224
v 0.06747560 -1.31149733 0.05216288
v 0.07648745 -1.32559478 0.07024333
v 0.07750922 -1.32462931 0.04956150
v 0.09366429 -1.32611942 0.06891414
v 0.09351151 -1.32532418 0.04766617
v 0.15263171 -1.32130766 0.02626774
v 0.15448672 -1.32270825 0.04586290
v 0.11194561 -1.32492983 0.06439775
v 0.11096430 -1.32350230 0.04308864
v 0.12861785 -1.32548869 0.05811603
v 0.12711741 -1.32423949 0.03705733
v 0.14278457 -1.32533979 0.05152687
v 0.14111209 -1.32451463 0.03099995
v 0.08086100 -1.27799630 0.03697374
v 0.09900163 -1.27330410 0.03507265
v -0.00099918 0.14857350 -0.08571028
v -0.00005116 0.07425567 -0.10843388
v 0.11470677 -1.27815080 0.02578765
v 0.12872463 -1.28530622 0.01543792
v 0.14017394 -1.29558027 0.00598163
v 0.14997202 -1.30572248 0.00167036
v 0.12675200 -1.27275562 -0.01345317
v 0.13386598 -1.29251456 -0.02046265
v 0.14137933 -1.30473697 -0.02175179
v 0.12882918 -1.29000294 -0.04700659
v 0.13404578 -1.30360770 -0.04616635
v 0.00053401 -0.45758751 -0.11597591
v 0.00035357 0.03148778 -0.11483739
v 0.11874747 -1.28982890 -0.08856355
v 0.00013749 -0.37736705 -0.12727879
v -0.00024500 0.03507872 0.05647736
v -0.00006775 0.01873756 0.06367292
v 0.00047256 0.00649483 0.07329221
v 0.00077693 -0.01192628 0.07967635
v -0.00141074 -0.27507851 0.09552198
v -0.00128143 -0.26132131 0.08852633
v -0.00007311 -0.22385690 -0.08018463
v -0.00086616 -0.31624743 0.10256541
v -0.00079651 -0.24638598 0.08944076
v 0.00107720 -0.08055253 -0.10770963
v 0.00119350 -0.03199389 0.08475672
v -0.00054247 -0.33499941 0.10176040
v 0.00099380 -0.02542438 -0.12111507
v 0.00016714 -0.22489560 0.08965895
v 0.00042689 -0.42518488 0.09136032
v 0.00209010 -0.16373581 0.08462428
v -0.01815636 0.15876508 0.02209298
v -0.02813221 0.16290751 0.01622582
v -0.03022237 0.15353061 0.01471304
v -0.01954262 0.14978442 0.01957719
v -0.05371806 0.16819982 -0.03029544
v -0.05209072 0.17760703 -0.02494863
v -0.04868278 0.18125553 -0.03822159
v -0.05179157 0.17169605 -0.04382651
v -0.04274676 0.18318953 -0.04989269
v -0.04644461 0.17331867 -0.05540838
v -0.03705415 0.17289177 -0.06399330
v -0.03442683 0.18447149 -0.05889194
v -0.02397262 0.18352671 -0.06550469
v -0.02663168 0.17096601 -0.06950573
v -0.03908261 0.16712607 0.00914347
v -0.04762872 0.17118759 -0.00084234
v -0.04804018 0.16078061 -0.00172116
v -0.03977269 0.15803243 0.00812245
v -0.05216156 0.17505148 -0.01238542
v -0.05354579 0.16502133 -0.01530679
v -0.01381239 0.17106898 -0.07302126
v -0.01187231 0.18524477 -0.06892585
v -0.02311070 0.12982064 0.01584411
v -0.01166105 0.12772702 0.01732541
v -0.01100354 0.13718933 0.02009221
v -0.02174680 0.13961276 0.01738052
v -0.05138076 0.12724531 -0.00300085
v -0.06416570 0.13278908 -0.01691684
v -0.06985614 0.12409747 -0.01332488
v -0.05603357 0.11710915 0.00006431
v -0.06598745 0.09853830 0.01640481
v -0.08770024 0.10512298 0.00087861
v -0.08457688 0.08544317 0.01869609
v -0.06656528 0.08111364 0.02575249
v -0.08251464 0.06819320 0.03260715
v -0.06621946 0.06487103 0.03685574
v -0.07674541 0.01806165 0.06495684
v -0.06109166 0.01754409 0.06796791
v -0.06313005 0.03355327 0.05797542
v -0.07893141 0.03468456 0.05459150
v -0.08492120 -0.08310332 0.08430385
v -0.07354725 -0.07949581 0.09009833
v -0.08062388 -0.06286258 0.09262093
v -0.09083754 -0.06467474 0.08859673
v -0.14182389 0.03836330 0.03079069
v -0.14362046 0.05554958 0.02290228
v -0.15354574 0.04507230 0.02180634
v -0.15026072 0.02740011 0.02810466
v -0.10387082 0.13824613 -0.04085279
v -0.09784008 0.12561080 -0.01972999
v -0.08693384 0.12788619 -0.02568163
v -0.09260985 0.14002995 -0.04347301
v -0.12862496 -0.04925872 0.04844979
v -0.12321083 -0.06207135 0.05494676
v -0.12168010 -0.05244371 0.06271628
v -0.12638715 -0.03982306 0.05704302
v -0.09969216 -0.16030213 0.04464627
v -0.08597018 -0.16226271 0.05681995
v -0.08677213 -0.14249259 0.05731654
v -0.10025000 -0.14027682 0.04627576
v -0.13253112 -0.11409576 -0.00530778
v -0.13517842 -0.11468989 -0.02672879
v -0.13350123 -0.13044795 -0.02760194
v -0.13214257 -0.13187142 -0.00608836
v -0.10412209 0.01723024 0.05724420
v -0.09075473 0.01835751 0.06131127
v -0.09346157 0.03515202 0.05086629
v -0.10716776 0.03398390 0.04723516
v -0.32057297 0.04930446 -0.01256519
v -0.32230940 0.03398723 -0.01318429
v -0.29740241 0.03751257 -0.01208950
v -0.29552272 0.05264393 -0.01118545
v -0.12873958 -0.22688861 0.00316571
v -0.12853713 -0.22332470 -0.01639197
v -0.13308764 -0.24083558 -0.01403584
v -0.13291419 -0.24442863 0.00676611
v -0.17280409 0.09990089 -0.00167209
v -0.17463976 0.11618492 -0.01788683
v -0.18322727 0.11121574 -0.01750832
v -0.18350947 0.09442773 -0.00315077
v -0.13398023 0.00863411 0.04363654
v -0.13846301 0.02317161 0.03757774
v -0.14513430 0.01339290 0.03289621
v -0.14025030 0.00109349 0.03763632
v -0.14236929 -0.08594158 -0.02765579
v -0.14029028 -0.08453684 -0.00969502
v -0.14501056 -0.06899429 -0.01410664
v -0.14669356 -0.07114071 -0.03035292
v -0.13688624 -0.09938580 -0.00685829
v -0.13893189 -0.10041346 -0.02652353
v -0.12581143 0.01340523 0.04832690
v -0.11579851 0.01585176 0.05280383
v -0.11901592 0.03255489 0.04380487
v -0.12931745 0.02986226 0.04084915
v -0.07839857 -0.09890732 0.07720881
v -0.06492697 -0.09440421 0.08431955
v -0.12643942 -0.24888830 0.02713823
v -0.11519322 -0.25400066 0.04443668
v -0.11264391 -0.23535484 0.03989256
v -0.12329981 -0.23095758 0.02287036
v -0.07193935 -0.12557098 0.06572308
v -0.07325955 -0.11132984 0.06873827
v -0.08611592 -0.11117749 0.06163012
v -0.08590730 -0.12469833 0.05778657
v -0.10011999 -0.25865260 0.05814795
v -0.08385447 -0.26248726 0.06912288
v -0.08184893 -0.24238013 0.06385191
v -0.09816545 -0.23938614 0.05343126
v -0.08080134 0.05113884 0.04387926
v -0.06491805 0.04934955 0.04775504
v -0.10326250 -0.08227986 0.07171200
v -0.09484609 -0.08380815 0.07797923
v -0.09997161 -0.06540497 0.08293869
v -0.10725853 -0.06492168 0.07651240
v -0.15507980 0.01294841 0.02144346
v -0.16355893 0.03028905 0.01637849
v -0.16218910 0.00728043 0.00561691
v -0.15460552 -0.00216303 0.01035999
v -0.13821994 -0.25800779 -0.01097243
v -0.13742022 -0.26185301 0.01069949
v -0.10294987 -0.27779615 0.06228748
v -0.08630060 -0.28243700 0.07331225
v -0.17800207 -0.00810213 -0.03725371
v -0.18653654 -0.00004312 -0.04168070
v -0.18946138 -0.00161218 -0.05201229
v -0.18172348 -0.00955483 -0.04871695
v -0.04542293 -0.06052140 0.09581783
v -0.05979046 -0.05102219 0.09637456
v -0.06399397 -0.06877545 0.09497516
v -0.05237171 -0.08203664 0.09127277
v -0.09984498 -0.09728226 0.06374557
v -0.09784079 -0.10862651 0.05487171
v -0.08994333 -0.09907279 0.07039113
v -0.03105341 -0.07118340 0.09155366
v -0.03891432 -0.09825505 0.08384242
v -0.04834642 0.04634205 0.05108684
v -0.04675907 0.03182326 0.06089248
v -0.04906372 0.06149300 0.04179090
v -0.03191349 0.05820972 0.04599046
v -0.03093586 0.07385309 0.03805959
v -0.04818806 0.07707968 0.03284025
v -0.02925346 0.08962148 0.03167019
v -0.04665142 0.09333050 0.02578468
v -0.03696250 0.12253251 0.00774050
v -0.04002568 0.11304283 0.01072418
v -0.14876986 0.00125706 0.02529655
v -0.14356139 -0.00913347 0.02913034
v -0.11851088 -0.27250209 0.04861311
v -0.10874640 0.06465133 -0.11870454
v -0.10591838 0.04668655 -0.12263587
v -0.12199929 0.05080038 -0.11512627
v -0.12502474 0.06780332 -0.11201005
v -0.11418153 0.14047135 -0.03866548
v -0.11126769 0.12791492 -0.01667041
v -0.16224052 -0.00879029 -0.08549470
v -0.17157745 -0.00022516 -0.08251080
v -0.17088176 0.00813899 -0.08662468
v -0.16085398 0.00058221 -0.09053830
v -0.19229853 0.01169816 -0.07223719
v -0.19221602 0.00451235 -0.06749944
v -0.20930928 0.01283938 -0.07083026
v -0.20853291 0.01972600 -0.07558794
v -0.12804194 -0.23749775 -0.03328558
v -0.12245920 -0.21997379 -0.03500942
v -0.11727648 -0.10003789 -0.08102539
v -0.12692763 -0.10726122 -0.06465410
v -0.13285436 -0.09265468 -0.06285669
v -0.12497414 -0.08536017 -0.07876839
v -0.01675528 0.03427698 -0.11668008
v -0.01652547 0.01847406 -0.11792097
v -0.03440954 0.02295020 -0.12296553
v -0.03435493 0.03902087 -0.12170451
v -0.07244395 0.06900828 -0.12478711
v -0.07361010 0.08496331 -0.12076762
v -0.05291739 0.07606067 -0.12226678
v -0.05278666 0.06148356 -0.12492007
v -0.09044004 0.05881765 -0.12478388
v -0.08821817 0.04113674 -0.12838493
v -0.14825532 -0.06868488 -0.04594377
v -0.14155845 -0.08357724 -0.04478204
v -0.16041286 -0.03824569 -0.04032610
v -0.16074677 -0.03806300 -0.05315937
v -0.15680966 -0.04665149 -0.05126204
v -0.15662889 -0.04674144 -0.03783052
v -0.08466188 0.14237088 -0.04636477
v -0.08214545 0.14651188 -0.06401847
v -0.09220702 0.14360330 -0.06251271
v -0.05000639 0.12350538 -0.10030111
v -0.04975252 0.11722101 -0.10505816
v -0.06252718 0.12291155 -0.10100843
v -0.05940038 0.12809013 -0.09675788
v -0.03733815 -0.03936778 -0.12017085
v -0.01753259 -0.04095732 -0.11849179
v -0.01796940 -0.05979976 -0.11417446
v -0.03880950 -0.05941505 -0.11564516
v -0.17241512 -0.01444956 -0.07217185
v -0.16414143 -0.02309425 -0.07308436
v -0.16521896 -0.02784886 -0.06471349
v -0.17269652 -0.01971821 -0.06490946
v -0.15535811 -0.04430549 -0.06301446
v -0.15970746 -0.03564625 -0.06380804
v -0.15790631 -0.03112018 -0.07336355
v -0.15268391 -0.03972477 -0.07385101
v -0.13303296 -0.07164235 -0.07617160
v -0.13873820 -0.07831820 -0.06087792
v -0.14616214 -0.06406602 -0.06074096
v -0.14168766 -0.05782807 -0.07418160
v -0.01645058 -0.12512781 -0.10056195
v -0.03425906 -0.12790264 -0.10381079
v -0.03569677 -0.10431841 -0.10752804
v -0.01690147 -0.10284284 -0.10554405
v -0.19978350 0.01497069 -0.02687667
v -0.19917586 0.02193661 -0.01611899
v -0.21388365 0.02188592 -0.02057095
v -0.21684544 0.01563620 -0.03232728
v -0.22472413 0.05066603 -0.09116996
v -0.21327373 0.04564233 -0.09042343
v -0.21499157 0.03960497 -0.08873124
v -0.22600847 0.04511839 -0.09033116
v -0.24012861 0.01038423 -0.04630807
v -0.23539601 0.01479829 -0.03567879
v -0.25717020 0.01366913 -0.03799028
v -0.26090667 0.00890315 -0.04898114
v -0.12623200 0.14138499 -0.06329887
v -0.12587824 0.14394163 -0.03700906
v -0.11585801 0.14280738 -0.06287413
v -0.24372675 0.00791403 -0.06428285
v -0.24315976 0.01199293 -0.07200569
v -0.22548829 0.01041217 -0.06842968
v -0.22544849 0.00781430 -0.06054690
v -0.29439619 0.06794289 -0.01867772
v -0.31917620 0.06440111 -0.01977840
v -0.28630152 0.00668779 -0.06053787
v -0.28768572 0.00867135 -0.07010429
v -0.26613057 0.00836485 -0.06750069
v -0.26456505 0.00654983 -0.05890262
v -0.11001794 -0.11549832 -0.08170360
v -0.12143679 -0.12286281 -0.06619170
v -0.10462693 -0.23311210 -0.06494454
v -0.11813460 -0.23507920 -0.05085186
v -0.11175221 -0.21622306 -0.05192964
v -0.09894414 -0.21285391 -0.06567931
v -0.13283101 -0.25561801 -0.03189199
v -0.10904511 -0.25334126 -0.06440622
v -0.12277520 -0.25395080 -0.04982920
v -0.06483973 0.15440778 -0.05920166
v -0.05442818 0.15392253 -0.07208494
v -0.06299799 0.14760682 -0.07607428
v -0.07294521 0.15020764 -0.06406262
v -0.16026437 -0.36755311 -0.03143425
v -0.16103803 -0.39594999 -0.03501190
v -0.16815262 -0.39610720 -0.00911780
v -0.16555063 -0.36908555 -0.00467121
v -0.03563942 0.13684365 -0.09053270
v -0.05026983 0.14318389 -0.08367339
v -0.04190358 0.14978978 -0.07954393
v -0.02846238 0.14688338 -0.08477552
v -0.16089314 -0.34448686 -0.00346549
v -0.15723452 -0.34120253 -0.02927821
v -0.07552735 0.14614199 -0.04582304
v -0.06619606 0.15348871 -0.04134122
v -0.07082047 0.14057942 -0.03022827
v -0.06297725 0.14596181 -0.02670884
v -0.05647430 0.14071673 -0.01240983
v -0.17028967 -0.40148512 0.01706247
v -0.16486339 -0.37505847 0.01938530
v -0.05147439 0.16487956 -0.06254937
v -0.04047664 0.16278721 -0.07108819
v -0.02679400 0.15863922 -0.07720212
v -0.01263196 0.15772840 -0.08019809
v -0.13693500 -0.27295002 -0.03025840
v -0.14134984 -0.27505690 -0.00821466
v -0.11759362 -0.50398058 -0.09949898
v -0.09080967 -0.50715828 -0.10695169
v -0.08954158 -0.51974869 -0.09722497
v -0.12053128 -0.51917356 -0.09015141
v -0.02570629 -0.49094951 -0.10649346
v -0.02334832 -0.50237447 -0.09179655
v -0.05663518 -0.51395500 -0.09739710
v -0.05957330 -0.50242871 -0.10973189
v -0.05916884 -0.37686640 -0.12785554
v -0.05883062 -0.35430688 -0.11951282
v -0.03131212 -0.35416961 -0.12063099
v -0.03118134 -0.37717554 -0.12791942
v -0.11295860 -0.27188504 -0.06507265
v -0.12687893 -0.27178180 -0.04971633
v -0.13984954 -0.27856642 0.01403906
v -0.18214744 -0.53805250 -0.01046650
v -0.17776603 -0.57436860 -0.01314923
v -0.17423387 -0.58058065 0.02177565
v -0.17714956 -0.54355955 0.02550414
v -0.14651145 -0.56796241 -0.06684750
v -0.14939317 -0.53824621 -0.06938106
v -0.11922754 -0.53954577 -0.08363058
v -0.11722454 -0.56506717 -0.07952925
v -0.06955228 -0.28613493 0.08359472
v -0.08728389 -0.30157191 0.07519929
v -0.06988905 -0.30604103 0.08493330
v -0.02033852 -0.29449627 0.10122199
v -0.03811295 -0.29178211 0.09795552
v -0.03596232 -0.31220394 0.09845109
v -0.01870476 -0.31455970 0.10167823
v -0.02306500 -0.42450008 0.08869318
v -0.01042017 -0.42453846 0.09093562
v -0.01244654 -0.40182856 0.09187568
v -0.02705567 -0.40051281 0.08951631
v -0.15734659 -0.38205793 0.04221066
v -0.14117134 -0.38873941 0.05982435
v -0.13514522 -0.36669883 0.05787002
v -0.15053637 -0.35957637 0.04134736
v -0.02252689 -0.51135933 -0.07402004
v -0.05319141 -0.52409470 -0.08292119
v -0.15895367 -0.58474386 0.05305167
v -0.15982977 -0.54753762 0.05730668
v -0.13386248 -0.58821070 0.07575064
v -0.10341399 -0.58641148 0.08414887
v -0.10510265 -0.55408037 0.08659843
v -0.13516662 -0.55255175 0.07839115
v -0.02989455 -0.49715787 0.06365169
v -0.01625697 -0.51163584 0.04122403
v -0.01211325 -0.50498825 0.04671914
v -0.02250480 -0.48510364 0.07051103
v -0.02718849 -0.47854662 -0.11677545
v -0.05940552 -0.48720127 -0.11975575
v -0.05818638 -0.46973011 -0.12723924
v -0.02778399 -0.46303418 -0.12493549
v -0.09268101 -0.25327888 -0.07511207
v -0.09644632 -0.27287772 -0.07616980
v -0.07569797 -0.25312617 -0.08142907
v -0.08919474 -0.23130044 -0.07444982
v -0.07247590 -0.22997147 -0.08040210
v -0.07851540 -0.09615920 -0.10301188
v -0.09578241 -0.10653099 -0.09406465
v -0.10395665 -0.09091762 -0.09491089
v -0.08751915 -0.07894007 -0.10538957
v -0.05259291 0.02872628 -0.12843867
v -0.05239151 0.04542962 -0.12697126
v -0.08282030 -0.55636495 -0.08268054
v -0.04622348 -0.53875059 -0.07227571
v -0.05481353 -0.57930511 -0.07329569
v -0.08652683 -0.58771676 -0.08062933
v -0.16258635 -0.60235071 -0.04499609
v -0.16802980 -0.56955314 -0.04428573
v -0.14347769 -0.59871048 -0.06586412
v -0.17236635 -0.60843676 -0.01520663
v -0.17029601 -0.61473668 0.01875218
v -0.13125639 -0.62110192 0.07266675
v -0.10044794 -0.61821866 0.08000238
v -0.02945007 -0.57453942 0.04086418
v -0.04825647 -0.57843441 0.06004616
v -0.04674464 -0.60533738 0.05398852
v -0.02880383 -0.59903771 0.03299582
v -0.06021765 -0.42937547 0.08332551
v -0.09234127 -0.41117406 0.07787781
v -0.09760427 -0.43681842 0.07999548
v -0.07073160 -0.45535150 0.08240841
v -0.02494119 -0.27304268 0.09757215
v -0.03861233 -0.27009106 0.09465051
v -0.05332274 -0.28930315 0.09206094
v -0.05248611 -0.26757210 0.08891600
v -0.06785452 -0.26535341 0.07961647
v -0.03504464 -0.18329591 0.08477373
v -0.05254786 -0.18357123 0.07799936
v -0.05018222 -0.20335543 0.07919586
v -0.03388896 -0.20337051 0.08625480
v -0.03673759 -0.16275722 0.08321644
v -0.05503514 -0.16304289 0.07714355
v -0.03745128 -0.12078023 0.07798765
v -0.05771355 -0.10813028 0.07613347
v -0.05538271 -0.12412050 0.07232773
v -0.03164444 0.04265858 0.05420185
v -0.03056205 0.02787930 0.06281786
v -0.16347891 -0.40776843 0.04227623
v -0.02101704 -0.54451537 -0.04812479
v -0.01028465 -0.55421287 -0.02526293
v -0.01577016 -0.58173639 -0.03298891
v -0.02917601 -0.57782620 -0.05559494
v -0.15862900 -0.35155669 0.02020951
v -0.13048436 -0.26671189 0.03109413
v -0.13263379 -0.28391659 0.03430520
v -0.12455627 -0.13289601 0.01567807
v -0.12377775 -0.11098114 0.02018912
v -0.07278544 -0.04544979 0.09446831
v -0.07312679 -0.05876326 0.09500903
v -0.17273772 -0.53522903 -0.04425026
v -0.12158327 -0.68322480 0.06258874
v -0.09176291 -0.68076080 0.06796581
v -0.09695171 -0.64981461 0.07439368
v -0.12583573 -0.65248102 0.06773947
v -0.02124904 -0.62226450 0.00334545
v -0.02977973 -0.62711114 0.02422243
v -0.03225680 -0.65661436 0.01607541
v -0.02615399 -0.65289307 -0.00548859
v -0.03018402 -0.68411273 -0.01202647
v -0.03381313 -0.68864346 0.00973633
v -0.03413433 -0.71939445 0.00222020
v -0.03268834 -0.71403676 -0.01889656
v -0.15546004 -0.62054771 0.04950874
v -0.15830888 -0.67810488 0.01443722
v -0.14568210 -0.68264085 0.04239099
v -0.15052688 -0.65249228 0.04599719
v -0.16395046 -0.64724994 0.01634147
v -0.11739908 -0.59478539 -0.07784473
v -0.01784790 -0.59394461 0.01192961
v -0.01691094 -0.57055944 0.02047635
v -0.03213353 -0.64831209 -0.04634942
v -0.04591334 -0.64790660 -0.06564245
v -0.03744550 -0.61422050 -0.06137576
v -0.02334533 -0.61513448 -0.03995785
v -0.13919283 -0.65792292 -0.06445505
v -0.15376645 -0.66314268 -0.04366912
v -0.15816155 -0.63329816 -0.04400826
v -0.14132112 -0.62863904 -0.06501255
v -0.15972304 -0.67044377 -0.01578758
v -0.16586690 -0.63978654 -0.01517438
v -0.14711401 -0.73764014 0.01109846
v -0.13294804 -0.74186158 0.03601251
v -0.13972458 -0.71259779 0.03916018
v -0.15269104 -0.70826292 0.01261573
v -0.15074350 -0.72976267 -0.01812105
v -0.15508392 -0.70019937 -0.01700352
v -0.15071805 -0.69238168 -0.04359461
v -0.14747041 -0.72172940 -0.04291931
v -0.13441546 -0.71526963 -0.06150278
v -0.13712922 -0.68665296 -0.06336872
v -0.11779278 -0.68284792 -0.07686004
v -0.11721954 -0.71085536 -0.07454959
v -0.09567773 -0.68001682 -0.08180859
v -0.07299582 -0.67846215 -0.07816095
v -0.07744165 -0.70670480 -0.07695726
v -0.09797917 -0.70828348 -0.07953171
v -0.04433209 -0.70863742 -0.05543875
v -0.05853489 -0.70713180 -0.06935195
v -0.05278959 -0.67851567 -0.06785668
v -0.03918388 -0.67952591 -0.05083036
v -0.06031504 -0.82190895 -0.07461349
v -0.07631541 -0.82017094 -0.07790715
v -0.07143418 -0.79056859 -0.07513919
v -0.05492581 -0.79234427 -0.07044798
v -0.09191676 -0.81894577 -0.08150192
v -0.10801803 -0.81934333 -0.08140063
v -0.10344934 -0.79087943 -0.07733382
v -0.08774565 -0.79031098 -0.07693522
v -0.13127370 -0.79828358 -0.05804820
v -0.11855710 -0.79306525 -0.07173727
v -0.12332067 -0.82136971 -0.07500002
v -0.13511585 -0.82632434 -0.06092461
v -0.14674261 -0.83290493 -0.04333273
v -0.14535715 -0.80512476 -0.04221578
v -0.14402203 -0.83957261 -0.02247232
v -0.14627388 -0.81231475 -0.02163641
v -0.13208200 -0.81900007 0.00274939
v -0.13139804 -0.84524417 0.00119184
v -0.03814584 -0.83464789 -0.03358142
v -0.03817973 -0.82843792 -0.05137089
v -0.03410419 -0.80023533 -0.04414436
v -0.03628537 -0.80548376 -0.02661916
v -0.05688207 -0.81689811 0.01215191
v -0.07126846 -0.82108760 0.03622422
v -0.07083091 -0.84768140 0.02460301
v -0.05960873 -0.84407747 -0.00032914
v -0.14747855 -0.75763446 -0.01934761
v -0.14134100 -0.76552659 0.00896987
v -0.13146888 -0.74311596 -0.05933506
v -0.14491664 -0.74998289 -0.04212968
v -0.04827716 -0.73647326 -0.06021332
v -0.06347850 -0.73477465 -0.07102046
v -0.03444776 -0.74934971 -0.00691679
v -0.03323645 -0.74356568 -0.02667029
v -0.10304175 -0.76965356 0.04696931
v -0.12594824 -0.76942891 0.03287223
v -0.12110522 -0.79668558 0.03042473
v -0.09910248 -0.79698259 0.04442379
v -0.14623278 -0.78491622 -0.02083180
v -0.14410146 -0.77734101 -0.04198808
v -0.12996756 -0.77044636 -0.05786472
v -0.11670891 -0.76566458 -0.07079343
v -0.10100734 -0.76341671 -0.07588892
v -0.08469150 -0.76237935 -0.07533916
v -0.06768082 -0.76237470 -0.07285356
v -0.05157511 -0.76407921 -0.06519790
v -0.03375198 -0.77186519 -0.03550034
v -0.03587830 -0.77792287 -0.01731608
v -0.09641242 -0.82371700 0.04248330
v -0.11958336 -0.82306111 0.02854256
v -0.11991224 -0.84829527 0.02290390
v -0.09460977 -0.84858268 0.03339623
v -0.09508801 -0.87144446 0.02098156
v -0.07440068 -0.87025380 0.01209676
v -0.09667855 -0.84848928 -0.08620121
v -0.11237218 -0.84842044 -0.08519959
v -0.12776418 -0.85038328 -0.07810168
v -0.14832518 -0.85975724 -0.04615108
v -0.14260931 -0.86732429 -0.02160380
v -0.13075218 -0.87247801 -0.00036080
v -0.11727627 -0.87118447 0.01634971
v -0.05309959 -0.88749886 -0.05986173
v -0.04616617 -0.85771459 -0.05543169
v -0.04499600 -0.86241603 -0.03918941
v -0.05212707 -0.89145297 -0.04373391
v -0.07022936 -0.88287985 -0.08324133
v -0.08403301 -0.88018703 -0.09233282
v -0.08158006 -0.85028684 -0.08140629
v -0.06788325 -0.85269737 -0.07561291
v -0.10134283 -0.87764770 -0.09600870
v -0.11854479 -0.87796926 -0.09266898
v -0.13471085 -0.87929475 -0.08473886
v -0.14123318 -0.85376334 -0.06512916
v -0.14729589 -0.88270402 -0.06995412
v -0.15046407 -0.88899779 -0.04801538
v -0.14391030 -0.89679545 -0.01856154
v -0.12723556 -0.93290579 -0.00266793
v -0.12383993 -0.90218878 0.00047930
v -0.14708288 -0.92723835 -0.01992447
v -0.10322983 -1.03442442 -0.01528340
v -0.12594505 -1.03173578 -0.01570288
v -0.12257729 -1.06748056 -0.02220811
v -0.10204709 -1.07058299 -0.02159293
v -0.05557290 -0.92159486 -0.04822131
v -0.05496605 -0.91918218 -0.06623906
v -0.06997888 -0.91452193 -0.09293055
v -0.08580162 -0.91134840 -0.10213147
v -0.15875044 -0.95178771 -0.05307889
v -0.15526271 -0.91976607 -0.04882739
v -0.15209539 -0.91374058 -0.07399999
v -0.15527026 -0.94655871 -0.07865708
v -0.05297029 -1.02329266 -0.05900678
v -0.05204356 -1.02150667 -0.07790510
v -0.05068527 -0.98658657 -0.07553660
v -0.05142743 -0.98870474 -0.05552429
v -0.06862213 -0.94848299 -0.09986468
v -0.06805307 -0.98295194 -0.10432836
v -0.08488951 -0.98025727 -0.11405981
v -0.08526407 -0.94510829 -0.10948119
v -0.15437323 -1.02262902 -0.05987191
v -0.15861602 -0.98608184 -0.05693909
v -0.15583478 -0.98185480 -0.08181980
v -0.15227973 -1.01943660 -0.08334772
v -0.15009364 -0.95837301 -0.02461383
v -0.14928415 -0.99134660 -0.02946879
v -0.12868936 -0.99708277 -0.01080187
v -0.12822117 -0.96390855 -0.00561468
v -0.10397862 -0.99875939 -0.00968727
v -0.10303331 -0.96530253 -0.00554460
v -0.06366736 -1.09779787 -0.07804254
v -0.05786407 -1.05875456 -0.07782489
v -0.05826701 -1.06161892 -0.06072891
v -0.06395198 -1.10175288 -0.06295899
v -0.08648259 -1.01697755 -0.11388211
v -0.06972525 -1.01860929 -0.10553855
v -0.07358734 -1.05656016 -0.10249005
v -0.08827657 -1.05561697 -0.11011216
v -0.14321129 -1.10173965 -0.06330602
v -0.14920700 -1.06148839 -0.06168020
v -0.14689940 -1.05930638 -0.08336520
v -0.14019637 -1.09956849 -0.08359557
v -0.11951417 -1.10641408 -0.02900029
v -0.14170672 -1.06393063 -0.03719055
v -0.13682356 -1.10406387 -0.04230518
v -0.11580291 -1.14521539 -0.03274078
v -0.09933547 -1.14764416 -0.03179344
v -0.10068562 -1.10901606 -0.02809607
v -0.06940261 -1.13927162 -0.06450099
v -0.06770387 -1.13592720 -0.07838494
v -0.08812212 -1.13158584 -0.10471646
v -0.08914013 -1.09403849 -0.10667918
v -0.07601793 -1.09549963 -0.09938812
v -0.07640386 -1.13346183 -0.09741843
v -0.12055884 -1.09751165 -0.10569379
v -0.10490432 -1.09502172 -0.10892928
v -0.10287684 -1.13215852 -0.10657869
v -0.11713859 -1.13462615 -0.10294751
v -0.13305067 -1.13621163 -0.08269052
v -0.13258891 -1.09858978 -0.09718238
v -0.12639846 -1.13569701 -0.09487546
v -0.13711132 -1.13810134 -0.06371716
v -0.13170768 -1.14191079 -0.04434740
v -0.00880942 -0.51783508 -0.03046245
v -0.00673099 -0.52869648 -0.00604665
v -0.00866050 -0.53722227 -0.01531041
v -0.01601337 -0.52389181 -0.03856644
v -0.04595524 -0.63431501 0.04730505
v -0.04520907 -0.66579199 0.03968721
v -0.04252319 -0.72695857 0.02407474
v -0.04400981 -0.69736445 0.03226272
v -0.04330325 -0.75566453 0.01395088
v -0.04459533 -0.78379440 0.00277317
v -0.04543278 -0.81171769 -0.00919204
v -0.04699804 -0.84003556 -0.01833651
v -0.05265566 -0.86796796 -0.02332424
v -0.05896185 -0.89662361 -0.02577872
v -0.06326320 -0.95646292 -0.03415538
v -0.05394129 -0.95453960 -0.05177870
v -0.06359065 -0.92549521 -0.03058791
v -0.06322653 -1.02662635 -0.03924973
v -0.06210831 -0.99033660 -0.03654181
v -0.06682119 -1.06612837 -0.04337268
v -0.07130323 -1.10633981 -0.04820883
v -0.07634485 -1.14346731 -0.05047153
v -0.07822806 -0.52713066 0.08194367
v -0.05303633 -0.53183365 0.06899030
v -0.05444829 -0.51284564 0.07233005
v -0.07868966 -0.50253183 0.08213794
v -0.01050253 -0.51514637 0.02519429
v -0.00654419 -0.51436597 0.01195906
v -0.00536780 -0.51130933 0.01563435
v -0.00845660 -0.51131952 0.02920179
v -0.13618401 -0.79190445 0.00575271
v -0.11648706 -0.73838419 -0.07186725
v -0.09954447 -0.73584127 -0.07688379
v -0.08137906 -0.73456252 -0.07550530
v -0.05715818 -0.76271987 0.03480293
v -0.07735737 -0.76696962 0.04759232
v -0.07350642 -0.79414696 0.04211862
v -0.05474994 -0.79123604 0.02656460
v -0.10039105 -0.93727469 -0.00287484
v -0.08147671 -0.96171522 -0.01872699
v -0.07957460 -0.93183106 -0.01389256
v -0.09938931 -0.91169310 0.00236933
v -0.12411671 -0.90899098 -0.10117707
v -0.14061236 -0.91011047 -0.09158327
v -0.12689327 -0.94187260 -0.10923337
v -0.10472362 -0.90946496 -0.10458173
v -0.10608797 -0.94284600 -0.11283538
v -0.06168085 -0.70608217 0.05155751
v -0.08620463 -0.71065027 0.06075376
v -0.08143868 -0.73916620 0.05322363
v -0.05888412 -0.73404384 0.04288593
v -0.10683084 -0.19785301 -0.05422827
v -0.09502307 -0.19252193 -0.06773669
v -0.11766054 -0.08449853 0.05039299
v -0.11960651 -0.09573438 0.03776855
v -0.10933030 -0.10368147 0.04680198
v -0.10882862 -0.09263821 0.05700974
v -0.12462187 -0.07363533 0.04451779
v -0.12679538 -0.08452661 0.03111669
v -0.13017084 -0.06087256 0.03817755
v -0.13246197 -0.07164419 0.02514704
v -0.15566780 -0.01209324 -0.00298668
v -0.16246262 -0.00444158 -0.00749664
v -0.03753471 -0.14196971 0.08098681
v -0.01795080 -0.14247771 0.08323037
v -0.01789887 -0.12271285 0.08103973
v -0.05268506 -0.30960816 0.09290341
v -0.03845356 -0.42598304 0.08605004
v -0.04403042 -0.39885983 0.08653998
v -0.06480587 -0.39553788 0.08239145
v -0.00709948 -0.48758429 0.06773023
v -0.05476024 -0.10836635 -0.10534291
v -0.05252967 -0.13207848 -0.10229332
v -0.03514671 0.05384901 -0.11974905
v -0.01661509 0.04959722 -0.11494981
v -0.03472042 0.08113418 -0.11464859
v -0.03385310 0.09316069 -0.11167543
v -0.01621255 0.08879479 -0.10787126
v -0.01667218 0.07660978 -0.11065089
v -0.01798891 0.13621563 -0.09172031
v -0.01536262 0.14663915 -0.08614136
v -0.00692519 -0.51824170 0.00875185
v -0.00402104 -0.51259410 -0.01067085
v -0.00366994 -0.51087672 -0.00313836
v -0.03119363 -0.55322587 0.04751189
v -0.01757957 -0.55184227 0.02822514
v -0.01892567 -0.53771305 0.03454955
v -0.03327654 -0.53589028 0.05260234
v -0.17741244 -0.50628883 0.03049949
v -0.18375298 -0.50037193 -0.00485188
v -0.08622676 -0.53482252 -0.08784596
v -0.33647972 0.00845506 -0.07336767
v -0.33754507 0.01575023 -0.08205505
v -0.31285995 0.01508215 -0.08084737
v -0.31174743 0.00836256 -0.07207592
v -0.05925002 -0.03796009 -0.12145523
v -0.06619973 -0.06198492 -0.11396785
v -0.07859789 0.13274613 -0.02990971
v -0.14735948 0.14196061 -0.03193242
v -0.14388520 0.13059570 -0.00808802
v -0.13461435 0.13232315 -0.01181061
v -0.13668227 0.14429563 -0.03499572
v -0.14026619 0.08665733 -0.09890597
v -0.14229444 0.10456284 -0.08972146
v -0.13142915 0.10511290 -0.09632949
v -0.12842055 0.08577184 -0.10565334
v -0.02995286 -0.40038934 -0.13244341
v -0.05841016 -0.40067369 -0.13365006
v -0.03412170 -0.20182276 -0.08950847
v -0.05186656 -0.20472063 -0.08730700
v -0.05068793 -0.18135378 -0.09264874
v -0.03324785 -0.17766847 -0.09455688
v -0.08803724 -0.05045878 -0.11458501
v -0.10089599 -0.06509323 -0.10472803
v -0.02801196 -0.02236907 0.08688869
v -0.04333691 -0.01775984 0.08717798
v -0.04393278 -0.03788611 0.09360904
v -0.02832844 -0.04438443 0.09221123
v -0.27881521 0.04138616 -0.09034356
v -0.25676730 0.03252007 -0.08775699
v -0.26291242 0.02091937 -0.08257015
v -0.28633377 0.02420858 -0.08603102
v -0.17335078 -0.49528944 -0.04474973
v -0.14940952 -0.51148647 -0.07492899
v -0.12230971 -0.16307391 -0.04644904
v -0.11198848 -0.15776415 -0.06468128
v -0.10806891 -0.17828605 -0.05991048
v -0.11894629 -0.18333010 -0.04259387
v -0.13245794 -0.11201145 -0.04638522
v -0.12994903 -0.12729059 -0.04753138
v -0.13724726 -0.09767038 -0.04525281
v -0.18322861 -0.00807573 -0.05833951
v -0.19119309 -0.00061613 -0.06088686
v -0.18375444 -0.00343740 -0.06562456
v -0.05039751 -0.55388290 0.06559932
v -0.04876949 -0.47711754 0.07832074
v -0.04027915 -0.46096861 0.08173390
v -0.00339660 -0.50828218 0.00158358
v -0.05702789 0.15430924 -0.02146840
v -0.05174889 0.15073118 -0.00737729
v -0.22396596 0.00858719 -0.05186737
v -0.24289328 0.00769826 -0.05575406
v -0.16893202 -0.01946253 -0.03308583
v -0.17183329 -0.02245016 -0.04541474
v -0.16527218 -0.03073044 -0.04268694
v -0.16274534 -0.02735191 -0.02952125
v -0.17287049 -0.02232083 -0.05605962
v -0.16585441 -0.03060162 -0.05451961
v -0.12148242 0.04976156 0.03509057
v -0.12374575 0.06676035 0.02504448
v -0.13400315 0.06259553 0.02385264
v -0.13219720 0.04562615 0.03290104
v -0.10940150 0.05107623 0.03736966
v -0.09565672 0.05184872 0.04031302
v -0.09774339 0.06920135 0.02868456
v -0.11162828 0.06862573 0.02632924
v -0.06242266 0.11125255 0.00910733
v -0.07765973 0.11843295 -0.00650520
v -0.04398198 0.10530740 0.01869458
v -0.02754845 0.10180070 0.02552961
v -0.01998206 0.12263806 -0.09749913
v -0.01689686 0.11132625 -0.10171643
v -0.03435508 0.11686811 -0.10356316
v -0.03916218 0.12598537 -0.09783326
v -0.04578560 0.13913736 0.00041399
v -0.03475842 0.13322678 0.00901720
v -0.02381321 0.11952572 0.01538513
v -0.29568663 0.07821977 -0.03089566
v -0.31932032 0.07441857 -0.03092087
v -0.05788545 0.16360296 -0.05011635
v -0.05903656 0.15905914 -0.03594365
v -0.29606065 0.08422272 -0.04571126
v -0.32031476 0.07930897 -0.04536553
v -0.12377305 0.13102978 -0.01443656
v -0.13099928 0.11130948 0.00449728
v -0.11969121 0.10907257 0.00243681
v -0.04232996 0.14916943 0.00451606
v -0.03290669 0.14320982 0.01192393
v -0.18070249 -0.46305710 0.00448125
v -0.17456701 -0.46930978 0.03558908
v -0.12074705 -0.21300687 0.01851239
v -0.12582776 -0.20920824 -0.00020381
v -0.01700490 -0.18338765 0.08760958
v -0.01712555 -0.20358539 0.08940694
v -0.00979371 0.14699404 0.02352894
v -0.03584228 -0.24710189 0.09059573
v -0.01855249 -0.25074241 0.09251340
v -0.01747165 -0.22542731 0.09027845
v -0.03401160 -0.22448181 0.08765045
v -0.01245442 -0.28659984 0.10100846
v -0.01357674 -0.27467433 0.09783110
v -0.00854245 -0.44322297 0.08922037
v -0.01839750 -0.44373956 0.08766823
v -0.21473871 0.06650223 -0.00399919
v -0.21180831 0.08466756 -0.00848833
v -0.23002446 0.08046631 -0.01193667
v -0.23201001 0.06338430 -0.00615725
v -0.05066268 -0.24505910 0.08443880
v -0.06599868 -0.24382624 0.07433382
v -0.14975624 -0.02051679 0.00032867
v -0.14899671 -0.01116361 0.01370572
v -0.01773846 -0.10165156 0.08318656
v -0.05848698 -0.03265330 0.09282196
v -0.05854470 -0.01531701 0.08617160
v -0.07300296 -0.01385886 0.08351655
v -0.07220694 -0.02976150 0.09042050
v -0.00309136 -0.50732946 -0.00615225
v -0.20626439 0.07040981 -0.09020593
v -0.21852982 0.07441455 -0.08863325
v -0.21511552 0.08226269 -0.08467305
v -0.20310399 0.07935500 -0.08656906
v -0.00907038 -0.54756278 0.00784914
v -0.01030495 -0.56425542 -0.00103736
v -0.02149459 -0.51553845 -0.05619356
v -0.00763769 -0.50921893 -0.04663543
v -0.07077491 -0.61304337 0.07237332
v -0.07394697 -0.58273494 0.07759979
v -0.06794025 -0.64337289 0.06524137
v -0.06508479 -0.67506093 0.05874432
v -0.06485885 -0.87094414 -0.00759764
v -0.07579871 -0.90085328 -0.00732644
v -0.08233614 -0.99529761 -0.02291356
v -0.08296341 -1.03117907 -0.02692735
v -0.08376517 -1.06965756 -0.03205135
v -0.08508503 -1.10923636 -0.03692617
v -0.08639268 -1.14692497 -0.03887401
v -0.32284114 0.07750674 -0.06028089
v -0.29675961 0.08319260 -0.06205355
v -0.30114561 0.07500389 -0.07579120
v -0.32708544 0.07147987 -0.07317454
v -0.28452325 0.00865337 -0.05091070
v -0.28118441 0.01326291 -0.03998556
v -0.30337089 0.01033263 -0.04056024
v -0.30602723 0.00670178 -0.05172330
v -0.32921571 0.00353986 -0.05270084
v -0.33233574 0.00361794 -0.06342076
v -0.30895990 0.00590013 -0.06229557
v -0.33664972 0.02677506 -0.08844326
v -0.33472905 0.03897555 -0.09066694
v -0.30854619 0.04009903 -0.09091903
v -0.31172585 0.02507110 -0.08768886
v -0.33024767 0.06182000 -0.08330441
v -0.30542350 0.06398064 -0.08535916
v -0.30757198 0.05207015 -0.09023822
v -0.33264279 0.05020251 -0.08905584
v -0.32390454 0.02118904 -0.01985564
v -0.32530797 0.01220301 -0.02982095
v -0.30041188 0.01604488 -0.02919881
v -0.29921821 0.02549358 -0.01906063
v -0.21007758 0.10160655 -0.01972987
v -0.22859351 0.09528490 -0.02297994
v -0.17198551 0.01839089 -0.00385413
v -0.17315371 0.03130153 0.00651851
v -0.18549830 0.03350342 -0.00115313
v -0.18037617 0.01998876 -0.01104322
v -0.27038634 0.07134920 -0.01712683
v -0.24874119 0.07581067 -0.01476600
v -0.24917951 0.08812854 -0.02676652
v -0.27214950 0.08223687 -0.02950571
v -0.27497062 0.02830977 -0.01895745
v -0.27732706 0.01959778 -0.02907564
v -0.25392663 0.02093430 -0.02717322
v -0.25200540 0.03033108 -0.01726431
v -0.28930256 0.01494431 -0.07887952
v -0.26530361 0.01342884 -0.07559848
v -0.21672522 0.04880255 -0.00437001
v -0.23315552 0.04593773 -0.00718690
v -0.14427775 -0.02116799 0.01783897
v -0.15393116 -0.04398828 -0.02320393
v -0.15780815 -0.03508819 -0.02643814
v -0.11049086 -0.07862107 0.06606185
v -0.11302078 -0.06353278 0.07069149
v -0.13611723 -0.07968641 0.00862692
v -0.14059919 -0.06479748 0.00279599
v -0.11695759 -0.07231702 0.06070590
v -0.11695401 -0.06226910 0.06562275
v -0.07225037 -0.14334446 0.06681745
v -0.02515298 0.11059433 0.01872324
v -0.25002378 0.05957465 -0.00813806
v -0.25057203 0.04318646 -0.00978663
v -0.22312492 0.02355428 -0.08043987
v -0.22416307 0.01651234 -0.07502577
v -0.24169853 0.01886190 -0.07886806
v -0.23898308 0.02763022 -0.08455722
v -0.12095965 -0.02917084 -0.10819783
v -0.10510436 -0.04029212 -0.11187965
v -0.11449620 -0.05280210 -0.10162932
v -0.12806582 -0.04004211 -0.09843682
v -0.21439341 0.09504094 -0.07371569
v -0.21785098 0.09978801 -0.06595091
v -0.20222254 0.10308921 -0.06587052
v -0.20111294 0.09604157 -0.07483186
v -0.22257225 0.10339852 -0.05436051
v -0.22699466 0.10319375 -0.03890258
v -0.20804542 0.10999176 -0.03674387
v -0.20439498 0.10880971 -0.05353086
v -0.16282725 -0.42438206 -0.04186670
v -0.17196663 -0.42611375 -0.01540259
v -0.12029058 -0.29056302 0.05101925
v -0.10445581 -0.29658565 0.06412663
v -0.08985490 -0.38582420 0.07692646
v -0.03295823 -0.50943065 0.05994684
v -0.01783084 -0.51887417 0.03915620
v -0.01334612 -0.58822846 -0.00999469
v -0.17557786 -0.42925638 0.01154813
v -0.01944381 -0.61830491 -0.01782930
v -0.02622666 -0.65006405 -0.02539284
v -0.06799544 -0.64872199 -0.07838507
v -0.09318877 -0.65118361 -0.08276744
v -0.09023513 -0.62063414 -0.08238219
v -0.06190156 -0.61611313 -0.07687364
v -0.11789098 -0.65434831 -0.07783590
v -0.11785489 -0.62504071 -0.07787388
v -0.10903989 -0.74141276 0.05091582
v -0.10583873 -0.97861880 -0.11730652
v -0.12513176 -1.01709175 -0.11295688
v -0.12694648 -0.97755653 -0.11340385
v -0.10595122 -1.01677668 -0.11672451
v -0.14414401 -0.97880912 -0.10111053
v -0.14358884 -0.94301164 -0.09783997
v -0.14588043 -1.02637756 -0.03288228
v -0.10587161 -1.05580139 -0.11293127
v -0.12335545 -1.05720580 -0.10916442
v -0.13787812 -1.05781043 -0.09896584
v -0.14187193 -1.01731694 -0.10104369
v -0.00987087 -0.53595263 0.01523748
v -0.15910758 -0.51166040 0.06049115
v -0.15636462 -0.47823358 0.06326055
v -0.10241267 -0.46454433 0.08313784
v -0.07624423 -0.47887805 0.08225901
v -0.08120049 -0.22267452 0.05979949
v -0.09737322 -0.22048083 0.04917440
v -0.09845432 -0.18112719 0.04457590
v -0.11116700 -0.17804150 0.03034509
v -0.11032031 -0.19794889 0.03195188
v -0.09735733 -0.20143226 0.04595196
v -0.12800786 -0.17109765 -0.00531479
v -0.12801349 -0.16732165 -0.02631895
v -0.12539849 -0.18718122 -0.02312975
v -0.12574978 -0.19054531 -0.00303775
v -0.12474803 -0.20561434 -0.01959486
v -0.11799857 -0.20228602 -0.03829192
v -0.06773854 -0.16153005 -0.09278867
v -0.08258986 -0.16658254 -0.08432331
v -0.08523498 -0.14408293 -0.08997926
v -0.06979536 -0.13763210 -0.09748134
v -0.02910073 -0.44922754 0.08536233
v -0.01079372 -0.52063954 0.02319024
v -0.07652098 -0.55361933 0.08086301
v -0.10632060 -0.52247953 0.08739989
v -0.13466188 -0.51816350 0.08025448
v -0.22078453 0.01142321 -0.04253999
v -0.15394880 -0.01674174 -0.08865049
v -0.15203340 -0.00692447 -0.09493852
v -0.24260290 0.09689233 -0.05725699
v -0.24725610 0.09563078 -0.04223974
v -0.23232631 0.03145939 -0.01344276
v -0.19638604 0.08919956 -0.00526535
v -0.19913748 0.06947634 -0.00060383
v -0.18506479 0.07283794 0.00417604
v -0.11872331 -0.39850143 0.07064564
v -0.14750831 -0.41493160 0.06206297
v -0.12439505 -0.42457992 0.07377669
v -0.00399903 -0.50749105 -0.03617621
v -0.05356492 -0.49478364 0.07520007
v -0.03138041 -0.68128920 -0.03158239
v -0.03523016 -0.71101618 -0.03788907
v -0.03780431 -0.73934919 -0.04458774
v -0.03940833 -0.76735044 -0.05179663
v -0.04116133 -0.79572266 -0.05944487
v -0.04632232 -0.82408446 -0.06571831
v -0.05451152 -0.85364586 -0.06770696
v -0.06003849 -0.88500082 -0.07284539
v -0.05277689 -0.95243484 -0.07147885
v -0.05794274 -0.95050597 -0.08676350
v -0.05990850 -0.91688883 -0.08059812
v -0.05642824 -0.98476309 -0.09129062
v -0.05793601 -1.02028656 -0.09272102
v -0.06348142 -1.05754387 -0.09137703
v -0.07034597 -1.13405621 -0.08881415
v -0.06810417 -1.09589291 -0.08967321
v -0.00263476 -0.50516051 -0.01701794
v -0.00294473 -0.50625014 -0.02618331
v -0.10618196 0.10611685 0.00012721
v -0.15903036 -0.02032115 -0.01640331
v -0.16481352 -0.01330367 -0.02049928
v -0.21543014 0.03276898 -0.00968196
v -0.28190660 0.06497891 -0.08656453
v -0.27741376 0.07877945 -0.07864055
v -0.23184144 0.02115495 -0.02414493
v -0.17804950 0.01028460 -0.02101026
v -0.17141187 0.00648273 -0.01414276
v -0.52530438 0.06123319 -0.04536502
v -0.52302867 0.06516318 -0.05722415
v -0.54445273 0.06176587 -0.05607152
v -0.54631424 0.05736253 -0.04526499
v -0.52683824 0.05235266 -0.03684905
v -0.54711211 0.04842900 -0.03794531
v -0.52824032 -0.00075385 -0.05667400
v -0.52722269 0.00638240 -0.04585661
v -0.54868865 0.00757194 -0.05001500
v -0.54951108 0.00131809 -0.06077554
v -0.56767786 0.03442340 -0.03673765
v -0.56753743 0.02442876 -0.03960739
v -0.54728162 0.02604520 -0.03632730
v -0.54763347 0.03714604 -0.03459486
v -0.52755332 0.00221072 -0.08298418
v -0.52516651 0.01089995 -0.09163182
v -0.50516033 0.00705873 -0.08947282
v -0.50714618 -0.00180096 -0.07941827
v -0.44291654 0.00236574 -0.03622939
v -0.44575921 -0.00726330 -0.04579062
v -0.42862320 -0.00645678 -0.03984980
v -0.42506692 0.00465906 -0.03156304
v -0.48139036 0.06794534 -0.04545648
v -0.47856760 0.06939442 -0.05883797
v -0.50117505 0.06780796 -0.05799309
v -0.50367719 0.06505318 -0.04540363
v -0.48413733 0.03405179 -0.02781839
v -0.48394924 0.02021271 -0.03148250
v -0.46063983 0.02327822 -0.03000057
v -0.46160555 0.03787967 -0.02701205
v -0.46049273 0.07279339 -0.04602192
v -0.45632911 0.07010641 -0.05963999
v -0.52685910 0.02803912 -0.03261929
v -0.52656037 0.01631957 -0.03789418
v -0.50539255 0.01731619 -0.03394681
v -0.50607443 0.03026257 -0.02949448
v -0.56734109 0.00890800 -0.08605694
v -0.56534570 0.01747848 -0.09260482
v -0.54521954 0.01445419 -0.09260629
v -0.54741502 0.00575557 -0.08506466
v -0.56807423 0.01606510 -0.04550991
v -0.56880891 0.00844738 -0.05354460
v -0.54721832 0.01596650 -0.04210275
v -0.56299883 0.05635112 -0.07799055
v -0.56389803 0.05912233 -0.06652862
v -0.54224098 0.06146964 -0.06844401
v -0.54107594 0.05732118 -0.08048669
v -0.48548368 -0.00188827 -0.04666917
v -0.48407170 0.00715472 -0.03743953
v -0.50595456 0.00614909 -0.04128136
v -0.50776887 -0.00100553 -0.05194826
v -0.48286369 0.05962063 -0.03446006
v -0.50463140 0.05540140 -0.03559241
v -0.51965642 0.05766801 -0.08270431
v -0.52095729 0.06370535 -0.07002472
v -0.49866492 0.06392496 -0.07102803
v -0.49770454 0.05698878 -0.08409356
v -0.47719812 0.04278721 -0.09311678
v -0.47916743 0.02810869 -0.09500863
v -0.49965858 0.03202908 -0.09591060
v -0.49780062 0.04582310 -0.09292378
v -0.46361610 -0.00050514 -0.04152877
v -0.46573076 -0.00729465 -0.05313104
v -0.48682845 -0.00473778 -0.07448576
v -0.48512691 0.00329929 -0.08610635
v -0.46540266 -0.00062026 -0.08126377
v -0.46721703 -0.00723546 -0.06810237
v -0.41927636 0.05667831 -0.02878760
v -0.41905874 0.06819779 -0.03727569
v -0.43935215 0.06902000 -0.03525047
v -0.43752739 0.05471543 -0.02793292
v -0.43620631 0.07306253 -0.04812334
v -0.41747448 0.07368656 -0.05055924
v -0.39175922 0.06565786 -0.06572829
v -0.39251903 0.05643861 -0.07386552
v -0.40361151 0.05564350 -0.07219283
v -0.40289795 0.06633001 -0.06496619
v -0.43864605 0.03342051 -0.09377389
v -0.43996170 0.01784023 -0.09156685
v -0.45898700 0.02319519 -0.09362939
v -0.45733103 0.03830702 -0.09368696
v -0.42753750 -0.00023938 -0.08157278
v -0.43106616 -0.00931624 -0.06995337
v -0.44675612 -0.00536000 -0.07557874
v -0.44313076 0.00464903 -0.08563225
v -0.37382385 -0.00150323 -0.06712668
v -0.37325963 -0.00345377 -0.05569895
v -0.38913304 -0.00763036 -0.05699812
v -0.39002028 -0.00425340 -0.06913573
v -0.36910766 0.00611634 -0.03218991
v -0.36785290 0.01572917 -0.02345090
v -0.38188055 0.01218845 -0.02459239
v -0.38458100 0.00277034 -0.03266674
v -0.36609367 0.06539817 -0.03107700
v -0.36573219 0.07126265 -0.04423475
v -0.37964153 0.07235818 -0.04271903
v -0.37961149 0.06280558 -0.03039375
v -0.42358777 0.02973932 -0.09278928
v -0.42223057 0.01270175 -0.08941354
v -0.39934251 -0.00051251 -0.03380259
v -0.39559826 0.00878927 -0.02592885
v -0.40958962 0.00597175 -0.02803046
v -0.41257048 -0.00463186 -0.03591524
v -0.39154780 0.03493650 -0.02420413
v -0.39240587 0.04804958 -0.02530342
v -0.40378281 0.04702152 -0.02666940
v -0.40296632 0.03168117 -0.02660847
v -0.39089218 0.06263678 -0.03019984
v -0.39124095 0.07036626 -0.04043505
v -0.40327901 0.07086296 -0.03883285
v -0.40392643 0.06054604 -0.02952858
v -0.40394664 0.03721477 -0.08672555
v -0.40599781 0.02576023 -0.09135202
v -0.41393009 0.02831290 -0.09189365
v -0.41148731 0.03937826 -0.08689770
v -0.41540003 -0.00323106 -0.07636313
v -0.41720313 -0.01112835 -0.06429330
v -0.41968775 0.03072452 -0.02836964
v -0.42221725 0.01668957 -0.02792240
v -0.40693086 0.02004879 -0.02529195
v -0.40270224 0.07388563 -0.05237625
v -0.37570304 0.00511747 -0.07685300
v -0.37620461 0.01244205 -0.08515515
v -0.35985267 0.01454023 -0.08370356
v -0.35926467 0.00727128 -0.07530728
v -0.35778150 0.00252769 -0.06542336
v -0.35537574 0.00123960 -0.05445123
v -0.34926170 0.00889429 -0.03095179
v -0.34856537 0.01821230 -0.02161142
v -0.34717607 0.03122233 -0.01572258
v -0.34520161 0.04683453 -0.01522716
v -0.36501271 0.04453864 -0.01895387
v -0.36669108 0.02943314 -0.01853550
v -0.34498477 0.07506350 -0.04499451
v -0.34397388 0.07063914 -0.03086136
v -0.34775096 0.07235315 -0.05882305
v -0.36665896 0.07016436 -0.05678549
v -0.40126207 -0.00901920 -0.04561311
v -0.38696566 -0.00483041 -0.04379334
v -0.51920515 0.04782191 -0.09217516
v -0.52071398 0.03531074 -0.09592012
v -0.54175335 0.03748286 -0.09486555
v -0.54044795 0.04884692 -0.09019469
v -0.56370735 0.02806219 -0.09474038
v -0.54309464 0.02558956 -0.09571382
v -0.52748293 0.04098319 -0.03216345
v -0.50641090 0.04446455 -0.03000528
v -0.56733173 0.04453538 -0.03867305
v -0.41892487 0.04419385 -0.02733924
v -0.43735740 0.04127548 -0.02747005
v -0.39361528 0.04685559 -0.08130370
v -0.38243952 0.05782327 -0.07562356
v -0.38406312 0.04803734 -0.08349977
v -0.43748575 0.04814462 -0.08550820
v -0.43681157 0.05930894 -0.07154564
v -0.41793022 0.05386024 -0.07302185
v -0.42178011 0.04323547 -0.08635815
v -0.39788488 0.02395965 -0.09047553
v -0.39562115 0.03616523 -0.08724823
v -0.38575417 0.03577185 -0.08832300
v -0.38766694 0.02313887 -0.08990687
v -0.37928241 0.05021155 -0.02411585
v -0.36571354 0.05630215 -0.02284564
v -0.36993301 0.05764662 -0.07761456
v -0.36847055 0.06452198 -0.06783400
v -0.35195276 0.06654245 -0.07072916
v -0.35375103 0.05922605 -0.08069061
v -0.38045216 0.06465141 -0.06638367
v -0.37156886 0.04809816 -0.08529928
v -0.35548636 0.04959251 -0.08740146
v -0.34396997 0.06064760 -0.02056908
v -0.37523010 0.02396254 -0.08956570
v -0.37334776 0.03633873 -0.08923847
v -0.35726598 0.03799909 -0.09014589
v -0.35893729 0.02535155 -0.08916059
v -0.52254736 0.02258041 -0.09581318
v -0.50220054 0.01915218 -0.09463101
v -0.43166202 -0.01209852 -0.05438225
v -0.44783923 -0.01091740 -0.06098781
v -0.41606033 -0.01166783 -0.04900170
v -0.52901345 -0.00190105 -0.07018808
v -0.54911613 0.00081573 -0.07360927
v -0.48708919 -0.00659025 -0.05976377
v -0.50795895 -0.00474461 -0.06553266
v -0.47672251 0.05547036 -0.08479918
v -0.40194631 0.00308262 -0.08137657
v -0.40296435 -0.00527949 -0.07206850
v -0.41176251 0.00534648 -0.08514073
v -0.35158995 0.00374566 -0.04213756
v -0.37002665 -0.00187787 -0.04301875
v -0.41394505 0.01800277 -0.09210961
v -0.32771382 0.00723986 -0.04118022
v -0.41763341 0.06782851 -0.06304612
v -0.39098024 0.07116459 -0.05382584
v -0.37915343 0.06994519 -0.05536658
v -0.56547260 0.05868386 -0.05480070
v -0.48433542 0.04821312 -0.02854338
v -0.43765920 0.02678279 -0.02940829
v -0.43967974 0.01376087 -0.03122587
v -0.40000054 0.01185373 -0.08895399
v -0.38963982 0.01138635 -0.08662599
v -0.39027604 0.00350364 -0.07844929
v -0.37964395 0.04095089 -0.02201186
v -0.38149846 0.02622996 -0.02100217
v -0.56876928 0.00387723 -0.07581695
v -0.39394575 0.02143838 -0.02296495
v -0.43658385 0.06976581 -0.06098447
v -0.01680631 0.06289651 -0.11317027
v -0.13107684 -0.09456006 0.01376495
v -0.09818216 -0.12276273 0.04851983
v -0.11088488 -0.11838157 0.03715290
v -0.14947551 -0.03810078 -0.00855151
v -0.15395948 -0.02823136 -0.01269083
v -0.17501210 -0.00248104 -0.02545218
v -0.18282723 0.00363743 -0.03122430
v -0.13670364 -0.05786551 0.01848922
v -0.01191749 -0.26210779 0.09340581
v -0.04371253 -0.27538681 -0.08798871
v -0.02289840 -0.27544966 -0.08876260
v -0.02501225 -0.29327309 -0.09576318
v -0.04757318 -0.29376012 -0.09370438
v -0.02706132 -0.31252187 -0.10322829
v -0.14789848 -0.34339684 -0.05399477
v -0.14260261 -0.32198882 -0.05249923
v -0.12946583 -0.32499138 -0.07278755
v -0.13412651 -0.34782720 -0.07625433
v -0.14593780 -0.30418819 -0.02870743
v -0.13624135 -0.30386695 -0.05083571
v -0.15139915 -0.32119140 -0.02873150
v -0.15472886 -0.32426953 -0.00372646
v -0.14937054 -0.30664450 -0.00465132
v -0.15190972 -0.33094206 0.01934229
v -0.14674567 -0.31188527 0.01805686
v -0.14384736 -0.33888546 0.03956085
v -0.12965453 -0.34652272 0.05613668
v -0.11389057 -0.37535575 0.06871297
v -0.08871295 -0.36201537 0.07654039
v -0.11019347 -0.35420421 0.06797179
v -0.04721042 -0.37316784 0.08823542
v -0.06703641 -0.36879307 0.08319733
v -0.01416783 -0.37773645 0.09425493
v -0.02994588 -0.37593377 0.09188849
v -0.10119201 0.08651713 0.01494573
v -0.09527881 0.13591073 -0.08150186
v -0.10463433 0.14237864 -0.06214501
v -0.08299524 0.13911058 -0.08032054
v -0.11231992 0.08309257 -0.11347923
v -0.11575982 0.10320658 -0.10478190
v -0.09547424 0.09466325 -0.11454718
v -0.09250598 0.07703990 -0.12056112
v -0.07288681 0.13053380 -0.09314008
v -0.06680804 0.13243642 -0.09199815
v -0.08186944 0.12575032 -0.09631595
v -0.04948812 0.11184070 -0.10965107
v -0.06693739 0.11701853 -0.10649224
v -0.14716923 0.13886024 -0.05708488
v -0.14527574 0.12414616 -0.07703766
v -0.15377170 0.12232563 -0.07212197
v -0.15768960 0.13662682 -0.05290748
v -0.13827172 0.06993974 -0.10530365
v -0.13604398 0.05340040 -0.10894527
v -0.14648691 0.05580394 -0.10360529
v -0.14771505 0.07151046 -0.10008156
v -0.17587270 0.12094036 -0.03889912
v -0.17330548 0.11611018 -0.05821942
v -0.18012023 0.11404999 -0.05528259
v -0.18298253 0.11666794 -0.03698417
v -0.14866197 0.08775208 -0.09336917
v -0.07947859 -0.03385634 -0.12285917
v -0.11446596 -0.01796024 -0.11619003
v -0.09703654 -0.02647396 -0.12014690
v -0.14983168 0.00385987 -0.09975301
v -0.14036895 -0.00255440 -0.10488970
v -0.14372636 -0.01416600 -0.09915222
v -0.16802299 0.01681544 -0.09070840
v -0.15884613 0.01018593 -0.09485587
v -0.18622489 0.05131682 0.00560863
v -0.17426334 0.05246045 0.01205625
v -0.17311920 0.07554865 0.00749661
v -0.18154174 0.01586452 -0.07908854
v -0.19025937 0.02296605 -0.07846831
v -0.18792434 0.02755504 -0.08104621
v -0.17867020 0.02060808 -0.08202776
v -0.13596997 0.14026004 -0.06057722
v -0.17180076 0.10398494 -0.07186350
v -0.16934149 0.09257527 -0.08085330
v -0.17794801 0.09510934 -0.07868707
v -0.17960131 0.10410275 -0.06886742
v -0.17032273 0.08011138 -0.08806907
v -0.17108114 0.06713390 -0.09331770
v -0.18053907 0.07152977 -0.09030566
v -0.17901066 0.08379325 -0.08534774
v -0.18702310 0.03319200 -0.08371260
v -0.17555265 0.02612856 -0.08521186
v -0.19541866 0.10536629 -0.01785488
v -0.16486976 0.13251746 -0.02261606
v -0.15965989 0.11751761 -0.00119603
v -0.15234119 0.12577017 -0.00338818
v -0.15720454 0.13872434 -0.02734004
v -0.20641047 0.00733793 -0.04769831
v -0.20234874 0.00994568 -0.03748713
v -0.20892495 0.00624079 -0.05703427
v -0.18540338 0.00477514 -0.07176422
v -0.21025583 0.00798504 -0.06472500
v -0.19992560 0.03370469 -0.00621359
v -0.20027453 0.04988256 -0.00094976
v -0.15431820 0.09247736 0.00918914
v -0.14700755 0.10185842 0.00864506
v -0.19332692 0.11343940 -0.03627674
v -0.19046813 0.11163898 -0.05380898
v -0.20551424 0.02960180 -0.08238040
v -0.21808825 0.03527040 -0.08707103
v -0.20293847 0.03373114 -0.08500156
v -0.17371006 -0.00647066 -0.07810424
v -0.18362010 0.01161129 -0.07580817
v -0.16560572 0.13297813 -0.04771392
v -0.18854460 0.10422952 -0.06675902
v -0.18863118 0.09561022 -0.07712027
v -0.16277847 0.07633333 -0.09189959
v -0.16252150 0.09032026 -0.08448688
v -0.15570851 0.08869461 -0.08872578
v -0.15541026 0.07358558 -0.09588786
v -0.19115442 0.07692321 -0.08825067
v -0.19362178 0.06505004 -0.09153142
v -0.16295819 0.06266697 -0.09611414
v -0.15504092 0.05889097 -0.09965192
v -0.20103177 0.03946443 -0.08792266
v -0.13933466 0.10861215 0.00659332
v -0.13612100 0.08363311 0.01420014
v -0.12689143 0.08724911 0.01396162
v -0.15267988 0.06722158 0.01533244
v -0.14419274 0.07639316 0.01484232
v -0.16325743 0.05760314 0.01501461
v -0.11531164 0.08668830 0.01394005
v -0.40842983 0.01463078 -0.09124442
v -0.23037772 0.04130454 -0.08955050
v -0.22167337 0.03071702 -0.08464269
v -0.23515685 0.03577973 -0.08781625
v -0.28202283 0.05351930 -0.08931638
v -0.40265411 0.04645295 -0.07958487
v -0.41018924 0.04605515 -0.07956671
v -0.45622376 0.05264038 -0.08528881
v -0.47757944 0.06499287 -0.07173271
v -0.45632344 0.06338954 -0.07189808
v -0.46029791 0.06435381 -0.03414025
v -0.46116945 0.05252226 -0.02756465
v -0.46194485 0.00981257 -0.03432529
v -0.46215615 0.01030908 -0.08947937
v -0.60762382 0.04802617 -0.04163267
v -0.60744673 0.05368213 -0.05053798
v -0.62814301 0.05145800 -0.04831330
v -0.62820584 0.04474614 -0.04056411
v -0.64729166 0.03232991 -0.03724196
v -0.62790817 0.03576228 -0.03805342
v -0.64829862 0.04194174 -0.03811285
v -0.64593947 0.02431305 -0.04120723
v -0.62713891 0.02752500 -0.04094098
v -0.64490205 0.01845142 -0.04795946
v -0.64493114 0.01326918 -0.05514188
v -0.62688601 0.01456505 -0.05327908
v -0.62661731 0.02037431 -0.04646685
v -0.62735188 0.01085763 -0.06148244
v -0.62737501 0.00988473 -0.07064351
v -0.60831642 0.00768034 -0.06880153
v -0.60804600 0.01023957 -0.05915685
v -0.64477575 0.01999334 -0.08591259
v -0.64445853 0.02790423 -0.08818676
v -0.62550730 0.02601061 -0.08979960
v -0.62619054 0.01743442 -0.08696051
v -0.60520142 0.04257260 -0.08863158
v -0.60504550 0.03298194 -0.09146288
v -0.62556303 0.03548887 -0.08957581
v -0.62581092 0.04461224 -0.08696882
v -0.64495146 0.04687417 -0.08664156
v -0.64569902 0.05192732 -0.07835054
v -0.62654376 0.05015517 -0.07995000
v -0.56682616 0.05314288 -0.04480823
v -0.58743161 0.05086614 -0.04352608
v -0.58767974 0.04202431 -0.03840548
v -0.58749312 0.02313286 -0.04237271
v -0.58757162 0.03206410 -0.03856088
v -0.60742754 0.02959033 -0.03965429
v -0.60727066 0.02163001 -0.04441848
v -0.56927401 0.00355995 -0.06412112
v -0.58836949 0.00937411 -0.05665106
v -0.58887607 0.00577857 -0.06665369
v -0.60755086 0.01520678 -0.05098458
v -0.58748490 0.01534561 -0.04857492
v -0.60777116 0.00901656 -0.07884414
v -0.62694854 0.01187963 -0.07984854
v -0.60644501 0.05492410 -0.06143672
v -0.60564572 0.05373204 -0.07233903
v -0.62748349 0.05277167 -0.06968287
v -0.62801105 0.05351960 -0.05892067
v -0.58841664 0.00665111 -0.07722174
v -0.58448899 0.05503850 -0.07513172
v -0.58523417 0.05700310 -0.06399535
v -0.60482782 0.04978156 -0.08208290
v -0.58372086 0.04941890 -0.08466607
v -0.64771074 0.05305790 -0.05654369
v -0.64801913 0.04989166 -0.04568101
v -0.58597845 0.05613730 -0.05280596
v -0.60674244 0.01449740 -0.08716194
v -0.60556799 0.02321880 -0.09139658
v -0.58560926 0.02035946 -0.09210251
v -0.58712506 0.01178480 -0.08665609
v -0.56293029 0.03921333 -0.09302379
v -0.58430743 0.03050627 -0.09305901
v -0.58417273 0.04069344 -0.09069472
v -0.64460862 0.03749781 -0.08876082
v -0.56241578 0.04906316 -0.08762371
v -0.72667748 0.01670110 -0.03945556
v -0.73591071 0.00960588 -0.04197186
v -0.73148668 0.01076070 -0.05072659
v -0.72269875 0.01684198 -0.04888178
v -0.70237201 0.03290415 -0.02508502
v -0.71107000 0.03321674 -0.01616455
v -0.71322179 0.02779571 -0.02272740
v -0.70692915 0.02984167 -0.03251819
v -0.72993022 0.01561780 -0.03142775
v -0.73932463 0.01120348 -0.03388660
v -0.74771088 0.01133429 -0.03501076
v -0.73964286 0.01762575 -0.02791422
v -0.74832064 0.01787915 -0.03103709
v -0.74503148 0.02844906 -0.03192721
v -0.75528979 0.02784896 -0.03571011
v -0.75612354 0.01949552 -0.03259751
v -0.73591959 0.03910225 -0.05528710
v -0.73246258 0.04008986 -0.06551135
v -0.74751842 0.03820125 -0.06645772
v -0.75008929 0.03618114 -0.05585245
v -0.73803961 0.03401669 -0.08418341
v -0.74398828 0.03563796 -0.07510361
v -0.72887951 0.03853975 -0.07359787
v -0.72439069 0.03651162 -0.08170759
v -0.71826291 0.01530002 -0.05824871
v -0.72686452 0.01163650 -0.05884876
v -0.72474641 0.01117018 -0.06463365
v -0.71494251 0.01274098 -0.06483375
v -0.74160808 0.02396477 -0.02566157
v -0.73858750 0.02265524 -0.01814550
v -0.73993987 0.02640693 -0.01632417
v -0.73873508 0.02988446 -0.02357719
v -0.67845988 0.00677743 -0.06739998
v -0.68946373 0.00555986 -0.07020727
v -0.68981397 0.00373784 -0.07726683
v -0.67761070 0.00556402 -0.07545548
v -0.67936492 0.01098700 -0.04779871
v -0.67381120 0.01812245 -0.03773353
v -0.68263376 0.02049551 -0.03226534
v -0.68642217 0.01658511 -0.04038791
v -0.69321889 0.02967924 -0.02663399
v -0.70558619 0.04145360 -0.02047830
v -0.69427025 0.02756957 -0.03314565
v -0.71537495 0.04171847 -0.01223171
v -0.68486786 0.00670086 -0.08890828
v -0.67583519 0.00948654 -0.08566032
v -0.78415388 -0.02062940 -0.04281901
v -0.78536367 -0.01868775 -0.03771996
v -0.78883910 -0.02334508 -0.03811852
v -0.78797352 -0.02499736 -0.04322039
v -0.67676544 0.03420445 -0.09125620
v -0.67577177 0.02506404 -0.09244452
v -0.68286335 0.02506136 -0.09465234
v -0.68429899 0.03395798 -0.09157909
v -0.69180191 0.02492227 -0.09768426
v -0.69350404 0.03396984 -0.09250235
v -0.79288411 -0.01265962 -0.03491485
v -0.79661596 -0.01025310 -0.03761525
v -0.80001074 -0.01562776 -0.03701593
v -0.79601562 -0.01804573 -0.03481617
v -0.74081475 0.00862741 -0.05075881
v -0.74513948 0.00737548 -0.04250874
v -0.75399220 0.00774489 -0.04116979
v -0.76138604 0.00810927 -0.03944657
v -0.76165605 0.00564695 -0.04549420
v -0.75241715 0.00770786 -0.05009657
v -0.73778182 0.01049921 -0.06176244
v -0.74907672 0.00906199 -0.06214768
v -0.74440527 0.00986946 -0.06900925
v -0.73366255 0.01062331 -0.06875643
v -0.73870397 0.00647154 -0.08750568
v -0.73000699 0.00625210 -0.08650600
v -0.73023850 0.00814105 -0.08059813
v -0.74034798 0.00803823 -0.08101661
v -0.76510358 0.00672137 -0.08232522
v -0.75895214 0.00905143 -0.08171576
v -0.76045024 0.00879132 -0.07661619
v -0.76718974 0.00628845 -0.07735702
v -0.66902423 0.03575705 -0.09068325
v -0.66840553 0.02634970 -0.09088989
v -0.73380440 0.01951401 -0.11008270
v -0.73798823 0.02649316 -0.10411478
v -0.72836965 0.02777052 -0.10050178
v -0.72384083 0.02077780 -0.10616527
v -0.68673605 0.04097665 -0.08511092
v -0.67856991 0.04220629 -0.08553481
v -0.79920286 -0.00928656 -0.04251432
v -0.80241317 -0.01448771 -0.04201629
v -0.70964921 0.04371283 -0.02228892
v -0.72222346 0.04540554 -0.01339636
v -0.69532824 0.03561550 -0.02880654
v -0.67452013 0.02909809 -0.03474705
v -0.68438584 0.03070568 -0.03322154
v -0.75718141 0.00761781 -0.05498859
v -0.73479712 0.01039278 -0.05757442
v -0.72280324 0.01041424 -0.06905723
v -0.71408623 0.00350358 -0.08772963
v -0.72108150 0.00395206 -0.09031976
v -0.71845460 0.00354330 -0.09714724
v -0.71040225 0.00370507 -0.09662633
v -0.73395848 0.00586603 -0.10586099
v -0.73244470 0.01140534 -0.11038923
v -0.72308373 0.01180130 -0.10753702
v -0.72531277 0.00564238 -0.10395612
v -0.74126846 0.03108356 -0.01220137
v -0.73490953 0.03431948 -0.01944906
v -0.67548364 0.01605814 -0.09082022
v -0.68291116 0.01520106 -0.09427009
v -0.66784716 0.01854743 -0.08800642
v -0.69153380 0.00920274 -0.05932616
v -0.70441175 0.01342619 -0.06363322
v -0.70216405 0.01009753 -0.06815834
v -0.68971550 0.00723313 -0.06538190
v -0.71257854 0.02374739 -0.04714794
v -0.70103502 0.02268386 -0.04297677
v -0.71672976 0.02546789 -0.03690613
v -0.67850500 0.00801956 -0.05940580
v -0.66922832 0.01035055 -0.05711916
v -0.66905081 0.00991066 -0.06583442
v -0.66842210 0.01025549 -0.07472724
v -0.66805708 0.01325713 -0.08308302
v -0.65927219 0.01198902 -0.05637196
v -0.65960383 0.01146524 -0.06490766
v -0.65943766 0.01259328 -0.07395965
v -0.65899515 0.01535406 -0.08162606
v -0.66954446 0.04466446 -0.08581595
v -0.65887845 0.04714715 -0.08633591
v -0.65849817 0.03756637 -0.08993907
v -0.67003238 0.01279159 -0.04798001
v -0.65991437 0.01565238 -0.04836500
v -0.66161609 0.02006768 -0.03969686
v -0.66311949 0.02932536 -0.03578851
v -0.72739440 0.01920299 -0.01532054
v -0.72434115 0.02196855 -0.02112970
v -0.71823204 0.02446202 -0.01582924
v -0.72279602 0.02098977 -0.01022114
v -0.76268017 0.01258929 -0.03494303
v -0.75509769 0.01271208 -0.03491725
v -0.76469725 0.01890627 -0.03408582
v -0.69836342 0.00315176 -0.08270648
v -0.69407314 0.00548234 -0.09258804
v -0.76327634 0.00499883 -0.05064774
v -0.77850240 0.00169304 -0.03541526
v -0.78328186 0.00439833 -0.03821664
v -0.79189533 -0.00484059 -0.03811545
v -0.78807002 -0.00735217 -0.03531304
v -0.77005249 -0.00685731 -0.04812818
v -0.77445948 -0.00599315 -0.05242469
v -0.76989925 0.00162560 -0.05387136
v -0.76599652 0.00002685 -0.04868449
v -0.76044697 0.00637575 -0.08845039
v -0.75598812 0.00815546 -0.08814716
v -0.76543105 0.03138398 -0.04545461
v -0.75262940 0.03532331 -0.04441859
v -0.76521003 0.02826769 -0.05688500
v -0.75029224 0.00836065 -0.08140770
v -0.74198896 0.00922064 -0.07534877
v -0.75167793 0.00896266 -0.07607117
v -0.76436859 0.00877651 -0.06110383
v -0.75721079 0.00873674 -0.06226698
v -0.76051575 0.00793660 -0.05736675
v -0.76492131 0.00633395 -0.05533767
v -0.71275663 0.02301650 -0.10322838
v -0.71184278 0.01149203 -0.10493443
v -0.78877121 -0.01565239 -0.03501693
v -0.79192126 -0.02086009 -0.03531730
v -0.65831518 0.02780150 -0.08886775
v -0.65871203 0.02040060 -0.08626350
v -0.73131627 0.00973103 -0.07450761
v -0.73981154 0.03648153 -0.04390949
v -0.72107196 0.00930364 -0.07391573
v -0.76107329 0.01324857 -0.09688628
v -0.76447308 0.01705894 -0.09560345
v -0.75629920 0.02322886 -0.09431501
v -0.75464141 0.01726130 -0.09855969
v -0.78605527 -0.02012425 -0.04782208
v -0.78996533 -0.01765929 -0.05132093
v -0.78423697 -0.01323486 -0.05152122
v -0.78033394 -0.01546844 -0.04772102
v -0.77006441 -0.00385206 -0.03842849
v -0.76875132 -0.00634645 -0.04312940
v -0.76415008 0.00096229 -0.04379303
v -0.76547885 0.00460288 -0.03870212
v -0.76792675 0.00743174 -0.03551175
v -0.77377373 -0.00118911 -0.03581651
v -0.78467369 0.00375181 -0.05020604
v -0.78060526 -0.00237116 -0.05322298
v -0.78962421 -0.00949181 -0.05261841
v -0.79369795 -0.00530776 -0.04911668
v -0.71117198 0.03936624 -0.07953347
v -0.70782602 0.03647410 -0.08759169
v -0.72053301 0.03355820 -0.09027054
v -0.73316419 0.03066324 -0.09305394
v -0.74553883 0.02613246 -0.09525357
v -0.75131422 0.03134737 -0.08649325
v -0.71682936 0.03009707 -0.09685557
v -0.77370918 0.01792839 -0.06135630
v -0.77272391 0.01096698 -0.05982227
v -0.77515268 0.01721865 -0.05296154
v -0.71934795 0.00736900 -0.08082423
v -0.78369343 -0.01054604 -0.03531717
v -0.68538660 0.04333310 -0.04348436
v -0.68454069 0.04825216 -0.05447425
v -0.69543403 0.04675528 -0.05528628
v -0.69582236 0.04193255 -0.04280124
v -0.77854180 -0.01555188 -0.04281726
v -0.77977717 -0.01406908 -0.03781736
v -0.75862199 0.00762558 -0.09757884
v -0.75516725 0.01038003 -0.09968273
v -0.75494206 0.00876654 -0.09472644
v -0.75919950 0.00763712 -0.09364739
v -0.70476228 0.03293436 -0.09408212
v -0.74640083 0.02591718 -0.10750264
v -0.74240357 0.02012564 -0.11278856
v -0.68962377 0.04479901 -0.07598708
v -0.69625008 0.03929964 -0.08581478
v -0.69923705 0.04239286 -0.07744303
v -0.76078939 0.02923222 -0.07648486
v -0.71500784 0.04122958 -0.07212942
v -0.70236129 0.04397206 -0.07015827
v -0.69182211 0.04666226 -0.06728268
v -0.68274212 0.04892106 -0.06593361
v -0.68105763 0.04702453 -0.07544706
v -0.79861856 -0.01062269 -0.04841516
v -0.79448938 -0.00362691 -0.04321115
v -0.67120457 0.04938638 -0.07542355
v -0.65999961 0.05182253 -0.07653891
v -0.67263019 0.05100375 -0.06563839
v -0.66103351 0.05261961 -0.06616628
v -0.70557171 0.04488996 -0.06189921
v -0.70875198 0.04420028 -0.05311787
v -0.71824324 0.04231668 -0.06426727
v -0.72206050 0.04142630 -0.05474643
v -0.76185244 0.03416279 -0.06722008
v -0.79469746 -0.02218308 -0.05132133
v -0.80138570 -0.02840863 -0.05102104
v -0.80495965 -0.02572746 -0.05002031
v -0.79916537 -0.01918792 -0.05062006
v -0.79474962 -0.01421232 -0.05171834
v -0.80210340 -0.01628132 -0.04759603
v -0.72694421 0.03887428 -0.04336820
v -0.76890814 0.00595979 -0.06052830
v -0.71310079 0.04087792 -0.04036270
v -0.73475492 0.03514232 -0.03120986
v -0.72615647 0.03812907 -0.02800763
v -0.69659531 0.04005288 -0.03340829
v -0.71187401 0.04401443 -0.02794947
v -0.67556775 0.03760156 -0.03729964
v -0.68532258 0.03782297 -0.03657043
v -0.66444314 0.03893287 -0.03676569
v -0.72543103 0.04466786 -0.01943360
v -0.79394066 -0.03003330 -0.03921531
v -0.79368073 -0.03097407 -0.04441866
v -0.66450036 0.04759289 -0.04370499
v -0.67590696 0.04493338 -0.04363620
v -0.72087026 0.02273696 -0.02816490
v -0.71123290 0.00923412 -0.07302380
v -0.70976579 0.00660615 -0.07825140
v -0.70695710 0.00335963 -0.08542121
v -0.70272076 0.00448525 -0.09546689
v -0.66319335 0.05251035 -0.05465956
v -0.64557469 0.01133694 -0.06354741
v -0.64549518 0.01210974 -0.07241517
v -0.64666766 0.05312680 -0.06786186
v -0.79692096 -0.02766153 -0.03601624
v -0.77047670 0.00648367 -0.07910796
v -0.76944703 0.00760188 -0.08139233
v -0.71648598 0.03008766 -0.00982882
v -0.72238934 0.02538264 -0.00562109
v -0.72063243 0.03644958 -0.00622171
v -0.72820419 0.04109871 -0.00671620
v -0.73286325 0.03317672 -0.00291933
v -0.72647798 0.02936463 -0.00302081
v -0.70109510 0.00744639 -0.07181839
v -0.70037872 0.00526059 -0.07650410
v -0.70112181 0.01326485 -0.10232101
v -0.70181835 0.02457326 -0.10052529
v -0.77206671 0.01142855 -0.03503591
v -0.76693571 0.02430896 -0.03760309
v -0.77605581 0.01377848 -0.03853296
v -0.78544343 0.00631537 -0.04410791
v -0.77456260 0.00476433 -0.05488727
v -0.77187377 0.00588145 -0.05910644
v -0.69589496 0.01366961 -0.05193236
v -0.70854270 0.01802311 -0.05654083
v -0.73170429 0.01866213 -0.02481726
v -0.73408461 0.01985090 -0.01914807
v -0.75366789 0.00899428 -0.06906131
v -0.77355516 0.02055570 -0.07488804
v -0.77429497 0.02455360 -0.06775874
v -0.76195478 0.00924606 -0.06901537
v -0.80491072 -0.02325425 -0.03711676
v -0.80091143 -0.02566994 -0.03521632
v -0.77740157 0.01855681 -0.04499580
v -0.74809557 0.00724873 -0.08817077
v -0.76837635 0.01891143 -0.08120053
v -0.77300060 0.01139496 -0.07791719
v -0.73876280 0.01246592 -0.11156327
v -0.67508984 0.05017752 -0.05424894
v -0.79610431 -0.03051899 -0.04932072
v -0.79019815 -0.02454038 -0.04852208
v -0.80693293 -0.02317393 -0.04701909
v -0.80711532 -0.02172234 -0.04201743
v -0.69161940 0.01449188 -0.09853077
v -0.71282595 0.01091336 -0.06905821
v -0.64510334 0.01465228 -0.08048821
v -0.73932034 0.03494259 -0.00631515
v -0.73419327 0.04189412 -0.01177333
v -0.76705688 0.00648630 -0.06918965
v -0.75114572 0.02257215 -0.10161938
v -0.77023733 0.01849058 -0.09059004
v -0.77321231 0.01312730 -0.08456904
v -0.76197892 0.02669367 -0.08847938
v -0.77268481 0.00785899 -0.08288398
v -0.81084770 -0.02864409 -0.04681888
v -0.81111968 -0.02732222 -0.04201742
v -0.80901080 -0.02896478 -0.03711747
v -0.80481511 -0.03086463 -0.03561641
v -0.80060947 -0.03239271 -0.03661786
v -0.80896926 -0.03091573 -0.04982060
v -0.80559987 -0.03328331 -0.05082183
v -0.80019552 -0.03473748 -0.04932191
v -0.81238806 -0.03557625 -0.04962002
v -0.81534815 -0.03435756 -0.04641886
v -0.81670082 -0.03699838 -0.03871776
v -0.81880355 -0.04039134 -0.03841732
v -0.81609809 -0.04051172 -0.03621813
v -0.81389666 -0.03501234 -0.03691827
v -0.81870943 -0.04498254 -0.03701720
v -0.82171482 -0.04395906 -0.03881622
v -0.81721336 -0.03555785 -0.04161793
v -0.82031703 -0.03924089 -0.04201528
v -0.82258457 -0.04345106 -0.04621959
v -0.82348454 -0.04325105 -0.04241959
v -0.81943989 -0.03968364 -0.04561651
v -0.81733066 -0.03640896 -0.04471806
v -0.81501704 -0.03254458 -0.04161853
v -0.82568455 -0.04675106 -0.04271959
v -0.82388455 -0.04955105 -0.04321959
v -0.82148457 -0.04835106 -0.03901959
v -0.82368457 -0.04665105 -0.03951959
v -0.80850315 -0.03570027 -0.03551767
v -0.81250405 -0.04140068 -0.03611782
v -0.81561512 -0.04617492 -0.03761708
v -0.81853884 -0.04941726 -0.03991530
v -0.81322992 -0.04744725 -0.03941634
v -0.80941314 -0.04308517 -0.03771744
v -0.81595194 -0.04989561 -0.04161481
v -0.81194937 -0.04830957 -0.04211533
v -0.80763841 -0.04473887 -0.04081688
v -0.80145293 -0.03821628 -0.03991788
v -0.80411577 -0.03667739 -0.03681700
v -0.81445998 -0.04968184 -0.04301447
v -0.82088453 -0.05065106 -0.04401959
v -0.81786233 -0.03952864 -0.04831684
v -0.82087207 -0.04400278 -0.04851374
v -0.81578833 -0.04058102 -0.04991752
v -0.81879479 -0.04506397 -0.04981392
v -0.82496250 -0.04580930 -0.04611104
v -0.82347983 -0.04747899 -0.04751068
v -0.79754037 -0.03403382 -0.03981556
v -0.79768014 -0.03477247 -0.04511923
v -0.80139536 -0.03904593 -0.04502005
v -0.80737519 -0.04546213 -0.04561393
v -0.80413026 -0.03866479 -0.04912165
v -0.80912560 -0.03742583 -0.05052093
v -0.81321019 -0.04225953 -0.05041866
v -0.80971640 -0.04397887 -0.04941892
v -0.81370002 -0.04759786 -0.04871539
v -0.81610459 -0.04636737 -0.04991488
v -0.81217587 -0.04855692 -0.04561527
v -0.81800044 -0.04917294 -0.04821224
v -0.82089537 -0.04856170 -0.04821092
v -0.81579441 -0.04920092 -0.04771352
v -0.81527770 -0.04984038 -0.04531349
v -0.81787682 -0.05033158 -0.04491277
v -0.78782475 -0.02237175 -0.07291968
v -0.78904140 -0.02162429 -0.06821889
v -0.79416043 -0.02698499 -0.06951956
v -0.79304254 -0.02773886 -0.07452077
v -0.79551655 -0.01622823 -0.06411702
v -0.79951054 -0.01208059 -0.06601580
v -0.80360389 -0.01775806 -0.06661747
v -0.79962260 -0.02192727 -0.06521786
v -0.80110103 -0.00958322 -0.07181602
v -0.80510730 -0.01530724 -0.07221638
v -0.77934885 0.00115555 -0.06219317
v -0.78306085 0.00592773 -0.06346216
v -0.79419482 -0.00594408 -0.06511705
v -0.79010075 -0.01037961 -0.06331801
v -0.77203763 -0.00273425 -0.07574947
v -0.77480662 -0.00253302 -0.07872217
v -0.79193431 -0.01951288 -0.06541692
v -0.79646909 -0.02503342 -0.06661792
v -0.78894365 -0.02162701 -0.07761947
v -0.79184878 -0.01928592 -0.08091889
v -0.78543210 -0.01343374 -0.07972050
v -0.78243130 -0.01575892 -0.07642005
v -0.77237010 -0.00396661 -0.06403622
v -0.77145481 -0.00312586 -0.06985872
v -0.77569073 -0.00252458 -0.06221661
v -0.78357959 0.00684513 -0.07576685
v -0.77984160 0.00129678 -0.07890580
v -0.78981441 -0.00973158 -0.08061977
v -0.79389721 -0.00562234 -0.07781777
v -0.78620070 -0.01360339 -0.06421793
v -0.78141659 -0.01638972 -0.07151899
v -0.78280687 -0.01600211 -0.06671832
v -0.79910630 -0.01202030 -0.07851733
v -0.79569119 -0.00334602 -0.07111465
v -0.79707873 -0.02431754 -0.08212091
v -0.80437976 -0.03161678 -0.08322056
v -0.80736631 -0.02810113 -0.08221935
v -0.80056208 -0.02099881 -0.08171975
v -0.79563487 -0.01597215 -0.08121842
v -0.80373234 -0.01722029 -0.07871674
v -0.80131304 -0.03548902 -0.07171878
v -0.80073828 -0.03594305 -0.07681981
v -0.80342084 -0.03366086 -0.06861856
v -0.78540790 0.00990883 -0.06913196
v -0.80970407 -0.02627726 -0.06831807
v -0.80611348 -0.03056583 -0.06731822
v -0.80156440 -0.03478620 -0.08112130
v -0.79416227 -0.02689430 -0.07912238
v -0.80993968 -0.02483649 -0.07931814
v -0.81111568 -0.02330967 -0.07341746
v -0.81445289 -0.03122064 -0.08021915
v -0.81592089 -0.02991115 -0.07501775
v -0.81480312 -0.03268249 -0.07011672
v -0.81099951 -0.03620724 -0.06891792
v -0.80779970 -0.03861294 -0.07001825
v -0.81217951 -0.03377947 -0.08292020
v -0.80918992 -0.03639462 -0.08392113
v -0.80577213 -0.03886794 -0.08212131
v -0.81688631 -0.03917098 -0.08452027
v -0.81995124 -0.03764094 -0.08221913
v -0.82579565 -0.04411357 -0.07591818
v -0.82959938 -0.04770163 -0.07681778
v -0.82719702 -0.04941341 -0.07521828
v -0.82379133 -0.04492974 -0.07341881
v -0.82349658 -0.04080841 -0.07551794
v -0.82079375 -0.03921904 -0.07271834
v -0.82330936 -0.03956766 -0.07831839
v -0.82680619 -0.04247221 -0.07951654
v -0.82953674 -0.04627321 -0.08451381
v -0.83141410 -0.04624358 -0.08081553
v -0.82522810 -0.04301032 -0.08281694
v -0.82262653 -0.04011802 -0.08131867
v -0.83060956 -0.05267568 -0.07821702
v -0.83250874 -0.05047096 -0.07821672
v -0.82062018 -0.03602854 -0.07711866
v -0.81559312 -0.04102643 -0.07071871
v -0.82048970 -0.04653656 -0.07271909
v -0.82449579 -0.05132041 -0.07541858
v -0.82781428 -0.05436978 -0.07891696
v -0.82190013 -0.05291215 -0.07671838
v -0.81739181 -0.04863284 -0.07401900
v -0.82501626 -0.05486999 -0.08001706
v -0.82010472 -0.05370323 -0.07941815
v -0.81489670 -0.05022326 -0.07711875
v -0.80900496 -0.04390447 -0.07461811
v -0.81169790 -0.04271765 -0.07161847
v -0.82301503 -0.05467575 -0.08091728
v -0.83318454 -0.05315106 -0.08261959
v -0.82983488 -0.05450845 -0.08311491
v -0.83518451 -0.05005105 -0.08181959
v -0.82334071 -0.04348486 -0.08431807
v -0.82744473 -0.04746619 -0.08581512
v -0.82146764 -0.04422246 -0.08621840
v -0.82586551 -0.04861934 -0.08731467
v -0.83294165 -0.04895297 -0.08521233
v -0.83145469 -0.05072661 -0.08621171
v -0.80550909 -0.03989450 -0.07311771
v -0.80463976 -0.04003954 -0.07791985
v -0.80792797 -0.04395421 -0.07921655
v -0.81402510 -0.04996439 -0.08171853
v -0.80928683 -0.04263870 -0.08332212
v -0.81350446 -0.04086293 -0.08512165
v -0.81867319 -0.04573306 -0.08651976
v -0.81555665 -0.04799270 -0.08531987
v -0.82054228 -0.05151242 -0.08611716
v -0.82325464 -0.04986898 -0.08721679
v -0.81938493 -0.05335012 -0.08311962
v -0.82598865 -0.05314177 -0.08641982
v -0.82898754 -0.05234363 -0.08671974
v -0.82338732 -0.05344497 -0.08581976
v -0.82328457 -0.05465106 -0.08341959
v -0.82648456 -0.05505104 -0.08341959
v -0.77831978 -0.01488434 -0.09612031
v -0.78189582 -0.01378538 -0.09221985
v -0.78599113 -0.01823581 -0.09391928
v -0.78260148 -0.01932227 -0.09792054
v -0.78871369 -0.00840732 -0.09061772
v -0.79019523 -0.00465537 -0.09251808
v -0.79418999 -0.01022272 -0.09481941
v -0.79258770 -0.01303809 -0.09281915
v -0.78938997 -0.00268622 -0.09761909
v -0.79389429 -0.00849238 -0.09942015
v -0.77629477 0.00222717 -0.08531795
v -0.77848250 0.00698119 -0.08711860
v -0.78578967 0.00004228 -0.09011721
v -0.78414941 -0.00429871 -0.08811477
v -0.78577131 -0.01156969 -0.09061786
v -0.78978825 -0.01593937 -0.09261907
v -0.77731848 -0.01399219 -0.10042137
v -0.77859473 -0.01191644 -0.10342376
v -0.77281296 -0.00718995 -0.10132299
v -0.77170283 -0.00922198 -0.09812040
v -0.76441175 -0.00081621 -0.09033775
v -0.76808095 -0.00070104 -0.08643115
v -0.77232569 -0.00009821 -0.08511619
v -0.77217478 0.00864157 -0.09811030
v -0.76737571 0.00484619 -0.09891833
v -0.77623534 -0.00335672 -0.10311946
v -0.78080648 0.00107738 -0.10141715
v -0.78091216 -0.00774893 -0.08821762
v -0.77299994 -0.01062352 -0.09391944
v -0.77677494 -0.01005025 -0.08992010
v -0.78583467 -0.00413540 -0.10301756
v -0.78458470 0.00248698 -0.09561914
v -0.78302652 -0.01677669 -0.10562422
v -0.79142123 -0.02367788 -0.10852274
v -0.79441959 -0.02066281 -0.10872252
v -0.78632456 -0.01325291 -0.10652427
v -0.78148365 -0.00835127 -0.10502260
v -0.79060608 -0.00966346 -0.10442211
v -0.79238868 -0.02554145 -0.09701922
v -0.78959453 -0.02653213 -0.10101968
v -0.79568720 -0.02324330 -0.09561925
v -0.77715749 0.01001610 -0.09271551
v -0.76345140 0.00125564 -0.09793096
v -0.80028790 -0.01843720 -0.09751914
v -0.79838651 -0.02084418 -0.09581927
v -0.78920925 -0.02580784 -0.10562137
v -0.78151602 -0.01870126 -0.10242238
v -0.79790664 -0.01757493 -0.10652122
v -0.80039424 -0.01630915 -0.10171979
v -0.80221123 -0.02256616 -0.10812113
v -0.80459601 -0.02150801 -0.10341988
v -0.80478841 -0.02363674 -0.09921920
v -0.80238688 -0.02594368 -0.09761927
v -0.79938740 -0.02784312 -0.09741928
v -0.79912335 -0.02555504 -0.11032251
v -0.79632974 -0.02795778 -0.10992317
v -0.79351389 -0.02949801 -0.10702179
v -0.80222642 -0.02965357 -0.11182343
v -0.80618757 -0.02812371 -0.10953022
v -0.81318563 -0.03414766 -0.10361946
v -0.81689668 -0.03731034 -0.10471800
v -0.81588453 -0.03845106 -0.10301959
v -0.81258452 -0.03455107 -0.10151959
v -0.81098324 -0.03085367 -0.10311965
v -0.80918401 -0.02905207 -0.10111961
v -0.81027865 -0.02945838 -0.10582438
v -0.81369245 -0.03242220 -0.10701842
v -0.81424016 -0.03587037 -0.11171289
v -0.81731623 -0.03573761 -0.10831505
v -0.81071186 -0.03286706 -0.11021814
v -0.80899882 -0.02970943 -0.10872072
v -0.81860727 -0.04097978 -0.10541695
v -0.81931055 -0.03926381 -0.10611625
v -0.80790752 -0.02669551 -0.10492773
v -0.80588454 -0.03055106 -0.09891959
v -0.80998456 -0.03585105 -0.10021959
v -0.81348538 -0.04004858 -0.10221951
v -0.81570095 -0.04270526 -0.10511798
v -0.81038553 -0.04124869 -0.10271952
v -0.80658454 -0.03725107 -0.10061959
v -0.81248456 -0.04345106 -0.10531959
v -0.80778456 -0.04195105 -0.10431959
v -0.80358452 -0.03835104 -0.10231959
v -0.79888719 -0.03284502 -0.10051941
v -0.80228543 -0.03194867 -0.09891950
v -0.81018454 -0.04325105 -0.10591959
v -0.81898457 -0.04145105 -0.10971959
v -0.81583607 -0.04330904 -0.10981468
v -0.82002914 -0.03869588 -0.10951356
v -0.80860549 -0.03289745 -0.11202123
v -0.81209636 -0.03692142 -0.11312043
v -0.80591297 -0.03418639 -0.11292195
v -0.80989945 -0.03821697 -0.11372071
v -0.81725651 -0.03801373 -0.11221049
v -0.81586117 -0.03941686 -0.11301093
v -0.79608822 -0.02924218 -0.09891926
v -0.79359829 -0.02982524 -0.10262014
v -0.79650182 -0.03342003 -0.10392078
v -0.80158812 -0.03894477 -0.10591991
v -0.79631901 -0.03289003 -0.10812259
v -0.79932827 -0.03176434 -0.11102374
v -0.80351573 -0.03608843 -0.11222227
v -0.80150682 -0.03781064 -0.10992156
v -0.80595201 -0.04099555 -0.11101456
v -0.80774552 -0.03959901 -0.11291441
v -0.80608463 -0.04225106 -0.10751959
v -0.81068492 -0.04225035 -0.11221962
v -0.81328535 -0.04114931 -0.11311965
v -0.80878478 -0.04265064 -0.11091961
v -0.80958456 -0.04345106 -0.10841959
v -0.81238455 -0.04385106 -0.10911959
v -0.76301402 0.00056233 -0.09453915
v -0.75688863 -0.00064700 -0.11861943
v -0.75979424 -0.00053872 -0.11611971
v -0.76238549 -0.00384970 -0.11911951
v -0.75928694 -0.00384840 -0.12171944
v -0.76659763 0.00358992 -0.11512008
v -0.76799262 0.00711481 -0.11762048
v -0.77038854 0.00296102 -0.12102094
v -0.76918602 -0.00014807 -0.11851985
v -0.76598805 0.00941227 -0.12222277
v -0.76817626 0.00455431 -0.12523481
v -0.75757313 0.01407267 -0.10520145
v -0.75794190 0.01911160 -0.10694595
v -0.76477969 0.01128741 -0.11381520
v -0.76342881 0.00732680 -0.11141843
v -0.74721885 0.00934540 -0.11292847
v -0.74604064 0.01191752 -0.11597734
v -0.74262345 0.01417871 -0.11266030
v -0.74414861 0.01006188 -0.10911810
v -0.76338875 0.00075480 -0.11472010
v -0.76598567 -0.00254952 -0.11811966
v -0.75507760 0.00031510 -0.12172051
v -0.75469184 0.00241260 -0.12472589
v -0.75157791 0.00602238 -0.12152586
v -0.75190169 0.00341777 -0.11862469
v -0.75333047 0.00932715 -0.10646376
v -0.74941635 0.00826267 -0.10983329
v -0.74686354 0.00860829 -0.10555235
v -0.75105715 0.00872768 -0.10195193
v -0.75545311 0.01081866 -0.10517226
v -0.75032866 0.01950603 -0.11669602
v -0.74723160 0.01573431 -0.11724102
v -0.75337988 0.00923455 -0.12302695
v -0.75778812 0.01256003 -0.12232554
v -0.76057762 0.00439309 -0.11142363
v -0.75380510 0.00216118 -0.11552242
v -0.75727707 0.00287054 -0.11263472
v -0.76097584 0.00787305 -0.12573357
v -0.76267534 0.01378559 -0.11832195
v -0.75721276 -0.00074276 -0.12822637
v -0.76096743 -0.00558536 -0.13262369
v -0.76322985 -0.00345228 -0.13392869
v -0.75951278 0.00216413 -0.12972762
v -0.75683218 0.00569184 -0.12642774
v -0.76390225 0.00447377 -0.12892640
v -0.76608503 -0.00865047 -0.12321959
v -0.76268971 -0.00844733 -0.12562035
v -0.76938474 -0.00735069 -0.12231957
v -0.75577068 0.02229146 -0.11184660
v -0.77364117 -0.00283355 -0.12511657
v -0.77228481 -0.00555047 -0.12291958
v -0.76100057 -0.00734186 -0.12932247
v -0.75748938 -0.00274607 -0.12491927
v -0.76714605 -0.00161237 -0.13293205
v -0.77162528 -0.00085337 -0.12900850
v -0.76985592 -0.00579262 -0.13603149
v -0.77444738 -0.00481037 -0.13190962
v -0.77594066 -0.00673424 -0.12781642
v -0.77448481 -0.00885026 -0.12541954
v -0.77148503 -0.01035018 -0.12481955
v -0.76607364 -0.00756902 -0.13682687
v -0.76398897 -0.00904757 -0.13512275
v -0.76389140 -0.01014237 -0.13171922
v -0.76912582 -0.01106403 -0.13892853
v -0.77373129 -0.00984005 -0.13843247
v -0.78128505 -0.01434956 -0.13371950
v -0.78348452 -0.01705106 -0.13511959
v -0.78298455 -0.01825105 -0.13361958
v -0.78098494 -0.01495010 -0.13171954
v -0.77960795 -0.01150058 -0.13302255
v -0.77860665 -0.01050364 -0.13072267
v -0.77818692 -0.01053356 -0.13533129
v -0.78069949 -0.01301344 -0.13692692
v -0.78024358 -0.01642713 -0.14162514
v -0.78341323 -0.01549062 -0.13862245
v -0.77780974 -0.01348601 -0.14012969
v -0.77653408 -0.01113616 -0.13823308
v -0.78478456 -0.02045105 -0.13621959
v -0.78538454 -0.01865105 -0.13671958
v -0.77644724 -0.00831100 -0.13413279
v -0.77678454 -0.01175104 -0.12791958
v -0.77958453 -0.01605105 -0.13021956
v -0.78188455 -0.01995106 -0.13291958
v -0.78298455 -0.02225105 -0.13611957
v -0.77948457 -0.02055104 -0.13271958
v -0.77688456 -0.01675107 -0.12981960
v -0.78048456 -0.02245106 -0.13571960
v -0.77678454 -0.02065106 -0.13321960
v -0.77368456 -0.01715103 -0.13041958
v -0.77028447 -0.01325105 -0.12771958
v -0.77378452 -0.01265104 -0.12711959
v -0.77848452 -0.02215107 -0.13531959
v -0.78428453 -0.02085106 -0.14031959
v -0.78198457 -0.02245106 -0.13951960
v -0.78538448 -0.01805117 -0.14021960
v -0.77542186 -0.01406419 -0.14122850
v -0.77827752 -0.01756079 -0.14282374
v -0.77249110 -0.01493711 -0.14092603
v -0.77608067 -0.01885866 -0.14231974
v -0.78254324 -0.01813195 -0.14232121
v -0.78138453 -0.01985105 -0.14261958
v -0.76818454 -0.01125105 -0.12571959
v -0.76528454 -0.01115106 -0.12811959
v -0.76728457 -0.01335105 -0.12991959
v -0.77088457 -0.01735098 -0.13241959
v -0.76607358 -0.01287268 -0.13361998
v -0.76656073 -0.01219176 -0.13702786
v -0.77054906 -0.01602739 -0.13912065
v -0.76978570 -0.01704948 -0.13611951
v -0.77388453 -0.02055104 -0.13781959
v -0.77458453 -0.01995106 -0.14041960
v -0.77468508 -0.02085034 -0.13501959
v -0.77798456 -0.02205105 -0.14001960
v -0.77958453 -0.02145104 -0.14171958
v -0.77678454 -0.02205105 -0.13841960
v -0.77768457 -0.02235104 -0.13691959
v -0.77978456 -0.02285106 -0.13831958
v -0.74375796 0.01693561 -0.11438687
v -0.74535590 0.02053235 -0.00982320
v -0.74625891 0.02397982 -0.00571962
v -0.73158473 0.01334864 -0.00871959
v -0.73718655 0.01434395 -0.01161964
v -0.72838569 0.01494581 -0.00371975
v -0.73278451 0.02154882 0.00238041
v -0.72938591 0.01814333 0.00008019
v -0.74239326 0.01700413 -0.01192134
v -0.74443841 0.02645429 -0.00081843
v -0.73838383 0.02514423 0.00248034
v -0.74859071 0.01927944 0.00455612
v -0.74318510 0.01794418 0.00808027
v -0.73688519 0.01434713 0.00838033
v -0.73298717 0.01154403 0.00518013
v -0.73148519 0.00954787 0.00048032
v -0.75069171 0.01827917 -0.00114397
v -0.74947047 0.01611605 -0.00562214
v -0.74528545 0.01294377 -0.00792038
v -0.75508654 0.01227481 0.00355555
v -0.75492680 0.01023467 0.01107057
v -0.74788457 0.00264893 0.01938041
v -0.75038457 0.00004895 0.02228041
v -0.74768454 -0.00265105 0.02028041
v -0.74428457 0.00074895 0.01748041
v -0.74718451 0.00484894 0.01698041
v -0.74278456 0.00564896 0.01458041
v -0.75337470 0.00543038 0.01967914
v -0.75158453 0.00704887 0.01658041
v -0.75558060 0.00794125 0.01527644
v -0.75832844 0.00673809 0.01697712
v -0.75568455 0.00314896 0.02328041
v -0.75778455 -0.00025107 0.02488041
v -0.75328451 -0.00185107 0.02438042
v -0.75248456 -0.00465105 0.02228041
v -0.74896741 0.00942725 0.01366547
v -0.73708457 0.00454894 0.00988041
v -0.74138457 -0.00105105 0.01388041
v -0.74638456 -0.00505106 0.01678041
v -0.75218457 -0.00645106 0.01838041
v -0.74708456 -0.00605105 0.01188041
v -0.74088478 -0.00275116 0.00868041
v -0.75228453 -0.00655104 0.01388041
v -0.74928457 -0.00525106 0.00818041
v -0.74358463 -0.00245110 0.00368040
v -0.73700899 0.00400110 -0.00182775
v -0.73478937 0.00353943 0.00407885
v -0.75248456 -0.00585105 0.01088041
v -0.75878453 -0.00395106 0.02258042
v -0.75808454 -0.00535105 0.01808041
v -0.75977004 0.00662035 0.01277597
v -0.76247782 0.00333547 0.01578015
v -0.76058447 0.00434878 0.01988041
v -0.75951672 0.00651403 0.00787391
v -0.76218235 0.00184450 0.01178033
v -0.76138455 0.00174893 0.02248041
v -0.76268452 -0.00025107 0.01948041
v -0.73398477 0.00904861 -0.00471961
v -0.73938453 0.01044886 -0.00771960
v -0.74269980 0.00621434 -0.00482578
v -0.74848711 0.00014571 0.00077961
v -0.74900097 0.00869768 -0.00482934
v -0.75360513 0.01120703 -0.00163945
v -0.75785077 0.00498216 0.00377529
v -0.75408506 0.00274819 0.00088020
v -0.75688452 -0.00125106 0.00638041
v -0.75998455 0.00024895 0.00838041
v -0.75298452 -0.00335105 0.00648041
v -0.75958455 -0.00305106 0.01178041
v -0.76188457 -0.00215106 0.01538041
v -0.75758457 -0.00315104 0.00968041
v -0.75528455 -0.00475104 0.01038041
v -0.75668454 -0.00535105 0.01378042
v -0.73998863 0.00681341 -0.10741811
v -0.74290091 0.00554810 -0.10217333
v -0.73602968 0.00449706 -0.10052515
v -0.72728854 0.00364894 -0.09875583
v -0.71817452 0.00551265 -0.10235225
v -0.72913915 0.00430308 -0.09251540
v -0.73796749 0.00488220 -0.09439833
v -0.74746424 0.00656442 -0.09621324
v -0.72350031 0.00568052 -0.08572681
v -0.01489250 0.07090791 0.04018310
v -0.01543684 0.05493398 0.04861508
v -0.27306831 0.04056937 -0.01160574
v -0.27171579 0.05604089 -0.00995304
v -0.27157724 0.08999414 -0.04499354
v -0.26784864 0.09103925 -0.06439961
v -0.04961929 -0.22307728 0.08124301
v -0.09585745 -0.17247522 -0.07339933
v -0.09938890 -0.15106961 -0.07934936
v -0.03332740 -0.15300880 -0.09929924
v -0.05107059 -0.15720992 -0.09797587
v -0.12029850 -0.19369857 0.01583849
v -0.12183984 -0.17418282 0.01411846
v -0.08239461 -0.20288733 0.05772949
v -0.08429471 -0.18291011 0.05690548
v -0.11110843 -0.21636902 0.03568951
v -0.06961689 -0.20702393 -0.08216232
v -0.08493505 -0.20983429 -0.07545246
v -0.08195655 -0.18852472 -0.07842337
v -0.06744250 -0.18481019 -0.08697403
v -0.01594249 -0.14968123 -0.09593280
v -0.01581736 -0.17417091 -0.09172455
v -0.13067895 -0.15081756 -0.00621152
v -0.13114627 -0.14771448 -0.02776107
v -0.11653259 -0.13885933 -0.06683471
v -0.10426379 -0.13196442 -0.08186722
v -0.08957487 -0.12362940 -0.09246317
v -0.07285950 -0.11534651 -0.10007074
v -0.07139894 -0.16328457 0.06766362
v -0.05574222 -0.14345972 0.07471173
v -0.12352344 -0.15368403 0.01390633
v -0.01759951 -0.16313401 0.08529645
v -0.05887168 -0.08588448 -0.10907961
v -0.03750165 -0.08152465 -0.11185369
v -0.12598754 -0.14398801 -0.04820917
v -0.02909380 0.01352296 0.07135899
v -0.04521921 0.01645056 0.06993011
v -0.04424837 -0.00021223 0.07883012
v -0.02824017 -0.00391951 0.07954311
v -0.05962263 0.00149364 0.07730576
v -0.07459319 0.00218146 0.07467487
v -0.08847251 0.00205979 0.07098661
v -0.12066433 -0.00234436 0.05645957
v -0.11197047 -0.00017363 0.06188203
v -0.13563325 -0.01123922 0.04358473
v -0.12941492 -0.00568340 0.05060086
v -0.13914172 -0.02108415 0.03445742
v -0.14013743 -0.03284652 0.02366863
v -0.14567944 -0.03091140 0.00494500
v -0.14175358 -0.04409951 0.01160453
v -0.13453229 -0.04696885 0.03090996
v -0.13438249 -0.03448563 0.04118617
v -0.13116644 -0.02516296 0.05030826
v -0.01494599 -0.07780221 0.08792472
v -0.01294312 -0.05160180 0.08910052
v -0.01385164 0.08630440 0.03294356
v -0.48183551 0.01511001 -0.09247762
v -0.60774416 0.03909189 -0.03771946
v -0.01610936 0.10001744 -0.10499375
v -0.03300741 0.10526126 -0.10795071
v -0.09030966 0.12161931 -0.10030247
v -0.10610082 0.13291271 -0.08446576
v -0.07027511 0.11159435 -0.11088238
v -0.05085270 0.10234747 -0.11422668
v -0.11301108 -0.13696516 0.03279083
v -0.03421340 0.06839756 -0.11743304
v -0.05195828 0.09101936 -0.11842489
v -0.07334251 0.09926268 -0.11577170
v -0.09562564 0.11063987 -0.10608295
v -0.11885085 0.12511402 -0.08953416
v -0.13412853 0.12537861 -0.08247430
v -0.15060669 0.10416659 -0.08443950
v -0.16395819 0.10472286 -0.07555469
v -0.16730537 0.11839853 -0.06269328
v -0.16126731 0.12014330 -0.06748075
v -0.15733990 0.10396652 -0.07971872
v -0.23408036 0.09676121 -0.06831478
v -0.25856176 0.08062288 -0.08232801
v -0.24971943 0.09063538 -0.07428102
v -0.26282382 0.06717697 -0.08783622
v -0.26407117 0.05828903 -0.08965871
v -0.25932759 0.04830648 -0.09029050
v -0.24763420 0.04111793 -0.08972103
v -0.20772457 0.02535047 -0.08010773
v -0.19201767 0.01875175 -0.07635014
v -0.16346866 -0.01663312 -0.07969543
v -0.15610632 -0.02479919 -0.08155973
v -0.13492887 -0.04994405 -0.08785253
v -0.12377135 -0.06331185 -0.08981201
v -0.11390474 -0.07672692 -0.09301555
v -0.10683643 -0.30814379 -0.08294099
v -0.10063674 -0.29053739 -0.07867944
v -0.08329616 -0.29232436 -0.08676234
v -0.08956897 -0.31044722 -0.09251972
v -0.04066676 -0.25291988 -0.08564842
v -0.02055772 -0.25306615 -0.08503501
v -0.14035854 -0.28862604 -0.02860449
v -0.14437689 -0.29066786 -0.00589102
v -0.11679949 -0.28874409 -0.06590732
v -0.13066927 -0.28818485 -0.04890387
v -0.14218444 -0.29452610 0.01625291
v -0.08772789 -0.32067648 0.07669833
v -0.06933343 -0.32554433 0.08553705
v -0.03394756 -0.33196110 0.09772205
v -0.01695364 -0.33392736 0.10077807
v -0.13495278 -0.30059126 0.03659093
v -0.05130330 -0.32925910 0.09287975
v -0.12262510 -0.30796325 0.05288857
v -0.10573242 -0.31473202 0.06618187
v -0.05851550 -0.25285804 -0.08447161
v -0.06173074 -0.27434313 -0.08642513
v -0.07909866 -0.27374619 -0.08307933
v -0.05424512 -0.01967718 -0.12640798
v -0.03495282 -0.02227105 -0.12443308
v -0.07361707 -0.01645691 -0.12761240
v -0.08907079 0.00542981 -0.12956950
v -0.09114506 -0.01076653 -0.12603787
v -0.10892209 -0.00397072 -0.12184365
v -0.10554598 0.01165099 -0.12484441
v -0.13464688 0.02294254 -0.11026196
v -0.13672891 0.00957490 -0.10877320
v -0.14734156 0.01512228 -0.10287748
v -0.14591178 0.02735870 -0.10482726
v -0.16568357 0.02658550 -0.09371976
v -0.15687415 0.02022103 -0.09833495
v -0.17425349 0.03396663 -0.08820377
v -0.18597642 0.04010986 -0.08811328
v -0.18199186 0.06076097 -0.09285662
v -0.17184819 0.05512390 -0.09384787
v -0.13452029 0.03755994 -0.11057574
v -0.12041085 0.03371980 -0.11766132
v -0.03473297 0.00587507 -0.12338925
v -0.01674829 0.00147735 -0.11842775
v -0.14549650 -0.05064798 -0.00303929
v -0.14969146 -0.05560238 -0.01866908
v -0.15241972 -0.05781527 -0.03413016
v -0.15108126 -0.05795575 -0.04841437
v -0.15099511 -0.05346357 -0.06185801
v -0.14765678 -0.04853431 -0.07432551
v -0.14971027 -0.03310412 -0.08356321
v -0.14302541 -0.04147450 -0.08561792
v -0.14634107 -0.02466387 -0.09232619
v -0.13812876 -0.03271132 -0.09561360
v -0.12815352 -0.01038104 -0.11066137
v -0.13306893 -0.02219235 -0.10372291
v -0.12358083 0.00291526 -0.11585195
v -0.12100998 0.01775373 -0.11816922
v -0.10461526 0.02877923 -0.12516913
v -0.08779304 0.02288528 -0.13042939
v -0.07067090 0.05239957 -0.12843117
v -0.06895675 0.03528352 -0.13096465
v -0.07045872 0.01669644 -0.13196979
v -0.07168107 -0.00001362 -0.13080184
v -0.07119767 0.14080527 -0.08139662
v -0.05478385 0.13469402 -0.09119578
v -0.24005164 0.04631075 -0.09054802
v -0.24606563 0.05211959 -0.09080843
v -0.23576890 0.05331855 -0.09121817
v -0.23437941 0.04903932 -0.09104203
v -0.24822390 0.05931610 -0.09044533
v -0.24733378 0.06891024 -0.08927705
v -0.23470560 0.06847980 -0.09014882
v -0.23598756 0.05937671 -0.09107964
v -0.24381937 0.07989253 -0.08510486
v -0.23154210 0.07843325 -0.08691620
v -0.23700495 0.08847158 -0.07952020
v -0.22685570 0.09373766 -0.07512151
v -0.22246312 0.09073002 -0.07855940
v -0.22696266 0.08616087 -0.08246854
v -0.18975335 0.08680655 -0.08330572
v -0.20130727 0.08895735 -0.08079936
v -0.21325353 0.09007239 -0.07886326
v -0.19924539 0.04659336 -0.09028441
v -0.21207884 0.05322256 -0.09163335
v -0.22445753 0.05810579 -0.09169760
v -0.22246541 0.06676792 -0.09087756
v -0.20970586 0.06156940 -0.09168810
v -0.19678643 0.05518129 -0.09173467
v -0.05231090 -0.00410229 -0.12907334
v -0.03485967 -0.00934406 -0.12478963
v -0.16379298 0.03659323 -0.09546077
v -0.15567321 0.03218860 -0.10023449
v -0.17256844 0.04223768 -0.09158228
v -0.18389106 0.04922295 -0.09118505
v -0.16348653 0.04950368 -0.09696864
v -0.15519956 0.04492854 -0.10071288
v -0.14561746 0.04100436 -0.10499030
v -0.05307351 0.01130693 -0.12900658
v -0.01683954 -0.01273368 -0.12114922
v -0.16207677 0.08333878 0.00892908
v -0.16573814 0.10733750 -0.00061183
v -0.17033294 0.12335151 -0.01917969
v -0.17067423 0.12658365 -0.04268487
v -0.40263131 -0.01129834 -0.05990699
v -0.01650601 -0.19938225 -0.08698435
v -0.01838444 -0.22540614 -0.08404513
v -0.03677074 -0.22713600 -0.08542944
v -0.01731703 -0.08076824 -0.11016041
v -0.01664990 -0.02448196 -0.12252060
v -0.09530604 -0.03038660 0.08295754
v -0.08513436 -0.02971025 0.08724076
v -0.08639330 -0.01370885 0.07985449
v -0.09752090 -0.01438550 0.07558838
v -0.11383132 -0.03220622 0.07139262
v -0.10564107 -0.03133244 0.07756779
v -0.10852743 -0.01571970 0.07041236
v -0.11759291 -0.01737410 0.06449015
v -0.12098654 -0.03457486 0.06455833
v -0.12513068 -0.02015117 0.05792049
v -0.10270254 -0.04822144 0.08258456
v -0.09361894 -0.04754610 0.08815609
v -0.08375385 -0.04665709 0.09219470
v -0.11627295 -0.04943226 0.06946358
v -0.11008787 -0.04844753 0.07610945
v -0.00874928 0.15578794 0.02660316
v -0.01262498 0.10770455 0.01917397
v -0.01192611 0.11756212 0.01589791
v -0.01262786 -0.02857550 0.08568309
v -0.01394210 0.00897776 0.07230438
v -0.01504419 0.02171617 0.06321995
v -0.01568059 0.03758980 0.05598366
v -0.01319656 0.09786928 0.02598226
v -0.01273546 -0.00897082 0.07966230
v -0.15755887 -0.47726077 -0.06737933
v -0.14088254 -0.49415737 -0.08558306
v -0.14531733 -0.46830273 -0.08281552
v -0.13282453 -0.48112303 -0.09553214
v -0.15036291 -0.39786047 -0.05933996
v -0.15083854 -0.42452520 -0.06512713
v -0.14999859 -0.37022001 -0.05590617
v -0.11372621 -0.48892862 -0.10755102
v -0.08923763 -0.49119180 -0.11595736
v -0.08669776 -0.47270051 -0.12280431
v -0.13656068 -0.37395293 -0.07822339
v -0.13739580 -0.40083274 -0.08096853
v -0.15038173 -0.44877973 -0.07293001
v -0.13846642 -0.44861445 -0.08917761
v -0.13769349 -0.46329123 -0.09141584
v -0.11009447 -0.47210661 -0.11347160
v -0.12743413 -0.46855089 -0.10147642
v -0.03038406 -0.33301139 -0.11191370
v -0.05647909 -0.33339280 -0.10998695
v -0.05165465 -0.31356457 -0.10136504
v -0.11354438 -0.32720807 -0.08827302
v -0.12296811 -0.30539769 -0.06914425
v -0.12517141 -0.45123065 -0.10371747
v -0.10758818 -0.45189050 -0.11698045
v -0.08467863 -0.45104054 -0.12772727
v -0.08337284 -0.37665495 -0.12203874
v -0.08344931 -0.40110213 -0.12691860
v -0.10477459 -0.40237221 -0.11591192
v -0.10397223 -0.37687343 -0.11136749
v -0.11837992 -0.35017744 -0.09315713
v -0.12124314 -0.37593961 -0.09670186
v -0.08144134 -0.35338819 -0.11448904
v -0.10113384 -0.35204980 -0.10566211
v -0.09610290 -0.32979071 -0.09912534
v -0.12251823 -0.40294155 -0.10021083
v -0.05673814 -0.42483959 -0.13563919
v -0.08348514 -0.42669702 -0.12943649
v -0.02853810 -0.42341700 -0.13333416
v -0.07724487 -0.33174160 -0.10625254
v -0.07137011 -0.31195357 -0.09800604
v -0.06613486 -0.29291901 -0.09037293
v -0.05514508 -0.22882345 -0.08322095
v -0.11521617 -0.71277010 0.05695461
v -0.00667333 -0.52282125 0.00313343
v -0.00517134 -0.51520878 -0.01938837
v -0.16947258 -0.43701905 0.04038274
v -0.17510782 -0.45819291 -0.02649384
v -0.16307305 -0.45245877 -0.05229393
v -0.03423610 -0.52192473 0.05673223
v -0.01926648 -0.52721262 0.03796038
v -0.15279703 -0.44488055 0.06367905
v -0.10580745 -0.49317089 0.08618849
v -0.01055219 -0.52721381 0.02092196
v -0.13818286 -0.42628285 -0.08512380
v -0.12378070 -0.42882073 -0.10263044
v -0.10589539 -0.42843485 -0.11812250
v -0.05687263 -0.44891447 -0.13311653
v -0.02790454 -0.44503686 -0.13059613
v -0.01904392 -0.46603364 0.08147527
v -0.01475481 -0.45601645 0.08536869
v -0.00759060 -0.45830697 0.08515285
v -0.00825575 -0.47260976 0.07856584
v -0.08797148 -0.34072906 0.07684696
v -0.06852270 -0.34601501 0.08496128
v -0.03194638 -0.35294977 0.09554879
v -0.01554590 -0.35478625 0.09820665
v -0.13868974 -0.31915042 0.03807743
v -0.04944293 -0.35005721 0.09125903
v -0.12552911 -0.32696810 0.05475770
v -0.10738365 -0.33428469 0.06714913
v -0.07372937 -1.17273593 -0.06301064
v -0.07386979 -1.20313656 -0.05887176
v -0.07496180 -1.20042765 -0.07355314
v -0.07181758 -1.17001426 -0.07718961
v -0.08647133 -1.16547036 -0.10334553
v -0.07625879 -1.16712570 -0.09581856
v -0.10025322 -1.16531551 -0.10529458
v -0.09777566 -1.19604969 -0.10480661
v -0.10801540 -1.19692731 -0.09784619
v -0.11282789 -1.16685510 -0.10065232
v -0.12096628 -1.16796839 -0.09214999
v -0.12469124 -1.19958627 -0.06233432
v -0.13075426 -1.17033422 -0.06291288
v -0.12696178 -1.16878605 -0.08109047
v -0.12295050 -1.19899178 -0.07973550
v -0.12528524 -1.17512596 -0.04391290
v -0.11989607 -1.20349789 -0.04332770
v -0.11102643 -1.17867506 -0.03337834
v -0.07869342 -1.17639279 -0.04817724
v -0.07682313 -1.20578992 -0.04260579
v -0.08528990 -1.19593930 -0.10354034
v -0.07695864 -1.19799113 -0.09387786
v -0.07178634 -1.16871774 -0.08669489
v -0.07611960 -1.19895470 -0.08375815
v -0.07210562 -1.23128438 -0.06892718
v -0.06438828 -1.23230505 -0.05337225
v -0.08363396 -1.22640419 -0.10435020
v -0.07967842 -1.22807395 -0.09128987
v -0.10322089 -1.22675443 -0.09468319
v -0.09520987 -1.22568452 -0.10654614
v -0.12387224 -1.22817600 -0.07868294
v -0.11657633 -1.19789624 -0.08936305
v -0.11427329 -1.22737873 -0.08695289
v -0.12413700 -1.22819114 -0.06190422
v -0.11832500 -1.23053253 -0.03908556
v -0.07133849 -1.23245668 -0.03520400
v -0.07680130 -1.22949255 -0.08034999
v -0.12387908 -1.31684971 0.12248719
v -0.12839903 -1.31674910 0.12148669
v -0.12996693 -1.32114875 0.12218462
v -0.12312856 -1.32231081 0.12363849
v -0.08015899 -1.31359339 0.13470966
v -0.08893146 -1.31182075 0.13669147
v -0.09103950 -1.32091653 0.13470171
v -0.07917798 -1.32329321 0.13252416
v -0.11474445 -1.32599759 0.12915383
v -0.10985291 -1.32589149 0.12956153
v -0.10880084 -1.32205248 0.13335128
v -0.11683483 -1.32172549 0.13249527
v -0.15450171 -1.32233214 0.08701260
v -0.15002474 -1.32273567 0.08852313
v -0.15010093 -1.31813431 0.09101423
v -0.15510100 -1.31872487 0.08830430
v -0.14139426 -1.32489133 0.10514918
v -0.13768946 -1.32553673 0.10666039
v -0.13708647 -1.32108259 0.10963495
v -0.14345318 -1.32189429 0.10713273
v -0.09145066 -1.30831861 0.11237372
v -0.09105308 -1.30889237 0.12691613
v -0.07862595 -1.31134510 0.12476469
v -0.07705248 -1.30714762 0.10992090
v -0.07191785 -1.32060003 0.12095990
v -0.07948137 -1.32600272 0.11844052
v -0.07828548 -1.32656050 0.10398483
v -0.07077855 -1.31828821 0.10501119
v -0.09183688 -1.32620418 0.12044217
v -0.09177242 -1.32592416 0.10721241
v -0.09845617 -1.31750298 0.11143842
v -0.10001344 -1.31735218 0.12591082
v -0.11784153 -1.31740808 0.11184363
v -0.12121911 -1.31935406 0.12399615
v -0.11499501 -1.31351674 0.12539646
v -0.11265111 -1.30998492 0.11271664
v -0.10696238 -1.31407893 0.12663174
v -0.10205043 -1.31070220 0.11446017
v -0.09886293 -1.31999707 0.11364334
v -0.10122172 -1.32089412 0.12686847
v -0.10671948 -1.32620955 0.12296911
v -0.10368947 -1.32538378 0.10999846
v -0.11284570 -1.32425702 0.10935564
v -0.11580231 -1.32601130 0.12175477
v -0.12188502 -1.31532037 0.11659888
v -0.11932549 -1.31110942 0.10718513
v -0.12954561 -1.30979812 0.10477305
v -0.12941398 -1.31461895 0.11559407
v -0.12163243 -1.32508612 0.10466366
v -0.11632773 -1.32059646 0.10745597
v -0.11777771 -1.32244229 0.11691829
v -0.12313606 -1.32647836 0.11505888
v -0.13044973 -1.32628393 0.11415108
v -0.13073546 -1.32387197 0.10325243
v -0.13452511 -1.31648445 0.10466212
v -0.13447885 -1.32012177 0.11519970
v -0.14386493 -1.31475186 0.10137747
v -0.14521237 -1.30978656 0.09139096
v -0.14903304 -1.31649756 0.09040754
v -0.14675263 -1.32066739 0.10009463
v -0.13731605 -1.31069958 0.09511229
v -0.13803467 -1.31413543 0.10328528
v -0.13713112 -1.32390559 0.09353989
v -0.13418196 -1.31655264 0.09708138
v -0.13336810 -1.31870961 0.10385988
v -0.13611622 -1.32580400 0.10154547
v -0.14339735 -1.32590616 0.09963274
v -0.14515428 -1.32369101 0.08992659
v -0.15932725 -1.31740034 0.08148349
v -0.15752001 -1.31170642 0.08298167
v -0.15816376 -1.30920804 0.07423781
v -0.15946250 -1.31611192 0.07143945
v -0.15148540 -1.30901778 0.07917212
v -0.15102281 -1.31161964 0.08540093
v -0.14959790 -1.32213020 0.07751276
v -0.14939819 -1.31481647 0.08059910
v -0.14762549 -1.31652713 0.08561516
v -0.14872682 -1.32313120 0.08362227
v -0.15553056 -1.32321668 0.08141005
v -0.15579371 -1.32151616 0.07309052
v -0.07738039 -1.30395699 0.09534033
v -0.09510747 -1.30786884 0.09801451
v -0.08205563 -1.32559335 0.12771243
v -0.07161872 -1.31682837 0.09026091
v -0.08892935 -1.32540441 0.12872429
v -0.09595551 -1.32545877 0.09453776
v -0.07944335 -1.32528305 0.08925602
v -0.09754650 -1.31782532 0.10468598
v -0.11493317 -1.31644297 0.13208482
v -0.11533530 -1.31831431 0.10225701
v -0.11554777 -1.32502627 0.09278619
v -0.11004098 -1.31668568 0.13265111
v -0.11360395 -1.30773807 0.09584337
v -0.13138793 -1.30803370 0.08670302
v -0.12504576 -1.32589197 0.12085125
v -0.12903684 -1.32549429 0.12034737
v -0.13363591 -1.32441056 0.08575229
v -0.13452387 -1.31579971 0.09512479
v -0.14247191 -1.31757689 0.10681828
v -0.14939995 -1.31480694 0.08079134
v -0.14750201 -1.32332444 0.07431556
v -0.13905022 -1.31681752 0.10786489
v -0.14745080 -1.30643249 0.07494706
v -0.15419804 -1.31522274 0.08739798
v -0.15625606 -1.32244658 0.06255931
v -0.16096857 -1.31486917 0.05935742
v -0.15139565 -1.31443346 0.08920640
v -0.15827826 -1.30656052 0.06366725
v -0.08601949 -1.17956698 -0.03693262
v -0.08425435 -1.20757067 -0.03147350
v -0.09689463 -1.18105090 -0.03174295
v -0.10702622 -1.20645165 -0.03114851
v -0.09527814 -1.20840931 -0.02735320
v -0.08205502 -1.23358893 -0.02229275
v -0.10633784 -1.23327518 -0.02470918
v -0.09404258 -1.23368526 -0.01831540
v -0.12583341 -1.25057209 -0.08066434
v -0.12762651 -1.25136495 -0.06404793
v -0.11151833 -1.24987829 -0.08855347
v -0.09417271 -1.24858069 -0.11040181
v -0.10200348 -1.24899673 -0.09901457
v -0.08063328 -1.25265050 -0.01025720
v -0.07183810 -1.25455022 -0.02847437
v -0.09480712 -1.25111353 -0.00439929
v -0.10961119 -1.25160408 -0.01290528
v -0.07336882 -1.29866493 0.07860220
v -0.07361640 -1.29716289 0.05745178
v -0.08773164 -1.28693962 0.06033120
v -0.09160013 -1.29670799 0.07957538
v -0.10593276 -1.28769696 0.05632005
v -0.10948759 -1.29938364 0.07561426
v -0.12226649 -1.29140615 0.04833034
v -0.12634742 -1.30078530 0.06775611
v -0.13733801 -1.29496956 0.03900599
v -0.14250606 -1.30160022 0.05775996
v -0.15052357 -1.30051887 0.02969743
v -0.15607709 -1.30372620 0.04863320
v -0.15829484 -1.31022429 0.02490647
v -0.16245709 -1.31273460 0.04421274
v -0.06759019 -1.31529248 0.07317255
v -0.06927170 -1.31278050 0.05216499
v -0.07835419 -1.32693052 0.07058915
v -0.07927081 -1.32597005 0.04968298
v -0.09565441 -1.32717109 0.06941269
v -0.09549865 -1.32670677 0.04804090
v -0.15492877 -1.32213390 0.02716279
v -0.15690437 -1.32371080 0.04691612
v -0.11404467 -1.32601058 0.06523054
v -0.11317138 -1.32482338 0.04371502
v -0.13082890 -1.32658720 0.05907796
v -0.12943500 -1.32539296 0.03782501
v -0.14508636 -1.32629156 0.05242047
v -0.14345720 -1.32550633 0.03172512
v -0.08304644 -1.27899480 0.03725203
v -0.10144436 -1.27412081 0.03563817
v -0.11738035 -1.27871561 0.02640127
v -0.13151772 -1.28583622 0.01589834
v -0.14275998 -1.29618871 0.00649069
v -0.15230925 -1.30651116 0.00223228
v -0.12952299 -1.27335906 -0.01308623
v -0.13647762 -1.29311264 -0.02006299
v -0.14379561 -1.30554080 -0.02120771
v -0.13177998 -1.29085231 -0.04658233
v -0.13654548 -1.30428052 -0.04565737
v -0.12197106 -1.29043591 -0.08807191
v -0.12846778 -1.30530262 -0.08963031
v -0.13232881 -1.30325210 -0.06994004
v -0.12670727 -1.28975558 -0.06995498
v -0.12727848 -1.27221692 -0.04293276
v -0.12473194 -1.27105439 -0.06683700
v -0.11891092 -1.26996350 -0.08339354
v -0.12245321 -1.30628216 -0.10332393
v -0.11697648 -1.29076278 -0.10149299
v -0.10969653 -1.28986490 -0.11381203
v -0.11219884 -1.30629694 -0.11359526
v -0.09352414 -1.29108799 -0.12035557
v -0.09545074 -1.30805004 -0.11858577
v -0.07878014 -1.29382801 -0.11068498
v -0.07950125 -1.31002092 -0.10999095
v -0.10539141 -1.26888704 -0.10644865
v -0.11121670 -1.26998544 -0.09465603
v -0.09417868 -1.26885211 -0.11470791
v -0.08091684 -1.27113628 -0.10670616
v -0.07783240 -1.27236044 -0.08948282
v -0.07403725 -1.29459739 -0.09115164
v -0.07175104 -1.31067812 -0.09207939
v -0.07442807 -1.29500365 0.03276221
v -0.07390397 -1.30798805 0.02826865
v -0.11428098 -1.26419652 0.00580524
v -0.09722320 -1.26147068 0.01471161
v -0.07887165 -1.26939106 0.00758177
v -0.07149193 -1.29165673 0.00544441
v -0.07592996 -1.30597436 0.00147844
v -0.07568423 -1.30602729 -0.02285870
v -0.06948896 -1.29286969 -0.02079726
v -0.08211157 -1.31870699 0.02523042
v -0.08483647 -1.31298089 -0.00096830
v -0.08398369 -1.31265867 -0.02499116
v -0.07309196 -1.30740201 -0.04457517
v -0.06879520 -1.29409492 -0.04294275
v -0.07189333 -1.30831528 -0.06205480
v -0.07138722 -1.29374373 -0.06131576
v -0.07294704 -1.29389894 -0.07577061
v -0.07076263 -1.30955195 -0.07661788
v -0.07229165 -1.27400827 -0.06306892
v -0.07489496 -1.27287948 -0.07594892
v -0.06898442 -1.27520430 -0.04427613
v -0.06979583 -1.27370703 -0.02098958
v -0.15039527 -1.31846964 0.00371016
v -0.14383602 -1.31562018 -0.01998174
v -0.13586082 -1.31339657 -0.04372780
v -0.13055967 -1.31451344 -0.06742270
v -0.12509024 -1.31660247 -0.08640762
v -0.11880418 -1.31755090 -0.09819963
v -0.09651478 -1.31745517 -0.11037009
v -0.11004604 -1.31743920 -0.10738301
v -0.08452442 -1.31851661 -0.10486805
v -0.07905588 -1.32038379 -0.09031139
v -0.07749879 -1.32059586 -0.07691603
v -0.08041802 -1.31606066 -0.04654639
v -0.07786845 -1.31939220 -0.06323729
v -0.06397514 -1.25551569 -0.04910400
v -0.06897743 -1.25408340 -0.06598810
v -0.07515454 -1.25246906 -0.07776905
v -0.08266614 -1.24965477 -0.10456639
v -0.07995416 -1.25114083 -0.08902842
v -0.09586897 -1.32215619 0.02265676
v -0.11244036 -1.32155132 0.01840572
v -0.12778032 -1.32210469 0.01296848
v -0.14056218 -1.32212520 0.00790985
v -0.13597900 -1.31938899 -0.01678045
v -0.12467309 -1.31981742 -0.01300937
v -0.11026473 -1.31990290 -0.00852015
v -0.09588247 -1.31718409 -0.00390410
v -0.12932405 -1.31827545 -0.04030887
v -0.11963126 -1.31959677 -0.03672874
v -0.10607408 -1.32003856 -0.03331403
v -0.09392885 -1.31779003 -0.02819855
v -0.08969092 -1.32113445 -0.04995355
v -0.10033983 -1.32206893 -0.05538572
v -0.11332691 -1.32106888 -0.05840469
v -0.12233182 -1.31932163 -0.06298381
v -0.11654759 -1.32031167 -0.08067516
v -0.10766931 -1.32144904 -0.07540886
v -0.09622812 -1.32283199 -0.07188424
v -0.08717645 -1.32252145 -0.06678744
v -0.11172722 -1.32056677 -0.09090599
v -0.09763660 -1.32070529 -0.10219969
v -0.10591812 -1.32059348 -0.09853159
v -0.08972601 -1.32162023 -0.09925777
v -0.08690190 -1.32255638 -0.08907437
v -0.08637345 -1.32292664 -0.07836246
v -0.09468976 -1.32247710 -0.08138659
v -0.09376425 -1.32217038 -0.08918010
v -0.10427765 -1.32162607 -0.08504040
v -0.10126393 -1.32123077 -0.09222374
v -0.09368780 -1.32168984 -0.09529968
v -0.09777199 -1.32128775 -0.09666863
v -0.11877027 -1.25405300 -0.03488495
v -0.09755971 -0.89051229 0.00909301
v -0.08407307 -0.88665175 0.00353165
v -0.11287698 -0.88877249 0.01029029
v -0.12931971 -0.45396736 0.07834178
v -0.06555246 -0.22299418 0.07052395
v -0.06925080 -0.18377244 0.06788375
v -0.06665733 -0.20347384 0.06851096
v -0.13258030 -0.48587653 0.08051288
v -0.11252444 -0.15727139 0.03064698
v -0.10058608 0.00147093 0.06669060
v 0.12576909 -1.30480540 -0.09030250
v 0.12974612 -1.30259120 -0.07042902
v 0.12360661 -1.28912222 -0.07034680
v -0.00431949 0.28043106 0.08797885
v -0.06065952 0.25464851 0.02021437
v -0.05976966 0.24686295 0.01344878
v -0.05676732 0.23580463 0.02036832
v -0.05824786 0.24447338 0.02780854
v -0.05186642 0.22574958 0.02809601
v -0.05503681 0.23589697 0.03361056
v -0.04577275 0.21805741 0.03647548
v -0.05033793 0.22811672 0.04053288
v -0.04076805 0.21372561 0.04574761
v -0.04544654 0.22345491 0.04805811
v -0.02823974 0.21005684 0.06665530
v -0.02685942 0.20504068 0.06343217
v -0.02093110 0.20227626 0.07070282
v -0.02152337 0.20633945 0.07415587
v -0.01421992 0.20033588 0.07675889
v -0.01471840 0.20433305 0.07994871
v -0.00681808 0.19962260 0.08016913
v -0.00691708 0.20321915 0.08345739
v 0.00186133 0.19950786 0.08134065
v 0.00176499 0.20310032 0.08472844
v 0.00187365 0.21206523 0.08730245
v -0.00631224 0.21218084 0.08641789
v -0.00671511 0.20761926 0.08555102
v 0.00177145 0.20716991 0.08650551
v -0.01322089 0.21297698 0.08279613
v -0.01431651 0.20833133 0.08174177
v -0.01910681 0.21537860 0.07820862
v -0.02082101 0.21063641 0.07644761
v -0.02651022 0.21966960 0.07210187
v -0.02813353 0.21472979 0.06933061
v -0.03213166 0.22505787 0.06827535
v -0.03453269 0.22200656 0.06400729
v -0.00603443 0.19649920 0.07464291
v 0.00187069 0.19645897 0.07680751
v -0.01284140 0.19722715 0.07136313
v -0.01894997 0.19895004 0.06598307
v -0.02376318 0.20105477 0.05948145
v -0.03486076 0.21074475 0.05474477
v -0.02870138 0.20374630 0.05097449
v -0.03479683 0.20791230 0.04275007
v -0.04011334 0.21193215 0.03268917
v -0.04729798 0.21973018 0.02300795
v -0.05389825 0.23036329 0.01366582
v -0.05759054 0.24248947 0.00660468
v -0.06127850 0.25483045 0.00803301
v -0.01220300 0.21714920 0.08289380
v -0.00580785 0.21655084 0.08610266
v -0.01801067 0.21907195 0.07889870
v -0.02471392 0.22356462 0.07429069
v -0.02962217 0.22843865 0.07147467
v -0.03432817 0.24013212 0.07126961
v -0.03302944 0.23403913 0.07067081
v -0.03302835 0.25232032 0.07428567
v -0.03423285 0.24632317 0.07257453
v -0.04033827 0.25912410 0.06937145
v -0.04163650 0.25052708 0.06616998
v -0.03793926 0.24782640 0.06958601
v -0.03673642 0.25532427 0.07187315
v -0.04403651 0.26462248 0.06668100
v -0.04553890 0.25482443 0.06247096
v -0.00494313 0.19511676 0.06917190
v 0.00186258 0.19479555 0.07035764
v -0.01074804 0.19563057 0.06578247
v -0.01578295 0.19661047 0.06016035
v -0.01920520 0.19776958 0.05353581
v -0.02282416 0.19949900 0.04598982
v -0.02717002 0.20143151 0.03744461
v -0.03378785 0.20470379 0.02825183
v -0.04196470 0.21270654 0.01787180
v -0.05074925 0.22600354 0.00777506
v -0.05522631 0.23853527 0.00079180
v -0.01502884 0.19277245 0.03886652
v -0.01197472 0.19381303 0.04524735
v -0.00932631 0.19412559 0.05102275
v -0.00680676 0.19379005 0.05566739
v -0.00300299 0.19339685 0.05479145
v 0.00189207 0.19331548 0.05442816
v -0.00228205 0.19149081 0.04595158
v 0.00192353 0.19147655 0.04624477
v -0.00402411 0.18861750 0.04123336
v 0.00186229 0.18791619 0.04115959
v -0.00589302 0.18466443 0.03807307
v 0.00135453 0.18293047 0.03866298
v -0.03633165 0.23214720 0.06707648
v -0.03953339 0.23117557 0.06258023
v -0.04153186 0.24104524 0.06356329
v -0.04543771 0.24393770 0.05877190
v -0.04333488 0.23199607 0.05699730
v -0.03793841 0.23992380 0.06779394
v -0.04854389 0.23549202 0.05000522
v -0.04993863 0.24845029 0.05327119
v -0.04964428 0.26052448 0.05856888
v -0.05354439 0.25374082 0.04857304
v -0.05293826 0.24096891 0.04338647
v -0.05334655 0.26482633 0.05427431
v -0.05634515 0.26892874 0.05017814
v -0.05624415 0.25853658 0.04456977
v -0.05603917 0.24715978 0.03898082
v -0.03783914 0.21918093 0.05786474
v -0.05824339 0.25345317 0.03398902
v -0.05874499 0.27322739 0.04588796
v -0.05854448 0.26373756 0.03997855
v -0.06104767 0.27882394 0.04048674
v -0.06104724 0.26963294 0.03248568
v -0.06054367 0.26134625 0.02578984
v -0.06276485 0.26303113 0.01171242
v 0.00188904 0.21644907 0.08740641
v 0.12409084 -1.27132237 -0.04324538
v 0.12127560 -1.27086365 -0.06717171
v 0.11567266 -1.26965857 -0.08379845
v 0.11979542 -1.30572939 -0.10406001
v 0.11413579 -1.29038882 -0.10210823
v 0.10687112 -1.28946078 -0.11439747
v 0.10945673 -1.30585098 -0.11426700
v 0.09055718 -1.29087508 -0.12074929
v 0.09278906 -1.30778670 -0.11896176
v 0.07588085 -1.29366565 -0.11097637
v 0.07679924 -1.30993438 -0.11045050
v 0.10153312 -1.26826894 -0.10687674
v 0.10782084 -1.26936924 -0.09507460
v 0.09043378 -1.26838565 -0.11508001
v 0.07713809 -1.27053440 -0.10703606
v 0.07409243 -1.27177012 -0.08958009
v 0.07089609 -1.29417086 -0.09135167
v 0.06918943 -1.31045401 -0.09228459
v 0.07253425 -1.29390538 0.03253552
v 0.07211420 -1.30686522 0.02816490
v 0.11159822 -1.26361799 0.00549707
v 0.09481680 -1.26070166 0.01436020
v 0.07643136 -1.26881015 0.00733302
v 0.06927441 -1.29086423 0.00525765
v 0.07383734 -1.30524158 0.00129468
v 0.07323242 -1.30546927 -0.02301887
v 0.06694111 -1.29235995 -0.02095667
v 0.08018476 -1.31743264 0.02512040
v 0.08259471 -1.31208861 -0.00118090
v 0.08168619 -1.31204391 -0.02528258
v 0.07063381 -1.30701852 -0.04480165
v 0.06625242 -1.29365218 -0.04318418
v 0.06931784 -1.30809760 -0.06226320
v 0.06831686 -1.29312921 -0.06151322
v 0.06974990 -1.29327941 -0.07599533
v 0.06830055 -1.30927885 -0.07681761
v 0.06852998 -1.27323723 -0.06334733
v 0.07118728 -1.27216005 -0.07613456
v 0.06591256 -1.27397323 -0.04455390
v 0.06707193 -1.27270532 -0.02123947
v 0.14806882 -1.31765556 0.00298876
v 0.14150392 -1.31469238 -0.02061155
v 0.13346468 -1.31256294 -0.04432689
v 0.12821305 -1.31397331 -0.06810562
v 0.12264087 -1.31613219 -0.08703654
v 0.11637959 -1.31704819 -0.09889115
v 0.09387649 -1.31742013 -0.11090355
v 0.10755702 -1.31725252 -0.10800967
v 0.08203284 -1.31851077 -0.10521728
v 0.07661012 -1.32027888 -0.09072934
v 0.07500602 -1.32067811 -0.07729840
v 0.07802966 -1.31573367 -0.04678797
v 0.07547911 -1.31913078 -0.06355078
v 0.06001709 -1.25463319 -0.04917348
v 0.06557673 -1.25360513 -0.06631415
v 0.07109504 -1.25232863 -0.07774680
v 0.07885239 -1.24960208 -0.10464174
v 0.07605644 -1.25126421 -0.08899231
v 0.09376283 -1.32103288 0.02239838
v 0.11011742 -1.32057738 0.01787938
v 0.12543906 -1.32117426 0.01237076
v 0.13828358 -1.32125354 0.00724801
v 0.13373020 -1.31856811 -0.01735225
v 0.12246639 -1.31903219 -0.01351525
v 0.10804855 -1.31908655 -0.00894982
v 0.09366503 -1.31633830 -0.00426461
v 0.12700099 -1.31754565 -0.04095625
v 0.11735813 -1.31889594 -0.03731285
v 0.10382029 -1.31950486 -0.03381216
v 0.09166071 -1.31722069 -0.02863385
v 0.08739368 -1.32092738 -0.05032679
v 0.09811372 -1.32194483 -0.05581536
v 0.11094891 -1.32062042 -0.05893446
v 0.11997017 -1.31878340 -0.06358593
v 0.11417050 -1.31985354 -0.08124181
v 0.10533635 -1.32119727 -0.07600023
v 0.09382626 -1.32246661 -0.07231048
v 0.08482084 -1.32253122 -0.06722411
v 0.10933113 -1.32031834 -0.09142983
v 0.09514283 -1.32071447 -0.10272098
v 0.10353804 -1.32043862 -0.09900918
v 0.08730797 -1.32172608 -0.09972072
v 0.08447669 -1.32263827 -0.08951216
v 0.08393822 -1.32296646 -0.07879497
v 0.09228484 -1.32246101 -0.08187808
v 0.09128315 -1.32219458 -0.08966427
v 0.10187528 -1.32114828 -0.08562906
v -0.05783194 0.25336733 -0.01404369
v -0.01801417 0.25863203 0.08238391
v -0.01321485 0.26063162 0.08488391
v 0.09889036 -1.32110560 -0.09266900
v 0.09122133 -1.32174933 -0.09568545
v -0.00861411 0.26143155 0.08818348
v -0.00501552 0.26183149 0.09068450
v -0.00131485 0.26163125 0.09238452
v 0.09528065 -1.32119656 -0.09709092
v 0.11524404 -1.25341427 -0.03519723
v 0.09664138 -0.89063144 0.00992217
v 0.08328224 -0.88689572 0.00444471
v 0.00103793 0.16886432 0.03379719
v 0.00200337 0.33153617 0.08268260
v 0.00136159 0.17675816 0.03688837
v 0.00198384 0.22884120 0.07389476
v 0.00166080 0.41652468 -0.00122538
v 0.00188965 0.22104606 0.08730142
v 0.00198850 0.23343728 0.07629817
v 0.00187853 0.29073575 0.10227664
v 0.00198540 0.22573969 0.08672085
v 0.00188761 0.23653500 0.09149050
v 0.00189022 0.24223410 0.08939148
v 0.00188803 0.36892810 0.07177758
v 0.00188723 0.23983371 0.09099718
v 0.00208335 0.26393142 0.09278009
v 0.00187978 0.28672865 0.10567653
v 0.00199038 0.24373460 0.08799259
v 0.00184955 0.23618606 -0.07440539
v 0.00188407 0.23303413 0.09010222
v 0.00198285 0.24003433 0.08059502
v 0.00198653 0.24353392 0.08589787
v 0.00228068 0.24763079 0.07529540
v 0.00218459 0.26123089 0.09228371
v 0.00197384 0.30811021 0.08867014
v 0.00223942 0.27145109 -0.10372449
v 0.00187300 0.30510700 0.09107134
v 0.00179322 0.39403003 0.05226099
v 0.00189860 0.37933359 0.06556459
v 0.00188030 0.29473510 0.09907722
v 0.00227992 0.33240473 -0.12914762
v 0.00217420 0.35131836 -0.13195819
v 0.00187684 0.35141850 0.07803198
v 0.00187593 0.41222841 -0.06653270
v 0.00197943 0.28292862 0.10807774
v 0.00208114 0.26883066 0.09868250
v 0.00167510 0.41033319 0.02495633
v 0.00257615 0.29988563 -0.11754851
v 0.00198304 0.39942095 -0.09113901
v 0.00216567 0.24542432 0.09089743
v 0.00178004 0.41393286 0.01245817
v 0.00217859 0.24382955 0.08799695
v 0.00197884 0.27272907 0.10597860
v 0.00236461 0.28343111 -0.11174943
v 0.00227827 0.31299111 -0.12235033
v 0.00218056 0.25491652 0.09242080
v 0.00218541 0.25863096 0.09188396
v 0.00198414 0.40702850 -0.07932259
v 0.00200626 0.33813682 0.08168264
v 0.00218382 0.25262231 0.09341349
v 0.00199328 0.31703332 0.08368158
v 0.00205536 0.25001886 0.09370087
v 0.00066177 0.16139953 0.03059059
v 0.00207329 0.37661988 -0.11426131
v 0.00215935 0.24762100 0.09249940
v 0.00217641 0.24502939 0.08289938
v 0.00188444 0.29853088 0.09598383
v 0.00217972 0.24623042 0.07829633
v 0.00188614 0.35912985 0.07558161
v 0.00208237 0.26642957 0.09437843
v 0.00208185 0.26712921 0.09497829
v 0.00199302 0.31393307 0.08458108
v 0.00189504 0.38703242 0.05906489
v 0.00209482 0.31983405 0.08328204
v 0.00208135 0.26573306 0.09367982
v 0.00216461 0.36801803 -0.12319062
v 0.00177140 0.41691980 -0.04866553
v 0.00178087 0.41822135 -0.03505910
v 0.00197387 0.31091124 0.08637460
v 0.00187274 0.30210623 0.09337805
v 0.00193967 0.22844692 -0.07158677
v 0.00197853 0.27622995 0.10828061
v 0.00197850 0.27922979 0.10888009
v 0.00167251 0.40563214 0.03575170
v 0.00201032 0.26182422 -0.09682144
v 0.00177594 0.41822603 -0.01725698
v 0.00167864 0.40013072 0.04465292
v 0.00182080 0.24592866 -0.08188611
v 0.00209548 0.25451836 -0.09050911
v 0.00197886 0.27132994 0.10438064
v 0.00199460 0.32333559 0.08318678
v 0.00207958 0.26972994 0.10128078
v 0.00196769 0.39012045 -0.10228191
v 0.00208137 0.26793045 0.09648030
v 0.11216740 -0.88897121 0.01122697
v 0.12911922 -0.45362636 0.07747172
v 0.06581372 -0.22407092 0.07000072
v 0.07324413 -0.18456133 0.06738520
v 0.06883281 -0.20463310 0.06809519
v 0.13217837 -0.48557192 0.07958687
v 0.11708099 -0.15706025 0.02876821
v 0.10090692 0.00404945 0.06581221
v 0.00838389 0.28053305 0.08778260
v 0.06488162 0.25502384 0.02040694
v 0.06387492 0.24711934 0.01351014
v 0.06086326 0.23602809 0.02053050
v 0.06237717 0.24482894 0.02791204
v 0.05605051 0.22585139 0.02816809
v 0.05937289 0.23613691 0.03392687
v 0.04982490 0.21811081 0.03663510
v 0.05466820 0.22834866 0.04074386
v -0.00222045 0.27252620 0.10357191
v -0.00132016 0.27092612 0.10107172
v 0.04483509 0.21382368 0.04591392
v 0.04966038 0.22358131 0.04835801
v -0.01332471 0.30852994 0.06739429
v -0.00601768 0.26973167 0.09128526
v -0.00442119 0.29203868 0.09538080
v -0.01201184 0.30863142 0.06807908
v 0.03215447 0.21011999 0.06677471
v 0.03073501 0.20508060 0.06363195
v 0.02484963 0.20233952 0.07079281
v 0.02535920 0.20640445 0.07415754
v -0.00801842 0.26993066 0.08978168
v 0.01805754 0.20040374 0.07685778
v 0.01846066 0.20440359 0.07995238
v 0.01055885 0.19960713 0.08016716
v 0.01056110 0.20330419 0.08346076
v -0.00422686 0.29910961 0.09017486
v -0.00592773 0.30763030 0.07749836
v 0.01006986 0.21226019 0.08641946
v 0.01036358 0.20770323 0.08555415
v -0.00431517 0.29563341 0.09288818
v -0.01291868 0.27263045 0.09008095
v -0.01141848 0.26993036 0.08898108
v -0.00452049 0.27862900 0.10547862
v -0.00531791 0.28132716 0.10427438
v 0.01697111 0.21315423 0.08290955
v -0.00542044 0.27532613 0.10397169
v -0.00282082 0.27372602 0.10447148
v 0.01806393 0.20840389 0.08184506
v -0.01482504 0.30852976 0.06759467
v -0.02523311 0.31002697 0.06130172
v -0.00392092 0.27662680 0.10557340
v -0.00112106 0.27462706 0.10627383
v -0.01803276 0.30952832 0.06520380
v -0.01422778 0.30843022 0.06750108
v -0.00931886 0.27682838 0.09887664
v -0.00461382 0.30663401 0.08178828
v 0.02296995 0.21545620 0.07820950
v 0.02456303 0.21080413 0.07644986
v 0.03037157 0.21974827 0.07222918
v 0.03196244 0.21479560 0.06944312
v -0.01171904 0.27522981 0.09447985
v 0.03617577 0.22524223 0.06850393
v 0.03856609 0.22217803 0.06411846
v 0.00984774 0.19649652 0.07474094
v -0.01573069 0.30872932 0.06750356
v -0.01623172 0.30892894 0.06730364
v -0.00502258 0.28833935 0.09847932
v 0.01653380 0.19730893 0.07145342
v 0.02272690 0.19891223 0.06606488
v 0.02772261 0.20099863 0.05966203
v 0.03893502 0.21085975 0.05492875
v -0.02053235 0.30972776 0.06530195
v -0.00101926 0.26933196 0.09628511
v -0.00771904 0.27622694 0.10137369
v -0.00642014 0.27572611 0.10287166
v -0.00151856 0.26883247 0.09428712
v 0.03268762 0.20354958 0.05114874
v 0.03889694 0.20788372 0.04300807
v -0.00973734 0.30822796 0.07060321
v 0.04408075 0.21194749 0.03273241
v -0.00442484 0.30451417 0.08546788
v -0.00432697 0.30191100 0.08817037
v 0.05141430 0.21986583 0.02304433
v 0.05813752 0.23061958 0.01378471
v -0.00091980 0.27012613 0.09867185
v 0.06186263 0.24280474 0.00653132
v 0.06548008 0.25512066 0.00820543
v 0.01607388 0.21723375 0.08299440
v 0.00967351 0.21663834 0.08620178
v 0.02187201 0.21915148 0.07900158
v -0.00551696 0.28472757 0.10187540
v 0.02857372 0.22364688 0.07442064
v 0.03357700 0.22863920 0.07160114
v 0.03847869 0.24033070 0.07148524
v -0.00381801 0.26933283 0.09278800
v 0.03707816 0.23423338 0.07089117
v 0.03718225 0.25262871 0.07449166
v 0.03837762 0.24652967 0.07279366
v 0.04448130 0.25943002 0.06947777
v 0.04567890 0.25083283 0.06638220
v 0.04197892 0.24813373 0.06968948
v 0.00197881 0.27432978 0.10728022
v -0.00332089 0.27502608 0.10517154
v 0.04088149 0.25553036 0.07198233
v 0.04808404 0.26493004 0.06668373
v 0.04957914 0.25513259 0.06258227
v 0.00883339 0.19501108 0.06926670
v -0.02743797 0.32322279 0.07269508
v -0.02744053 0.32072273 0.07089826
v 0.01462554 0.19561170 0.06587358
v 0.01959457 0.19658116 0.06036221
v 0.02306642 0.19761111 0.05372888
v 0.02674700 0.19939661 0.04615986
v 0.03111531 0.20117174 0.03770252
v 0.03760975 0.20457925 0.02839288
v -0.02043294 0.32681918 0.07737976
v -0.00262664 0.32732698 0.08228870
v -0.00772723 0.32742050 0.08118927
v 0.04575221 0.21277222 0.01798673
v -0.02741751 0.31673265 0.06938222
v -0.02761823 0.31473169 0.06797960
v -0.02723514 0.31852585 0.06929344
v -0.02771810 0.31513178 0.06947984
v -0.02771772 0.31593224 0.06988075
v 0.05480091 0.22599369 0.00776039
v -0.02701811 0.31783241 0.06838256
v 0.05954004 0.23866716 0.00067662
v -0.02701749 0.31763282 0.06818268
v 0.01874934 0.19266585 0.03900288
v -0.02543447 0.32582161 0.07488614
v 0.01580445 0.19377440 0.04538016
v 0.01326003 0.19411261 0.05114859
v -0.02711735 0.31733304 0.06858242
v -0.02781836 0.31423137 0.06617928
v 0.01077998 0.19379725 0.05590126
v -0.02861821 0.31223160 0.06168092
v 0.00698024 0.19331092 0.05502215
v 0.00199704 0.32723624 0.08288680
v -0.01913265 0.33831221 0.07941739
v -0.04841718 0.33642691 0.05737282
v 0.00619794 0.19151026 0.04610583
v -0.05111694 0.33082873 0.05477347
v 0.00785930 0.18849501 0.04138172
v -0.04442662 0.29454288 0.06187819
v -0.04694103 0.29563388 0.05938808
v -0.01643415 0.33191514 0.08079864
v 0.00949614 0.18461037 0.03823084
v 0.04037570 0.23233578 0.06729750
v 0.04357465 0.23145312 0.06280376
v 0.04557789 0.24123706 0.06378922
v 0.04947814 0.24413580 0.05899025
v -0.02462520 0.35871565 0.07019193
v -0.02921656 0.40423030 0.01775211
v -0.02273003 0.35120809 0.07353247
v -0.03672759 0.34292236 0.06747598
v 0.04747429 0.23226172 0.05720955
v -0.02950843 0.40022984 0.02746063
v 0.04197890 0.24013275 0.06799144
v 0.05277458 0.23565437 0.05021851
v 0.05397948 0.24873672 0.05350384
v 0.05357969 0.26083189 0.05878933
v 0.05768423 0.25403079 0.04880197
v -0.04401642 0.34112668 0.06157101
v 0.05717748 0.24123725 0.04361657
v -0.05181547 0.30093554 0.05248554
v -0.00444328 0.34450519 0.07996774
v -0.05353587 0.30642459 0.05019718
v 0.05728301 0.26512927 0.05449573
v -0.01244418 0.34450415 0.07915909
v -0.02522907 0.41122457 -0.04709171
v 0.06038976 0.26932427 0.05039971
v 0.06028550 0.25892681 0.04479881
v 0.06017897 0.24743335 0.03920716
v 0.04175844 0.21931641 0.05796199
v -0.01122909 0.32312128 0.07848085
v 0.06248038 0.25372943 0.03419874
v -0.03521208 0.29523695 0.06739206
v -0.03811223 0.29483697 0.06599137
v 0.06278627 0.27352437 0.04609606
v -0.02893318 0.41102570 -0.03559456
v -0.05062759 0.29854015 0.05457499
v -0.02822361 0.37692177 0.05806430
v -0.00743284 0.31632394 0.07628825
v -0.00893455 0.31932455 0.07659180
v -0.02892722 0.38392213 0.05087017
v 0.06258731 0.26402503 0.04009468
v 0.06518341 0.27912623 0.04059571
v 0.06518617 0.27002206 0.03259447
v -0.02941300 0.39012820 0.04355555
v 0.06478444 0.26172349 0.02599674
v 0.06698374 0.26342249 0.01190665
v -0.02932752 0.40722880 0.00644201
v -0.01883693 0.29832947 0.07034962
v 0.06206197 0.25333482 -0.01390766
v 0.02228885 0.25883770 0.08250055
v 0.01749005 0.26083767 0.08500076
v -0.05321749 0.32442999 0.05257564
v -0.05421595 0.31793290 0.05107537
v -0.02953401 0.41072813 -0.02130288
v -0.02813529 0.29602677 0.06961287
v -0.05423952 0.31202215 0.05019605
v -0.01373808 0.41332358 -0.05540253
v 0.01298946 0.26153657 0.08829797
v -0.04913874 0.29672536 0.05690079
v 0.00928289 0.26193765 0.09078496
v 0.00568152 0.26173633 0.09238164
v -0.02943511 0.34401104 0.07251742
v -0.03181211 0.29553646 0.06849181
v -0.00672951 0.31312966 0.07539842
v -0.01421952 0.30053890 0.07075519
v -0.01112495 0.30342954 0.07159244
v -0.02951012 0.39552918 0.03595869
v -0.00873918 0.30622727 0.07280403
v -0.00693313 0.30972868 0.07460010
v -0.02342581 0.29682142 0.07038665
v -0.02672269 0.36781922 0.06527497
v -0.02922786 0.40942743 -0.00685509
v -0.04132599 0.29464191 0.06418011
v 0.00177753 0.41442508 -0.05844282
v 0.00190206 0.34443682 0.07998554
v -0.00763728 0.30792764 0.07390243
v -0.01373067 0.32731995 0.07968397
v -0.02114065 0.34440392 0.07674696
v 0.00198883 0.22953673 0.08800164
v -0.02322584 0.24803135 0.08016822
v -0.02452740 0.24583188 0.07855925
v -0.02412859 0.23973134 0.07665949
v -0.01633241 0.25322509 0.08540970
v -0.02043052 0.25042862 0.08240368
v -0.01542031 0.23224074 0.08287812
v -0.02513097 0.24383049 0.07746132
v -0.01011009 0.23063861 0.08588902
v -0.02502949 0.24173109 0.07686005
v -0.00461873 0.22973882 0.08758268
v 0.00218708 0.25683269 0.09208822
v -0.00661471 0.25703004 0.09079646
v -0.00221923 0.25721660 0.09233793
v -0.01131240 0.25563374 0.08828872
v -0.02252414 0.23733260 0.07756332
v -0.01991580 0.23483822 0.07950527
v 0.00627815 0.27253073 0.10357658
v 0.00537941 0.27093026 0.10107782
v 0.01738896 0.30873463 0.06750197
v 0.01008353 0.26973149 0.09118274
v 0.00827884 0.29213899 0.09547909
v 0.01618729 0.30883691 0.06820144
v 0.01218363 0.26993150 0.08978529
v 0.00807321 0.29910970 0.09027592
v 0.01008416 0.30773732 0.07768622
v 0.00818464 0.29563317 0.09288958
v 0.01698383 0.27263063 0.09018334
v 0.01558429 0.27003106 0.08898435
v 0.00847856 0.27863097 0.10557790
v 0.00927770 0.28143314 0.10437552
v 0.00937867 0.27533016 0.10397568
v 0.00677757 0.27373078 0.10457585
v 0.01898888 0.30873445 0.06770237
v 0.02928990 0.31023091 0.06149890
v 0.00787750 0.27663094 0.10557596
v 0.00507676 0.27463126 0.10627611
v 0.02209000 0.30963185 0.06530033
v 0.01838960 0.30873361 0.06760169
v 0.01338020 0.27693251 0.09897843
v 0.00868250 0.30683804 0.08188398
v 0.01588148 0.27533337 0.09458400
v 0.01978945 0.30893317 0.06760126
v 0.02038974 0.30913222 0.06740004
v 0.00897803 0.28833905 0.09847780
v 0.02458949 0.30993158 0.06549859
v 0.00508071 0.26933178 0.09628050
v 0.01178010 0.27623111 0.10147771
v 0.01047939 0.27573004 0.10287572
v 0.00568110 0.26883155 0.09428042
v 0.01388473 0.30853805 0.07069132
v 0.00837603 0.30462274 0.08544184
v 0.00817449 0.30202153 0.08824117
v 0.00498027 0.27013025 0.09867829
v 0.00947807 0.28473467 0.10197538
v 0.00798200 0.26943180 0.09268136
v 0.00727735 0.27503070 0.10517550
v 0.03138646 0.32353491 0.07279173
v 0.03148469 0.32103479 0.07099080
v 0.02439140 0.32693383 0.07738683
v 0.00658974 0.32733667 0.08228455
v 0.01158322 0.32743391 0.08128390
v 0.03148439 0.31693414 0.06949206
v 0.03168428 0.31493428 0.06809242
v 0.03128476 0.31883404 0.06929194
v 0.03178408 0.31533408 0.06969190
v 0.03178405 0.31613410 0.07009193
v 0.03108478 0.31803432 0.06839260
v 0.03108496 0.31783429 0.06829251
v 0.02938879 0.32603356 0.07488813
v 0.03118481 0.31763434 0.06869268
v 0.03188461 0.31443441 0.06639273
v 0.03268502 0.31243405 0.06189195
v 0.02289314 0.33843738 0.07927722
v 0.05239668 0.33682764 0.05739021
v 0.05509279 0.33123174 0.05488224
v 0.04848832 0.29493612 0.06199343
v 0.05098800 0.29603171 0.05950567
v 0.02018992 0.33193448 0.08068106
v 0.02826871 0.35893667 0.06990915
v 0.03247102 0.40413681 0.01770855
v 0.02648627 0.35143739 0.07343517
v 0.04069622 0.34322497 0.06769247
v 0.03277440 0.40033665 0.02741271
v 0.04788119 0.34153664 0.06143570
v 0.05578170 0.30143610 0.05259273
v 0.00817820 0.34453431 0.07977670
v 0.05748419 0.30693457 0.05018982
v 0.01618563 0.34463194 0.07898036
v 0.02889558 0.41111913 -0.04694756
v 0.01518516 0.32323343 0.07858767
v 0.03938630 0.29554072 0.06749978
v 0.04228612 0.29514024 0.06610049
v 0.03249578 0.41092220 -0.03534349
v 0.05467865 0.29893586 0.05469046
v 0.03180163 0.37703422 0.05806579
v 0.01148552 0.31643394 0.07638825
v 0.01298571 0.31943405 0.07668839
v 0.03240063 0.38413349 0.05086479
v 0.03279667 0.39033353 0.04356013
v 0.03266490 0.40743271 0.00654086
v 0.02289112 0.29853824 0.07050239
v 0.05719293 0.32493174 0.05268339
v 0.05819653 0.31852883 0.05127101
v 0.03309173 0.41092414 -0.02114839
v 0.03228631 0.29633772 0.06969775
v 0.05819137 0.31252837 0.05029420
v 0.01728242 0.41311997 -0.05535427
v 0.05328485 0.29713261 0.05700242
v 0.03328289 0.34423772 0.07253440
v 0.03598677 0.29584029 0.06859685
v 0.01088648 0.31323493 0.07568900
v 0.01838948 0.30073914 0.07090421
v 0.01518638 0.30363762 0.07169615
v 0.03287710 0.39573535 0.03581984
v 0.01288425 0.30643803 0.07298944
v 0.01108613 0.30993578 0.07478941
v 0.02749436 0.29713267 0.07040957
v 0.03037644 0.36793315 0.06532510
v 0.03276600 0.40973043 -0.00665776
v 0.04538731 0.29503703 0.06419441
v 0.01178504 0.30813727 0.07398937
v 0.01768806 0.32733345 0.07978557
v 0.02490297 0.34463531 0.07667773
v 0.02748796 0.24823323 0.08030141
v 0.02878945 0.24603403 0.07870203
v 0.02827625 0.23983324 0.07679570
v 0.02059079 0.25343135 0.08538577
v 0.02479004 0.25063139 0.08248977
v 0.01927656 0.23233184 0.08309286
v 0.02927674 0.24403274 0.07769710
v 0.01407372 0.23062861 0.08601187
v 0.02917627 0.24193294 0.07689665
v 0.00837804 0.22974038 0.08759005
v 0.01088812 0.25703403 0.09079170
v 0.00658835 0.25723404 0.09229172
v 0.01568927 0.25573507 0.08829448
v 0.02667748 0.23753032 0.07769656
v 0.02398701 0.23493248 0.07971390
v 0.03298726 0.31053090 0.05649649
v -0.02893554 0.31032979 0.05627049
v 0.03137921 0.31082156 0.06936103
v 0.02977921 0.31082156 0.06886103
v 0.02837921 0.31072155 0.06816103
v 0.02717921 0.31072155 0.06716103
v 0.03137921 0.31112155 0.06936103
v 0.02987921 0.31142154 0.06886103
v 0.02847921 0.31172156 0.06806103
v 0.02727921 0.31192157 0.06706103
v 0.03147921 0.31142154 0.06936103
v 0.03007921 0.31202155 0.06886103
v 0.02867921 0.31252155 0.06806103
v 0.02757921 0.31302154 0.06706103
v 0.03167921 0.31172156 0.06936103
v 0.03037921 0.31252155 0.06886103
v 0.02917921 0.31332156 0.06806103
v 0.02817921 0.31402156 0.06706103
v 0.03187921 0.31192157 0.06936103
v 0.03077921 0.31302154 0.06886103
v 0.02967921 0.31402156 0.06806103
v 0.02887921 0.31492156 0.06706103
v 0.03207921 0.31212154 0.06936103
v 0.03117921 0.31342155 0.06886103
v 0.03037921 0.31462154 0.06806103
v 0.02977921 0.31562155 0.06696103
v 0.03237921 0.31232154 0.06936103
v 0.03177921 0.31372154 0.06886103
v 0.03117921 0.31502154 0.06806103
v 0.03077921 0.31612155 0.06696103
v 0.03267921 0.31242156 0.06936103
v 0.03237921 0.31392154 0.06886103
v 0.03207921 0.31532156 0.06806103
v 0.03187921 0.31652156 0.06696103
v 0.03297921 0.31242156 0.06936103
v 0.03297921 0.31402156 0.06886103
v 0.03297921 0.31542155 0.06806103
v 0.03297921 0.31662154 0.06696103
v 0.03327921 0.31242156 0.06936103
v 0.03357921 0.31392154 0.06886103
v 0.03387921 0.31532156 0.06806103
v 0.03417921 0.31652156 0.06696103
v 0.03357921 0.31232154 0.06936103
v 0.03417921 0.31372154 0.06886103
v 0.03477921 0.31502154 0.06806103
v 0.03527921 0.31612155 0.06706103
v 0.03387921 0.31212154 0.06936103
v 0.03477921 0.31342155 0.06886103
v 0.03557921 0.31462154 0.06806103
v 0.03627921 0.31562155 0.06706103
v 0.03417921 0.31192157 0.06936103
v 0.03527921 0.31302154 0.06886103
v 0.03627921 0.31402156 0.06806103
v 0.03717921 0.31492156 0.06706103
v 0.03437921 0.31172156 0.06936103
v 0.03567921 0.31252155 0.06886103
v 0.03687921 0.31332156 0.06806103
v 0.03787921 0.31402156 0.06706103
v 0.03447921 0.31142154 0.06936103
v 0.03597921 0.31202155 0.06886103
v 0.03727921 0.31252155 0.06816103
v 0.03837921 0.31292155 0.06716103
v 0.03457921 0.31112155 0.06936103
v 0.03607921 0.31142154 0.06896103
v 0.03757921 0.31162155 0.06816103
v 0.03867921 0.31182155 0.06716103
v 0.03457921 0.31082156 0.06936103
v 0.03617921 0.31072155 0.06896103
v 0.03757921 0.31072155 0.06816103
v 0.03887921 0.31072155 0.06716103
v 0.03457921 0.31042156 0.06936103
v 0.03607921 0.31012157 0.06896103
v 0.03757921 0.30982155 0.06816103
v 0.03867921 0.30952156 0.06726103
v 0.03447921 0.31012157 0.06946103
v 0.03597921 0.30952156 0.06896103
v 0.03727921 0.30892155 0.06826103
v 0.03837921 0.30842155 0.06726103
v 0.03437921 0.30992156 0.06946103
v 0.03567921 0.30902156 0.06896103
v 0.03687921 0.30812156 0.06826103
v 0.03787921 0.30742157 0.06726103
v 0.03417921 0.30962154 0.06946103
v 0.03527921 0.30852154 0.06896103
v 0.03627921 0.30742157 0.06826103
v 0.03707922 0.30652156 0.06726103
v 0.03387921 0.30942154 0.06946103
v 0.03477921 0.30812156 0.06896103
v 0.03557921 0.30682155 0.06826103
v 0.03627921 0.30582154 0.06726103
v 0.03357921 0.30932155 0.06946103
v 0.03417921 0.30782154 0.06896103
v 0.03477921 0.30642155 0.06826103
v 0.03517921 0.30532154 0.06736103
v 0.03327921 0.30922157 0.06946103
v 0.03357921 0.30762154 0.06896103
v 0.03387921 0.30622154 0.06826103
v 0.03417921 0.30492154 0.06736103
v 0.03297921 0.30912155 0.06946103
v 0.03297921 0.30752155 0.06896103
v 0.03297921 0.30612156 0.06826103
v 0.03297921 0.30482155 0.06736103
v 0.03267921 0.30922157 0.06946103
v 0.03237921 0.30762154 0.06896103
v 0.03207921 0.30622154 0.06826103
v 0.03187921 0.30492154 0.06726103
v 0.03237921 0.30932155 0.06946103
v 0.03177921 0.30782154 0.06896103
v 0.03117921 0.30642155 0.06826103
v 0.03077921 0.30532154 0.06726103
v 0.03207921 0.30942154 0.06946103
v 0.03117921 0.30812156 0.06896103
v 0.03037921 0.30692154 0.06826103
v 0.02977921 0.30582154 0.06726103
v 0.03187921 0.30962154 0.06946103
v 0.03077921 0.30852154 0.06896103
v 0.02967921 0.30742157 0.06826103
v 0.02887921 0.30652156 0.06726103
v 0.03167921 0.30992156 0.06946103
v 0.03037921 0.30902156 0.06896103
v 0.02917921 0.30812156 0.06816103
v 0.02817921 0.30742157 0.06726103
v 0.03297921 0.31082156 0.06956103
v 0.03147921 0.31012157 0.06936103
v 0.03007921 0.30952156 0.06896103
v 0.02867921 0.30902156 0.06816103
v 0.02757921 0.30852154 0.06716103
v 0.03137921 0.31042156 0.06936103
v 0.02987921 0.31012157 0.06896103
v 0.02847921 0.30982155 0.06816103
v 0.02727921 0.30962154 0.06716103
v 0.02597921 0.31072155 0.06626103
v 0.02417921 0.31072155 0.06476103
v 0.02257921 0.31062156 0.06286103
v 0.02147921 0.31052154 0.06076103
v 0.02077921 0.31052154 0.05836103
v 0.02057921 0.31042156 0.05596103
v 0.02077921 0.31032154 0.05346103
v 0.02157921 0.31032154 0.05116103
v 0.02267921 0.31022155 0.04906103
v 0.02427921 0.31012157 0.04716103
v 0.02617921 0.31012157 0.04556103
v 0.02837921 0.31012157 0.04446103
v 0.03067921 0.31002155 0.04376103
v 0.02607921 0.31212154 0.06626103
v 0.02437921 0.31242156 0.06476103
v 0.02287921 0.31262156 0.06286103
v 0.02167921 0.31282154 0.06066103
v 0.02097921 0.31292155 0.05836103
v 0.02077921 0.31292155 0.05586103
v 0.02107921 0.31272155 0.05346103
v 0.02177921 0.31252155 0.05106103
v 0.02287921 0.31222156 0.04896103
v 0.02447921 0.31192157 0.04706103
v 0.02627921 0.31152156 0.04556103
v 0.02847921 0.31102157 0.04446103
v 0.03077921 0.31052154 0.04376103
v 0.02647921 0.31342155 0.06616103
v 0.02487921 0.31412154 0.06476103
v 0.02337921 0.31462154 0.06276103
v 0.02237921 0.31502154 0.06066103
v 0.02167921 0.31522155 0.05826103
v 0.02147921 0.31522155 0.05586103
v 0.02177921 0.31512156 0.05336103
v 0.02237921 0.31472155 0.05106103
v 0.02347921 0.31422156 0.04886103
v 0.02497921 0.31362155 0.04706103
v 0.02667921 0.31282154 0.04556103
v 0.02867921 0.31192157 0.04436103
v 0.03087921 0.31102157 0.04376103
v 0.02717921 0.31462154 0.06616103
v 0.02567921 0.31562155 0.06466103
v 0.02437921 0.31642154 0.06276103
v 0.02347921 0.31702155 0.06056103
v 0.02287921 0.31732154 0.05826103
v 0.02267921 0.31742156 0.05576103
v 0.02287921 0.31722155 0.05336103
v 0.02347921 0.31672156 0.05096103
v 0.02447921 0.31602156 0.04886103
v 0.02577921 0.31512156 0.04696103
v 0.02737921 0.31402156 0.04546103
v 0.02917921 0.31272155 0.04436103
v 0.03107921 0.31142154 0.04366103
v 0.02807921 0.31572154 0.06616103
v 0.02677921 0.31692156 0.06466103
v 0.02567921 0.31802157 0.06276103
v 0.02487921 0.31882155 0.06056103
v 0.02437921 0.31922156 0.05816103
v 0.02427921 0.31932154 0.05576103
v 0.02437921 0.31912154 0.05326103
v 0.02497921 0.31852156 0.05096103
v 0.02577921 0.31762156 0.04886103
v 0.02687921 0.31642154 0.04696103
v 0.02817921 0.31502154 0.04546103
v 0.02977921 0.31352156 0.04436103
v 0.03137921 0.31182155 0.04366103
v 0.02907921 0.31662154 0.06616103
v 0.02807921 0.31812155 0.06466103
v 0.02727921 0.31932154 0.06266103
v 0.02657921 0.32022154 0.06046103
v 0.02627921 0.32072157 0.05816103
v 0.02607921 0.32092154 0.05566103
v 0.02627921 0.32062155 0.05326103
v 0.02667921 0.31992155 0.05096103
v 0.02737921 0.31892157 0.04876103
v 0.02817921 0.31762156 0.04696103
v 0.02927921 0.31592155 0.04546103
v 0.03047921 0.31412154 0.04436103
v 0.03177921 0.31212154 0.04366103
v 0.03027921 0.31722155 0.06616103
v 0.02967921 0.31892157 0.06466103
v 0.02907921 0.32032156 0.06266103
v 0.02857921 0.32132155 0.06046103
v 0.02837921 0.32192156 0.05816103
v 0.02827921 0.32202154 0.05566103
v 0.02837921 0.32172155 0.05326103
v 0.02867921 0.32102156 0.05096103
v 0.02917921 0.31992155 0.04876103
v 0.02977921 0.31842154 0.04696103
v 0.03047921 0.31662154 0.04546103
v 0.03127921 0.31452155 0.04436103
v 0.03217921 0.31232154 0.04366103
v 0.03167921 0.31762156 0.06606103
v 0.03127921 0.31942156 0.06456103
v 0.03097921 0.32092154 0.06266103
v 0.03077921 0.32192156 0.06046103
v 0.03067921 0.32262155 0.05816103
v 0.03067921 0.32272154 0.05566103
v 0.03067921 0.32242155 0.05326103
v 0.03087921 0.32172155 0.05086103
v 0.03107921 0.32052156 0.04876103
v 0.03137921 0.31892157 0.04696103
v 0.03177921 0.31702155 0.04546103
v 0.03217921 0.31482154 0.04436103
v 0.03267921 0.31242156 0.04366103
v 0.03297921 0.31782156 0.06606103
v 0.03297921 0.31952155 0.06466103
v 0.03307921 0.32112154 0.06266103
v 0.03307921 0.32222155 0.06046103
v 0.03307921 0.32282156 0.05816103
v 0.03307921 0.32302156 0.05566103
v 0.03307921 0.32272154 0.05326103
v 0.03307921 0.32192156 0.05096103
v 0.03307921 0.32072157 0.04876103
v 0.03307921 0.31902155 0.04696103
v 0.03307921 0.31712157 0.04546103
v 0.03307921 0.31492156 0.04436103
v 0.03307921 0.31252155 0.04366103
v 0.03437921 0.31762156 0.06616103
v 0.03477921 0.31942156 0.06466103
v 0.03507921 0.32092154 0.06266103
v 0.03527921 0.32192156 0.06046103
v 0.03547921 0.32262155 0.05816103
v 0.03547921 0.32272154 0.05566103
v 0.03547921 0.32242155 0.05326103
v 0.03537921 0.32172155 0.05096103
v 0.03517921 0.32052156 0.04876103
v 0.03487922 0.31892157 0.04696103
v 0.03447921 0.31702155 0.04546103
v 0.03407921 0.31482154 0.04436103
v 0.03357921 0.31242156 0.04366103
v 0.03567921 0.31722155 0.06616103
v 0.03637921 0.31892157 0.06466103
v 0.03697921 0.32032156 0.06276103
v 0.03747921 0.32132155 0.06056103
v 0.03777921 0.32192156 0.05816103
v 0.03787921 0.32202154 0.05576103
v 0.03777921 0.32172155 0.05326103
v 0.03747921 0.32102156 0.05096103
v 0.03707922 0.31992155 0.04886103
v 0.03647921 0.31842154 0.04696103
v 0.03577921 0.31662154 0.04546103
v 0.03497921 0.31452155 0.04436103
v 0.03407921 0.31232154 0.04366103
v 0.03687921 0.31662154 0.06616103
v 0.03797921 0.31802157 0.06466103
v 0.03877921 0.31932154 0.06276103
v 0.03947921 0.32022154 0.06056103
v 0.03987921 0.32072157 0.05816103
v 0.03997921 0.32092154 0.05576103
v 0.03987921 0.32062155 0.05336103
v 0.03947921 0.31992155 0.05096103
v 0.03887921 0.31892157 0.04886103
v 0.03797921 0.31752154 0.04696103
v 0.03697921 0.31592155 0.04546103
v 0.03577921 0.31412154 0.04436103
v 0.03447921 0.31212154 0.04366103
v 0.03797921 0.31572154 0.06616103
v 0.03927922 0.31692156 0.06476103
v 0.04037921 0.31802157 0.06276103
v 0.04117921 0.31872156 0.06066103
v 0.04167921 0.31922156 0.05826103
v 0.04187921 0.31932154 0.05586103
v 0.04177921 0.31902155 0.05336103
v 0.04127921 0.31852156 0.05106103
v 0.04047921 0.31762156 0.04886103
v 0.03937921 0.31642154 0.04706103
v 0.03807921 0.31502154 0.04546103
v 0.03647921 0.31352156 0.04436103
v 0.03487922 0.31182155 0.04376103
v 0.03887921 0.31462154 0.06626103
v 0.04037921 0.31562155 0.06476103
v 0.04167921 0.31642154 0.06286103
v 0.04267921 0.31702155 0.06066103
v 0.04327921 0.31732154 0.05836103
v 0.04347921 0.31742156 0.05586103
v 0.04327921 0.31722155 0.05346103
v 0.04267921 0.31672156 0.05106103
v 0.04177921 0.31602156 0.04896103
v 0.04047921 0.31512156 0.04706103
v 0.03887921 0.31402156 0.04556103
v 0.03707922 0.31272155 0.04446103
v 0.03517921 0.31142154 0.04376103
v 0.03947921 0.31342155 0.06626103
v 0.04117921 0.31402156 0.06476103
v 0.04257921 0.31462154 0.06286103
v 0.04367922 0.31502154 0.06076103
v 0.04437921 0.31522155 0.05836103
v 0.04457921 0.31522155 0.05596103
v 0.04437921 0.31502154 0.05346103
v 0.04377921 0.31472155 0.05116103
v 0.04267921 0.31422156 0.04896103
v 0.04127921 0.31352156 0.04716103
v 0.03957921 0.31282154 0.04556103
v 0.03757921 0.31192157 0.04446103
v 0.03537921 0.31102157 0.04376103
v 0.03987921 0.31202155 0.06626103
v 0.04167921 0.31242156 0.06486103
v 0.04317921 0.31262156 0.06296103
v 0.04437921 0.31282154 0.06076103
v 0.04507921 0.31282154 0.05846103
v 0.04527921 0.31282154 0.05606103
v 0.04507921 0.31272155 0.05356103
v 0.04437921 0.31252155 0.05126103
v 0.04327921 0.31222156 0.04906103
v 0.04177921 0.31192157 0.04716103
v 0.03987921 0.31142154 0.04566103
v 0.03777921 0.31102157 0.04446103
v 0.03547921 0.31052154 0.04376103
v 0.03997921 0.31072155 0.06636102
v 0.04187921 0.31062156 0.06486103
v 0.04337921 0.31062156 0.06306103
v 0.04457921 0.31052154 0.06086103
v 0.04527921 0.31042156 0.05856103
v 0.04557921 0.31042156 0.05606103
v 0.04537921 0.31032154 0.05366103
v 0.04467921 0.31022155 0.05126103
v 0.04347921 0.31022155 0.04916103
v 0.04197921 0.31012157 0.04726103
v 0.04007921 0.31012157 0.04566103
v 0.03787921 0.31002155 0.04446103
v 0.03557921 0.31002155 0.04376103
v 0.03987921 0.30932155 0.06636102
v 0.04167921 0.30892155 0.06496103
v 0.04317921 0.30852154 0.06306103
v 0.04437921 0.30822155 0.06096103
v 0.04507921 0.30802155 0.05856103
v 0.04527921 0.30792156 0.05616103
v 0.04507921 0.30792156 0.05366103
v 0.04437921 0.30802155 0.05136103
v 0.04327921 0.30812156 0.04916103
v 0.04177921 0.30842155 0.04726103
v 0.03987921 0.30872154 0.04566103
v 0.03777921 0.30912155 0.04456103
v 0.03547921 0.30962154 0.04376103
v 0.03947921 0.30802155 0.06636102
v 0.04117921 0.30722156 0.06496103
v 0.04257921 0.30662155 0.06316103
v 0.04367922 0.30602154 0.06096103
v 0.04437921 0.30572155 0.05866103
v 0.04457921 0.30552155 0.05616103
v 0.04437921 0.30562156 0.05376103
v 0.04377921 0.30582154 0.05136103
v 0.04267921 0.30622154 0.04926103
v 0.04127921 0.30672154 0.04726103
v 0.03947921 0.30742157 0.04576103
v 0.03757921 0.30822155 0.04456103
v 0.03537921 0.30912155 0.04376103
v 0.03887921 0.30672154 0.06646103
v 0.04037921 0.30572155 0.06506103
v 0.04167921 0.30472156 0.06316103
v 0.04257921 0.30402154 0.06106102
v 0.04327921 0.30362156 0.05866103
v 0.04347921 0.30342156 0.05626103
v 0.04327921 0.30342156 0.05386103
v 0.04267921 0.30382156 0.05146103
v 0.04177921 0.30432156 0.04926103
v 0.04047921 0.30522156 0.04736103
v 0.03887921 0.30622154 0.04576103
v 0.03707922 0.30742157 0.04456103
v 0.03517921 0.30872154 0.04376103
v 0.03797921 0.30572155 0.06646103
v 0.03927922 0.30432156 0.06506103
v 0.04037921 0.30322155 0.06316103
v 0.04117921 0.30232155 0.06106102
v 0.04167921 0.30172154 0.05876103
v 0.04187921 0.30152154 0.05626103
v 0.04177921 0.30162156 0.05386103
v 0.04127921 0.30202156 0.05146103
v 0.04047921 0.30282155 0.04926103
v 0.03937921 0.30382156 0.04736103
v 0.03797921 0.30512154 0.04576103
v 0.03647921 0.30662155 0.04456103
v 0.03487922 0.30832157 0.04376103
v 0.03687921 0.30482155 0.06646103
v 0.03787921 0.30322155 0.06506103
v 0.03877921 0.30192155 0.06326102
v 0.03947921 0.30082154 0.06106102
v 0.03987921 0.30022156 0.05876103
v 0.03997921 0.29992154 0.05636103
v 0.03987921 0.30002156 0.05386103
v 0.03947921 0.30062154 0.05156103
v 0.03887921 0.30152154 0.04936103
v 0.03797921 0.30272156 0.04736103
v 0.03697921 0.30432156 0.04576103
v 0.03577921 0.30602154 0.04456103
v 0.03447921 0.30802155 0.04386103
v 0.03307921 0.31002155 0.04346103
v 0.03567921 0.30412155 0.06646103
v 0.03637921 0.30242154 0.06506103
v 0.03697921 0.30092156 0.06326102
v 0.03747921 0.29982156 0.06106102
v 0.03767921 0.29902154 0.05876103
v 0.03777921 0.29872155 0.05636103
v 0.03777921 0.29892156 0.05386103
v 0.03747921 0.29952157 0.05156103
v 0.03707922 0.30052155 0.04936103
v 0.03647921 0.30192155 0.04746103
v 0.03577921 0.30362156 0.04576103
v 0.03497921 0.30562156 0.04456103
v 0.03407921 0.30782154 0.04386103
v 0.03437921 0.30372155 0.06646103
v 0.03467921 0.30192155 0.06506103
v 0.03507921 0.30032155 0.06326102
v 0.03527921 0.29912156 0.06116103
v 0.03537921 0.29832155 0.05876103
v 0.03547921 0.29802155 0.05636103
v 0.03547921 0.29822156 0.05396103
v 0.03527921 0.29882154 0.05156103
v 0.03507921 0.29992154 0.04936103
v 0.03477921 0.30142155 0.04746103
v 0.03447921 0.30322155 0.04576103
v 0.03407921 0.30532154 0.04456103
v 0.03357921 0.30762154 0.04386103
v 0.03297921 0.30362156 0.06646103
v 0.03297921 0.30172154 0.06506103
v 0.03297921 0.30012155 0.06326102
v 0.03297921 0.29892156 0.06106102
v 0.03307921 0.29812154 0.05876103
v 0.03307921 0.29782155 0.05636103
v 0.03307921 0.29802155 0.05386103
v 0.03307921 0.29862157 0.05156103
v 0.03307921 0.29972154 0.04936103
v 0.03307921 0.30122155 0.04746103
v 0.03307921 0.30312154 0.04576103
v 0.03307921 0.30522156 0.04456103
v 0.03307921 0.30762154 0.04386103
v 0.03157921 0.30372155 0.06646103
v 0.03127921 0.30192155 0.06506103
v 0.03097921 0.30032155 0.06326102
v 0.03077921 0.29912156 0.06106102
v 0.03067921 0.29832155 0.05876103
v 0.03057921 0.29802155 0.05636103
v 0.03067921 0.29822156 0.05386103
v 0.03077921 0.29882154 0.05156103
v 0.03107921 0.29992154 0.04936103
v 0.03137921 0.30142155 0.04736103
v 0.03177921 0.30322155 0.04576103
v 0.03217921 0.30532154 0.04456103
v 0.03267921 0.30762154 0.04386103
v 0.03027921 0.30412155 0.06646103
v 0.02957921 0.30242154 0.06506103
v 0.02907921 0.30092156 0.06316103
v 0.02857921 0.29982156 0.06106102
v 0.02837921 0.29902154 0.05876103
v 0.02827921 0.29872155 0.05626103
v 0.02837921 0.29892156 0.05386103
v 0.02867921 0.29952157 0.05146103
v 0.02907921 0.30052155 0.04926103
v 0.02967921 0.30192155 0.04736103
v 0.03047921 0.30362156 0.04576103
v 0.03127921 0.30562156 0.04456103
v 0.03217921 0.30782154 0.04376103
v 0.02907921 0.30482155 0.06646103
v 0.02807921 0.30322155 0.06506103
v 0.02727921 0.30192155 0.06316103
v 0.02657921 0.30092156 0.06106102
v 0.02617921 0.30022156 0.05866103
v 0.02607921 0.29992154 0.05626103
v 0.02627921 0.30002156 0.05386103
v 0.02667921 0.30062154 0.05146103
v 0.02727921 0.30152154 0.04926103
v 0.02817921 0.30272156 0.04736103
v 0.02927921 0.30432156 0.04576103
v 0.03047921 0.30602154 0.04456103
v 0.03177921 0.30802155 0.04376103
v 0.02807921 0.30572155 0.06646103
v 0.02677921 0.30432156 0.06496103
v 0.02567921 0.30322155 0.06316103
v 0.02487921 0.30232155 0.06096103
v 0.02437921 0.30172154 0.05866103
v 0.02417921 0.30152154 0.05616103
v 0.02437921 0.30162156 0.05376103
v 0.02487921 0.30202156 0.05136103
v 0.02577921 0.30282155 0.04926103
v 0.02687921 0.30382156 0.04726103
v 0.02817921 0.30512154 0.04576103
v 0.02977921 0.30662155 0.04456103
v 0.03137921 0.30832157 0.04376103
v 0.02717921 0.30682155 0.06636102
v 0.02567921 0.30572155 0.06496103
v 0.02437921 0.30482155 0.06306103
v 0.02337921 0.30412155 0.06096103
v 0.02287921 0.30362156 0.05856103
v 0.02267921 0.30342156 0.05616103
v 0.02287921 0.30352154 0.05366103
v 0.02347921 0.30382156 0.05136103
v 0.02447921 0.30442154 0.04916103
v 0.02577921 0.30522156 0.04726103
v 0.02737921 0.30622154 0.04566103
v 0.02917921 0.30742157 0.04456103
v 0.03107921 0.30872154 0.04376103
v 0.02647921 0.30802155 0.06636102
v 0.02487921 0.30722156 0.06486103
v 0.02337921 0.30662155 0.06306103
v 0.02237921 0.30612156 0.06086103
v 0.02167921 0.30572155 0.05856103
v 0.02147921 0.30562156 0.05606103
v 0.02177921 0.30562156 0.05366103
v 0.02237921 0.30582154 0.05126103
v 0.02347921 0.30622154 0.04916103
v 0.02497921 0.30672154 0.04726103
v 0.02667921 0.30742157 0.04566103
v 0.02867921 0.30822155 0.04446103
v 0.03087921 0.30912155 0.04376103
v 0.02607921 0.30932155 0.06626103
v 0.02437921 0.30892155 0.06486103
v 0.02277921 0.30862156 0.06296103
v 0.02167921 0.30832157 0.06076103
v 0.02097921 0.30812156 0.05846103
v 0.02077921 0.30792156 0.05606103
v 0.02107921 0.30792156 0.05356103
v 0.02177921 0.30802155 0.05126103
v 0.02287921 0.30822155 0.04906103
v 0.02447921 0.30842155 0.04716103
v 0.02627921 0.30872154 0.04566103
v 0.02847921 0.30912155 0.04446103
v 0.03077921 0.30962154 0.04376103
v -0.03022079 0.31072155 0.06956103
v -0.03172079 0.31072155 0.06906103
v -0.03322079 0.31062156 0.06836103
v -0.03452079 0.31062156 0.06736103
v -0.03012079 0.31102157 0.06946103
v -0.03172079 0.31132156 0.06906103
v -0.03312079 0.31152156 0.06826103
v -0.03432079 0.31172156 0.06726103
v -0.03002079 0.31132156 0.06946103
v -0.03152079 0.31192157 0.06906103
v -0.03292079 0.31242156 0.06826103
v -0.03402079 0.31282154 0.06726103
v -0.02992079 0.31162155 0.06946103
v -0.03122079 0.31242156 0.06896103
v -0.03242079 0.31322154 0.06826103
v -0.03352079 0.31382155 0.06726103
v -0.02972079 0.31182155 0.06946103
v -0.03082079 0.31292155 0.06896103
v -0.03182079 0.31392154 0.06816103
v -0.03272079 0.31472155 0.06716103
v -0.02942079 0.31202155 0.06946103
v -0.03032079 0.31332156 0.06896103
v -0.03112079 0.31452155 0.06816103
v -0.03182079 0.31542155 0.06716103
v -0.02922079 0.31222156 0.06946103
v -0.02982079 0.31362155 0.06896103
v -0.03032079 0.31492156 0.06806103
v -0.03082079 0.31602156 0.06706103
v -0.02882079 0.31232154 0.06946103
v -0.02922079 0.31382155 0.06886103
v -0.02952079 0.31522155 0.06806103
v -0.02972079 0.31632155 0.06706103
v -0.02852079 0.31232154 0.06946103
v -0.02852079 0.31382155 0.06886103
v -0.02862079 0.31532156 0.06806103
v -0.02862079 0.31642154 0.06706103
v -0.02822079 0.31232154 0.06946103
v -0.02792079 0.31382155 0.06886103
v -0.02762079 0.31522155 0.06806103
v -0.02742079 0.31632155 0.06696103
v -0.02792079 0.31222156 0.06946103
v -0.02732079 0.31362155 0.06886103
v -0.02682079 0.31492156 0.06806103
v -0.02632079 0.31602156 0.06696103
v -0.02762079 0.31202155 0.06946103
v -0.02682079 0.31332156 0.06886103
v -0.02602079 0.31452155 0.06806103
v -0.02532079 0.31542155 0.06696103
v -0.02742079 0.31182155 0.06946103
v -0.02632079 0.31292155 0.06886103
v -0.02532079 0.31392154 0.06806103
v -0.02442079 0.31472155 0.06696103
v -0.02722079 0.31162155 0.06946103
v -0.02592079 0.31242156 0.06886103
v -0.02472079 0.31322154 0.06806103
v -0.02372079 0.31382155 0.06706103
v -0.02702079 0.31132156 0.06946103
v -0.02562079 0.31192157 0.06896103
v -0.02432079 0.31242156 0.06806103
v -0.02322079 0.31282154 0.06706103
v -0.02692079 0.31102157 0.06946103
v -0.02542079 0.31132156 0.06896103
v -0.02402079 0.31152156 0.06816103
v -0.02282079 0.31172156 0.06706103
v -0.02692079 0.31072155 0.06946103
v -0.02532079 0.31062156 0.06896103
v -0.02392079 0.31062156 0.06816103
v -0.02272079 0.31062156 0.06716103
v -0.02692079 0.31032154 0.06946103
v -0.02542079 0.31002155 0.06896103
v -0.02402079 0.30972156 0.06816103
v -0.02282079 0.30942154 0.06716103
v -0.02702079 0.31002155 0.06946103
v -0.02562079 0.30942154 0.06896103
v -0.02432079 0.30882156 0.06826103
v -0.02322079 0.30832157 0.06726103
v -0.02722079 0.30982155 0.06946103
v -0.02592079 0.30892155 0.06906103
v -0.02472079 0.30802155 0.06826103
v -0.02372079 0.30732155 0.06726103
v -0.02742079 0.30952156 0.06956103
v -0.02632079 0.30842155 0.06906103
v -0.02532079 0.30732155 0.06826103
v -0.02452079 0.30642155 0.06736103
v -0.02762079 0.30932155 0.06956103
v -0.02682079 0.30802155 0.06906103
v -0.02602079 0.30682155 0.06836103
v -0.02532079 0.30572155 0.06736103
v -0.02792079 0.30922157 0.06956103
v -0.02732079 0.30772156 0.06906103
v -0.02682079 0.30632156 0.06836103
v -0.02642079 0.30522156 0.06746103
v -0.02822079 0.30912155 0.06956103
v -0.02792079 0.30752155 0.06916103
v -0.02772079 0.30612156 0.06836103
v -0.02752079 0.30482155 0.06746103
v -0.02852079 0.30902156 0.06956103
v -0.02862079 0.30742157 0.06916103
v -0.02862079 0.30602154 0.06846103
v -0.02862079 0.30472156 0.06746103
v -0.02892079 0.30912155 0.06956103
v -0.02922079 0.30752155 0.06916103
v -0.02952079 0.30612156 0.06846103
v -0.02972079 0.30482155 0.06746103
v -0.02922079 0.30922157 0.06956103
v -0.02982079 0.30772156 0.06916103
v -0.03042079 0.30632156 0.06846103
v -0.03082079 0.30522156 0.06746103
v -0.02942079 0.30932155 0.06956103
v -0.03032079 0.30802155 0.06916103
v -0.03122079 0.30682155 0.06846103
v -0.03192079 0.30572155 0.06746103
v -0.02972079 0.30952156 0.06956103
v -0.03082079 0.30842155 0.06916103
v -0.03192079 0.30732155 0.06846103
v -0.03272079 0.30652156 0.06746103
v -0.02992079 0.30982155 0.06956103
v -0.03122079 0.30892155 0.06916103
v -0.03242079 0.30802155 0.06846103
v -0.03352079 0.30732155 0.06746103
v -0.02852079 0.31072155 0.06966103
v -0.03002079 0.31002155 0.06956103
v -0.03152079 0.30942154 0.06916103
v -0.03292079 0.30892155 0.06836103
v -0.03402079 0.30842155 0.06746103
v -0.03012079 0.31042156 0.06956103
v -0.03172079 0.31002155 0.06906103
v -0.03312079 0.30972156 0.06836103
v -0.03432079 0.30952156 0.06736103
v -0.03572079 0.31062156 0.06656103
v -0.03752079 0.31052154 0.06516103
v -0.03912079 0.31042156 0.06326102
v -0.04042079 0.31042156 0.06106102
v -0.04112079 0.31032154 0.05876103
v -0.04152079 0.31022155 0.05636103
v -0.04132079 0.31012157 0.05386103
v -0.04062079 0.31002155 0.05156103
v -0.03952079 0.30992156 0.04936103
v -0.03802079 0.30982155 0.04746103
v -0.03622079 0.30982155 0.04586103
v -0.03402079 0.30972156 0.04466103
v -0.03172079 0.30972156 0.04386103
v -0.03552079 0.31192157 0.06646103
v -0.03742079 0.31222156 0.06506103
v -0.03892079 0.31252155 0.06316103
v -0.04012079 0.31262156 0.06106102
v -0.04092079 0.31272155 0.05866103
v -0.04122079 0.31262156 0.05626103
v -0.04102079 0.31252155 0.05376103
v -0.04042079 0.31222156 0.05146103
v -0.03932079 0.31192157 0.04926103
v -0.03782079 0.31162155 0.04736103
v -0.03602079 0.31112155 0.04576103
v -0.03392079 0.31062156 0.04456103
v -0.03162079 0.31022155 0.04386103
v -0.03512079 0.31332156 0.06646103
v -0.03692079 0.31392154 0.06496103
v -0.03832079 0.31442156 0.06306103
v -0.03952079 0.31482154 0.06096103
v -0.04022079 0.31502154 0.05856103
v -0.04052079 0.31502154 0.05616103
v -0.04032079 0.31482154 0.05366103
v -0.03972079 0.31442156 0.05136103
v -0.03872079 0.31392154 0.04916103
v -0.03732079 0.31322154 0.04726103
v -0.03562079 0.31242156 0.04566103
v -0.03372079 0.31152156 0.04456103
v -0.03152079 0.31062156 0.04386103
v -0.03452079 0.31452155 0.06636102
v -0.03602079 0.31542155 0.06486103
v -0.03742079 0.31622157 0.06296103
v -0.03842079 0.31682155 0.06086103
v -0.03912079 0.31712157 0.05846103
v -0.03932079 0.31712157 0.05606103
v -0.03922079 0.31692156 0.05356103
v -0.03872079 0.31642154 0.05126103
v -0.03782079 0.31572154 0.04906103
v -0.03652079 0.31472155 0.04716103
v -0.03502079 0.31362155 0.04566103
v -0.03322079 0.31242156 0.04446103
v -0.03132079 0.31102157 0.04376103
v -0.03362079 0.31552154 0.06626103
v -0.03492079 0.31682155 0.06486103
v -0.03612079 0.31782156 0.06286103
v -0.03702079 0.31852156 0.06076103
v -0.03752079 0.31902155 0.05836103
v -0.03782079 0.31902155 0.05596103
v -0.03772079 0.31882155 0.05346103
v -0.03722079 0.31822154 0.05116103
v -0.03652079 0.31732154 0.04896103
v -0.03542079 0.31612155 0.04716103
v -0.03412079 0.31472155 0.04556103
v -0.03262079 0.31312156 0.04446103
v -0.03102079 0.31142154 0.04376103
v -0.03252079 0.31642154 0.06626103
v -0.03362079 0.31792155 0.06476103
v -0.03452079 0.31912154 0.06286103
v -0.03522079 0.32002154 0.06066103
v -0.03562079 0.32052156 0.05826103
v -0.03592079 0.32062155 0.05586103
v -0.03582079 0.32032156 0.05336103
v -0.03552079 0.31962156 0.05106103
v -0.03492079 0.31862155 0.04896103
v -0.03412079 0.31722155 0.04706103
v -0.03302079 0.31552154 0.04556103
v -0.03192079 0.31372154 0.04446103
v -0.03062079 0.31172156 0.04376103
v -0.03132079 0.31702155 0.06616103
v -0.03202079 0.31872156 0.06466103
v -0.03272079 0.32002154 0.06276103
v -0.03322079 0.32102156 0.06056103
v -0.03352079 0.32162154 0.05816103
v -0.03372079 0.32172155 0.05576103
v -0.03372079 0.32142156 0.05326103
v -0.03342079 0.32072157 0.05096103
v -0.03312079 0.31952155 0.04886103
v -0.03252079 0.31802157 0.04696103
v -0.03182079 0.31622157 0.04546103
v -0.03102079 0.31412154 0.04436103
v -0.03022079 0.31192157 0.04376103
v -0.03002079 0.31742156 0.06616103
v -0.03042079 0.31922156 0.06466103
v -0.03072079 0.32062155 0.06266103
v -0.03102079 0.32172155 0.06046103
v -0.03122079 0.32232156 0.05806103
v -0.03132079 0.32242155 0.05566103
v -0.03132079 0.32212156 0.05326103
v -0.03132079 0.32132155 0.05086103
v -0.03112079 0.32012156 0.04876103
v -0.03092079 0.31852156 0.04696103
v -0.03052079 0.31662154 0.04546103
v -0.03012079 0.31442156 0.04436103
v -0.02972079 0.31212154 0.04376103
v -0.02862079 0.31762156 0.06616103
v -0.02862079 0.31932154 0.06456103
v -0.02872079 0.32082155 0.06266103
v -0.02872079 0.32192156 0.06046103
v -0.02882079 0.32252154 0.05806103
v -0.02892079 0.32272154 0.05556103
v -0.02892079 0.32232156 0.05316103
v -0.02902079 0.32152155 0.05086103
v -0.02912079 0.32032156 0.04876103
v -0.02912079 0.31872156 0.04686103
v -0.02922079 0.31672156 0.04546103
v -0.02922079 0.31452155 0.04436103
v -0.02922079 0.31212154 0.04376103
v -0.02722079 0.31742156 0.06606103
v -0.02692079 0.31922156 0.06456103
v -0.02672079 0.32062155 0.06256103
v -0.02652079 0.32172155 0.06036103
v -0.02642079 0.32232156 0.05806103
v -0.02642079 0.32242155 0.05556103
v -0.02652079 0.32212156 0.05316103
v -0.02672079 0.32132155 0.05086103
v -0.02702079 0.32012156 0.04866103
v -0.02742079 0.31852156 0.04686103
v -0.02782079 0.31662154 0.04536103
v -0.02832079 0.31442156 0.04436103
v -0.02882079 0.31212154 0.04376103
v -0.02592079 0.31702155 0.06606103
v -0.02522079 0.31872156 0.06456103
v -0.02472079 0.32002154 0.06256103
v -0.02432079 0.32102156 0.06036103
v -0.02412079 0.32162154 0.05796103
v -0.02412079 0.32172155 0.05556103
v -0.02422079 0.32142156 0.05316103
v -0.02462079 0.32062155 0.05076103
v -0.02512079 0.31952155 0.04866103
v -0.02572079 0.31802157 0.04686103
v -0.02652079 0.31622157 0.04536103
v -0.02742079 0.31412154 0.04436103
v -0.02832079 0.31192157 0.04376103
v -0.02472079 0.31642154 0.06606103
v -0.02372079 0.31782156 0.06456103
v -0.02292079 0.31912154 0.06256103
v -0.02232079 0.31992155 0.06036103
v -0.02202079 0.32042155 0.05796103
v -0.02192079 0.32052156 0.05556103
v -0.02212079 0.32022154 0.05316103
v -0.02262079 0.31962156 0.05076103
v -0.02332079 0.31852156 0.04866103
v -0.02422079 0.31722155 0.04686103
v -0.02532079 0.31552154 0.04536103
v -0.02652079 0.31372154 0.04436103
v -0.02792079 0.31172156 0.04376103
v -0.02362079 0.31552154 0.06606103
v -0.02242079 0.31672156 0.06456103
v -0.02132079 0.31782156 0.06266103
v -0.02062079 0.31852156 0.06036103
v -0.02012079 0.31892157 0.05806103
v -0.02002079 0.31902155 0.05556103
v -0.02022079 0.31872156 0.05316103
v -0.02082079 0.31812155 0.05086103
v -0.02172079 0.31722155 0.04876103
v -0.02292079 0.31602156 0.04686103
v -0.02422079 0.31472155 0.04536103
v -0.02582079 0.31312156 0.04436103
v -0.02752079 0.31142154 0.04376103
v -0.02272079 0.31442156 0.06616103
v -0.02132079 0.31542155 0.06466103
v -0.02002079 0.31622157 0.06266103
v -0.01912079 0.31672156 0.06046103
v -0.01862079 0.31702155 0.05806103
v -0.01842079 0.31712157 0.05566103
v -0.01872079 0.31682155 0.05316103
v -0.01942079 0.31642154 0.05086103
v -0.02042079 0.31562155 0.04876103
v -0.02182079 0.31472155 0.04696103
v -0.02342079 0.31362155 0.04546103
v -0.02522079 0.31242156 0.04436103
v -0.02722079 0.31102157 0.04376103
v -0.02212079 0.31322154 0.06616103
v -0.02042079 0.31392154 0.06466103
v -0.01912079 0.31442156 0.06276103
v -0.01802079 0.31472155 0.06046103
v -0.01742079 0.31492156 0.05816103
v -0.01732079 0.31492156 0.05566103
v -0.01762079 0.31472155 0.05326103
v -0.01832079 0.31442156 0.05096103
v -0.01942079 0.31382155 0.04876103
v -0.02092079 0.31322154 0.04696103
v -0.02272079 0.31242156 0.04546103
v -0.02482079 0.31152156 0.04436103
v -0.02702079 0.31062156 0.04376103
v -0.02172079 0.31192157 0.06626103
v -0.01992079 0.31222156 0.06476103
v -0.01852079 0.31242156 0.06276103
v -0.01742079 0.31262156 0.06056103
v -0.01682079 0.31262156 0.05826103
v -0.01662079 0.31262156 0.05576103
v -0.01692079 0.31242156 0.05336103
v -0.01772079 0.31222156 0.05096103
v -0.01892079 0.31192157 0.04886103
v -0.02042079 0.31152156 0.04706103
v -0.02232079 0.31112155 0.04546103
v -0.02452079 0.31062156 0.04436103
v -0.02682079 0.31012157 0.04376103
v -0.02162079 0.31052154 0.06626103
v -0.01982079 0.31052154 0.06476103
v -0.01832079 0.31042156 0.06286103
v -0.01722079 0.31032154 0.06066103
v -0.01652079 0.31022155 0.05826103
v -0.01632079 0.31012157 0.05586103
v -0.01672079 0.31002155 0.05346103
v -0.01742079 0.30992156 0.05106103
v -0.01872079 0.30982155 0.04896103
v -0.02032079 0.30982155 0.04706103
v -0.02222079 0.30972156 0.04556103
v -0.02442079 0.30972156 0.04446103
v -0.02682079 0.30972156 0.04376103
v -0.02172079 0.30922157 0.06636102
v -0.02002079 0.30872154 0.06486103
v -0.01852079 0.30842155 0.06296103
v -0.01742079 0.30802155 0.06076103
v -0.01682079 0.30782154 0.05836103
v -0.01662079 0.30772156 0.05596103
v -0.01692079 0.30762154 0.05356103
v -0.01772079 0.30772156 0.05116103
v -0.01892079 0.30782154 0.04906103
v -0.02042079 0.30812156 0.04716103
v -0.02232079 0.30842155 0.04566103
v -0.02452079 0.30882156 0.04446103
v -0.02682079 0.30922157 0.04376103
v -0.02212079 0.30782154 0.06636102
v -0.02052079 0.30712155 0.06496103
v -0.01912079 0.30642155 0.06306103
v -0.01812079 0.30592155 0.06086103
v -0.01752079 0.30552155 0.05846103
v -0.01732079 0.30532154 0.05606103
v -0.01762079 0.30532154 0.05366103
v -0.01832079 0.30552155 0.05126103
v -0.01952079 0.30592155 0.04916103
v -0.02102079 0.30642155 0.04726103
v -0.02272079 0.30712155 0.04566103
v -0.02482079 0.30792156 0.04456103
v -0.02702079 0.30872154 0.04386103
v -0.02282079 0.30662155 0.06646103
v -0.02132079 0.30552155 0.06496103
v -0.02002079 0.30462155 0.06306103
v -0.01912079 0.30392155 0.06096103
v -0.01862079 0.30342156 0.05856103
v -0.01852079 0.30322155 0.05616103
v -0.01872079 0.30322155 0.05376103
v -0.01942079 0.30352154 0.05136103
v -0.02042079 0.30412155 0.04916103
v -0.02182079 0.30492154 0.04726103
v -0.02342079 0.30592155 0.04576103
v -0.02522079 0.30702156 0.04456103
v -0.02722079 0.30832157 0.04386103
v -0.02362079 0.30562156 0.06646103
v -0.02242079 0.30422154 0.06506103
v -0.02132079 0.30302155 0.06316103
v -0.02062079 0.30212155 0.06106102
v -0.02012079 0.30152154 0.05866103
v -0.02002079 0.30132157 0.05626103
v -0.02032079 0.30132157 0.05386103
v -0.02082079 0.30182156 0.05146103
v -0.02172079 0.30252156 0.04926103
v -0.02292079 0.30352154 0.04736103
v -0.02432079 0.30482155 0.04576103
v -0.02582079 0.30632156 0.04456103
v -0.02752079 0.30792156 0.04386103
v -0.02472079 0.30472156 0.06656103
v -0.02372079 0.30312154 0.06516103
v -0.02292079 0.30172154 0.06326102
v -0.02232079 0.30072156 0.06116103
v -0.02202079 0.30002156 0.05876103
v -0.02192079 0.29972154 0.05636103
v -0.02212079 0.29982156 0.05396103
v -0.02262079 0.30032155 0.05156103
v -0.02332079 0.30122155 0.04936103
v -0.02422079 0.30242154 0.04746103
v -0.02532079 0.30392155 0.04586103
v -0.02662079 0.30572155 0.04466103
v -0.02792079 0.30762154 0.04386103
v -0.02922079 0.30972156 0.04356103
v -0.02592079 0.30402154 0.06656103
v -0.02532079 0.30232155 0.06516103
v -0.02472079 0.30082154 0.06336103
v -0.02442079 0.29962155 0.06126103
v -0.02412079 0.29892156 0.05886102
v -0.02412079 0.29862157 0.05646103
v -0.02432079 0.29872155 0.05396103
v -0.02462079 0.29932156 0.05166103
v -0.02512079 0.30022156 0.04946103
v -0.02582079 0.30162156 0.04746103
v -0.02652079 0.30332154 0.04586103
v -0.02742079 0.30532154 0.04466103
v -0.02832079 0.30742157 0.04386103
v -0.02732079 0.30362156 0.06666103
v -0.02692079 0.30182156 0.06526103
v -0.02672079 0.30022156 0.06336103
v -0.02652079 0.29902154 0.06126103
v -0.02652079 0.29822156 0.05896103
v -0.02652079 0.29792154 0.05656103
v -0.02662079 0.29802155 0.05406103
v -0.02682079 0.29862157 0.05166103
v -0.02712079 0.29972154 0.04946103
v -0.02742079 0.30112156 0.04756103
v -0.02782079 0.30292156 0.04596103
v -0.02832079 0.30502155 0.04466103
v -0.02882079 0.30732155 0.04386103
v -0.02862079 0.30352154 0.06666103
v -0.02872079 0.30162156 0.06526103
v -0.02872079 0.30002156 0.06346103
v -0.02882079 0.29882154 0.06136103
v -0.02892079 0.29802155 0.05906103
v -0.02892079 0.29762155 0.05656103
v -0.02902079 0.29782155 0.05416103
v -0.02912079 0.29842156 0.05176103
v -0.02912079 0.29952157 0.04956103
v -0.02922079 0.30092156 0.04756103
v -0.02922079 0.30282155 0.04596103
v -0.02922079 0.30492154 0.04476103
v -0.02922079 0.30722156 0.04396103
v -0.03002079 0.30372155 0.06666103
v -0.03042079 0.30182156 0.06536103
v -0.03082079 0.30022156 0.06346103
v -0.03112079 0.29902154 0.06136103
v -0.03132079 0.29822156 0.05906103
v -0.03142079 0.29792154 0.05666102
v -0.03142079 0.29802155 0.05416103
v -0.03132079 0.29862157 0.05176103
v -0.03112079 0.29972154 0.04956103
v -0.03092079 0.30112156 0.04766103
v -0.03062079 0.30292156 0.04596103
v -0.03022079 0.30502155 0.04476103
v -0.02972079 0.30732155 0.04396103
v -0.03132079 0.30412155 0.06666103
v -0.03212079 0.30232155 0.06536103
v -0.03272079 0.30082154 0.06346103
v -0.03322079 0.29972154 0.06136103
v -0.03362079 0.29892156 0.05906103
v -0.03372079 0.29862157 0.05666102
v -0.03372079 0.29872155 0.05416103
v -0.03352079 0.29932156 0.05176103
v -0.03312079 0.30032155 0.04956103
v -0.03262079 0.30162156 0.04766103
v -0.03192079 0.30332154 0.04596103
v -0.03112079 0.30532154 0.04476103
v -0.03022079 0.30742157 0.04396103
v -0.03252079 0.30472156 0.06666103
v -0.03362079 0.30312154 0.06536103
v -0.03452079 0.30182156 0.06346103
v -0.03522079 0.30072156 0.06136103
v -0.03572079 0.30002156 0.05906103
v -0.03592079 0.29982156 0.05666102
v -0.03582079 0.29992154 0.05416103
v -0.03552079 0.30042157 0.05176103
v -0.03492079 0.30122155 0.04956103
v -0.03412079 0.30252156 0.04766103
v -0.03312079 0.30402154 0.04596103
v -0.03192079 0.30572155 0.04476103
v -0.03062079 0.30762154 0.04396103
v -0.03362079 0.30562156 0.06666103
v -0.03492079 0.30422154 0.06526103
v -0.03612079 0.30312154 0.06346103
v -0.03702079 0.30222157 0.06136103
v -0.03762079 0.30162156 0.05906103
v -0.03782079 0.30132157 0.05656103
v -0.03772079 0.30142155 0.05416103
v -0.03722079 0.30182156 0.05176103
v -0.03652079 0.30252156 0.04956103
v -0.03542079 0.30362156 0.04756103
v -0.03412079 0.30482155 0.04596103
v -0.03262079 0.30632156 0.04476103
v -0.03102079 0.30792156 0.04396103
v -0.03452079 0.30672154 0.06666103
v -0.03602079 0.30562156 0.06526103
v -0.03742079 0.30472156 0.06346103
v -0.03842079 0.30392155 0.06136103
v -0.03912079 0.30342156 0.05896103
v -0.03942079 0.30322155 0.05656103
v -0.03922079 0.30332154 0.05416103
v -0.03872079 0.30362156 0.05176103
v -0.03782079 0.30412155 0.04956103
v -0.03652079 0.30492154 0.04756103
v -0.03502079 0.30592155 0.04596103
v -0.03322079 0.30702156 0.04466103
v -0.03132079 0.30832157 0.04386103
v -0.03512079 0.30792156 0.06666103
v -0.03692079 0.30712155 0.06526103
v -0.03842079 0.30652156 0.06336103
v -0.03952079 0.30592155 0.06126103
v -0.04022079 0.30562156 0.05896103
v -0.04052079 0.30542156 0.05646103
v -0.04042079 0.30542156 0.05406103
v -0.03982079 0.30562156 0.05166103
v -0.03872079 0.30592155 0.04946103
v -0.03732079 0.30642155 0.04756103
v -0.03562079 0.30712155 0.04596103
v -0.03372079 0.30792156 0.04466103
v -0.03152079 0.30872154 0.04386103
v -0.03552079 0.30922157 0.06656103
v -0.03742079 0.30882156 0.06516103
v -0.03902079 0.30842155 0.06336103
v -0.04022079 0.30812156 0.06116103
v -0.04092079 0.30792156 0.05886102
v -0.04122079 0.30772156 0.05646103
v -0.04102079 0.30772156 0.05396103
v -0.04042079 0.30772156 0.05156103
v -0.03932079 0.30792156 0.04946103
v -0.03782079 0.30812156 0.04746103
v -0.03602079 0.30842155 0.04586103
v -0.03392079 0.30882156 0.04466103
v -0.03162079 0.30922157 0.04386103
f 4 2 1
f 8 6 5
f 13 15 14
f 17 19 18
f 32 30 29
f 36 34 33
f 37 39 38
f 21 23 20
f 25 27 24
f 41 43 42
f 48 46 45
f 52 50 49
f 53 55 54
f 60 58 57
f 29 62 61
f 66 64 63
f 67 6 68
f 72 70 69
f 76 74 73
f 77 79 78
f 81 83 82
f 59 86 85
f 88 90 89
f 96 94 93
f 100 98 97
f 101 103 102
f 106 34 87
f 108 115 107
f 117 36 118
f 124 126 125
f 131 129 128
f 132 134 133
f 142 140 139
f 148 60 147
f 144 127 124
f 149 151 150
f 156 154 153
f 159 158 157
f 116 164 105
f 171 169 168
f 174 173 172
f 179 181 180
f 186 188 187
f 194 196 195
f 199 139 198
f 206 208 207
f 213 211 210
f 202 214 201
f 96 216 54
f 92 43 44
f 97 246 100
f 250 229 228
f 252 58 253
f 258 256 255
f 260 229 259
f 110 112 113
f 114 263 109
f 265 267 266
f 56 270 269
f 274 249 250
f 185 63 64
f 280 278 276
f 285 283 157
f 288 211 212
f 141 92 46
f 289 175 176
f 148 105 106
f 312 170 171
f 238 42 43
f 318 160 317
f 310 308 307
f 241 325 324
f 160 240 317
f 47 307 308
f 108 315 164
f 345 86 119
f 348 350 349
f 356 358 357
f 355 353 352
f 363 32 362
f 149 150 176
f 364 253 365
f 366 368 367
f 183 371 63
f 163 161 160
f 209 101 208
f 378 165 166
f 379 381 380
f 383 3 4
f 284 386 385
f 387 389 388
f 391 229 249
f 73 397 396
f 405 407 406
f 203 411 410
f 414 413 412
f 1 357 4
f 277 131 275
f 254 57 58
f 358 415 351
f 417 386 408
f 401 192 420
f 419 127 143
f 421 182 422
f 103 302 409
f 428 368 174
f 380 359 356
f 62 266 323
f 140 431 430
f 357 351 348
f 356 379 380
f 415 403 434
f 437 436 435
f 438 440 439
f 188 450 449
f 452 454 453
f 265 181 421
f 224 64 225
f 237 213 427
f 275 128 458
f 281 460 459
f 50 79 461
f 73 282 281
f 468 466 465
f 390 352 359
f 482 484 483
f 489 487 486
f 493 495 494
f 472 470 469
f 502 500 499
f 220 222 223
f 512 143 66
f 518 511 80
f 513 230 286
f 205 31 244
f 189 451 188
f 163 532 8
f 533 225 251
f 446 447 412
f 335 540 334
f 544 546 545
f 329 291 292
f 199 262 238
f 385 416 550
f 532 191 247
f 363 118 243
f 236 237 250
f 578 580 579
f 573 571 570
f 561 562 272
f 241 259 240
f 590 592 591
f 545 595 594
f 503 155 504
f 606 624 623
f 478 480 479
f 646 648 647
f 590 689 684
f 564 651 650
f 728 184 727
f 714 716 715
f 692 575 693
f 541 581 578
f 346 248 400
f 161 230 160
f 128 94 95
f 698 704 703
f 574 576 575
f 290 401 328
f 630 725 726
f 733 735 734
f 755 496 493
f 759 481 760
f 757 762 761
f 764 466 467
f 768 9260 9261
f 759 488 489
f 492 475 771
f 474 769 473
f 773 465 772
f 771 486 483
f 484 775 491
f 774 489 486
f 495 764 756
f 495 761 494
f 137 784 136
f 325 797 547
f 165 51 52
f 369 29 370
f 730 568 569
f 90 301 89
f 243 516 242
f 800 806 805
f 817 808 816
f 816 823 822
f 306 447 807
f 815 809 808
f 829 828 825
f 726 501 502
f 274 424 423
f 879 881 880
f 884 879 885
f 219 217 211
f 906 904 897
f 455 205 542
f 898 830 829
f 903 880 881
f 906 897 898
f 377 519 165
f 923 948 946
f 946 951 950
f 8963 739 8961
f 900 886 880
f 225 65 144
f 182 442 422
f 809 947 824
f 954 962 961
f 927 965 966
f 885 880 886
f 925 966 967
f 343 341 340
f 965 971 968
f 968 970 969
f 972 969 973
f 963 981 978
f 336 338 339
f 992 827 828
f 810 996 959
f 1007 1002 1008
f 1012 827 1009
f 1011 1007 1008
f 294 292 291
f 907 920 919
f 1017 1019 1018
f 1020 1022 1021
f 1035 1020 1044
f 1061 1047 1046
f 1063 1046 1062
f 1044 1021 1045
f 1102 1097 1109
f 1116 1118 1117
f 1016 1014 1013
f 881 904 903
f 816 1127 817
f 1094 949 1097
f 514 167 515
f 146 81 82
f 1133 1130 1129
f 1102 1126 822
f 822 1116 816
f 1145 1148 1136
f 1076 1151 1069
f 1148 1086 1087
f 1109 1114 1136
f 1154 1156 1155
f 1153 967 1156
f 8815 463 9166
f 1144 1152 1151
f 1156 1163 1162
f 1164 1169 1165
f 1145 1176 1147
f 1114 1154 1171
f 1183 1164 1177
f 1184 1177 1185
f 1069 1062 1064
f 1023 1194 1022
f 1162 1170 1169
f 1195 1185 1191
f 1183 1176 1155
f 1201 1152 1196
f 1061 1201 1202
f 9277 843 9288
f 1203 1195 1034
f 1202 1184 1195
f 1218 1203 1217
f 1060 1202 1203
f 1225 1217 1219
f 671 694 670
f 1219 1024 1035
f 1217 1034 1024
f 1226 1015 1227
f 1243 1234 1233
f 1231 1229 1228
f 847 1233 843
f 843 1244 878
f 1233 1245 1244
f 1923 233 216
f 2100 499 500
f 9366 2135 9352
f 61 323 505
f 210 217 457
f 1299 1309 1300
f 9315 1231 9314
f 1066 1321 1322
f 1322 1228 1229
f 1060 1321 1047
f 1325 1323 1310
f 1244 1332 1330
f 1290 1242 1288
f 1337 1339 1338
f 1330 1340 1339
f 1341 1245 1294
f 1342 1332 1341
f 1343 1341 1344
f 1344 1294 1293
f 9309 1345 1346
f 1347 1342 1343
f 9308 1295 1345
f 1349 1348 1347
f 9313 1347 9305
f 9305 1343 9309
f 906 829 1353
f 905 1353 1354
f 865 1355 1357
f 1355 829 825
f 1357 825 826
f 1356 1353 1355
f 9286 1338 9285
f 866 1356 865
f 1358 1354 1356
f 9280 1337 9286
f 838 1012 841
f 1363 1338 1339
f 1368 1339 1340
f 1348 1340 1342
f 1371 9276 9281
f 524 526 523
f 528 530 527
f 1372 1369 1371
f 535 537 538
f 1367 1348 1350
f 1370 1359 1369
f 1369 9285 9276
f 1373 903 904
f 555 557 558
f 1374 910 1373
f 1373 905 1375
f 1374 1375 1376
f 1375 1354 1370
f 1378 908 1377
f 376 651 1387
f 1388 973 969
f 586 588 585
f 1390 1388 1391
f 1391 969 970
f 597 599 596
f 600 602 603
f 1392 970 979
f 608 610 607
f 612 523 611
f 614 616 613
f 617 25 24
f 620 622 619
f 1397 1391 1392
f 1398 1392 1399
f 1400 920 1378
f 1402 1165 1169
f 636 638 635
f 930 1402 929
f 641 643 644
f 929 1169 1170
f 1404 1403 1402
f 1411 1365 1406
f 1412 1415 1414
f 652 654 655
f 609 657 658
f 659 661 662
f 558 586 585
f 665 667 664
f 1413 1406 1412
f 1418 9262 9265
f 1417 1371 1416
f 1416 9281 9262
f 1419 1416 1418
f 1386 1374 1420
f 677 679 676
f 1385 1420 1421
f 1420 1376 1422
f 685 687 688
f 1421 1422 1423
f 528 691 658
f 1422 1372 1417
f 1018 747 1425
f 699 701 702
f 1424 579 1017
f 9115 1767 9112
f 700 711 712
f 1093 9206 1571
f 717 530 719
f 721 723 720
f 704 8987 8998
f 19 1426 1430
f 1429 1427 1426
f 1658 8986 8988
f 1439 1434 1438
f 1437 1435 1434
f 1426 1433 1432
f 1442 1432 1440
f 742 744 745
f 1432 1441 1440
f 751 753 750
f 1438 1403 1405
f 1446 1444 1443
f 1447 1446 1443
f 9312 1443 9300
f 1415 1445 1446
f 1414 1446 1448
f 2173 469 470
f 777 779 686
f 780 782 783
f 1676 1806 1675
f 9311 1349 9313
f 789 791 788
f 745 793 742
f 652 795 653
f 1455 1457 1456
f 1454 1350 1452
f 610 802 801
f 9283 698 703
f 1352 1045 1351
f 1015 1459 1460
f 811 813 814
f 2118 9269 2117
f 819 821 818
f 1466 1194 1190
f 1467 1465 1466
f 1182 1468 1467
f 832 833 831
f 835 837 834
f 1467 1190 1182
f 1469 1444 1445
f 840 712 690
f 1453 1469 1454
f 599 845 846
f 1226 9301 9307
f 851 853 850
f 855 856 854
f 858 860 857
f 861 863 864
f 1014 9307 9310
f 867 868 869
f 870 872 873
f 874 876 877
f 1310 1471 1309
f 1476 1427 1475
f 1461 1475 1460
f 887 889 890
f 788 892 891
f 894 896 893
f 1460 1227 1015
f 901 524 612
f 1465 1477 1464
f 1865 8944 1864
f 911 913 914
f 916 918 915
f 1850 8951 1851
f 921 895 894
f 1479 1436 1478
f 926 667 601
f 1481 563 1480
f 269 84 1482
f 931 933 916
f 934 614 869
f 936 688 937
f 938 662 939
f 1484 122 123
f 941 835 834
f 320 509 510
f 1849 8949 1850
f 84 1484 83
f 1487 1488 539
f 1757 8946 8953
f 365 1491 364
f 461 80 511
f 117 362 1496
f 1494 541 1495
f 926 957 958
f 1477 1433 1476
f 1709 1585 1700
f 119 1496 345
f 271 504 156
f 511 189 186
f 345 1492 365
f 255 344 254
f 57 299 132
f 1501 268 1500
f 267 1499 145
f 974 976 977
f 1678 1693 1676
f 9298 1807 9292
f 557 663 558
f 983 984 985
f 1443 9301 9300
f 421 268 265
f 989 991 988
f 1490 418 1504
f 279 309 310
f 997 676 679
f 998 999 875
f 1504 38 1505
f 1506 1507 1486
f 360 1508 1506
f 1506 207 360
f 939 1006 938
f 270 1483 269
f 66 546 512
f 1010 793 935
f 367 437 1509
f 244 363 243
f 1670 8978 1669
f 209 1510 226
f 235 1512 1511
f 1511 234 235
f 388 426 425
f 427 250 237
f 161 521 231
f 100 45 44
f 1025 608 1027
f 1029 1031 1028
f 939 1033 1032
f 41 594 99
f 1036 783 1037
f 702 1038 1039
f 1040 1042 1043
f 362 369 1493
f 187 477 186
f 70 539 198
f 1511 1521 234
f 1049 603 1048
f 613 869 614
f 860 1051 857
f 1005 1053 1006
f 753 1056 1054
f 1057 1059 1055
f 293 1522 292
f 288 1521 1522
f 292 1523 329
f 331 1508 1524
f 306 453 305
f 100 41 99
f 462 78 79
f 330 1524 462
f 635 1068 636
f 1485 1526 1528
f 206 1528 1510
f 1070 1072 831
f 942 1073 1074
f 916 1075 917
f 440 1530 439
f 157 1514 285
f 1529 5 1530
f 371 546 63
f 790 663 791
f 1077 857 1078
f 1403 1435 1165
f 1080 1082 1079
f 531 1529 440
f 21 1084 1085
f 272 1531 561
f 137 396 397
f 690 802 691
f 335 9011 581
f 1090 1029 1091
f 1092 794 1042
f 1533 137 138
f 661 1095 1096
f 69 445 72
f 1099 1101 1098
f 38 1536 1505
f 1104 1106 1103
f 852 1108 853
f 1377 909 1386
f 291 411 294
f 316 516 33
f 539 1533 534
f 1505 316 313
f 1110 1112 1113
f 1539 460 264
f 522 1537 1539
f 834 1120 1119
f 1122 1124 1121
f 612 1041 901
f 935 615 614
f 276 130 131
f 1686 8966 1685
f 193 1541 273
f 231 1540 287
f 556 982 557
f 365 85 345
f 190 318 1541
f 1810 9018 8972
f 9376 8956 9243
f 1132 985 1131
f 208 102 132
f 1134 662 661
f 1491 80 77
f 429 1542 147
f 1137 915 918
f 172 428 174
f 1139 1141 1142
f 549 54 55
f 1517 1518 296
f 976 1146 938
f 834 984 941
f 1543 286 115
f 1544 239 513
f 133 1544 1542
f 506 257 258
f 420 328 401
f 1158 1160 1157
f 587 1103 588
f 1513 1514 151
f 607 1027 608
f 304 1545 303
f 364 77 506
f 69 198 139
f 1006 976 938
f 700 1112 701
f 9329 8969 9239
f 1166 657 656
f 1167 858 1077
f 1300 8968 1299
f 1172 1174 1175
f 218 200 217
f 1179 1181 1178
f 372 97 98
f 89 227 88
f 1186 1188 1189
f 172 1517 1549
f 1482 81 1498
f 1090 1193 1030
f 394 353 1551
f 526 1198 1197
f 811 858 812
f 1199 1026 1025
f 606 697 696
f 1204 1206 743
f 1207 523 526
f 1209 867 613
f 914 685 936
f 1478 1441 1477
f 1029 1161 1091
f 1211 1213 1214
f 9310 1451 9311
f 844 1216 845
f 423 273 274
f 1220 1222 1083
f 22 1224 23
f 882 897 881
f 1519 173 387
f 1189 1232 1178
f 349 550 416
f 1071 1236 1072
f 1237 1239 745
f 1221 1189 1240
f 1510 1512 333
f 939 1241 1005
f 1556 5 67
f 1553 394 1551
f 404 67 347
f 1247 1249 1246
f 142 238 92
f 1251 635 1250
f 850 1253 851
f 1254 1077 1255
f 57 133 429
f 443 552 551
f 1187 1175 1188
f 1256 831 833
f 432 382 383
f 741 747 746
f 434 351 415
f 349 383 348
f 251 1481 1480
f 395 352 353
f 1518 1550 1551
f 1558 378 340
f 109 314 315
f 285 1513 407
f 395 393 392
f 202 410 1558
f 417 405 432
f 1246 1258 1247
f 3 297 2
f 1259 1261 1262
f 403 347 284
f 955 953 952
f 462 51 330
f 1096 687 1263
f 429 60 57
f 896 1265 932
f 1267 1268 1266
f 423 327 420
f 37 180 40
f 20 1187 1186
f 1256 1071 1070
f 155 156 504
f 1188 1269 1232
f 1236 1271 1262
f 1272 535 621
f 565 463 464
f 1273 745 1239
f 876 1255 1274
f 316 164 315
f 437 503 1509
f 194 1495 197
f 1275 864 863
f 624 631 630
f 1277 1137 1278
f 569 567 566
f 1481 125 366
f 324 547 326
f 1279 1107 1280
f 1525 329 1523
f 1281 1137 918
f 171 1553 1552
f 1488 396 1533
f 1557 1562 1559
f 1282 1206 1205
f 1053 1278 1281
f 778 607 1283
f 713 9010 9013
f 251 144 124
f 4 348 383
f 709 707 706
f 728 45 246
f 261 1563 544
f 789 1287 790
f 74 263 282
f 403 385 434
f 1178 1240 1189
f 1223 1289 1224
f 158 150 151
f 1220 1186 1221
f 296 354 433
f 784 1538 1566
f 1181 1291 1222
f 1269 1257 1246
f 1566 438 399
f 136 1566 1564
f 1563 169 1565
f 107 109 108
f 1297 1298 1296
f 1464 1476 1461
f 1520 507 508
f 1301 1303 1304
f 1306 1308 1305
f 175 1532 272
f 1532 200 201
f 1311 1312 1313
f 872 1315 1316
f 1317 1318 1319
f 9288 878 9280
f 1305 864 1276
f 1040 863 1320
f 1564 399 169
f 592 1575 591
f 591 1088 689
f 1581 1583 1582
f 1196 1147 1176
f 710 583 713
f 285 408 386
f 953 961 963
f 1594 1589 1593
f 1585 1587 1586
f 1592 1590 1589
f 9337 944 9351
f 1600 1598 1597
f 1604 1602 1601
f 1399 979 980
f 1589 1596 1595
f 1610 1608 1607
f 298 361 360
f 551 276 277
f 1627 9266 9271
f 859 818 860
f 1078 1328 1329
f 1555 1530 1556
f 572 680 681
f 772 776 774
f 977 918 917
f 404 392 393
f 1054 750 753
f 1644 1643 1642
f 932 1082 933
f 1067 1334 1068
f 1540 264 114
f 597 643 1336
f 471 762 470
f 1642 9283 9294
f 1644 9294 9295
f 923 950 927
f 96 548 95
f 520 522 521
f 445 443 442
f 849 848 842
f 480 755 493
f 1646 481 1639
f 311 1567 170
f 464 8941 8939
f 8941 1361 8939
f 234 236 235
f 190 192 191
f 153 152 149
f 231 286 230
f 1552 1551 1550
f 760 1648 488
f 9284 1649 9282
f 828 826 825
f 52 166 165
f 1663 1661 1660
f 287 115 286
f 668 670 669
f 634 640 639
f 553 559 554
f 118 33 516
f 492 491 490
f 8996 1651 8997
f 582 584 583
f 384 392 415
f 1381 1383 1380
f 1562 435 436
f 952 951 947
f 8973 583 584
f 1660 1667 1666
f 1394 1396 1393
f 1660 1664 1663
f 1671 1669 1668
f 1624 1673 1672
f 1407 1409 1410
f 1677 1675 1674
f 1613 1677 1625
f 1679 1676 1677
f 1626 9263 9266
f 534 198 539
f 176 150 159
f 803 734 800
f 400 191 192
f 65 143 144
f 8970 1656 8984
f 402 157 283
f 629 627 626
f 461 49 50
f 758 495 756
f 796 786 785
f 406 1513 1560
f 342 166 167
f 1694 1658 1695
f 1692 1694 1696
f 9001 1652 8996
f 9373 1703 9375
f 326 302 90
f 9368 1702 1706
f 9371 1698 1701
f 1699 9379 9370
f 1557 1560 1561
f 1127 1117 1128
f 400 289 346
f 1706 1707 1708
f 1707 1599 1600
f 1709 1708 1588
f 1714 1711 1713
f 9371 1709 1700
f 1704 1577 1703
f 1716 1713 1715
f 1559 1549 297
f 1722 1720 1719
f 1335 596 1489
f 410 377 378
f 973 1163 972
f 168 399 398
f 1571 1089 1093
f 1572 682 1571
f 749 647 754
f 1730 1723 1729
f 1594 1729 1592
f 1729 1591 1592
f 1731 1730 1583
f 1384 1377 1379
f 1732 1712 1714
f 1724 1731 1732
f 1712 1731 1580
f 1722 1732 1733
f 1721 1733 1734
f 1734 1716 1717
f 1735 1736 1697
f 1733 1714 1716
f 1663 1741 1668
f 1742 1740 1743
f 1738 1737 1735
f 1665 1666 1740
f 1665 1744 1664
f 1725 1746 1745
f 1591 1745 1590
f 1590 1747 1596
f 1745 1748 1747
f 1659 8982 8986
f 5650 8989 5617
f 1185 1182 1190
f 1664 1749 1741
f 1741 1739 1738
f 1746 1743 1748
f 1726 1742 1746
f 1153 924 925
f 1115 1153 1154
f 1654 9019 1655
f 1896 8993 1686
f 1720 1744 1726
f 1721 1749 1720
f 1750 1701 1698
f 1697 1750 1696
f 1151 1063 1062
f 1751 1670 1671
f 1695 1752 1751
f 961 986 981
f 1770 1768 1767
f 1766 1593 1765
f 1731 1579 1580
f 1579 1774 1578
f 9380 1771 9381
f 1764 9380 9369
f 1777 1775 1774
f 9214 1699 1700
f 1004 1128 1003
f 1774 1771 1772
f 987 1399 980
f 1578 1772 1764
f 1783 1781 1778
f 1597 1770 1767
f 639 9347 9336
f 9380 1769 1770
f 1793 1789 1788
f 9381 1798 1769
f 8952 9225 1806
f 1802 9376 9374
f 1788 1794 1793
f 1793 1795 1776
f 9225 1675 1806
f 1584 1783 1789
f 1771 9372 9381
f 1801 1798 1800
f 1768 1798 1799
f 1775 1797 1771
f 508 515 1520
f 1796 1802 1797
f 1800 9372 9374
f 1794 1804 1795
f 8976 1752 8991
f 485 1807 775
f 9261 1640 768
f 9289 1810 1653
f 485 1640 1808
f 1690 9222 9224
f 487 1648 1811
f 9291 1816 9274
f 9290 1648 9282
f 9291 1811 9290
f 1812 487 1811
f 1641 767 768
f 465 755 776
f 767 9275 9260
f 9274 9278 9299
f 1809 1815 767
f 9289 1651 9292
f 675 8985 8940
f 1814 1822 1821
f 1821 9273 9272
f 1824 1649 1825
f 1827 1850 1805
f 1668 1662 1663
f 1779 1848 1828
f 1790 1805 1794
f 1833 1853 1852
f 8965 693 575
f 1614 1616 1617
f 1852 8942 8945
f 1620 1622 1623
f 1855 1574 1861
f 1847 8945 8957
f 1766 1855 1782
f 1629 1631 1628
f 1633 1634 1632
f 1635 1637 1638
f 1848 1852 1847
f 1855 1863 1862
f 1803 1867 1802
f 1862 1831 1832
f 1782 1862 1781
f 9374 1865 1800
f 1873 1870 1869
f 1874 799 804
f 2045 9349 2044
f 1219 1295 1225
f 1615 1396 1395
f 9336 1877 1876
f 645 9238 9003
f 1345 1035 1346
f 634 9336 9332
f 15 1327 14
f 9362 1878 1893
f 1894 605 1893
f 8950 627 693
f 9004 645 9003
f 340 454 1558
f 1897 195 1898
f 1889 1877 1890
f 1901 129 1900
f 196 754 232
f 1705 9373 9368
f 340 166 343
f 1570 563 561
f 1904 194 1897
f 1781 1832 1780
f 1905 55 1906
f 1000 995 996
f 986 920 987
f 1191 1190 1194
f 2094 2075 2093
f 1920 1919 1915
f 453 1912 1911
f 1915 1918 1916
f 9334 2106 9353
f 1655 8975 1868
f 1916 1926 1925
f 704 9005 703
f 278 1925 1900
f 9009 1818 1820
f 1097 1115 1114
f 1927 727 1923
f 9030 9106 9210
f 1920 307 1929
f 1929 48 728
f 503 1497 1509
f 1902 787 796
f 1816 9272 9278
f 1925 1923 1924
f 1535 1568 1534
f 254 258 255
f 1509 366 367
f 119 35 36
f 219 293 294
f 141 47 431
f 542 244 245
f 1940 430 431
f 1779 1827 1790
f 1701 9367 9371
f 1661 8959 1667
f 270 754 647
f 197 749 196
f 1727 1212 1211
f 53 232 754
f 1465 1479 1478
f 1284 9306 1293
f 1951 412 413
f 168 1554 1553
f 1486 206 207
f 506 78 361
f 994 1007 993
f 951 963 964
f 1013 9313 1351
f 9278 1820 1818
f 1498 1954 1482
f 299 543 132
f 1754 1756 1753
f 1681 1683 1682
f 1696 1695 1697
f 13 738 737
f 473 475 474
f 482 768 1640
f 204 30 205
f 1761 820 819
f 611 1125 612
f 1501 1908 1909
f 1074 711 699
f 1960 82 83
f 120 1960 123
f 35 87 34
f 1773 1025 1031
f 1965 1569 1535
f 494 471 479
f 1966 1969 1968
f 446 1971 1967
f 174 125 126
f 1580 1578 1577
f 1785 1787 1784
f 1972 304 305
f 1254 875 999
f 1973 342 514
f 321 1973 509
f 1910 275 1907
f 509 514 508
f 1486 1527 1485
f 1974 804 1975
f 1977 1974 1978
f 1980 1966 1981
f 379 2 295
f 1718 1710 1701
f 884 992 883
f 1680 1678 1679
f 902 525 524
f 344 256 299
f 135 137 136
f 236 228 333
f 448 1967 1966
f 589 604 584
f 910 908 907
f 1981 1968 1987
f 1982 1987 1979
f 1988 1987 1989
f 1990 1989 1991
f 1991 1993 1992
f 322 320 319
f 992 830 883
f 1144 1086 1143
f 1995 1978 1994
f 1133 1118 1126
f 1997 1994 1996
f 870 1335 1489
f 805 1982 1998
f 727 2000 1999
f 1996 1988 1990
f 1994 1979 1988
f 1829 792 1273
f 1830 941 983
f 798 800 799
f 729 731 730
f 2011 2023 2022
f 1834 846 1159
f 402 284 347
f 2022 2024 2025
f 1838 989 988
f 810 952 809
f 1823 1840 644
f 1430 1432 1431
f 1215 1841 1079
f 149 176 177
f 1316 873 872
f 2112 1384 2106
f 1842 1844 1845
f 1159 845 1160
f 837 1846 1120
f 1971 2030 2027
f 517 370 189
f 858 833 812
f 1471 2027 1888
f 8995 626 627
f 2174 770 490
f 935 1854 1010
f 1613 1611 1618
f 1231 1225 1295
f 1856 891 892
f 1300 748 741
f 1150 1858 1859
f 1643 696 1642
f 1215 1264 1216
f 1320 902 901
f 1956 1944 1960
f 2031 669 1474
f 2034 1310 1299
f 1879 1656 1657
f 40 242 39
f 1992 2039 1456
f 888 957 889
f 1882 1996 1990
f 1078 1255 1077
f 1871 1192 1090
f 294 218 219
f 1323 2026 1471
f 123 83 1484
f 1324 2041 1323
f 384 359 352
f 1324 2038 2036
f 1883 1885 1829
f 287 114 107
f 1096 1134 661
f 915 931 916
f 806 1981 1982
f 8977 584 604
f 1425 2042 1018
f 1018 1948 1017
f 9006 740 8963
f 1948 649 646
f 1881 1990 1991
f 1900 130 278
f 992 994 993
f 923 925 924
f 9330 2047 9328
f 1643 625 606
f 2050 2051 2049
f 2045 1404 2047
f 9328 945 9337
f 1139 1079 1841
f 1037 892 982
f 2055 2057 2056
f 1198 718 717
f 1619 1612 1611
f 2058 1606 2059
f 2059 1607 2058
f 2058 1624 1605
f 71 179 37
f 405 1557 382
f 976 1006 977
f 322 1972 1911
f 2061 2063 2062
f 2066 2067 1825
f 2052 2064 2051
f 1609 2066 1647
f 1515 152 1516
f 1009 993 1007
f 1644 9267 2118
f 279 1916 278
f 1285 9314 1284
f 1647 1825 1649
f 2056 2067 2065
f 319 1953 1952
f 667 1913 1914
f 2070 625 2048
f 2052 2055 2063
f 2038 1655 1458
f 1606 2073 2072
f 1235 1270 1236
f 2072 2075 2074
f 2059 2072 2062
f 2074 2077 2076
f 1601 2078 2073
f 2049 1643 1645
f 1000 1001 994
f 1089 684 689
f 1931 1306 1930
f 1462 1021 1022
f 1932 1934 1935
f 875 1846 998
f 1936 1937 1938
f 44 46 92
f 1534 1956 120
f 1541 317 391
f 2081 2084 2083
f 146 1959 300
f 1360 1942 1361
f 985 1032 1033
f 1995 1892 2043
f 2079 2082 2081
f 2095 2076 2077
f 2081 2078 2079
f 2055 2054 2053
f 501 2095 500
f 2097 2099 2098
f 2098 2094 2083
f 2140 9345 9318
f 2141 9346 9345
f 2051 2048 2049
f 592 2101 1576
f 2071 2076 2096
f 2102 2098 2101
f 593 2102 592
f 1019 746 747
f 1950 12 1327
f 725 2096 501
f 1385 2104 1379
f 1379 2106 1384
f 2107 2100 2097
f 9360 502 9348
f 9348 499 9353
f 940 2109 944
f 928 1170 973
f 9320 684 9351
f 1962 1964 1961
f 9330 573 9349
f 2039 1968 1969
f 1389 2110 2109
f 1398 2113 1397
f 9209 9205 9195
f 9363 2107 2103
f 949 924 1115
f 260 324 326
f 1390 2113 2110
f 2070 2064 2071
f 9319 2103 593
f 2105 1421 2114
f 2114 1423 2115
f 9344 2115 9355
f 9360 2114 9344
f 554 1902 553
f 972 967 966
f 1765 1573 1574
f 1984 1986 1983
f 2053 2069 2057
f 9017 724 714
f 1625 1674 1673
f 9333 2119 2122
f 9355 2123 9356
f 56 1906 55
f 626 9331 629
f 2001 2003 2004
f 9364 2127 9359
f 2006 2008 2009
f 2127 1412 2128
f 2014 2016 2017
f 2018 2020 2021
f 1495 1947 197
f 1379 1386 1385
f 9266 1680 1618
f 2029 1884 2028
f 9354 2120 9339
f 629 9366 9324
f 682 943 1089
f 724 2121 716
f 1757 9273 9297
f 765 9296 9261
f 9303 715 9304
f 706 9322 9324
f 981 987 980
f 1457 1656 1880
f 2017 2032 2033
f 1458 1868 1457
f 1776 1792 1793
f 1959 1946 1958
f 9115 9177 9113
f 9365 2122 9302
f 1093 689 1088
f 966 968 972
f 9304 9333 9365
f 2172 2170 2171
f 670 2137 669
f 9213 1903 233
f 1429 28 1449
f 964 978 971
f 9293 1413 2127
f 1473 669 2137
f 9286 1359 1358
f 2138 1870 2137
f 1872 2137 1870
f 715 9340 9333
f 1881 1992 1880
f 9295 739 740
f 1837 8957 8958
f 253 59 85
f 1808 9292 1807
f 1647 9270 1609
f 9317 671 668
f 2112 9335 2111
f 1405 2044 1438
f 9281 1364 1366
f 273 391 249
f 576 8964 8999
f 9327 668 2031
f 1430 2140 2139
f 2136 9312 28
f 1430 18 19
f 9345 570 695
f 1442 2046 2141
f 1431 2141 2140
f 9321 9302 2136
f 9260 1817 766
f 9318 695 671
f 2142 798 2138
f 571 2142 694
f 9271 1618 1611
f 2143 2025 2142
f 694 2138 670
f 681 2144 572
f 2144 2022 2143
f 328 457 290
f 1572 2011 2144
f 630 9355 624
f 2085 2087 2088
f 2090 2092 2089
f 572 2143 571
f 1875 2153 2149
f 1873 2149 2154
f 2103 2097 2102
f 2157 2155 2156
f 2128 1414 2120
f 9326 589 582
f 9324 628 629
f 2149 2158 2159
f 2159 9357 9342
f 698 9354 705
f 9275 9279 1817
f 2158 9326 9357
f 1438 2046 1439
f 2035 2160 2161
f 2161 9341 9338
f 9323 605 589
f 9325 18 9327
f 370 61 451
f 649 413 648
f 2153 2156 2158
f 1428 1449 1450
f 1490 73 1488
f 9342 710 633
f 2155 9343 9323
f 1456 1880 1992
f 2125 2087 2124
f 2160 9342 9341
f 300 505 323
f 1064 1046 1065
f 2043 1891 2155
f 2129 2004 2003
f 2131 2133 2134
f 9300 1450 1449
f 1998 804 805
f 9331 9316 9366
f 474 490 770
f 1164 1182 1177
f 707 9361 9322
f 708 2162 707
f 2162 9338 9361
f 548 1905 458
f 1145 1114 1171
f 705 1650 704
f 2043 1977 1995
f 737 554 559
f 1034 1191 1023
f 458 1907 275
f 195 232 233
f 2040 1969 1970
f 2145 2147 2148
f 2054 2049 1645
f 9284 1639 9270
f 9 11 10
f 252 506 258
f 472 479 471
f 1865 9243 8947
f 900 910 907
f 1941 2151 1942
f 1921 1927 1919
f 2163 1898 2116
f 271 153 178
f 1904 12 9
f 282 264 460
f 1872 2154 2035
f 1326 1897 2163
f 628 693 627
f 1724 1719 1723
f 1549 436 172
f 1582 1730 1729
f 1921 1929 1928
f 9007 10 11
f 2152 1950 1949
f 475 774 771
f 769 2171 473
f 2171 476 473
f 476 772 475
f 1791 464 1760
f 2166 2168 2169
f 595 372 98
f 483 1641 482
f 762 2173 470
f 771 484 492
f 486 1809 483
f 297 1517 296
f 763 2174 762
f 776 759 489
f 184 2176 2000
f 412 303 414
f 2005 185 224
f 9263 1682 9298
f 2164 756 764
f 1472 2161 2162
f 950 964 965
f 2177 2179 2180
f 227 1510 333
f 764 467 2164
f 2182 2184 2181
f 2186 2018 2185
f 1985 2181 1986
f 214 729 1531
f 1545 1546 1569
f 865 842 866
f 849 1357 1362
f 452 1558 454
f 559 3188 737
f 16 737 3188
f 560 498 374
f 3193 3195 3194
f 3200 3198 3199
f 3211 3213 3212
f 3215 3217 3216
f 2187 2002 2001
f 3233 3235 3234
f 3223 3222 3224
f 3229 3231 3230
f 3245 3247 3246
f 2169 2189 2190
f 2192 2085 2191
f 2193 2195 2196
f 2198 2200 2197
f 1998 1979 1975
f 9116 9120 9123
f 3253 3255 3254
f 2116 1903 1902
f 1859 2009 1150
f 9356 2126 9358
f 1135 1087 1130
f 2201 2015 2014
f 1149 110 1858
f 3261 3263 3262
f 3269 3271 3270
f 3265 3267 3266
f 3229 3284 3283
f 3289 3291 3290
f 3299 3301 3300
f 3307 3264 3308
f 3293 3295 3294
f 3297 3224 3298
f 3319 3291 3320
f 3322 3318 3315
f 3314 3312 3311
f 3285 3287 3286
f 3332 3218 3215
f 3329 3330 3328
f 3324 3227 3298
f 3298 3326 3324
f 2203 2205 2206
f 579 1895 1019
f 1755 2208 1756
f 3337 3339 3338
f 9343 1893 605
f 1211 2150 1727
f 868 2210 2209
f 3347 3349 3348
f 944 930 940
f 2130 2202 2201
f 233 1898 195
f 665 750 666
f 1167 999 618
f 2211 2213 2214
f 2215 2217 2218
f 9319 590 9320
f 2220 220 2219
f 823 948 1094
f 3375 3377 3376
f 3393 3391 3390
f 3353 3357 3356
f 3363 3365 3364
f 3402 3404 3403
f 266 455 265
f 9334 2107 9335
f 2221 8963 8961
f 2223 2225 2226
f 2207 2124 2208
f 3293 3336 3286
f 673 9321 9316
f 817 996 815
f 2227 2146 2145
f 1947 646 749
f 9352 17 9325
f 2229 1638 1381
f 1679 1618 1680
f 1637 2232 2230
f 2233 1617 1616
f 2231 2236 2237
f 3406 3408 3407
f 1381 2238 1382
f 9038 2242 9039
f 3414 3341 3415
f 1630 2233 1631
f 1681 472 469
f 1408 2243 2244
f 3423 3425 3424
f 3433 3263 3307
f 3434 3430 3435
f 3440 3442 3441
f 3444 3446 3445
f 3436 3450 3439
f 3442 3456 3455
f 1637 2238 1638
f 3445 3437 3438
f 3448 3440 3449
f 1409 1634 2245
f 1380 2247 2246
f 1628 2245 1621
f 3463 3465 3464
f 3308 3462 3307
f 2249 1622 1633
f 1632 1408 2244
f 2248 1631 2250
f 3478 3480 3479
f 3509 3511 3510
f 2235 1637 1636
f 3505 3507 3506
f 3457 3199 3198
f 631 2071 725
f 515 52 49
f 782 2251 1251
f 2253 2255 2252
f 397 459 784
f 1456 2040 1455
f 2040 2036 1455
f 3434 3518 3517
f 1401 2111 1398
f 2041 1970 2026
f 3367 3338 3368
f 1535 414 1965
f 1586 2080 2079
f 2256 1132 1886
f 3528 3530 3529
f 3519 3520 3517
f 3537 3506 3538
f 3543 3545 3544
f 1700 9370 9371
f 3486 3550 3549
f 3455 3497 3563
f 3558 3559 3323
f 3456 3500 3497
f 3572 3252 3249
f 3308 3285 3569
f 3316 3574 3573
f 3575 3479 3533
f 3576 3578 3577
f 3580 3582 3581
f 3584 3586 3585
f 3505 3588 3503
f 3589 3591 3590
f 3600 3602 3601
f 3542 3595 3594
f 3604 3592 3589
f 3611 3613 3612
f 3622 3624 3623
f 3618 3620 3619
f 3626 3628 3627
f 3644 3646 3645
f 3634 3636 3635
f 3638 3641 3640
f 9267 1686 9269
f 1263 1886 1096
f 3613 3654 3614
f 598 844 599
f 2257 2259 2260
f 2258 2262 2259
f 2259 2263 2216
f 2260 2216 2215
f 1967 1970 1969
f 2212 1963 2213
f 922 2218 2217
f 1312 1101 2264
f 1307 1286 789
f 1548 1546 1972
f 2266 2268 2265
f 2265 2270 2269
f 2272 2269 2271
f 2273 2265 2272
f 2275 2277 2274
f 2278 2277 2279
f 2284 9069 9091
f 2287 2286 2281
f 2288 2283 2287
f 2290 9091 9072
f 2291 2293 2294
f 2295 2294 2279
f 2296 2291 2295
f 2297 2292 2291
f 2294 2299 2300
f 2279 2300 2278
f 2298 2302 2292
f 2292 2303 2293
f 2293 2304 2299
f 2304 2306 2299
f 2306 2300 2299
f 2308 2310 2307
f 2302 2310 2303
f 2301 2307 2302
f 2312 2307 2311
f 2313 2315 2316
f 2318 2320 2317
f 9200 2322 2323
f 2324 2273 2326
f 2313 2326 2327
f 2328 2313 2316
f 2329 2324 2328
f 2331 2333 2330
f 2330 2267 2266
f 2325 2266 2273
f 2329 2330 2325
f 2333 2335 2267
f 2336 2333 2332
f 2338 2332 2337
f 2331 2337 2332
f 2329 2339 2331
f 2328 2340 2329
f 2316 2341 2328
f 2342 2315 2343
f 2344 2346 2347
f 2341 2347 2340
f 2342 2344 2341
f 2348 2345 2344
f 2350 2352 2353
f 2339 2353 2337
f 2340 2350 2339
f 2347 2351 2350
f 2337 2354 2338
f 2353 2355 2354
f 2356 2276 2357
f 2356 2358 2359
f 2356 2296 2295
f 2279 2356 2295
f 2360 2270 2268
f 2267 2360 2268
f 2362 2364 2365
f 2362 2361 2358
f 2366 2358 2357
f 2366 2363 2362
f 2357 2368 2366
f 2366 2369 2367
f 2276 2370 2368
f 2368 2282 2369
f 2372 2374 2371
f 2375 2377 2007
f 2378 2380 2381
f 2382 2381 2383
f 2384 2378 2382
f 2385 2379 2378
f 2388 2390 2387
f 2387 2392 2391
f 2393 2387 2391
f 2394 2388 2387
f 2186 2402 2400
f 2403 2327 2326
f 2272 2326 2273
f 2271 2403 2272
f 2405 2404 2403
f 2404 2408 2327
f 2409 2411 2412
f 2409 2271 2269
f 2413 2269 2270
f 2413 2410 2409
f 2417 2416 2418
f 2417 2406 2405
f 2412 2405 2271
f 2411 2417 2412
f 2406 2407 2404
f 9013 632 713
f 2420 2397 2421
f 2420 2423 2422
f 2424 2422 2419
f 2424 2398 2420
f 2425 2392 2426
f 2421 2426 2423
f 2397 2425 2421
f 2396 2391 2425
f 2427 2315 2314
f 2427 2408 2428
f 2430 2428 2429
f 2343 2427 2430
f 2432 2430 2431
f 2431 2429 2433
f 2435 2433 2434
f 2436 2431 2435
f 2428 2407 2437
f 2422 2407 2419
f 2438 2422 2423
f 2429 2437 2438
f 2440 2433 2439
f 2441 2433 2429
f 2442 2439 2441
f 2443 2440 2439
f 2445 2444 2443
f 2447 2443 2442
f 2383 2445 2447
f 2381 2446 2445
f 2448 2423 2426
f 2449 2426 2392
f 2441 2449 2442
f 2441 2438 2448
f 2449 2390 2450
f 2450 2389 2451
f 2447 2451 2383
f 2442 2450 2447
f 2451 2453 2452
f 2452 2455 2454
f 2382 2454 2384
f 2383 2452 2382
f 2456 2373 2372
f 2459 2461 2458
f 2463 2465 2462
f 2462 2285 2284
f 2466 2284 2290
f 2467 2462 2466
f 2461 9155 9153
f 2468 2470 2471
f 2472 2471 2473
f 2474 9153 9140
f 2475 2477 2478
f 2458 2453 2479
f 2479 2389 2388
f 2395 2479 2388
f 2480 2458 2479
f 2481 2483 2478
f 2484 2485 221
f 2471 2464 2463
f 2473 2463 2467
f 2487 2466 2486
f 2486 2290 2488
f 2490 2488 2489
f 2491 2486 2490
f 2492 2467 2487
f 2493 2487 2491
f 2494 2492 2493
f 2495 2473 2492
f 9142 2474 9140
f 9143 2496 9142
f 2498 2493 2499
f 2500 2499 2501
f 9152 2498 2500
f 9139 2494 2498
f 2306 2278 2300
f 2305 2504 2306
f 2504 2507 2506
f 2506 2288 2508
f 2274 2508 2275
f 2278 2506 2274
f 9085 2489 2488
f 9072 2488 2290
f 2507 2289 2288
f 2505 2509 2507
f 2508 2287 2511
f 2511 2281 2280
f 2370 2280 2282
f 2275 2511 2370
f 2512 2489 2513
f 2514 2513 2515
f 2517 2514 2516
f 2517 2490 2512
f 2499 2491 2517
f 2499 2516 2501
f 2510 2519 2518
f 2518 2521 2520
f 9068 2520 9073
f 9084 2518 9068
f 2522 2303 2310
f 2523 2310 2309
f 2305 2522 2524
f 2524 2523 2525
f 2519 2525 2521
f 2505 2524 2519
f 2308 2527 2526
f 2526 2529 2528
f 2531 2528 2530
f 2309 2526 2531
f 1214 2151 1211
f 2419 2418 2424
f 2533 2349 2317
f 2534 2317 2320
f 2535 2533 2534
f 2536 2345 2533
f 2537 2346 2536
f 2538 2536 2535
f 2539 2537 2538
f 2540 2351 2537
f 2312 2541 2527
f 2527 2542 2529
f 2543 2434 2544
f 2545 2544 2546
f 2319 2543 2545
f 2318 2435 2543
f 2514 2548 2547
f 2547 2550 2549
f 2552 2549 2551
f 2552 2514 2547
f 2520 2554 2553
f 2553 2556 2555
f 9042 2555 9045
f 9073 2553 9042
f 2523 2531 2557
f 2557 2530 2558
f 2525 2557 2559
f 2559 2558 2560
f 2554 2560 2556
f 2521 2559 2554
f 2561 2007 2006
f 2376 2225 2377
f 2564 2566 2563
f 2563 338 2567
f 2569 2567 2568
f 2570 2563 2569
f 2572 2574 2571
f 2571 2576 2575
f 2544 2575 2546
f 2544 2572 2571
f 2578 2569 2577
f 2579 2569 2568
f 2574 2579 2576
f 2573 2577 2574
f 2581 2583 2580
f 2584 2583 2585
f 9149 2580 2584
f 9128 2580 9127
f 2582 2552 2583
f 2583 2551 2585
f 2500 2589 2588
f 2590 2589 2591
f 9145 2588 2590
f 9147 2500 2588
f 2501 2591 2589
f 2592 2594 2595
f 2386 2503 2502
f 2596 2386 2374
f 2596 2373 2597
f 2599 2597 2598
f 2599 2379 2596
f 2600 2380 2599
f 2600 2598 2601
f 2603 2601 2602
f 2603 2446 2600
f 2604 2602 2605
f 2440 2605 2434
f 2444 2604 2440
f 2606 2581 2607
f 2606 2590 2591
f 2591 2582 2606
f 9128 2456 9141
f 9141 2372 9145
f 2478 2608 2481
f 2609 2611 2199
f 2564 2613 2612
f 2612 2598 2597
f 2457 2597 2373
f 2565 2612 2457
f 2614 2570 2578
f 2615 2578 2573
f 2602 2614 2615
f 2601 2613 2614
f 2572 2605 2616
f 2616 2602 2615
f 2573 2616 2615
f 1459 1045 1021
f 1265 1079 1082
f 1612 1609 1611
f 2067 2069 2068
f 1135 1136 1148
f 1938 2618 2617
f 95 458 128
f 2058 1608 1612
f 1454 1445 1367
f 655 1048 2619
f 722 2621 723
f 3665 3634 3666
f 1131 1033 1134
f 562 366 1497
f 1723 1725 1591
f 1786 1122 1787
f 267 323 266
f 1325 1654 2038
f 1468 1435 1479
f 658 529 528
f 8 247 7
f 382 1559 3
f 3631 3680 3630
f 788 1307 789
f 940 929 928
f 911 2623 912
f 2621 655 654
f 2624 2625 2626
f 998 27 26
f 635 2626 2625
f 2627 644 1840
f 2628 1840 2629
f 1200 2627 2628
f 1199 641 2627
f 1520 49 477
f 1452 1349 1451
f 2630 1859 1858
f 644 1335 1823
f 3683 3699 3698
f 1197 717 2632
f 2632 719 1166
f 2628 1166 1200
f 2629 2632 2628
f 1762 1050 821
f 1823 873 1839
f 2634 794 652
f 1028 1027 1161
f 1042 2635 1043
f 93 1901 1924
f 2036 1458 1455
f 1527 1525 1526
f 877 1274 1277
f 134 797 1544
f 1328 931 1329
f 607 1091 1161
f 1043 2637 2636
f 2636 2639 2638
f 1275 2638 1276
f 1275 1043 2636
f 1272 2626 2640
f 2640 638 637
f 1110 2640 637
f 536 2640 2641
f 1472 1474 1473
f 2042 1951 649
f 3668 3633 3669
f 1058 1105 1059
f 2642 2643 2644
f 1192 2644 1193
f 912 2642 1192
f 9350 8970 9238
f 1049 2620 2621
f 616 1885 613
f 1331 666 750
f 990 1198 525
f 1911 321 322
f 1298 1205 2645
f 76 1504 75
f 1502 421 422
f 610 658 691
f 1146 659 938
f 2646 914 936
f 1280 1238 1279
f 975 2647 2648
f 2647 975 974
f 1453 1452 1451
f 1514 158 151
f 835 1843 1842
f 1271 1173 1289
f 2649 813 2650
f 1893 1826 1894
f 1050 1937 1051
f 2651 814 813
f 1006 1281 977
f 2653 2654 2655
f 1001 1003 1002
f 585 679 558
f 2624 621 620
f 555 2028 556
f 1207 1197 2629
f 1626 478 472
f 3729 3731 3730
f 3746 3748 3747
f 3770 3750 3753
f 426 419 1567
f 1030 1773 1031
f 9350 634 9332
f 534 138 262
f 1125 1042 1041
f 333 88 227
f 569 561 730
f 3691 3693 3692
f 1489 871 870
f 1857 620 891
f 1673 9222 9215
f 622 864 1308
f 2647 974 2657
f 619 891 620
f 261 545 262
f 393 1556 404
f 2658 2647 2657
f 1075 2657 917
f 1081 2658 1075
f 1080 2659 2658
f 2644 1141 2660
f 2660 1140 1336
f 642 1336 643
f 1193 2660 642
f 679 555 558
f 3762 3764 3763
f 1503 1500 1502
f 1318 1101 1100
f 2661 1139 1142
f 2661 2663 2662
f 2662 2659 2661
f 2662 2622 2664
f 2664 911 2646
f 2648 2646 1146
f 2648 2662 2664
f 3586 3779 3777
f 2083 2093 2081
f 1442 1437 1439
f 3732 3733 3731
f 519 330 51
f 1885 1209 613
f 799 805 804
f 1946 1952 1953
f 1302 1253 1252
f 3741 3757 3756
f 3660 3662 3661
f 566 224 533
f 1389 928 1388
f 683 681 680
f 836 1842 2665
f 2665 1845 1303
f 2666 1303 1302
f 24 2665 2666
f 831 2650 832
f 1845 1304 1303
f 2010 2012 2011
f 1051 2667 2668
f 1522 1511 1523
f 531 441 522
f 782 1251 1250
f 1250 2625 2669
f 2669 1857 1856
f 783 1856 1037
f 782 2669 783
f 720 2671 721
f 1055 1930 1056
f 1333 1251 2251
f 619 1308 1307
f 652 2619 2634
f 521 1539 1540
f 1838 537 2672
f 2672 536 2641
f 1113 2641 1110
f 1113 1838 2672
f 1016 1351 1045
f 9349 570 9346
f 226 104 101
f 9008 9279 1818
f 1036 1884 1883
f 2674 1304 2673
f 2673 1844 2675
f 1334 2675 1039
f 1333 2673 1334
f 2676 1039 2675
f 1843 2675 1844
f 942 2676 1843
f 1074 702 2676
f 811 859 858
f 752 1055 753
f 1200 656 1026
f 1120 874 2677
f 2677 877 1052
f 1241 1052 1005
f 1119 2677 1241
f 1560 151 1515
f 1208 611 523
f 215 736 214
f 1460 1462 1461
f 3717 3719 3718
f 1208 1839 873
f 854 1282 1297
f 3682 3696 3681
f 72 182 179
f 544 1565 512
f 217 456 457
f 3673 3781 3780
f 2047 930 945
f 1204 1937 2633
f 913 686 685
f 3705 3707 3706
f 840 1113 1112
f 1531 730 561
f 2678 1283 801
f 601 1914 602
f 1537 459 460
f 1819 8953 8971
f 991 862 538
f 2679 1073 1830
f 3776 3581 3582
f 2680 983 2256
f 779 2256 1263
f 778 2680 779
f 2678 1830 2680
f 180 245 40
f 1886 1131 1134
f 3766 3767 3749
f 1138 1274 1255
f 3777 3585 3586
f 1841 1140 1139
f 75 314 74
f 193 420 192
f 2681 1099 1098
f 3658 3587 3659
f 170 1565 169
f 349 417 432
f 1121 2684 2683
f 547 409 302
f 123 121 120
f 2643 1142 1141
f 1542 513 1543
f 899 907 919
f 1210 676 867
f 791 982 892
f 24 837 836
f 893 932 931
f 1860 863 862
f 535 862 861
f 3640 3683 3638
f 832 813 812
f 2650 813 832
f 1569 1547 1568
f 181 542 180
f 660 937 688
f 2013 568 2012
f 3781 3644 3782
f 887 2631 2630
f 1524 361 78
f 520 162 1529
f 2653 854 2685
f 1238 2655 2686
f 718 527 530
f 1492 518 1491
f 792 615 793
f 599 1835 596
f 290 456 175
f 312 1552 425
f 1248 1179 1249
f 153 177 178
f 1240 1222 1221
f 1257 1235 1071
f 1291 1083 1222
f 1052 1277 1053
f 743 2618 1204
f 444 430 443
f 23 1172 1187
f 2687 1180 1179
f 102 409 134
f 1283 610 801
f 373 650 651
f 1180 1084 1291
f 855 2655 1237
f 1173 1917 1174
f 2689 853 2688
f 2688 1108 1279
f 2686 1279 1238
f 2687 2688 2686
f 2691 1252 2690
f 2690 850 2689
f 1248 2689 2687
f 1248 2691 2690
f 2692 24 2666
f 2691 2666 1302
f 1247 2692 2691
f 1258 617 2692
f 394 1555 393
f 2693 1259 1223
f 1072 1262 1261
f 1257 1168 1258
f 398 1555 1554
f 871 1314 872
f 1178 1249 1179
f 1224 1173 1172
f 1010 2618 742
f 1175 1292 1269
f 2654 2686 2655
f 2694 1216 1264
f 71 1487 70
f 701 1111 1038
f 1072 2649 2650
f 1085 22 21
f 895 1264 896
f 1601 1605 1604
f 1259 1271 1289
f 21 1220 1083
f 988 538 537
f 3533 3535 3532
f 598 1336 1140
f 820 1762 821
f 1050 818 821
f 1298 1761 2652
f 1168 618 617
f 3629 3670 3628
f 858 1256 833
f 39 516 1536
f 2652 819 814
f 313 315 314
f 2026 1971 2027
f 2656 596 1835
f 814 818 811
f 2696 813 2649
f 1260 2649 1261
f 2693 2696 1260
f 2697 2651 2696
f 381 390 380
f 9270 1611 1609
f 1475 1428 1227
f 1292 1917 1235
f 1551 354 1518
f 1526 1523 1511
f 1593 1595 1573
f 1232 1246 1249
f 2695 1223 22
f 2698 1296 2697
f 2698 2693 2695
f 2685 2695 1085
f 2685 1297 2698
f 562 271 272
f 2652 1296 1298
f 1365 1364 1363
f 1958 1953 1957
f 585 2210 997
f 1561 1515 435
f 975 1146 976
f 347 68 346
f 1038 636 1068
f 2700 780 2699
f 2699 1036 1883
f 2701 1883 1829
f 851 2699 2701
f 2674 2251 2702
f 2702 781 2700
f 1253 2700 851
f 1301 2702 1253
f 1519 388 1550
f 1273 1280 2703
f 2703 1107 852
f 2701 852 851
f 1829 2703 2701
f 91 326 90
f 1784 2656 1785
f 2683 2705 2704
f 604 8943 8977
f 1669 8992 1662
f 2062 2060 2059
f 621 861 622
f 2023 732 2024
f 686 1263 687
f 857 2668 1328
f 883 882 879
f 3648 3650 3649
f 637 1111 1110
f 2668 893 1328
f 3692 3711 3691
f 2667 894 2668
f 1039 1068 1334
f 313 1504 1505
f 1911 305 453
f 1936 1964 2212
f 2707 2401 2183
f 2708 2183 2182
f 738 2116 554
f 3785 3709 3786
f 2349 2432 2436
f 2711 2020 2019
f 2400 2019 2186
f 2714 2716 2713
f 2717 2719 2720
f 2721 2723 2724
f 2726 2728 2725
f 2725 2730 2729
f 2731 2729 2709
f 2732 2725 2731
f 2734 2736 2733
f 2738 2740 2737
f 2737 2741 2742
f 2744 2746 2743
f 2745 2748 2747
f 2749 2747 2751
f 2753 2751 2752
f 2250 2246 2248
f 3417 3419 3418
f 2754 1614 2755
f 9050 2755 9061
f 9060 2747 9061
f 1617 2755 1614
f 2242 1620 2757
f 3429 3431 3430
f 2191 2760 2759
f 2761 2760 2762
f 9100 2761 9101
f 9075 2759 9100
f 3209 3354 3355
f 1395 2236 2235
f 1395 1636 1615
f 3741 3790 3740
f 1616 2229 2233
f 3410 3412 3411
f 1617 2763 2756
f 2756 9080 9060
f 2765 2234 1630
f 2766 9080 9074
f 3202 3458 3459
f 1516 435 1515
f 2768 8996 8997
f 1495 578 1424
f 2135 28 17
f 8970 2773 2774
f 1690 9378 9377
f 2778 2780 2777
f 2777 2781 2782
f 2784 2777 2783
f 8999 575 576
f 1494 9 540
f 8973 2015 9010
f 451 505 450
f 2786 2788 2785
f 2779 2785 2780
f 2789 2741 2740
f 2790 2752 2789
f 2792 2794 2791
f 2793 2796 2794
f 2796 2750 2749
f 2794 2749 2753
f 2798 1396 2754
f 9043 2754 9050
f 2798 2800 1393
f 9043 2799 2798
f 2797 2795 2801
f 2791 2753 2790
f 216 232 54
f 9256 2807 9255
f 9257 2804 9255
f 2769 9001 8996
f 183 184 97
f 2811 2775 2776
f 2804 2776 2805
f 2809 2811 2804
f 2812 2813 2814
f 9257 2816 9247
f 9248 2815 9247
f 9250 2820 2821
f 9245 2819 9250
f 2824 2735 2819
f 2823 2824 2819
f 2825 2826 2724
f 9245 2827 9244
f 9248 2826 9244
f 2713 2829 2828
f 2828 2831 2830
f 2822 2828 2830
f 2821 2713 2828
f 2832 2822 2830
f 2833 2830 2831
f 2834 2832 2833
f 2835 2827 2832
f 2837 2839 2836
f 2836 2841 2840
f 2842 2840 2727
f 2843 2836 2842
f 2840 2845 2844
f 2718 2845 2719
f 2730 2844 2718
f 2727 2844 2728
f 2846 2719 2845
f 2846 2841 2847
f 2829 2847 2831
f 2829 2716 2846
f 2847 2839 2848
f 2848 2838 2849
f 2833 2849 2834
f 2831 2848 2833
f 2850 2851 2852
f 2853 2852 2854
f 2783 2782 2855
f 2785 2853 2856
f 2780 2856 2781
f 2857 2855 2782
f 2859 2782 2781
f 2861 2842 2860
f 2860 2727 2726
f 2862 2726 2732
f 2863 2860 2862
f 2861 2858 2857
f 2843 2857 2859
f 2856 2854 2864
f 2781 2864 2859
f 2837 2859 2864
f 2838 2864 2854
f 2852 2834 2849
f 2854 2849 2838
f 2865 2818 2835
f 2851 2835 2834
f 2813 2815 2865
f 2814 2865 2851
f 2866 2814 2850
f 2788 2850 2853
f 2866 2787 2867
f 2812 2867 2775
f 1892 1890 1891
f 2720 2846 2870
f 298 256 257
f 2872 2713 2820
f 9246 2735 2734
f 2729 2874 2873
f 2846 2715 2870
f 2876 2878 2875
f 2733 2878 2734
f 9258 2879 2880
f 9258 2872 9246
f 2882 2884 2881
f 2881 2715 2714
f 2880 2714 2872
f 2879 2881 2880
f 2885 2887 2888
f 2888 2890 2885
f 2885 2892 2891
f 2893 2885 2891
f 1942 2532 2894
f 2895 2720 2870
f 2884 2870 2715
f 2883 2895 2884
f 2896 2892 2895
f 2889 2717 2890
f 2890 2720 2892
f 2897 2891 2896
f 2898 2896 2883
f 2899 2883 2882
f 2900 2882 2879
f 9249 2879 9259
f 2876 2901 2877
f 2901 2904 2903
f 1785 1835 1834
f 2905 2899 2900
f 2907 2897 2898
f 9249 2903 9251
f 632 577 633
f 8976 2867 2787
f 434 550 350
f 2768 9092 9095
f 2910 1623 2249
f 2241 2758 2242
f 9092 2913 9104
f 1623 2757 1620
f 9039 2757 9104
f 2229 1380 2250
f 2765 1629 2914
f 2915 1629 2912
f 9094 2914 2915
f 9093 2765 2914
f 2919 9094 9065
f 2918 2912 2241
f 9066 2241 9038
f 9070 9065 9122
f 8985 2180 8940
f 8965 2188 8950
f 3694 3627 3693
f 9157 714 9303
f 2925 2917 2924
f 2924 2916 2919
f 9062 2919 9070
f 9063 2924 9062
f 2926 2766 2925
f 9110 2925 9063
f 1715 1705 1710
f 785 498 796
f 1387 565 1791
f 374 1899 560
f 9017 2206 9000
f 2929 2886 2893
f 2932 2934 2931
f 1905 1908 1907
f 2930 2936 2937
f 2938 2930 2929
f 1493 517 518
f 1603 1586 1602
f 2939 2929 2908
f 2940 2908 2907
f 9117 1600 9113
f 2886 2937 2887
f 2906 2898 2899
f 2908 2893 2897
f 2942 2933 2941
f 2941 2937 2936
f 8945 2936 8957
f 8942 2941 8945
f 2943 2710 2873
f 2943 2874 2889
f 2945 2889 2888
f 2946 2943 2945
f 2932 2888 2887
f 2931 2945 2932
f 727 1929 728
f 2903 2947 2948
f 545 42 262
f 1480 533 251
f 2907 2949 2940
f 2906 2950 2949
f 1558 215 202
f 9251 2948 9253
f 2054 1644 2118
f 9157 2203 9017
f 1828 1849 1827
f 2953 2955 2952
f 2952 2957 2956
f 2956 2258 2952
f 2953 2258 2257
f 2454 2474 2496
f 9199 2959 9218
f 9199 2131 9189
f 2961 2963 2958
f 2958 2964 2959
f 222 2485 2965
f 2477 2966 2608
f 2631 2006 1859
f 2384 2496 2497
f 2967 2959 2964
f 2968 2970 2969
f 9211 2971 9236
f 9236 2960 9218
f 2972 2033 2032
f 2007 2973 2008
f 9004 2134 2133
f 1836 1832 1831
f 8950 2090 8995
f 955 959 956
f 672 674 673
f 633 713 632
f 2024 733 803
f 2025 803 798
f 425 1550 388
f 2975 888 887
f 1319 1157 2694
f 1212 2977 1213
f 889 2228 2227
f 1978 1975 1979
f 1138 1329 915
f 751 2979 2978
f 1619 1625 1624
f 2252 1728 1727
f 1157 845 1216
f 2706 1938 2617
f 2980 2254 2981
f 2982 887 2630
f 802 711 2679
f 678 2029 2028
f 527 690 528
f 1839 2629 1840
f 2983 602 1914
f 2983 1913 1331
f 2985 1331 1054
f 2986 2983 2985
f 2987 2635 2634
f 2985 2639 2986
f 2990 1318 2989
f 2991 2993 2994
f 2995 2994 2996
f 1106 2991 2995
f 1058 2992 2991
f 1415 1365 1367
f 1317 2217 2997
f 1932 2255 2980
f 926 2999 664
f 3001 2992 3000
f 3000 1057 2978
f 2999 2978 2979
f 2998 3000 2999
f 3002 2209 3003
f 3002 2996 2994
f 2993 3002 2994
f 3001 2998 3002
f 1103 2995 3004
f 3004 2996 3003
f 2209 3004 3003
f 588 3004 2210
f 295 433 381
f 2638 2988 3005
f 3005 1056 1930
f 1305 1930 1306
f 1276 3005 1305
f 1987 1993 1989
f 2633 1761 2645
f 1423 1417 1419
f 9005 739 703
f 2671 2704 2705
f 1473 2035 1472
f 922 2694 895
f 1401 1378 1384
f 556 1884 1037
f 842 9277 9288
f 1854 2617 1010
f 933 1081 1075
f 1440 1436 1437
f 529 719 530
f 1031 1027 1028
f 777 912 1871
f 2645 1204 2633
f 441 1538 1537
f 3771 3773 3772
f 790 587 586
f 2065 1610 1607
f 1860 990 902
f 60 87 59
f 1424 1948 1947
f 332 1507 331
f 261 138 135
f 187 449 507
f 1719 1726 1725
f 1931 1059 3006
f 3006 1105 1104
f 1287 1104 587
f 1286 3006 1287
f 3007 3009 3010
f 3009 653 795
f 618 26 25
f 2029 1210 1209
f 957 600 2228
f 1049 2228 600
f 2631 3011 2561
f 890 2227 3011
f 3011 2145 3012
f 2561 3012 2375
f 1026 609 608
f 2706 1961 1964
f 3013 2485 3014
f 2148 1267 3015
f 3015 1266 1311
f 2997 1101 1317
f 642 1773 1193
f 186 461 511
f 1041 1320 901
f 1121 3017 1122
f 2984 2987 3018
f 3018 2634 2619
f 1048 3018 2619
f 603 2984 3018
f 2679 801 802
f 2062 2074 2061
f 2061 2076 2064
f 414 1545 1965
f 3016 2683 3019
f 3019 2704 2670
f 3020 2670 720
f 3007 3019 3020
f 1871 1091 777
f 3021 1122 3017
f 3022 3017 3010
f 1314 3022 1315
f 1784 3021 1314
f 1316 1763 611
f 3023 3010 3009
f 3023 795 1092
f 1763 1092 1125
f 1315 3023 1763
f 3016 3010 3017
f 752 2978 1057
f 2986 2637 2987
f 3024 653 3008
f 3020 3008 3007
f 720 3024 3020
f 723 654 3024
f 2681 1268 3025
f 2671 1268 721
f 2705 3025 2671
f 1313 3027 1311
f 3026 3029 3027
f 3027 3030 3031
f 1311 3031 3015
f 2012 731 2023
f 917 974 977
f 3742 3744 3743
f 743 856 744
f 1888 2030 1425
f 2682 2684 3032
f 3032 1124 2989
f 1100 2989 1318
f 1099 3032 1100
f 1123 2989 1124
f 3033 1159 1158
f 2990 1158 1319
f 1123 3033 2990
f 1786 1834 3033
f 1054 2988 2985
f 2979 664 2999
f 2623 2663 2643
f 1095 688 687
f 3034 2261 2956
f 3036 2956 2957
f 3037 3034 3036
f 3038 3035 3034
f 3040 3026 1313
f 2263 3041 3040
f 3042 3043 3041
f 3041 3028 3026
f 3044 3043 3039
f 3046 3045 3044
f 3047 3049 3045
f 3043 3049 3028
f 3038 3051 3050
f 3050 3053 3052
f 3052 3044 3050
f 3039 3050 3044
f 3054 3039 3042
f 3042 2262 3054
f 2261 3054 2262
f 2216 2997 2217
f 2212 2667 1936
f 3056 2209 3055
f 934 1961 1854
f 2013 9209 567
f 3058 3060 3061
f 3059 3063 3060
f 3060 2213 1963
f 3061 1963 1962
f 3063 2214 2213
f 3062 3064 3063
f 3065 2260 3064
f 3064 2215 2214
f 3066 3031 3030
f 2608 3067 3066
f 2966 3068 3067
f 3031 3068 3015
f 2455 2461 2474
f 2476 2226 2477
f 8995 2089 8969
f 8970 9221 9238
f 433 355 381
f 2115 1419 2123
f 8953 2922 8971
f 9221 2131 2134
f 3069 2167 2166
f 2971 2928 2960
f 2961 2773 2962
f 3070 2478 2483
f 2610 3071 2954
f 2502 2374 2386
f 3072 2595 3073
f 2964 3052 2967
f 3048 3074 3049
f 2593 3075 3074
f 3075 3029 3074
f 3074 3028 3049
f 3072 3075 2592
f 3076 2482 2481
f 2481 3066 3076
f 3076 3030 3075
f 2967 3053 2970
f 2482 3073 2483
f 479 493 494
f 706 9325 709
f 9005 2221 8961
f 2013 9206 9207
f 8977 2016 8973
f 9006 2222 2974
f 1171 1155 1176
f 3782 3689 3783
f 2586 2565 2587
f 2982 113 2484
f 2562 3077 3068
f 2376 3012 3077
f 3012 2148 3077
f 3077 3015 3068
f 2963 3046 2964
f 3051 2970 3053
f 1683 491 775
f 9302 1447 9312
f 1986 9186 9220
f 3079 2546 2575
f 3081 2575 2576
f 1983 9220 9217
f 3082 2319 2545
f 3080 2545 2546
f 9186 3082 3080
f 9184 2323 3082
f 1309 1888 748
f 3073 2772 2771
f 2760 3084 2762
f 2760 2088 3083
f 3085 3086 3087
f 3089 3090 3088
f 3089 3084 3085
f 3092 3090 3091
f 3093 2744 2743
f 2751 2748 3093
f 3093 2752 2751
f 2742 3093 3094
f 3094 2743 3095
f 3096 3098 3087
f 3099 3087 3086
f 3097 3095 3098
f 3100 2746 3101
f 3101 3102 3100
f 2764 2927 3101
f 2745 3101 2746
f 3102 3091 3100
f 3100 3095 2743
f 2869 9044 9086
f 3102 3104 3092
f 9110 2869 9086
f 2927 3103 3102
f 3098 3091 3090
f 3087 3090 3085
f 2088 3105 3083
f 3083 3086 3084
f 2483 2771 3070
f 2401 2185 2321
f 3099 3105 3106
f 2125 3106 3105
f 3108 2742 3107
f 3107 3094 3097
f 3110 3107 3109
f 3109 3097 3096
f 3111 3096 3099
f 3112 3109 3111
f 3113 2737 3108
f 3115 2722 3114
f 3117 3114 3116
f 3119 3116 3118
f 3118 3120 3121
f 3116 3113 3120
f 3122 3111 3123
f 3122 1755 1754
f 3124 3126 3127
f 3125 3121 3126
f 3128 3118 3125
f 3129 3125 3124
f 2020 3128 3129
f 9305 1346 1352
f 1065 1047 1066
f 1814 9282 1649
f 2021 3129 3130
f 3111 3106 3123
f 3123 2207 1755
f 2377 2224 2973
f 3014 113 112
f 1756 9234 9219
f 3131 2530 2528
f 3133 2528 2529
f 1753 9219 9227
f 3134 3127 3135
f 2327 2314 2313
f 2436 2317 2349
f 2018 9163 9164
f 2534 3137 2535
f 2320 3136 2534
f 2185 9164 9223
f 3138 2542 2539
f 3134 9196 9197
f 9237 3134 9197
f 3140 2539 2538
f 2535 3140 2538
f 9163 3130 9237
f 2558 3132 3141
f 9234 3141 3132
f 2560 3141 3142
f 9212 3142 3141
f 958 2976 2981
f 1933 2980 3143
f 3714 3729 3713
f 2399 2418 2416
f 2348 2343 2432
f 2322 2319 2323
f 2718 2874 2730
f 2709 2873 2710
f 2894 1361 1942
f 3788 3720 3717
f 346 176 347
f 1876 1882 1881
f 2802 9059 9044
f 3104 3088 3092
f 2974 9101 9055
f 3089 2761 2762
f 3088 3145 3089
f 2803 9055 9059
f 9322 692 628
f 2123 1418 2126
f 1365 1368 1367
f 3346 3344 3343
f 1581 1782 1783
f 9013 2129 8964
f 8999 2002 8965
f 3146 2551 3147
f 9203 3147 9202
f 9194 3146 9203
f 3149 2585 3146
f 3196 3197 3195
f 9056 2191 9075
f 3142 2556 2560
f 9229 3150 3142
f 9098 2550 9045
f 3150 2555 2556
f 9230 3151 3150
f 9240 3152 9098
f 3153 2551 2549
f 3152 2549 2550
f 9233 3153 3152
f 9228 3147 3153
f 3148 2206 2205
f 2183 2321 2184
f 2132 2928 2133
f 3299 3321 3319
f 9136 2204 2203
f 9171 2197 9173
f 2594 2773 2951
f 2595 2951 2772
f 1870 799 1869
f 3257 3259 3258
f 9165 2178 9158
f 9158 9188 9242
f 336 9226 9174
f 339 3154 336
f 9241 3149 9194
f 9135 2584 3149
f 2963 3048 3047
f 9174 337 336
f 339 2566 2586
f 3156 2168 2167
f 2610 2167 2611
f 2954 3156 2610
f 3157 2953 2257
f 9159 2169 9161
f 2567 3159 2568
f 337 2567 338
f 9182 2166 9159
f 9216 1983 9217
f 2579 3081 2576
f 2568 3160 2579
f 9161 2190 9216
f 3065 3162 3161
f 3161 1984 2189
f 3157 2189 2168
f 2257 3161 3157
f 734 1922 806
f 3059 2708 3163
f 3163 2182 1985
f 3162 1985 1984
f 3062 3163 3162
f 3203 3205 3204
f 3806 3808 3807
f 2122 1448 1447
f 9269 1685 9264
f 139 444 69
f 1570 566 533
f 2957 3165 3036
f 2955 3164 2957
f 1912 341 1973
f 3130 3124 3134
f 1548 319 1547
f 1949 1327 1887
f 2969 3078 3167
f 3167 3169 3168
f 9176 2017 9172
f 9172 2033 9211
f 3168 3165 3170
f 3170 3164 3171
f 9231 3171 9208
f 9176 3170 9231
f 3171 3166 3172
f 3172 3071 3173
f 9204 3173 9201
f 9208 3172 9204
f 3169 3036 3165
f 2593 2962 2594
f 3173 2609 3174
f 3174 2199 2198
f 9235 2198 9171
f 9201 3174 9235
f 2190 1984 1983
f 2196 2767 3148
f 3326 3328 3327
f 2119 1414 1448
f 1464 1466 1465
f 2199 3069 2200
f 2457 2587 2565
f 2226 2562 2966
f 481 1627 1639
f 333 235 236
f 3078 3037 3169
f 3040 2997 2263
f 3351 3262 3263
f 2219 1933 2220
f 2385 2497 2503
f 221 3175 2484
f 2220 3143 3175
f 3175 2976 2975
f 2484 2975 2982
f 2954 3166 2955
f 2630 110 2982
f 1547 1952 1955
f 2091 2188 2187
f 9185 2178 2177
f 1918 1927 1926
f 9007 111 8955
f 3398 3400 3399
f 955 960 954
f 2037 112 9007
f 3143 2981 2976
f 2218 2214 2215
f 672 9239 8985
f 2152 3014 2037
f 1147 1143 1145
f 2248 1409 2245
f 1615 1635 1616
f 1410 2246 2247
f 3486 3487 3310
f 3468 3502 3501
f 3451 3452 3450
f 3177 1383 1382
f 2238 3176 1382
f 3176 2230 3178
f 1410 3179 1407
f 3179 2243 1407
f 1633 2800 2249
f 3816 3817 3814
f 1621 2758 2912
f 3642 3662 3675
f 3422 3260 3257
f 1622 2245 1634
f 2236 3181 3182
f 3793 3795 3794
f 3493 3495 3494
f 2237 3182 3183
f 3513 3515 3514
f 2250 2233 2229
f 3654 3667 3802
f 2912 1628 1621
f 3819 3821 3820
f 3432 3823 3431
f 135 1564 1563
f 1567 512 1565
f 1085 2653 2685
f 3184 868 3056
f 869 3057 934
f 3389 3387 3386
f 1266 1098 1312
f 1267 722 721
f 937 2646 936
f 2146 722 2147
f 2211 921 2667
f 1957 507 449
f 1313 2264 3040
f 1496 1493 1492
f 2681 2705 2682
f 2887 2933 2932
f 1687 1659 1694
f 145 1498 81
f 1317 1319 2694
f 3831 3830 3834
f 37 418 71
f 1935 3185 2977
f 104 301 103
f 2101 2083 2084
f 543 360 207
f 1934 3186 3185
f 234 212 237
f 9297 1822 1824
f 3825 3827 3826
f 1976 1874 1974
f 223 2219 220
f 9107 9057 9064
f 468 773 2165
f 3673 3659 3672
f 1935 1728 1932
f 3490 3840 3549
f 3362 3848 3847
f 3862 3864 3863
f 3465 3484 3868
f 3893 3525 3874
f 3352 3430 3431
f 3869 3871 3870
f 3529 3567 3564
f 3420 3922 3921
f 3304 3236 3303
f 3929 3931 3930
f 3324 3327 3561
f 3219 3939 3331
f 3220 3937 3219
f 3450 3376 3439
f 3942 3833 3941
f 3215 3454 3945
f 3946 3215 3945
f 3422 3948 3421
f 3950 3198 3196
f 3205 3957 3920
f 3261 3961 3288
f 3852 3964 3963
f 3214 3946 3958
f 3965 3214 3192
f 3797 3799 3798
f 3988 3990 3989
f 3777 3806 3822
f 3855 3447 3444
f 3737 3800 3736
f 3949 3952 3948
f 3651 3783 4000
f 4001 3787 3812
f 4019 4021 4020
f 4027 4029 4028
f 3258 4030 4027
f 4033 4035 4034
f 3424 4047 4046
f 3242 4058 4057
f 3970 3547 3971
f 3829 4057 3825
f 3333 3947 4060
f 4063 4065 4064
f 4073 4075 4074
f 3568 3443 3448
f 3981 3335 4050
f 3540 3862 3539
f 4078 4031 4032
f 3565 4088 3993
f 3442 4089 4082
f 4092 4094 4093
f 4093 4097 4096
f 3619 3623 3624
f 3660 3821 3807
f 3809 3649 3808
f 3610 3655 3613
f 3656 3623 3657
f 3621 3804 3620
f 3503 3481 3504
f 3436 3438 3437
f 3356 3427 3353
f 3628 3669 3633
f 3734 4002 3733
f 3276 3370 3369
f 3763 4107 3762
f 4006 3754 3755
f 3747 3752 3746
f 3863 4110 3992
f 3994 4003 3501
f 3653 3664 3652
f 3296 4115 3295
f 4117 4119 4118
f 3249 3251 3250
f 4127 4129 4128
f 3478 3903 3867
f 3410 3921 3922
f 3977 4038 3976
f 3216 3453 3454
f 3967 3548 3966
f 4140 4032 4039
f 3509 4149 3916
f 4151 3659 3587
f 4153 3656 3671
f 4153 3646 3672
f 4156 3645 4155
f 4139 4078 4140
f 3743 4163 4162
f 3861 3987 4166
f 3468 4067 3467
f 3306 3980 3835
f 4172 4010 4024
f 4169 3836 3835
f 4187 4189 4188
f 4213 4215 4214
f 4220 4222 4221
f 4225 4211 4204
f 4230 4232 4231
f 4240 4242 4241
f 3606 3608 3607
f 4250 4252 4251
f 4258 4260 4259
f 4077 4079 4078
f 4276 4278 4277
f 4308 4263 4309
f 4017 3872 3869
f 3196 3951 3950
f 4316 4270 4271
f 3870 4307 3869
f 4324 4326 4325
f 4333 4247 4244
f 4338 4340 4339
f 4348 4350 4349
f 4283 4289 4286
f 4356 4358 4357
f 4359 4020 4358
f 4362 4196 4197
f 4320 4279 4276
f 4370 4296 4371
f 4377 4303 4249
f 4231 4201 4178
f 4203 4331 4381
f 4037 4039 4038
f 4371 4386 4370
f 4387 4347 4314
f 3309 3294 3310
f 4099 3724 3818
f 4355 3257 4313
f 3630 3693 3627
f 4277 4302 4390
f 4350 4319 4349
f 4353 4351 4348
f 3637 3639 3638
f 4394 3827 3320
f 3311 4399 4398
f 3755 4005 4006
f 4363 4259 4260
f 3454 3919 3920
f 3446 3459 3458
f 4298 4404 4406
f 3749 3769 3766
f 3791 3756 3792
f 3643 3684 3640
f 3845 3399 3400
f 4313 3258 4312
f 4411 4408 4412
f 3843 4423 3842
f 4214 4329 4328
f 4431 4433 4432
f 3918 3798 3799
f 3927 3388 3389
f 4453 3874 3873
f 4138 4457 4456
f 3346 4459 3345
f 4100 4108 4107
f 3974 3976 3975
f 3665 3652 3664
f 3773 3993 3992
f 3945 3920 3957
f 4144 4462 4461
f 4464 4466 4465
f 3268 4479 3267
f 4484 4136 4485
f 3348 4487 3347
f 3313 3912 3913
f 3803 3617 3802
f 4086 3510 4087
f 4034 3305 4033
f 3403 4171 4489
f 4481 4492 4491
f 4177 4179 4178
f 4398 3923 3311
f 4451 4494 4450
f 4501 4076 4502
f 4509 4506 4503
f 3304 4462 4517
f 4485 3312 4484
f 3419 3349 4064
f 4356 4385 4305
f 4026 4358 4020
f 4354 4357 4358
f 3599 4091 4090
f 4341 4254 4274
f 4251 4524 4335
f 3482 3484 3483
f 3843 3544 4085
f 4295 4274 4294
f 4381 4206 4203
f 4204 4531 4225
f 4533 4535 4534
f 4542 4544 4543
f 4546 4548 4547
f 4573 4547 4548
f 4575 4577 4576
f 4221 4580 4220
f 4587 4589 4588
f 4328 4589 4214
f 4187 4563 4332
f 4595 4593 4591
f 4597 4604 4596
f 4609 4611 4610
f 4620 4622 4621
f 4612 4614 4613
f 4636 4600 4637
f 4649 4650 4648
f 4652 4654 4653
f 4662 4664 4663
f 4666 4668 4667
f 4637 4685 4684
f 4627 4700 4626
f 4684 4636 4637
f 4663 4661 4662
f 4699 4697 4696
f 4647 4703 4702
f 4709 4603 4710
f 4724 4726 4725
f 4742 4744 4743
f 3311 3924 3314
f 4698 4758 4679
f 4749 4609 4610
f 4342 4344 4343
f 4797 4799 4798
f 4490 3974 4143
f 4019 4306 3870
f 4512 4514 4513
f 3991 4508 4507
f 4692 4694 4693
f 4680 4818 4810
f 4821 4824 4823
f 4367 4243 4240
f 4833 4831 4830
f 4837 4757 4754
f 4332 4562 4561
f 4683 4819 4682
f 4845 4850 4849
f 4751 4752 4669
f 4854 4695 4692
f 4858 4718 4857
f 4822 4859 4824
f 4674 4647 4675
f 4771 4773 4772
f 4726 4537 4540
f 4714 4719 4715
f 4633 4688 4687
f 4616 4618 4617
f 4686 4842 4841
f 4869 4708 4629
f 3502 3528 3529
f 4777 4737 4745
f 4734 4779 4873
f 4883 4663 4664
f 4375 4274 4275
f 4290 4335 4524
f 4799 4826 4825
f 4816 4812 4810
f 4778 4732 4659
f 4158 4160 4159
f 4195 4197 4196
f 3860 4166 4167
f 3758 3763 3764
f 3694 4157 4156
f 4249 4391 4377
f 3467 3469 3468
f 4209 4211 4210
f 4142 4144 4143
f 3615 3617 3616
f 3479 3536 3535
f 4883 4672 4886
f 4802 4642 4643
f 3698 3638 3683
f 4105 3726 3730
f 4848 4896 4895
f 4878 4744 4837
f 4610 4748 4749
f 4036 4489 4035
f 4355 4314 4347
f 4171 4049 4048
f 3875 3216 3217
f 4868 4863 4864
f 4623 4691 4622
f 3629 4155 4154
f 4654 4898 4683
f 4012 4014 4013
f 4902 4866 4867
f 4768 4908 4906
f 4370 4385 4384
f 4888 4914 4913
f 3546 3917 3916
f 4932 4931 4919
f 3625 4151 4150
f 3804 3670 3657
f 3816 4103 4101
f 4911 4887 4912
f 4928 4927 4929
f 4925 4927 4921
f 3655 3666 3654
f 4932 4910 4911
f 4937 4912 4913
f 4939 4942 4941
f 4228 4530 4381
f 4946 4942 4947
f 4938 4923 4937
f 4942 4937 4947
f 4951 4930 4928
f 4955 4928 4954
f 4748 4615 4749
f 4914 4847 4956
f 4824 4584 4856
f 4940 4941 4943
f 4916 4960 4917
f 4909 4891 4862
f 4971 4968 4949
f 4966 4948 4944
f 4962 4953 4965
f 4940 4924 4939
f 4831 4917 4895
f 4935 4925 4924
f 4275 4261 4258
f 4679 4791 4678
f 4016 4373 4376
f 4668 4766 4795
f 4539 4727 4845
f 4929 4936 4933
f 4607 4882 4881
f 4775 4801 4802
f 4801 4742 4774
f 4732 4611 4733
f 4985 4983 4982
f 4534 4562 4533
f 4847 4645 4848
f 4788 4619 4616
f 4787 4678 4791
f 4657 4605 4597
f 4994 4878 4837
f 5006 5008 5007
f 5001 4973 4988
f 4814 4619 4785
f 5014 4974 5012
f 5003 4972 4973
f 5019 5007 5018
f 5024 5017 5025
f 5036 5035 5032
f 4990 4975 4972
f 5045 5034 5044
f 5048 5034 5035
f 5025 5014 5026
f 5046 5043 5031
f 5051 5055 5054
f 5044 5060 5059
f 5011 5021 5020
f 5013 5068 5012
f 5028 5072 5029
f 5077 5064 5065
f 5065 5079 5077
f 5083 5080 5060
f 5063 5080 5065
f 5054 5071 5078
f 4602 4711 4851
f 5058 5083 5053
f 4982 4792 4793
f 5041 5045 5061
f 3909 3278 3250
f 3471 3473 3472
f 5002 4994 4995
f 5060 5067 5059
f 4892 4862 4891
f 4891 4884 4892
f 4996 5003 5001
f 4997 5005 5000
f 4813 4614 4829
f 4618 4827 4613
f 5089 5093 5092
f 3303 3305 3304
f 5100 5102 5101
f 5107 5109 5108
f 5110 5092 5114
f 4610 4734 4874
f 5112 5100 5084
f 5088 5090 5089
f 5119 5117 5116
f 5092 5096 5089
f 3826 3829 3825
f 5108 5102 5126
f 5100 5087 5084
f 5118 5133 5138
f 3783 3690 3784
f 4444 4446 4445
f 5151 5150 5152
f 4790 4617 4813
f 4332 4190 4187
f 3266 4451 4448
f 3211 3332 3946
f 4741 4760 4652
f 4775 4777 4776
f 4764 4691 4766
f 4489 4048 4490
f 4466 4511 4497
f 4518 3930 4514
f 4786 4791 4807
f 4980 4984 4977
f 5144 5150 5143
f 5159 5148 5158
f 5121 5120 5114
f 5169 5162 5165
f 5016 4979 5017
f 5123 5179 5122
f 5181 5140 5183
f 5175 5184 5141
f 4575 4586 4534
f 4984 4976 4977
f 4596 4598 4597
f 5182 5183 5186
f 4785 4787 4786
f 5137 5122 5179
f 5167 5180 5181
f 4835 4898 4897
f 4687 4726 4633
f 4176 4170 4398
f 4760 4655 4652
f 4681 4649 4646
f 5121 5132 5131
f 5171 5178 5170
f 5174 5191 5176
f 5169 5194 5164
f 4909 5095 4907
f 5105 5112 5113
f 4767 5126 4803
f 5201 5205 5204
f 5219 5217 5216
f 5229 5200 5209
f 5234 5236 5235
f 4069 4071 4070
f 4724 4717 4713
f 5108 4768 5107
f 5103 5126 5102
f 5227 5211 5226
f 5015 4884 4885
f 4997 4892 4884
f 5197 5215 5214
f 5241 5247 5246
f 5013 5019 5018
f 5205 5232 5204
f 4969 4971 4970
f 5239 5249 5248
f 4808 5225 4809
f 5216 5199 5196
f 5253 5242 5254
f 5235 5255 5256
f 5135 5157 5134
f 5264 5267 5266
f 5245 5215 5242
f 5260 5269 5267
f 5264 5274 5265
f 5154 5173 5142
f 5287 5278 5288
f 5256 5300 5257
f 5173 5176 5175
f 4631 4629 4628
f 4781 4783 4782
f 5309 5311 5310
f 5155 5144 5145
f 4826 4827 4825
f 5291 5308 5293
f 5310 5281 5286
f 5311 5308 5288
f 4036 4176 4175
f 4641 4704 4702
f 5220 4804 5223
f 4770 5207 4905
f 5188 5175 5176
f 5180 5129 5140
f 4626 5314 5313
f 4731 5315 5317
f 5222 5210 5221
f 4728 5316 5315
f 5230 5216 5196
f 5297 5240 5241
f 5204 5208 5201
f 5318 4864 5319
f 5273 5287 5289
f 5221 5219 5230
f 4700 5321 5314
f 5313 5328 5329
f 5157 5154 5142
f 5275 5263 5265
f 5324 5318 5325
f 5323 5331 5328
f 5343 5345 5344
f 5306 5286 5282
f 5278 5311 5288
f 4882 5320 5316
f 5109 5114 5120
f 5123 5130 5129
f 5299 5284 5298
f 5240 5199 5241
f 5229 5197 5214
f 5305 5292 5293
f 5233 5225 5243
f 5192 5194 5193
f 5104 4670 4746
f 5146 5160 5145
f 5337 5347 5338
f 5347 5341 5332
f 5353 5335 5352
f 5349 5354 5352
f 5355 5357 5354
f 5358 5360 5359
f 5355 5348 5360
f 5342 5365 5364
f 5345 5362 5344
f 5332 5367 5331
f 5372 5315 5316
f 5370 5366 5369
f 5361 5354 5357
f 5364 5368 5367
f 5369 5362 5370
f 5316 5330 5372
f 5373 5371 5372
f 5341 5364 5332
f 5374 5359 5373
f 5329 5375 5330
f 5377 5379 5378
f 5377 5331 5367
f 5380 5367 5368
f 5363 5370 5362
f 5357 5374 5381
f 5381 5361 5357
f 4814 4825 4827
f 4825 4816 4799
f 4806 4747 4805
f 5119 5131 5118
f 4696 4893 5387
f 4696 5390 4699
f 5213 5388 5387
f 5393 5388 5394
f 5380 5384 5379
f 5213 4893 5212
f 4813 4908 4790
f 5390 4693 4694
f 5294 5287 5295
f 5184 5186 5183
f 5285 5253 5254
f 4769 4790 4908
f 5327 5359 5360
f 4598 4690 4656
f 4608 4733 4611
f 4627 4609 4839
f 4596 4851 4711
f 4900 4706 4707
f 4668 5395 4667
f 4863 4639 4601
f 5392 4666 4667
f 4872 4651 4807
f 4807 4758 4872
f 5348 5325 5326
f 5176 5190 5188
f 5046 5022 5023
f 4853 4869 4870
f 5346 5363 5362
f 4709 4620 4599
f 4672 4904 4886
f 4680 4651 4649
f 4841 4688 4686
f 4823 4818 4821
f 4729 4602 4851
f 4881 4851 4604
f 5360 5326 5327
f 4852 4707 4869
f 4890 4669 4666
f 5392 5389 5393
f 5189 5186 5187
f 4881 4605 4607
f 5343 5369 5366
f 4607 4625 4882
f 5056 5052 5057
f 4850 4798 4894
f 3260 5398 3259
f 4855 4899 4871
f 5339 5366 5342
f 4789 4808 4677
f 5400 3948 3952
f 3872 4046 3871
f 4018 3424 3872
f 4025 4172 4024
f 4011 4024 4010
f 4065 3900 3901
f 3413 4013 3412
f 5056 5069 5070
f 5055 5070 5071
f 4062 5399 4061
f 5269 5294 5268
f 4685 4903 4846
f 5254 5240 5296
f 4606 4658 4733
f 4729 4882 4728
f 4030 4043 4029
f 4664 4753 4883
f 3575 3904 3903
f 3413 3922 3426
f 4949 4955 4934
f 4947 4913 4914
f 4849 4894 4856
f 4143 3975 4142
f 4912 4932 4911
f 3774 3995 3994
f 3956 3342 4168
f 4871 4758 4759
f 4270 4272 4271
f 4039 5400 4140
f 3555 5402 3554
f 5403 3906 3907
f 3908 3823 3907
f 4124 5408 5407
f 3901 4046 4047
f 4120 5410 5409
f 4124 4125 4123
f 5420 5404 5421
f 5424 5425 3557
f 3400 5428 3845
f 5432 5435 3226
f 4941 4945 4944
f 4935 4949 4934
f 3895 3897 3896
f 5426 4121 5418
f 5430 3906 5420
f 4045 5398 4062
f 5395 5392 4667
f 4846 4701 4840
f 4880 4710 4879
f 4624 4608 4609
f 4656 4662 4661
f 5305 5309 5304
f 5220 5222 5221
f 4230 4327 4324
f 5030 5028 5027
f 5213 5211 5210
f 5440 3269 5441
f 4396 3980 5444
f 5447 3244 3241
f 3328 5451 5396
f 4208 4248 4207
f 4599 4621 4598
f 4528 4391 4208
f 4529 4199 4207
f 4526 4339 4528
f 4256 5452 4532
f 4532 4241 4242
f 3834 5446 3831
f 5443 5444 4050
f 4530 4334 4206
f 4754 4904 4837
f 4229 4381 4331
f 4205 4383 4531
f 4892 4987 4861
f 4039 3976 4038
f 4738 4796 4741
f 4833 4897 4832
f 4232 4200 4201
f 4194 4241 4193
f 4889 4750 4748
f 4194 4365 4368
f 4531 4195 4238
f 5043 5062 5031
f 4182 4561 4180
f 5446 3241 3831
f 5237 5248 5236
f 4206 4382 4205
f 5210 5218 5219
f 3426 3417 3425
f 4216 4192 4215
f 4219 4184 4185
f 4180 4380 4179
f 4327 4591 4326
f 4223 4231 4222
f 4215 4360 4329
f 4186 4218 4185
f 4190 4209 4189
f 4223 4595 4327
f 4326 4328 4329
f 4366 4568 4186
f 4570 4549 4569
f 4579 4548 4570
f 4563 4533 4562
f 4583 4220 4580
f 4586 4561 4562
f 4239 4363 4243
f 4572 4567 4564
f 4536 4585 4535
f 4538 4566 4541
f 4536 5453 4538
f 3573 3983 3316
f 5427 3552 3556
f 4553 4588 4552
f 4593 4555 4592
f 4368 4183 4227
f 4361 4235 4236
f 4233 4527 4232
f 4233 4324 4237
f 4212 4330 4331
f 4237 4325 4236
f 4193 5452 4361
f 4983 4885 4792
f 5002 4986 4993
f 5074 5076 5075
f 4698 5391 4759
f 5391 5390 4694
f 4871 4650 4872
f 4546 4543 4544
f 4553 4901 4574
f 4552 4555 4556
f 5223 4805 5394
f 5386 5383 5363
f 5317 5371 5327
f 3240 4429 3377
f 5384 5381 5379
f 3938 3218 3937
f 3942 5455 5454
f 5361 5386 5356
f 4542 4541 4545
f 3910 5420 3428
f 3939 4060 3940
f 3851 5351 5454
f 3838 3556 3837
f 4547 4857 4546
f 5442 4050 3335
f 3385 5428 5429
f 4257 4235 4256
f 5312 4893 4809
f 4212 4204 4211
f 3854 5461 4392
f 4226 4210 4211
f 4202 4178 4201
f 3316 3897 3315
f 5464 4432 4433
f 5465 3883 4432
f 4472 4449 4450
f 4501 4450 4494
f 4074 4080 4077
f 5473 5401 4173
f 4173 5475 5473
f 3432 3520 5413
f 3462 5504 3461
f 4075 4494 4080
f 5482 3387 3392
f 5468 5470 5469
f 3427 5422 3523
f 4498 4487 3386
f 5403 5414 4128
f 3382 5522 3873
f 3492 5511 3491
f 3429 3517 3520
f 3873 5524 4453
f 5480 3350 3347
f 3477 5505 3462
f 4507 5544 4475
f 4396 5551 4051
f 3374 5553 3373
f 3373 5554 3390
f 5479 4063 3350
f 3390 5555 3393
f 5531 5566 5565
f 3368 5567 3367
f 5556 5560 5559
f 3393 5557 5556
f 4433 5463 5464
f 5464 5458 5456
f 4435 4439 3380
f 4055 3277 3274
f 3273 3911 3370
f 3395 3358 3394
f 5486 4071 5484
f 5526 4453 5524
f 5525 5569 5566
f 5568 3527 5567
f 3527 3847 3366
f 3365 3849 5462
f 5462 3850 5459
f 4435 5571 4430
f 3378 3943 3944
f 5573 5577 5574
f 4438 3943 3379
f 5477 5579 5476
f 5582 5580 5579
f 5583 5581 5584
f 5586 5588 5587
f 4074 5586 4073
f 5583 5474 5473
f 4507 5590 3991
f 5573 4522 4520
f 3989 5596 3988
f 5594 3407 5593
f 4436 5572 5571
f 5591 3991 5590
f 4507 4476 5589
f 3990 5587 5588
f 5578 3406 5577
f 5595 5584 5581
f 5484 3358 5486
f 4441 5467 3882
f 5472 4077 4139
f 5522 5570 5524
f 5486 3353 3524
f 5481 3386 3387
f 3475 5492 3518
f 5476 3899 5477
f 5540 5606 5603
f 5542 5603 5607
f 5608 5542 5607
f 5608 5545 5544
f 5607 5609 5545
f 5599 5548 5612
f 5598 5543 5608
f 5595 5593 5596
f 5588 3989 3990
f 5626 3266 5627
f 5627 4448 5628
f 5469 4469 5468
f 4515 5625 4491
f 4503 4474 4509
f 4481 5627 4480
f 4500 5469 5470
f 3414 5466 5465
f 5594 5581 5582
f 3376 4430 5571
f 3444 3941 3855
f 5572 3444 3445
f 4273 4287 4272
f 4345 4357 4344
f 4386 4305 4385
f 4517 4463 5625
f 4352 4319 4379
f 4352 4251 4336
f 4268 4390 4388
f 4264 4320 4323
f 4346 4282 4283
f 4337 4343 4344
f 4289 4245 4288
f 4303 4287 4288
f 4343 4291 4342
f 4284 4244 4289
f 4375 4291 4294
f 4379 4271 4272
f 4337 4348 4336
f 4524 4295 4290
f 4364 4197 4279
f 4285 4390 4302
f 5206 5208 5207
f 4297 4371 4296
f 4346 4286 4273
f 4285 4333 4284
f 3571 4395 5460
f 5341 5339 5342
f 5346 5334 5335
f 5269 5273 5289
f 4510 5609 5610
f 4509 5545 5609
f 4445 5611 5546
f 5566 5568 3368
f 5349 5338 5348
f 5489 3401 3398
f 5565 3368 3338
f 5496 5417 5630
f 5523 3383 5634
f 5325 5347 5324
f 5523 5599 5522
f 5429 3401 5633
f 3887 5631 5630
f 5634 5600 5523
f 5276 5279 5277
f 5298 5257 5300
f 5087 5085 5084
f 3361 5612 5548
f 5041 5066 5040
f 5487 3383 3384
f 5101 5130 5100
f 5299 5300 5303
f 5333 5335 5334
f 5302 5304 5303
f 5234 5216 5217
f 5301 5255 5258
f 4868 5322 4867
f 5281 5277 5279
f 5323 5322 5324
f 5298 5296 5297
f 4885 4750 4792
f 5231 5196 5197
f 4625 5313 5320
f 5111 5085 5098
f 5600 5549 5548
f 5531 5563 5527
f 5165 5182 5189
f 5283 5285 5284
f 4269 4277 4268
f 5610 5603 5606
f 5127 5091 5128
f 4907 5125 4906
f 5277 5272 5262
f 5596 5592 5598
f 5212 5226 5211
f 5273 5262 5272
f 5302 5258 5292
f 5635 5645 5640
f 4250 4379 4378
f 4485 3405 3402
f 4354 4023 4351
f 4265 4304 4386
f 4388 4282 4387
f 4345 4384 4385
f 4362 4297 4259
f 4836 4612 4828
f 4360 4236 4325
f 4369 4237 4234
f 5647 3986 3573
f 5650 3192 3189
f 5337 5336 5333
f 4467 4477 4466
f 4253 4340 4252
f 4429 5457 4428
f 3997 3915 3540
f 5535 3839 3982
f 5538 4460 4456
f 3439 5571 3438
f 5570 5526 5524
f 3438 5572 3445
f 4440 3879 3876
f 3440 4407 3449
f 3886 5695 5694
f 5534 5396 5451
f 5685 3471 5684
f 4278 4301 4302
f 5628 4449 5469
f 3579 3538 3578
f 4480 5628 4500
f 4402 5517 5518
f 4279 4198 4278
f 3603 3532 3602
f 3580 4088 4090
f 4095 3531 4094
f 5248 5251 5250
f 3778 3999 3776
f 4617 4613 4614
f 4375 4372 4519
f 3411 4136 3410
f 5094 5111 5097
f 3602 3535 3605
f 4023 4350 4351
f 4349 4336 4348
f 3605 3536 3592
f 4469 4471 4470
f 4094 3593 4097
f 4248 4245 4246
f 3519 5518 5517
f 5254 5284 5285
f 4852 4795 4766
f 4265 5629 4264
f 5632 5503 5631
f 3604 3612 3601
f 5549 5502 3360
f 3653 3607 3661
f 4780 4873 4779
f 4988 4979 4976
f 4491 5626 4481
f 4837 4995 4994
f 4615 4765 4749
f 5468 4470 4504
f 3514 3467 3513
f 5491 4409 5679
f 4093 3619 4092
f 4364 5629 4297
f 3488 5509 3487
f 5606 5611 5610
f 4210 4189 4209
f 4600 4602 4601
f 5242 5198 5240
f 5073 5075 5072
f 5651 3940 4060
f 3996 3775 3998
f 5200 5202 5201
f 5525 5527 5526
f 3364 4434 3363
f 3775 3542 3581
f 3941 5485 3855
f 3731 4105 3730
f 4997 4999 4998
f 4508 5608 5544
f 4101 3818 3816
f 3728 4103 3727
f 4591 4592 4328
f 4539 4538 4537
f 4550 4552 4551
f 4541 4567 4545
f 4389 4570 4568
f 4582 4580 4576
f 4976 4978 4977
f 4705 4707 4706
f 4797 4843 4844
f 3713 3730 3726
f 4675 4702 4704
f 4977 4981 4980
f 4810 4817 4816
f 4786 4812 4785
f 4715 4628 4714
f 4978 5021 4981
f 5010 5006 4991
f 3722 4162 4161
f 4558 4560 4559
f 4568 4569 4218
f 4584 4535 4585
f 4641 4715 4716
f 5026 5012 5068
f 4776 4745 4742
f 4714 4712 4713
f 4982 5001 4985
f 4576 4560 4582
f 4564 4566 4565
f 5069 5018 5029
f 5057 5048 5047
f 4810 4811 4680
f 3710 3786 3709
f 4991 4999 5010
f 5011 5010 5004
f 5008 5022 5027
f 5066 5063 5040
f 5047 5024 5025
f 5050 5051 5053
f 5023 5016 5024
f 5045 5059 5061
f 5047 5026 5057
f 3711 3724 3721
f 5048 5037 5047
f 5042 5063 5062
f 5058 5051 5054
f 5036 5046 5037
f 3715 3700 3714
f 5235 5257 5246
f 3732 3704 3702
f 5030 5062 5064
f 5020 5023 5022
f 5263 5261 5260
f 5049 5044 5034
f 5236 5250 5255
f 5031 5027 5022
f 5043 5039 5042
f 5320 5329 5330
f 5049 5052 5051
f 5326 5317 5327
f 3264 3288 3285
f 5264 5263 5260
f 4998 4992 4987
f 5009 5020 5008
f 5036 5039 5038
f 5032 5034 5033
f 4355 3949 3422
f 4269 4374 4323
f 4253 4378 4303
f 4525 4252 4340
f 3960 4111 3866
f 4372 4258 4296
f 5681 5673 5675
f 4378 4272 4287
f 4270 4346 4273
f 3244 5644 5643
f 4899 4648 4650
f 3734 3702 3810
f 4138 3343 4137
f 4192 4361 4360
f 3813 3812 3810
f 3817 3696 3814
f 5668 5682 5674
f 5690 5687 5684
f 5499 5700 5517
f 3999 3820 3577
f 3745 4102 4106
f 5684 3472 5690
f 5702 3860 5703
f 5712 5693 5670
f 3249 4393 3572
f 5695 5715 5694
f 5694 5716 5696
f 5719 5601 5602
f 4918 4950 4952
f 4774 4743 4773
f 3844 5605 3735
f 5505 4411 5504
f 3583 3585 3582
f 3710 4157 4160
f 5513 4417 5508
f 5704 4146 5709
f 4141 4062 4049
f 5669 5688 4410
f 3898 5653 5450
f 5718 3972 5719
f 5684 5686 5685
f 3917 5717 3512
f 3463 5662 5660
f 5492 5680 5491
f 4931 4950 4919
f 5665 3441 5663
f 3788 3740 3790
f 3501 3529 3994
f 3569 3477 3308
f 5516 5727 5515
f 3564 3566 3565
f 3892 5406 3889
f 3962 5407 3961
f 4126 4123 4125
f 4116 3287 5411
f 3892 5630 5417
f 3824 5413 5414
f 4408 5680 4412
f 3969 3978 5402
f 4408 3449 4407
f 4414 3449 4413
f 3962 3262 4125
f 4425 5616 4321
f 4418 5727 4419
f 5716 5575 5696
f 5719 5717 5718
f 5698 5692 5697
f 3880 4166 3987
f 5652 5520 5619
f 5621 4167 4166
f 5679 4410 5688
f 3210 3355 5618
f 5622 5451 5657
f 5416 5497 5624
f 5729 5731 5730
f 5733 3761 3758
f 5735 5737 5736
f 5750 5751 5734
f 5744 5740 5741
f 5744 3753 5746
f 5753 5730 5731
f 5757 5736 5737
f 5731 5765 5753
f 5774 5776 5775
f 5790 5792 5791
f 5796 5787 5797
f 5817 5819 5818
f 5828 5830 5829
f 3725 3751 3747
f 4874 4873 4875
f 4700 4903 4902
f 4740 4876 4739
f 3199 3201 3200
f 4100 4099 4101
f 3749 4108 3748
f 3695 3712 3692
f 3378 3380 3379
f 5504 4412 5507
f 4405 5518 5699
f 5838 5835 5836
f 4705 4712 4708
f 5832 5828 5833
f 5697 5678 5698
f 3791 4005 3790
f 5848 5794 5850
f 3714 3701 3704
f 3995 4042 3890
f 3329 3224 3222
f 4005 3705 4004
f 4551 4763 4550
f 5855 5808 5856
f 5851 5792 5852
f 5803 5858 5847
f 5844 5840 5845
f 5762 5743 5740
f 5808 5806 5807
f 4012 3426 3423
f 5558 3467 4067
f 4550 4720 4901
f 4950 4953 4952
f 3885 5694 5696
f 5705 4081 4082
f 5508 4415 5505
f 3745 3760 3744
f 5507 5680 5506
f 3592 3588 3591
f 3895 5658 5653
f 5613 5501 5549
f 3834 4393 4055
f 5527 4455 5526
f 5775 5809 5774
f 5766 5813 5810
f 5858 5812 5859
f 5855 5811 5858
f 5863 5819 5862
f 5826 5863 5829
f 5862 5833 5828
f 5870 5837 5845
f 5782 5831 5832
f 5868 5836 5873
f 5778 5843 5844
f 5866 5845 5840
f 5785 5867 5784
f 5790 5789 5793
f 5796 5794 5795
f 5821 5819 5820
f 5657 5620 5622
f 5793 5852 5792
f 5855 5801 5798
f 5853 5786 5796
f 5804 5802 5803
f 5827 5864 5822
f 5767 5821 5813
f 5854 5776 5777
f 5860 5818 5861
f 5782 5825 5785
f 5781 5844 5834
f 5810 5815 5816
f 5867 5830 5784
f 5809 5798 5799
f 5828 5863 5862
f 5865 5838 5868
f 5801 5802 5800
f 4086 3795 4149
f 5779 5842 5843
f 5827 5829 5830
f 5839 5869 5835
f 5814 5855 5856
f 5711 3859 5702
f 4958 4917 4960
f 5861 5821 5768
f 5863 5812 5820
f 5865 5823 5824
f 5873 5837 5871
f 5872 5842 5780
f 4089 3563 5704
f 3812 3785 3811
f 5770 5787 5788
f 5789 5847 5846
f 5793 5846 5849
f 4145 4146 3498
f 5848 5790 5791
f 3953 4009 3952
f 5748 5874 5747
f 4624 4626 4625
f 4665 4752 4664
f 4775 4779 4778
f 4746 4671 4747
f 4637 4601 4639
f 4828 4613 4827
f 4704 4762 4675
f 4843 4727 4687
f 4543 4725 4542
f 4731 4863 4730
f 4723 4558 4722
f 4842 4840 4838
f 4717 4857 4718
f 4865 4867 4866
f 5841 5866 5840
f 4725 4540 4542
f 4798 4816 4817
f 4632 4634 4633
f 4720 4715 4719
f 4642 4644 4643
f 3754 5874 5876
f 4860 4644 4847
f 4674 4722 4721
f 4808 4676 4677
f 4721 4822 4821
f 5876 5877 5746
f 4836 4840 4839
f 4658 4660 4659
f 4826 4800 4838
f 4877 4743 4744
f 4948 4971 4943
f 4875 4876 4889
f 4954 4934 4955
f 5773 5788 5790
f 5825 5833 5824
f 5834 5836 5835
f 5834 5845 5837
f 3359 3361 3360
f 5732 3756 3757
f 3394 3396 3395
f 3766 5741 5742
f 5774 5799 5777
f 5805 5857 5802
f 5813 5820 5812
f 3969 3964 3968
f 5667 5674 5666
f 5729 3792 3756
f 3770 5741 3769
f 4741 4739 4738
f 4689 4660 4661
f 5772 5787 5771
f 5735 3758 3764
f 5850 5773 5848
f 5617 3965 5650
f 5799 5854 5777
f 5875 5764 5879
f 5840 5842 5841
f 5861 5769 5860
f 5807 5853 5851
f 5869 5834 5835
f 3765 5739 5738
f 5882 5761 5759
f 5881 5887 5889
f 5895 5898 5897
f 5907 5906 5908
f 5909 5908 5910
f 4234 4526 4369
f 3912 3389 3914
f 5934 8730 8729
f 8730 5930 5931
f 4920 4922 4921
f 8845 8853 8851
f 4141 3404 4174
f 3733 3706 3731
f 8849 8848 8850
f 4234 4236 4235
f 8863 5919 8862
f 3733 4004 3705
f 5908 8859 8867
f 8865 8871 8870
f 8859 8863 8864
f 5927 5925 5928
f 5911 5904 5912
f 8878 8866 8879
f 5635 5637 5636
f 5745 5746 5877
f 3552 3554 3553
f 8857 8890 8875
f 5924 8860 5923
f 3553 3556 3552
f 5919 8861 8862
f 8869 8870 8891
f 8873 8878 8876
f 8856 8875 8874
f 8862 5889 5887
f 8846 8844 8843
f 8864 8866 8865
f 8729 8883 8884
f 8848 8887 8886
f 8878 5888 8893
f 8896 8855 8897
f 8853 8896 5885
f 8841 5882 5883
f 3489 3491 3490
f 8867 8864 8868
f 5910 8867 8898
f 5914 8898 8899
f 5916 8899 8900
f 5889 8860 5890
f 8876 8893 8894
f 5918 8900 8901
f 4424 5726 4423
f 8904 8900 8899
f 8909 8904 8905
f 8908 8903 8904
f 8869 8905 8868
f 3632 3667 3635
f 3687 3689 3688
f 3636 3681 3631
f 3664 3639 3665
f 4304 4306 4305
f 8909 8891 8910
f 3681 3695 3680
f 3758 3760 3759
f 3684 3700 3683
f 3721 3723 3722
f 3941 3943 3942
f 3738 3740 3739
f 3687 3709 3690
f 3238 3938 3220
f 4249 4288 4245
f 4499 3344 4464
f 4240 4368 4367
f 3453 3951 3919
f 4401 3547 3967
f 3950 3451 3436
f 3702 3701 3703
f 3725 3727 3726
f 3194 3208 3193
f 4034 4461 4462
f 3914 3913 3912
f 3483 3533 3482
f 3191 3957 3206
f 4292 3970 4293
f 3909 3428 3356
f 3959 3866 3867
f 4017 4309 4016
f 4316 4008 3953
f 4448 4450 4449
f 4414 4417 4416
f 3435 3351 3433
f 4413 4415 4414
f 3899 3901 3900
f 3780 3648 3809
f 3474 3886 3885
f 3958 3192 3214
f 3221 3935 4427
f 3905 3907 3906
f 3913 4486 3313
f 4420 4421 4085
f 3881 3883 3882
f 4004 3790 4005
f 4271 4318 4316
f 4259 4296 4258
f 3501 4066 3468
f 5897 5900 5899
f 5901 5904 5903
f 8854 8856 8855
f 3789 3786 3720
f 3651 3781 3782
f 5924 5901 5925
f 8870 8873 8872
f 8876 8874 8873
f 5912 5918 5911
f 3805 3799 3737
f 3369 3395 3396
f 3923 3925 3924
f 3916 3512 3509
f 3641 3801 3642
f 4276 4323 4320
f 4181 4331 4330
f 4428 3377 4429
f 3495 4321 4322
f 4436 3380 3381
f 4430 4437 4435
f 3945 3958 3946
f 4065 4047 3418
f 4495 3408 4496
f 8913 8915 8914
f 8911 8917 8916
f 8889 8923 8890
f 8919 8931 8921
f 8884 8918 8885
f 8922 8931 8925
f 5852 5909 5851
f 5866 5915 5917
f 8926 8914 8915
f 8914 8883 8913
f 8886 8921 8888
f 5846 5894 5891
f 5873 5900 5868
f 8893 5764 5754
f 8894 5754 5753
f 5890 5927 8936
f 5885 5755 5758
f 5871 5902 5873
f 5763 5883 5762
f 5880 8936 5763
f 4175 4398 4399
f 4274 4255 4275
f 8883 5931 8882
f 8868 8898 8867
f 3289 3247 3292
f 3858 5485 5921
f 8850 8886 8888
f 4116 5409 4115
f 3889 4127 5415
f 3678 8938 8937
f 8857 8888 8889
f 3979 3294 3295
f 4126 3431 3823
f 3651 3679 3650
f 3460 5921 3354
f 4084 3310 3487
f 8905 8899 8898
f 3561 5397 5656
f 3213 5528 5519
f 4191 4193 4192
f 5449 5532 5533
f 4142 4031 4479
f 4060 5652 5651
f 4480 4482 4481
f 5519 3212 3213
f 5657 3330 3940
f 4473 4475 4474
f 3514 5668 5667
f 5663 5669 5665
f 8881 5926 8880
f 5734 5749 5750
f 4788 4677 4678
f 3997 3538 3506
f 3551 3310 3294
f 3577 3998 3999
f 4893 4676 4809
f 4753 4671 4672
f 8729 8885 8843
f 3813 9021 8937
f 8938 3813 8937
f 8882 5929 8881
f 4098 3820 3821
f 3399 5416 3398
f 5494 5503 4403
f 5880 5878 5881
f 4986 4861 4987
f 4999 5004 5010
f 4985 4988 4976
f 5816 5766 5810
f 4372 4384 4519
f 5688 5692 5679
f 8903 8901 8900
f 8879 5887 5888
f 8902 8880 8901
f 5919 5895 5920
f 4519 4342 4291
f 8847 8854 8853
f 5925 5903 5926
f 4021 4523 4025
f 5678 5676 4406
f 4424 4085 4421
f 5701 3577 3820
f 5928 5926 5929
f 5000 4980 5004
f 9022 3545 4113
f 9024 5409 5410
f 4008 4010 4009
f 3931 4516 4513
f 3822 3807 3821
f 8851 8844 8845
f 5728 5509 5721
f 9025 4115 5409
f 5209 5201 5208
f 4820 4653 4682
f 3988 5598 4508
f 3370 3357 3395
f 5639 5641 5640
f 5592 4477 5543
f 3378 5572 3381
f 5625 3265 5626
f 5594 5577 3406
f 3302 5645 3301
f 3274 3278 3273
f 5207 5233 5243
f 5071 5072 5075
f 4815 4785 4812
f 4796 4643 4760
f 3243 5643 5648
f 5301 5303 5300
f 5431 5655 5654
f 5251 5244 5252
f 3353 3523 3524
f 4174 3405 3411
f 3546 4113 3545
f 4002 3788 4004
f 4196 4238 4195
f 3232 5647 3231
f 4373 4266 4310
f 4867 5321 4902
f 5648 4058 3243
f 4455 3893 4453
f 5593 4511 5592
f 5275 5252 5253
f 5252 5274 5251
f 4092 3624 3597
f 3723 3743 3722
f 4780 4802 4796
f 4059 3560 5425
f 4317 4347 4270
f 5188 5192 5187
f 5570 5612 5569
f 3385 5633 3384
f 3526 5569 5612
f 3576 3608 3590
f 3581 3594 3580
f 5239 5238 5232
f 5081 5083 5082
f 4369 4528 4527
f 4325 4329 4360
f 3569 3286 3336
f 9022 4112 5709
f 3661 3801 3653
f 5074 5030 5064
f 5064 5063 5065
f 3563 3498 4146
f 3961 4119 5411
f 4854 4870 4735
f 5018 5028 5029
f 5007 5027 5028
f 5040 5039 5041
f 3240 3875 3239
f 5070 5029 5072
f 3504 3866 4111
f 3537 3591 3588
f 5033 5039 5032
f 4710 4635 4879
f 5017 4989 5014
f 5024 5046 5023
f 4991 5019 4990
f 4587 4574 4573
f 4996 4793 4878
f 5066 5059 5067
f 5221 5231 5220
f 5068 5057 5026
f 3675 3643 3642
f 3663 3675 3662
f 4722 4559 4822
f 3579 3590 3591
f 3686 3677 3678
f 4422 3499 4419
f 5142 5138 5133
f 5078 5075 5076
f 3609 3590 3608
f 3288 5411 3287
f 5424 5410 3246
f 5152 5156 5172
f 3960 5709 4112
f 4946 4957 4958
f 3867 5705 3959
f 9026 4113 5710
f 5192 5189 5187
f 5161 5194 5171
f 3637 3682 3636
f 4392 3847 3848
f 3796 4149 3795
f 4104 3727 4103
f 3594 3993 4088
f 3796 4134 5710
f 3687 4156 4157
f 3760 4164 4165
f 4464 3345 4467
f 3485 3868 3484
f 3846 5423 4130
f 3409 4496 3408
f 3767 3765 3762
f 3711 4159 4160
f 3797 4087 3510
f 4072 5562 5560
f 4502 5590 5589
f 5408 9027 4118
f 5683 5714 5682
f 5702 4110 5711
f 5623 4148 4167
f 5428 3525 3522
f 3668 3802 3667
f 4000 8938 3679
f 4221 4179 4380
f 4267 4388 4315
f 3721 4161 4159
f 3903 5706 5705
f 3583 4090 4091
f 3894 3524 3525
f 4635 4636 4634
f 4173 4009 4010
f 4890 5393 5394
f 5290 5293 5292
f 5339 5337 5333
f 5458 4438 4439
f 3251 5430 3910
f 3252 5419 3251
f 3428 5421 3427
f 3571 5418 3252
f 4583 4554 4593
f 4239 4224 4238
f 3322 5450 5449
f 5309 5306 5304
f 4109 3748 4108
f 5707 3794 3795
f 5139 5183 5140
f 5271 5290 5259
f 5280 5282 5279
f 5110 5125 5115
f 5319 4731 5317
f 5334 5339 5333
f 5423 3523 5422
f 5376 5378 5375
f 4721 4646 4674
f 3719 4159 4161
f 4853 4692 4795
f 5373 5330 5375
f 4428 5456 4437
f 5376 5328 5331
f 3337 4434 4431
f 4692 5395 4795
f 5475 4523 5476
f 5478 4068 4522
f 5421 4129 5422
f 5374 5375 5378
f 5283 5306 5282
f 5246 5234 5235
f 5154 5150 5153
f 4458 5561 4457
f 5163 5158 5168
f 5381 5378 5379
f 3397 5484 5483
f 4457 5563 5537
f 5147 5150 5149
f 4474 5544 5545
f 5325 5319 5326
f 5223 5388 5222
f 5517 3521 3519
f 4499 3347 4487
f 5404 4128 4129
f 3476 5506 3475
f 4084 5515 4083
f 3900 5477 3899
f 5536 5547 5546
f 5491 5493 5492
f 5474 4139 5401
f 4063 4522 4068
f 4459 5541 5540
f 5548 3360 3361
f 5444 5550 4396
f 3888 5415 5412
f 5546 3339 4445
f 5536 5538 5537
f 3570 5508 3477
f 4471 5589 4476
f 4280 3359 5933
f 5499 4403 5503
f 5189 5169 5165
f 5543 4478 5542
f 4051 5552 3374
f 3461 5507 3476
f 4629 4870 4869
f 5106 4909 4862
f 5286 5279 5282
f 5462 3364 3365
f 3491 5514 3840
f 5224 5231 5229
f 4478 5540 5542
f 4099 3742 3723
f 4803 4805 4804
f 4130 5422 4129
f 4470 4476 4473
f 4924 4921 4922
f 4920 4927 4926
f 4993 4987 4992
f 4887 4913 4912
f 3894 4070 4071
f 5472 5585 5586
f 3508 4134 3507
f 3603 4096 4097
f 3772 3992 4110
f 5712 5671 5672
f 3739 4162 4163
f 5683 3515 5715
f 5480 4495 5479
f 5698 5493 5498
f 3578 3996 3998
f 3645 4154 4155
f 5660 3466 3463
f 4135 5710 4134
f 5587 4073 5586
f 5687 5693 5686
f 3584 4091 4150
f 5585 5584 5588
f 4128 5415 4127
f 4257 4338 4526
f 4222 4178 4179
f 4366 4191 4216
f 5098 5091 5088
f 5761 5737 5760
f 5760 5738 5739
f 8852 5934 8844
f 8874 8855 8856
f 8895 8855 8877
f 5884 8842 8852
f 4557 4582 4560
f 8890 8917 8892
f 8918 8930 8920
f 8924 8915 8916
f 4182 4330 4190
f 3864 5711 4110
f 3574 3230 3231
f 3342 3415 3341
f 3488 3549 3840
f 4317 3953 3949
f 3672 4152 4153
f 5708 3865 5707
f 9021 3685 3686
f 3621 3616 3617
f 5728 4419 5727
f 4311 4028 4310
f 4131 3543 3841
f 4426 3842 4423
f 4518 4168 4427
f 5457 5464 5456
f 5425 3558 3837
f 5458 4437 5456
f 3416 5465 5457
f 5638 5437 5637
f 3985 5636 5637
f 5646 5636 5647
f 9023 3554 5402
f 5722 5514 5726
f 3256 3934 3255
f 4164 5734 5751
f 8885 8920 8887
f 3282 3929 3281
f 3292 3320 3291
f 3232 3300 3301
f 3303 3271 3334
f 3562 5432 3325
f 3392 3388 3391
f 3854 5350 3851
f 5463 5459 5458
f 5935 3885 5576
f 3879 3954 3878
f 3928 3391 3388
f 4137 4458 4138
f 5454 3850 3851
f 3548 3549 3550
f 4443 5470 4442
f 4452 4506 4447
f 4468 3415 3879
f 4443 3876 4483
f 3234 4515 4516
f 5434 3896 5433
f 5448 5441 5644
f 5447 5443 5442
f 4442 5471 5467
f 5550 3275 5551
f 5578 4520 3409
f 3464 5666 3463
f 4701 4839 4840
f 3259 4041 4030
f 4015 3423 4018
f 3558 3982 3839
f 4856 4823 4824
f 4741 4653 4740
f 3759 4106 3763
f 3560 3290 3559
f 9024 3557 3553
f 5438 3280 5439
f 3321 3290 3291
f 5557 4072 5560
f 5553 3396 5554
f 4045 4174 4044
f 4539 4849 4585
f 3536 3503 3588
f 5478 5574 5477
f 3800 3510 3511
f 4755 4886 4754
f 5561 5527 5563
f 5752 5732 5751
f 5752 5756 5765
f 3518 5493 5521
f 3767 4107 4108
f 3534 4097 3593
f 4395 3826 3827
f 3926 3371 3925
f 4446 5610 5611
f 4050 3980 3981
f 8887 8843 8885
f 5649 5640 5645
f 4643 4761 4760
f 3709 3784 3690
f 4778 4660 4777
f 5649 4054 5648
f 5646 3301 5645
f 3250 3910 3909
f 5884 5757 5761
f 5655 5936 5937
f 4224 4226 4225
f 4043 3412 4013
f 4286 4288 4287
f 4267 4310 4266
f 4493 4080 4494
f 3325 3226 3227
f 3925 3372 3928
f 4312 4314 4313
f 3996 3540 3541
f 8908 8912 8907
f 4023 4025 4024
f 3995 3891 3994
f 5482 5559 4137
f 4486 3921 4484
f 4300 4302 4301
f 5438 5644 5441
f 3233 3282 3270
f 3225 3227 3226
f 5446 5445 5443
f 5554 3397 5555
f 4834 4830 4772
f 4064 3350 4063
f 3596 3598 3597
f 5639 5648 5643
f 5434 5654 5658
f 4895 4830 4831
f 3674 3676 3675
f 3551 3978 3550
f 3835 3305 3306
f 3813 3702 3703
f 3691 4160 4157
f 4109 4101 4103
f 4565 4188 4564
f 3490 3547 3489
f 3672 3647 3673
f 8906 8912 8913
f 3810 3811 3734
f 4051 4397 4396
f 3566 4090 4088
f 5580 5476 5579
f 4456 5537 5538
f 5539 5546 5611
f 8844 8729 8843
f 8872 8874 8875
f 4383 4198 4195
f 4931 4927 4930
f 5529 5397 5396
f 5314 5323 5328
f 5347 5323 5324
f 4711 4599 4596
f 5387 5389 4696
f 5259 5292 5258
f 5195 4803 5126
f 5195 4746 4806
f 4639 4866 4685
f 4821 4681 4721
f 3421 5399 3260
f 4730 4601 4602
f 4807 4811 4786
f 4040 3421 3948
f 4844 4800 4797
f 3936 3929 3930
f 4894 4817 4823
f 5365 5383 5368
f 4657 4661 4658
f 5224 4770 4804
f 5368 5382 5380
f 5336 5352 5335
f 5353 5386 5363
f 4070 4454 4069
f 5396 3327 3328
f 5225 5312 4809
f 5384 5386 5385
f 5391 4695 4759
f 4735 4870 4630
f 4407 4409 4408
f 4623 4880 4706
f 5356 5352 5354
f 4578 4859 4577
f 3239 3217 3938
f 3937 3333 3939
f 4578 4534 4535
f 5467 4505 4452
f 4836 4826 4838
f 4422 5721 4421
f 3392 5556 5482
f 5564 5565 5547
f 3807 3663 3660
f 5922 4392 4281
f 3680 3692 3693
f 3630 3632 3631
f 4416 5725 4418
f 4033 3836 4176
f 3238 4168 3342
f 3466 3483 3484
f 3678 3650 3679
f 3677 3649 3650
f 3340 4431 3884
f 3562 5656 5655
f 5658 5938 5939
f 3642 3640 3641
f 3306 3334 3981
f 3256 3280 3281
f 8910 8892 8917
f 5868 5898 5859
f 8924 8922 8925
f 8935 8925 8931
f 8882 8913 8883
f 8925 8926 8924
f 8840 8936 5927
f 5852 5905 5907
f 5136 5124 5137
f 4243 4260 4242
f 5238 5228 5232
f 5642 5643 5644
f 3924 3928 3927
f 5412 5700 3888
f 3750 3751 3707
f 3746 3770 3769
f 3859 3861 3860
f 3972 3493 3494
f 5923 8861 5920
f 4945 4958 4959
f 3296 3286 3287
f 3824 3907 3823
f 3671 4154 4153
f 4137 5481 5482
f 3614 3802 3617
f 3283 3559 3290
f 4936 4934 4933
f 5511 5726 5514
f 4170 3926 3923
f 3572 3830 3826
f 3459 3858 3460
f 3496 4425 3495
f 3457 3436 3437
f 3984 3986 3985
f 3914 3386 4487
f 5512 5723 5511
f 4500 4483 4480
f 4501 4471 4472
f 4503 4505 4504
f 4143 4461 4490
f 3331 3222 3219
f 4016 4018 4017
f 3998 3776 3999
f 4114 5710 4113
f 4405 4406 4404
f 5602 5720 5719
f 4767 4804 4770
f 4929 4954 4928
f 4410 5665 5669
f 3888 5632 3887
f 4048 3977 3974
f 3947 3212 5652
f 5676 3472 3473
f 5782 5784 5783
f 4315 4311 4267
f 5699 5521 5493
f 5864 5825 5822
f 5826 5822 5823
f 5775 5805 5806
f 3236 3270 3271
f 5823 5859 5826
f 4957 4895 4917
f 8868 8865 8869
f 4281 3848 4280
f 4940 4971 4949
f 4013 4029 4043
f 3685 3701 3684
f 4339 4377 4391
f 8891 8872 8892
f 3753 3755 3754
f 4427 3220 3221
f 3809 3779 3780
f 3568 4418 3500
f 3880 3918 3805
f 3543 3842 3841
f 4646 4648 4647
f 4656 4597 4598
f 4781 4820 4784
f 4972 4974 4973
f 5101 5109 5120
f 5095 5115 5125
f 5090 5132 5093
f 5131 5134 5133
f 5134 5127 5135
f 5117 5140 5129
f 3539 3863 3595
f 4006 3792 4007
f 5128 5099 5124
f 5097 5089 5096
f 5274 5271 5259
f 4571 4569 4549
f 4225 4238 4224
f 5156 5170 5172
f 4538 4540 4537
f 4622 4665 4662
f 4981 5004 4980
f 5012 4975 5013
f 5148 5149 5157
f 5157 5133 5134
f 5161 5145 5160
f 4261 4242 4260
f 5294 5291 5268
f 4255 4532 4261
f 5274 5250 5251
f 4246 4207 4248
f 3314 3927 3912
f 4670 4672 4671
f 4995 4673 4986
f 4638 4603 4600
f 4341 4525 4340
f 5163 5165 5162
f 4834 4784 4819
f 4784 4682 4819
f 4844 4687 4688
f 5280 5275 5285
f 4217 4564 4188
f 4554 4556 4555
f 4551 4556 4594
f 4549 4544 4571
f 5141 5173 5175
f 4653 4683 4682
f 4973 4989 4988
f 4984 5015 4983
f 5177 5170 5178
f 5166 5181 5182
f 5141 5139 5138
f 5178 5151 5177
f 5244 5203 5245
f 5252 5245 5253
f 4479 4079 4493
f 4402 4404 4403
f 3500 4419 3499
f 5856 5909 5913
f 4488 3348 3349
f 8851 5885 5886
f 3607 5701 4098
f 3508 3503 3504
f 5847 5896 5894
f 4374 4309 4263
f 3380 4438 3379
f 9025 3553 3554
f 5718 4131 3973
f 3300 3283 3321
f 5551 3276 5552
f 5552 3369 5553
f 5555 5483 5557
f 5859 5896 5858
f 4133 3794 3915
f 3606 3652 3610
f 4900 4766 4691
f 4616 4789 4788
f 3738 4164 3757
f 4774 4642 4801
f 4399 3402 4175
f 5853 5795 5851
f 3936 4427 3935
f 3418 4064 4065
f 5510 3840 5514
f 3270 3279 3269
f 3274 4056 4055
f 4359 4305 4306
f 4135 3504 4111
f 3610 3609 3606
f 3837 3557 5425
f 5940 4401 5941
f 5853 5803 5847
f 5725 5515 5727
f 3246 4117 3245
f 5713 5672 5681
f 4918 4916 4915
f 4148 3771 5703
f 5106 5113 5111
f 4147 5709 4146
f 5152 5177 5151
f 9026 4111 4112
f 5104 5103 5112
f 3531 3485 3593
f 3713 3715 3714
f 3699 3815 3697
f 4467 4459 4478
f 4703 4736 4640
f 5405 3846 5406
f 3555 3963 3964
f 4120 5411 4119
f 4217 4185 4218
f 3279 5441 3269
f 4944 4959 4966
f 4353 4344 4357
f 3815 3716 4104
f 3374 4052 4051
f 4491 4516 4515
f 5865 5833 5866
f 5819 5856 5862
f 5807 5856 5808
f 3933 3281 3929
f 3208 3920 3919
f 8907 8902 8903
f 5288 5295 5287
f 3728 3747 3748
f 3309 4083 3336
f 5119 5101 5120
f 3811 3789 4002
f 3595 3992 3993
f 4106 4100 4107
f 5696 5576 3885
f 3708 3750 3707
f 3744 4165 4163
f 5905 5892 5906
f 3403 4175 3402
f 4133 3506 3507
f 4147 3544 3545
f 3561 3325 3324
f 3237 3239 3238
f 4877 4793 4794
f 3241 3243 3242
f 3597 3625 3596
f 3279 3281 3280
f 3371 3373 3372
f 3599 3567 3598
f 3975 4032 4031
f 3277 3250 3278
f 3774 3565 3773
f 3658 3780 3779
f 4961 4963 4960
f 3600 3616 4096
f 4228 4202 4199
f 4011 4318 4350
f 4307 4262 4308
f 4838 4841 4842
f 4782 4773 4743
f 4914 4946 4947
f 4839 4765 4836
f 4771 4645 4642
f 4962 4964 4963
f 4966 4963 4964
f 3601 3615 3600
f 5878 5879 5881
f 5890 5881 5889
f 3720 4158 3719
f 4755 4689 4663
f 3740 3718 3739
f 5695 5686 5714
f 5740 5742 5741
f 5733 5736 5749
f 5755 5750 5749
f 5745 5762 5740
f 5798 5800 5799
f 4706 4879 4705
f 5651 5619 5620
f 5850 5797 5772
f 5804 5806 5805
f 4087 5707 4086
f 5915 5914 5916
f 5703 4167 4148
f 5893 5896 5895
f 5892 5919 8858
f 5706 5664 4081
f 5786 5788 5787
f 3973 3841 3493
f 4831 4915 4916
f 5906 8858 8859
f 4965 4969 4964
f 4684 4846 4842
f 3589 3611 3604
f 3596 4150 4091
f 5877 5763 5745
f 4121 4123 4122
f 3469 3868 3502
f 3204 3208 3207
f 3716 3726 3727
f 5460 5426 3571
f 3465 3470 3464
f 5738 3764 3765
f 4887 4655 4888
f 4203 4205 4204
f 3959 4082 4089
f 5758 5886 5885
f 5781 5872 5780
f 4675 4723 4674
f 3757 5751 5732
f 3334 3272 3335
f 8880 5903 5911
f 5615 3473 5614
f 5759 5760 5743
f 8845 8848 8847
f 5778 5780 5779
f 8857 8849 8850
f 4132 3798 3859
f 5839 5841 5842
f 560 3187 559
f 5747 4007 3792
f 5928 8840 5927
f 5766 5768 5767
f 4848 4956 4847
f 4953 4967 4965
f 4832 4910 4915
f 5879 5888 5887
f 3598 3530 4095
f 5747 5730 5748
f 5754 5748 5730
f 5810 5812 5811
f 5758 5749 5736
f 4315 4387 4314
f 5917 5916 5918
f 5913 5910 5914
f 5930 8841 8840
f 4951 4968 4953
f 3209 3201 3202
f 4059 3246 3247
f 8731 8842 8841
f 3776 3585 3778
f 5770 5772 5771
f 5891 5893 5892
f 9028 5641 5439
f 5814 5816 5815
f 5662 5673 5661
f 3522 3524 3523
f 5630 5942 5496
f 5791 5795 5794
f 5746 3754 5876
f 5928 5931 5930
f 5743 5739 5742
f 5876 5875 5878
f 3678 9021 3686
f 4200 4207 4199
f 4114 3916 4149
f 3601 3605 3604
f 3818 3712 3817
f 3315 3317 3316
f 5899 5902 5901
f 8840 5883 8936
f 5562 5559 5560
f 4416 3448 4414
f 3189 3191 3190
f 4751 4747 4671
f 4181 4180 4177
f 3832 5454 5351
f 3362 3526 3361
f 5678 5699 5698
f 3497 3499 3498
f 448 807 447
f 647 122 270
f 5690 5677 5697
f 4183 4185 4184
f 1833 1780 1832
f 5920 5897 5923
f 510 508 507
f 4401 5944 5941
f 5656 5530 5936
f 3970 5940 4293
f 5653 5939 5946
f 5450 5946 5532
f 3384 5945 5487
f 4403 4299 5494
f 5944 3968 5949
f 3963 5951 3852
f 5614 3474 5935
f 5427 3857 5951
f 3210 1887 3201
f 1887 3200 3201
f 15 3197 3200
f 16 3195 3197
f 3195 3187 3194
f 3194 1899 3207
f 3207 375 3204
f 387 126 127
f 3189 1760 5650
f 9029 757 758
f 763 2172 2175
f 9035 9032 9033
f 9033 9031 9030
f 9046 9048 9047
f 8751 9054 8752
f 9078 9077 9079
f 9083 9051 9053
f 9088 9047 9048
f 9099 9040 9097
f 9102 9036 9099
f 9105 9032 9103
f 9105 9106 9031
f 1801 9108 9107
f 9103 9034 9102
f 9096 9047 9089
f 1767 9111 9112
f 1597 9113 1600
f 1708 9117 9116
f 9123 9119 9118
f 9118 9125 9124
f 1588 9116 1587
f 2080 9118 2082
f 2082 9124 2084
f 9126 9087 9083
f 9129 9088 9087
f 5512 5943 5947
f 5634 5488 5948
f 5724 5947 5616
f 9134 9097 9133
f 9144 9102 9138
f 9133 9096 9132
f 786 9144 785
f 9146 9103 9144
f 785 9138 497
f 497 9134 650
f 650 9133 564
f 9148 9133 9132
f 8756 9057 8753
f 9154 9130 9129
f 9151 9131 9130
f 9097 9090 9096
f 1799 9111 1768
f 5949 3964 3853
f 9160 8809 8811
f 8813 9160 8811
f 9166 564 9148
f 9067 9054 9052
f 9162 9148 9150
f 9087 9048 9051
f 9081 9079 9082
f 9049 9051 9048
f 9082 9167 9081
f 9079 9049 9046
f 9169 9175 9170
f 9167 9112 9081
f 9168 9177 9167
f 9120 9113 9177
f 9120 9169 9119
f 9119 9170 9125
f 9179 9125 9170
f 9180 9124 9125
f 9178 9170 9175
f 1576 2084 9124
f 9179 9183 9181
f 3203 1387 3190
f 3190 1791 3189
f 5618 1949 3210
f 317 259 391
f 2000 9105 9146
f 9053 9052 9054
f 9041 9036 9037
f 9029 756 2170
f 9037 9034 9035
f 9130 9089 9088
f 3204 376 3203
f 1801 9109 1799
f 9181 9180 9179
f 1575 9190 1088
f 9187 1576 9180
f 1776 1796 1775
f 1293 1290 1284
f 1326 1327 12
f 1294 1234 1290
f 878 1330 1337
f 5633 5490 5945
f 5933 3360 5502
f 5613 5948 5500
f 5604 3844 5720
f 3972 5950 5601
f 3494 4322 5950
f 4406 5615 4298
f 3492 4292 5943
f 5631 5495 5942
f 497 374 498
f 122 413 121
f 5624 3398 5416
f 9151 9156 9160
f 9058 8752 9054
f 9160 9150 9151
f 8815 9162 8813
f 9156 8794 8809
f 439 399 438
f 1512 1526 1511
f 1668 1738 1671
f 839 1362 838
f 1362 826 1012
f 3425 3418 4047
f 4905 5243 4808
f 4621 4662 4690
f 5582 5574 5577
f 4754 4756 4755
f 3902 4021 4022
f 9295 1896 9267
f 2053 2118 2117
f 9340 2120 2119
f 696 9268 9283
f 4922 4939 4924
f 4365 4186 4183
f 5105 4862 4670
f 5228 5226 5225
f 4781 4877 4794
f 5218 5238 5217
f 4990 4992 4991
f 4335 4336 4251
f 4993 4972 5002
f 4794 4792 4750
f 5886 8852 8851
f 5405 5417 5416
f 4669 4764 4668
f 4676 4698 4679
f 1826 639 640
f 9192 9181 9183
f 5232 5233 5204
f 5418 4122 5419
f 956 886 960
f 5720 3512 5717
f 4728 4730 4729
f 8879 8863 8862
f 1980 1922 807
f 4969 4966 4964
f 33 105 164
f 9028 3254 5437
f 3837 3839 3838
f 4382 4301 4383
f 3908 4122 4123
f 4290 4294 4291
f 4400 4055 4056
f 3219 3221 3220
f 8894 8877 8876
f 4640 4735 4630
f 4389 4216 4213
f 3267 4493 4451
f 3268 4463 4144
f 5097 5098 5088
f 5094 5096 5095
f 5654 5937 5938
f 4089 3960 3959
f 5159 5162 5160
f 5202 5249 5205
f 5412 5414 5413
f 5715 3516 5716
f 5723 4423 5726
f 4263 4323 4374
f 3994 3564 3774
f 1343 9308 9309
f 3470 5667 3464
f 5659 5671 5706
f 3319 4053 3299
f 9359 2128 9354
f 1766 1582 1594
f 14 2163 738
f 595 99 594
f 5703 3772 5702
f 5206 5229 5209
f 3437 3458 3457
f 5516 3487 5509
f 5122 5087 5123
f 3223 3934 3935
f 3979 5402 3978
f 3828 3320 3827
f 5663 4081 5664
f 4035 4490 4461
f 4426 5724 4425
f 3881 4447 4444
f 5407 4118 4119
f 5691 5689 5687
f 5661 5672 5671
f 5911 8901 8880
f 3902 3871 4046
f 5541 5539 5606
f 4069 5561 5562
f 3248 3292 3247
f 1346 1044 1352
f 748 1425 747
f 3297 3255 3934
f 5445 4056 5550
f 5783 5830 5831
f 4310 4376 4373
f 5857 5800 5802
f 3882 4452 3881
f 3193 3919 3951
f 3190 3206 3203
f 4266 4268 4267
f 4488 3420 4486
f 3331 3940 3330
f 4282 4284 4283
f 4606 4607 4605
f 4628 4708 4712
f 4659 4733 4658
f 4615 4829 4614
f 4718 4713 4717
f 5722 4421 5721
f 3307 3461 3433
f 4686 4634 4636
f 3966 3550 3978
f 4738 4875 4873
f 3416 3237 3341
f 4527 4208 4200
f 5093 5114 5092
f 5124 5086 5122
f 5117 5138 5139
f 4631 4640 4630
f 5166 5168 5167
f 5185 5187 5186
f 5194 5191 5171
f 3245 4118 9027
f 5214 5203 5200
f 3230 3318 3284
f 5237 5217 5238
f 5250 5258 5255
f 5113 5084 5085
f 5270 5269 5268
f 4906 5107 4768
f 5271 5267 5270
f 5276 5262 5263
f 5153 5174 5173
f 5290 5268 5291
f 5306 5303 5304
f 5147 5146 5143
f 4585 4856 4584
f 3226 5436 3225
f 4473 4504 4470
f 5765 8897 8895
f 4529 4247 4530
f 8923 8916 8917
f 5713 5682 5714
f 3315 3898 3322
f 5564 5537 5563
f 4468 4441 5466
f 3738 4163 4165
f 4577 4559 4560
f 5567 3366 3363
f 3587 4150 4151
f 5471 4504 4505
f 5860 5816 5817
f 3516 5558 5932
f 5436 5637 5437
f 5050 5083 5060
f 5547 3338 3339
f 9023 3295 4115
f 5708 4132 5711
f 4104 3814 3815
f 3718 4161 4162
f 5498 5679 5692
f 3884 4432 3883
f 3955 3877 3878
f 4049 4061 3977
f 8892 8875 8890
f 4572 4218 4569
f 4440 4442 4441
f 4497 3407 3408
f 4632 4633 4724
f 8906 8881 8902
f 5664 5670 5663
f 3751 3706 3707
f 3511 3736 3800
f 5129 5116 5117
f 5086 5098 5085
f 5135 5128 5136
f 5143 5145 5144
f 5168 5136 5137
f 5297 5246 5257
f 5164 5160 5162
f 5155 5171 5170
f 5137 5167 5168
f 5293 5307 5305
f 5513 4083 5515
f 4053 3825 4057
f 3228 3298 3227
f 3631 3635 3636
f 5689 5670 5693
f 5759 5883 5882
f 3793 3507 4134
f 4906 4891 4907
f 4719 4901 4720
f 3597 4095 4092
f 3352 4125 3262
f 9064 9058 9067
f 9076 9067 9077
f 9083 8794 9126
f 9131 9096 9089
f 9138 9099 9134
f 9154 9126 9156
f 9077 9052 9049
f 9053 8766 9083
f 9191 9187 9181
f 9082 9046 9193
f 9193 9168 9082
f 1284 1288 1285
f 9150 9132 9131
f 3841 3496 3493
f 3570 3336 4083
f 4027 4312 3258
f 4889 4781 4794
f 4041 4044 4043
f 4885 4813 4829
f 5419 3905 5430
f 4367 4227 4224
f 1778 1780 1779
f 1792 1584 1789
f 4308 3869 4307
f 4594 4762 4551
f 4767 4769 4768
f 5461 3366 3847
f 4763 4716 4720
f 4919 4915 4910
f 4300 4334 4333
f 5196 5198 5197
f 5158 5135 5136
f 5431 5433 5432
f 4545 4571 4544
f 4557 4594 4556
f 695 571 694
f 4156 3626 3694
f 4861 4670 4862
f 5681 5674 5682
f 5473 5580 5583
f 3622 4152 4151
f 5647 3574 3231
f 3674 3808 3649
f 4420 3498 3499
f 5675 5666 5674
f 3253 5439 3280
f 5870 5917 5912
f 8887 8919 8886
f 5862 5913 5915
f 3534 3485 3482
f 3313 4484 3312
f 9090 9046 9047
f 4871 4695 4855
f 3778 3822 3819
f 4889 4874 4875
f 4000 3784 4001
f 4897 4911 4910
f 3856 3838 3839
f 4772 4896 4771
f 4015 4376 4014
f 3433 3476 3435
f 4053 3302 3299
f 3367 3363 4434
f 3242 3831 3241
f 3441 4082 4081
f 4735 4855 4854
f 4756 4737 4689
f 3382 3384 3383
f 3698 3697 3682
f 4676 4678 4677
f 4948 4941 4944
f 4890 4805 4747
f 4757 4745 4737
f 4581 4380 4586
f 5716 5932 5597
f 4923 4926 4932
f 5077 5081 5076
f 5078 5058 5054
f 4009 5400 3952
f 5081 5078 5076
f 3930 4513 4514
f 4014 4028 4029
f 4025 4020 4021
f 3618 4096 3616
f 4581 4576 4580
f 4219 4188 4189
f 5440 3335 3272
f 5449 3323 3322
f 4229 4177 4202
f 4590 4214 4589
f 4227 4184 4226
f 4574 4858 4547
f 4565 5453 4563
f 4592 4588 4589
f 4590 4573 4579
f 3517 5521 3519
f 3845 3522 5423
f 4444 3884 3881
f 3982 5533 5535
f 4465 4497 4495
f 4520 4521 4496
f 4076 5591 5590
f 3635 3666 3634
f 3343 4498 5481
f 4022 3870 3871
f 3661 4098 3660
f 5691 5697 5692
f 3768 5742 5739
f 4514 3956 4518
f 3697 3814 3696
f 4394 5460 4395
f 4054 4057 4058
f 3284 3323 3559
f 4052 4169 4397
f 4447 4510 4446
f 4456 3346 4138
f 4483 3877 4482
f 4482 4512 4492
f 4492 4513 4516
f 5642 5439 5641
f 5448 5442 5440
f 5466 3882 3883
f 3340 4445 3339
f 8908 8910 8911
f 4397 3835 3980
f 5413 3521 5412
f 3234 3932 3233
f 5753 8895 8894
f 8896 5756 5755
f 8921 8889 8888
f 8915 8911 8916
f 3933 3935 3934
f 3620 3657 3623
f 3966 3968 3967
f 4905 4769 4770
f 3225 5437 3254
f 5433 3984 5435
f 5714 5693 5713
f 5435 3985 5436
f 3954 3955 3878
f 4713 4632 4724
f 4879 4632 4705
f 3983 3896 3897
f 9027 3248 3245
f 5871 5912 5904
f 5849 5891 5905
f 4702 4640 4641
f 4213 4579 4389
f 3644 3688 3689
f 9193 9040 9041
f 8920 8935 8919
f 5406 4130 4127
f 4140 5401 4139
f 5659 3904 5660
f 4772 4783 4834
f 4244 4246 4245
f 4061 4037 4038
f 3669 3803 3668
f 3459 3209 3202
f 4072 5484 4071
f 4835 4834 4819
f 5660 5661 5659
f 4262 4264 4263
f 3633 3627 3628
f 3685 3676 3686
f 4517 3235 3304
f 4145 4085 3544
f 5455 5459 3850
f 5638 5640 5641
f 3228 3254 3255
f 4044 3411 3412
f 3614 3612 3613
f 3273 3275 3274
f 4952 4961 4918
f 4959 4960 4963
f 4888 4761 4860
f 4254 4256 4255
f 4199 4201 4200
f 4499 4465 5480
f 5479 4496 4521
f 5952 5954 5955
f 5956 5958 5959
f 5959 5960 5961
f 5962 5964 5965
f 5966 5968 5969
f 5967 5971 5968
f 5963 5961 5960
f 5972 5964 5973
f 5974 5976 5977
f 5978 5980 5981
f 5982 5984 5985
f 5986 5985 5984
f 5988 5990 5991
f 5992 5994 5995
f 5996 5998 5999
f 6000 6002 6003
f 6004 6006 6007
f 6008 6010 6011
f 6012 6014 6015
f 6016 6018 6019
f 6020 6022 6023
f 6024 6026 6027
f 6028 6030 6031
f 6032 6034 6035
f 6036 6038 6039
f 6040 6013 6012
f 6042 6044 6045
f 5992 6047 5993
f 6048 6050 6051
f 6052 6054 6055
f 6056 6058 6059
f 6060 5987 5986
f 6062 6064 6065
f 6066 6068 6069
f 6070 6027 6026
f 6072 6057 6056
f 6075 6077 6074
f 6078 6080 6081
f 6082 6054 6084
f 6085 6081 6086
f 6087 5990 6088
f 6061 6089 5987
f 6089 6091 6092
f 6092 6093 6094
f 6095 5981 6096
f 6062 6084 6063
f 6097 6035 6034
f 6056 6099 6072
f 6100 6102 6103
f 6001 6104 6105
f 6107 6109 6106
f 6110 6112 6113
f 6114 6025 6115
f 6116 6118 6119
f 6120 6122 6123
f 6124 6126 6127
f 6128 6101 6100
f 6039 6131 6036
f 6132 6134 6135
f 6136 6138 6003
f 6139 6141 6142
f 6143 6145 6146
f 6148 6150 6147
f 6152 6154 6151
f 6155 6157 6158
f 6159 6161 6162
f 6163 6165 6166
f 6167 6169 6170
f 6171 6173 6174
f 6175 6104 6177
f 6178 6180 6181
f 6023 6183 6020
f 6184 6186 6187
f 6117 6188 6189
f 6190 6192 6193
f 6194 6026 6114
f 6195 6191 6190
f 6197 6199 6200
f 6201 6203 6204
f 6205 6207 6208
f 6209 6201 6204
f 6197 6211 6212
f 6212 6213 6214
f 5979 6214 6213
f 6203 6217 6204
f 6206 6198 6207
f 6218 5962 6219
f 5965 6219 5962
f 5972 3354 6221
f 6070 6222 6223
f 6224 6226 6227
f 6228 6230 6231
f 6232 6234 6235
f 6196 6236 6237
f 6071 6223 6238
f 6239 6241 6242
f 6243 6245 6246
f 6247 6248 6249
f 6250 6252 6253
f 6254 6256 6257
f 6258 6260 6261
f 6229 6263 6230
f 6264 6242 6241
f 6266 6268 6269
f 6270 6272 6273
f 6274 6276 6277
f 6195 6279 6236
f 6280 6281 6282
f 6283 6285 6286
f 6123 6287 6288
f 6289 6291 6292
f 6293 6243 6295
f 6240 6297 6241
f 6298 6267 6266
f 6300 6302 6303
f 6304 6306 6307
f 6251 6308 6309
f 6247 6311 6312
f 6313 6315 6316
f 6314 6317 6318
f 6319 6320 6321
f 6322 6088 6323
f 6216 6258 6217
f 6325 6327 6328
f 6217 6261 6329
f 6330 6238 6331
f 6071 6048 6027
f 6015 6333 6012
f 6079 6335 6080
f 6336 6240 6239
f 6294 6296 6240
f 6337 6339 6340
f 6341 6343 6344
f 6345 6347 6348
f 6266 6349 6298
f 6350 6352 6353
f 6295 6246 6354
f 6303 6356 6300
f 6357 6359 6360
f 6361 6363 6364
f 6365 6353 6366
f 6367 6369 6370
f 6371 6370 6372
f 6372 6374 6371
f 6375 6373 6376
f 6376 6378 6375
f 6379 6381 6382
f 6383 6385 6386
f 6387 6389 6390
f 6391 6393 6394
f 6395 6397 6398
f 6398 6400 6395
f 6399 6402 6400
f 6403 6401 6404
f 6405 6407 6408
f 6409 6411 6412
f 6367 6413 6414
f 6374 6415 6416
f 6417 6384 6383
f 6419 6348 6347
f 6421 6423 6424
f 6425 6400 6402
f 6426 6395 6400
f 6393 6428 6429
f 6429 6394 6393
f 6390 6431 6432
f 6433 6408 6407
f 6435 6437 6438
f 6439 6411 6438
f 6392 6441 6442
f 6397 6442 6443
f 6401 6444 6445
f 6446 6437 6404
f 6448 6450 6451
f 6452 6454 6455
f 6442 6456 6457
f 6443 6457 6458
f 6444 6460 6461
f 6445 6461 6462
f 6463 6462 6465
f 6446 6462 6464
f 6466 6468 6469
f 6448 6470 6471
f 6453 6472 6473
f 6474 6476 6477
f 6478 6480 6481
f 6482 6484 6485
f 6486 6488 6489
f 6490 6492 6493
f 6493 6494 6495
f 6496 6498 6499
f 6500 6502 6503
f 6504 6506 6507
f 6508 6509 6510
f 6511 6513 6508
f 6499 6515 6496
f 6516 6518 6519
f 6520 6522 6523
f 6524 6525 6526
f 6507 6527 6504
f 6504 6528 6510
f 6528 6508 6510
f 6529 6531 6532
f 6342 6534 6343
f 6535 6346 6536
f 6347 6537 6419
f 6434 6539 6408
f 6539 6405 6408
f 6541 6451 6450
f 6543 6470 6545
f 6546 6481 6547
f 6499 6548 6549
f 6549 6514 6499
f 6551 6553 6554
f 6555 6557 6558
f 6403 6423 6559
f 6426 6413 6416
f 6415 6428 6427
f 6430 6561 6562
f 6434 6420 6419
f 6563 6565 6566
f 6404 6445 6446
f 6459 6399 6398
f 6455 6388 6387
f 6405 6449 6406
f 6540 6450 6405
f 6567 6568 6569
f 6570 6463 6567
f 6475 6490 6465
f 6458 6571 6572
f 6573 6574 6575
f 6576 6578 6579
f 6193 6580 6581
f 6582 6584 6585
f 6583 6586 6587
f 6588 6587 6586
f 6590 6068 6591
f 6592 6594 6319
f 6251 6595 6252
f 6304 6597 6598
f 6272 6599 6273
f 3737 6558 6557
f 6600 6160 6601
f 6123 6603 6120
f 6604 6606 6607
f 6608 6208 6609
f 5972 6220 5965
f 6610 6612 6556
f 6613 6615 6616
f 6242 6618 6239
f 6226 6245 6227
f 6620 6622 6623
f 6624 6146 6625
f 6626 6211 6136
f 6627 6629 6630
f 6631 6633 6634
f 6235 6636 6232
f 6637 6639 6640
f 6641 6286 6642
f 6643 6645 6646
f 6647 6649 6650
f 6244 6294 6336
f 6336 6652 6244
f 6194 6237 6222
f 6196 6114 6191
f 6115 6191 6114
f 6653 6655 6656
f 6657 6189 6658
f 6117 6659 6118
f 6130 6156 6131
f 6133 6151 6134
f 6661 6662 6660
f 6663 6616 6552
f 6664 6273 6665
f 6418 6432 6431
f 6290 6328 6291
f 6666 6556 6612
f 6557 3805 3737
f 5971 6668 5968
f 6181 6670 6178
f 6671 6673 6674
f 6676 6672 6675
f 6675 6149 6676
f 6067 5999 5998
f 6677 6679 6680
f 6681 6683 6684
f 6087 6090 6089
f 5983 6685 6686
f 5982 6687 6685
f 6094 6688 6687
f 6211 6137 6136
f 6689 6691 6692
f 6690 3833 3832
f 6001 6686 6002
f 5978 6215 5979
f 6694 5978 6095
f 5974 6095 6695
f 6183 6696 6697
f 6698 5961 6218
f 5959 6699 5956
f 6697 6700 6701
f 6702 6703 6704
f 5968 6705 5969
f 6706 5955 5954
f 6707 6617 6708
f 6024 6709 6710
f 6402 6559 6425
f 3852 6712 3853
f 3856 6593 3857
f 5977 6694 5974
f 6713 5977 5976
f 6714 6716 6717
f 6718 6308 6250
f 6720 6254 6721
f 6722 6724 6725
f 6312 6726 6727
f 6069 6728 6729
f 6319 6730 6086
f 6731 6644 6732
f 6732 6734 6731
f 6046 6320 6047
f 3880 6666 6735
f 6736 6738 6739
f 6531 6741 6326
f 6300 6614 6613
f 6742 6325 6290
f 6743 3891 3890
f 6744 6301 6745
f 6746 6534 6533
f 6536 6579 6535
f 6535 6563 6537
f 6566 6537 6563
f 6538 6409 6539
f 6412 6539 6409
f 6412 6541 6540
f 6748 6542 6541
f 6749 6545 6542
f 6568 6547 6543
f 6751 6548 6546
f 6753 6550 6549
f 6755 6757 6758
f 6759 6761 6762
f 6763 6765 6762
f 6764 6623 6765
f 6766 6768 6769
f 6770 6772 6773
f 6774 6776 6777
f 6021 6777 6022
f 6723 6779 6724
f 6780 6782 6783
f 6784 6786 6787
f 6788 6790 6791
f 6185 6793 6186
f 6794 6725 6795
f 6729 6098 6097
f 6135 6798 6132
f 6799 6065 6800
f 6037 6802 6038
f 6005 6588 6586
f 6005 6804 6006
f 6052 6010 6805
f 6586 6803 6005
f 6092 5987 6089
f 6094 5985 6092
f 6096 6695 6095
f 6082 6799 6585
f 6657 6041 6659
f 6013 6658 6014
f 6795 6807 6808
f 6809 6811 6812
f 6813 6815 6816
f 6817 6819 6820
f 6821 6823 6824
f 6329 6204 6217
f 6202 6826 6203
f 6072 6827 6828
f 6598 6305 6304
f 6301 6613 6663
f 6830 6271 6270
f 6822 6778 6823
f 6326 6832 6327
f 6203 6833 6216
f 6027 6051 6024
f 6360 6835 6357
f 6836 6838 6839
f 6837 6841 6838
f 6362 6366 6363
f 6380 6384 6381
f 6421 6578 6842
f 6566 6410 6409
f 6394 6388 6391
f 6414 6368 6367
f 6371 6416 6413
f 6561 6378 6382
f 6382 6562 6561
f 6381 6418 6562
f 6389 6430 6431
f 6391 6454 6441
f 6441 6453 6456
f 6456 6473 6574
f 6495 6750 6568
f 6843 6485 6484
f 6844 6843 6846
f 6573 6847 6848
f 6849 6487 6486
f 6513 6752 6469
f 6517 6850 6503
f 6521 6851 6850
f 6844 6852 6853
f 6505 6510 6509
f 6753 6512 6754
f 6516 6521 6517
f 6614 6854 6615
f 6742 4003 3891
f 6708 6855 6856
f 6307 6857 6858
f 6307 6665 6304
f 6414 6425 6559
f 6416 6427 6426
f 6562 6431 6430
f 6419 6538 6434
f 6358 6839 6359
f 6059 6859 6860
f 6861 6863 6864
f 6865 6867 6868
f 6115 6869 6870
f 6871 6873 6874
f 6721 6596 6875
f 6876 6556 6555
f 6877 6552 6551
f 6551 6268 6877
f 6879 6265 6269
f 6239 6651 6336
f 6230 6619 6226
f 6171 6669 6880
f 6106 6882 6881
f 6883 6822 6821
f 6759 6187 6174
f 6725 6785 6807
f 6885 6808 6791
f 6886 6888 6031
f 6701 6756 6755
f 6884 6779 6822
f 6715 6309 6308
f 6889 6890 6891
f 6743 4042 6892
f 6270 6893 6830
f 6386 6895 6383
f 6895 6420 6896
f 6897 6417 6896
f 6897 6407 6898
f 6390 6899 6387
f 6900 6406 6449
f 6455 6901 6452
f 6902 6904 6471
f 6482 6905 6483
f 6501 6907 6502
f 6496 6908 6909
f 6532 6326 6325
f 6532 6743 6529
f 6612 6735 6666
f 6611 6910 6612
f 6626 5979 6213
f 6704 6105 6702
f 6913 6591 6914
f 6915 6795 6885
f 6229 4067 4066
f 6263 6289 6619
f 6745 6663 6877
f 6916 6757 6917
f 6885 6165 6915
f 6920 6783 6919
f 6921 6923 6924
f 6925 6924 6926
f 6927 6929 6930
f 6931 6933 6934
f 6935 6937 6938
f 6939 6941 6942
f 6943 6945 6946
f 6947 6949 6950
f 6944 6951 6952
f 6953 6955 6956
f 6957 6959 6960
f 6961 6929 6963
f 6964 6966 6967
f 6968 6970 6971
f 6969 6955 6970
f 6972 6946 6973
f 6974 6976 6977
f 6978 6980 6981
f 6940 6982 6983
f 6984 6986 6987
f 6988 6990 6991
f 6992 6989 6993
f 6994 6996 6997
f 6998 7000 7001
f 7002 7004 7005
f 7006 7008 7009
f 7010 7012 7013
f 7014 7016 7017
f 7018 6999 6998
f 7020 7022 7023
f 7024 7026 7027
f 7028 7030 7031
f 7032 7034 7035
f 7003 7036 7037
f 7038 7040 7027
f 6993 7030 7041
f 7042 7044 7045
f 7046 7007 7006
f 7011 7048 7049
f 7050 7052 7053
f 7054 7014 7055
f 7015 7056 7057
f 6621 7045 7044
f 7049 6775 6774
f 7051 6021 6020
f 7055 6701 7054
f 7054 6755 7056
f 6764 7047 7046
f 7020 7059 7013
f 7060 7062 7063
f 6958 7065 6959
f 6925 7067 6973
f 7068 6934 6926
f 7069 6991 7070
f 7071 7072 7073
f 7074 7076 7077
f 7078 7080 7081
f 7014 7082 7083
f 7084 7086 7087
f 7025 7031 7026
f 7085 7072 7088
f 7089 7087 7090
f 7055 7083 7091
f 7090 6770 6773
f 7092 7094 7095
f 7091 6697 7055
f 6770 7086 6758
f 7095 6767 6766
f 7096 6980 7097
f 7098 6940 7099
f 7058 7023 7100
f 7101 6930 7102
f 6974 7063 6967
f 7103 6971 7104
f 7105 6981 6977
f 7106 7036 7108
f 7109 7010 7110
f 7111 7018 7034
f 7098 7037 7100
f 7048 7112 6775
f 7113 7041 6997
f 6994 7115 7088
f 6965 6923 6966
f 6975 6945 6976
f 7061 7065 7062
f 6954 6933 6963
f 6763 7109 7047
f 7046 6620 6764
f 6947 7067 6956
f 6758 7056 6755
f 7118 7039 7038
f 7038 7070 7118
f 7106 7121 7122
f 7123 7053 7052
f 7123 7083 7082
f 7045 7006 7042
f 7107 7122 7009
f 7091 7052 7051
f 7091 6020 6183
f 6936 7097 6937
f 7125 6960 7102
f 6774 7050 7049
f 7119 6942 7039
f 7019 7005 6999
f 7011 7124 7012
f 7021 7040 7022
f 7114 7016 7115
f 7053 7049 7050
f 7086 7057 7056
f 6993 7127 6992
f 7075 7113 7076
f 4281 6603 7128
f 6012 7129 6040
f 7130 6584 7131
f 6797 7133 6798
f 6074 7135 6075
f 6789 6173 6790
f 6760 6776 6761
f 7136 6801 6589
f 6914 6674 6913
f 7007 7059 7008
f 7099 7003 7098
f 6984 7104 6938
f 7110 7047 7109
f 6333 6587 7129
f 5956 6667 5971
f 5957 5971 5970
f 7137 6308 6719
f 4292 6718 6250
f 6693 6668 6215
f 6215 6667 6214
f 6214 6699 6212
f 6698 6212 6699
f 6219 6198 6218
f 6207 6220 6208
f 6220 6609 6208
f 6262 4066 4003
f 7138 7140 7141
f 4298 7140 4299
f 7143 7145 7146
f 7147 7144 7149
f 7149 7151 7147
f 7150 7153 7151
f 6329 7154 7152
f 6261 7155 7154
f 7156 7157 7158
f 6598 7159 7160
f 6257 7161 7162
f 6256 4321 7161
f 6693 6706 6705
f 5954 6705 6706
f 5953 5969 5954
f 7163 5983 6912
f 7164 6138 7166
f 7167 7169 7170
f 6141 7172 6142
f 7166 7173 7164
f 6141 7174 7175
f 7176 7178 7179
f 7180 7182 7183
f 7184 7186 7187
f 6631 7183 7188
f 6218 6197 6698
f 6625 7189 6624
f 6814 7190 7191
f 6882 7193 7194
f 7195 6109 6108
f 6888 7198 7199
f 7200 7202 7203
f 7176 6630 7204
f 6029 7187 6030
f 7205 7207 7208
f 7209 7211 7212
f 7203 7213 7214
f 6886 6778 6723
f 6031 7215 6886
f 7216 7218 7219
f 7220 6880 6669
f 6076 7220 7222
f 6074 6672 6671
f 6147 6662 7223
f 7223 6111 6110
f 6810 6113 6112
f 6920 6914 6591
f 6077 6675 6672
f 6660 6076 6661
f 7222 6669 6181
f 7224 6181 6180
f 6660 6150 6675
f 7225 6794 6915
f 6783 7225 6164
f 6781 6068 6067
f 7217 7228 7218
f 6031 7199 6028
f 6887 6723 6722
f 6164 6915 6165
f 6780 6591 6068
f 7134 6671 6914
f 7229 6824 6823
f 7187 7230 7229
f 7226 6722 6794
f 7231 6169 7233
f 7201 7233 7202
f 6107 7235 7200
f 7215 6823 6778
f 6030 7229 7215
f 7236 7219 7179
f 7237 6820 6819
f 7237 7207 7238
f 7239 7241 7242
f 6739 7244 6736
f 7245 7242 7246
f 7233 6168 7247
f 7247 7202 7233
f 7195 7203 7214
f 7248 7250 6703
f 7227 7252 7228
f 7253 5998 7251
f 6067 7198 6781
f 6781 7197 6782
f 5984 6683 5986
f 7254 6678 6684
f 6679 7252 5997
f 6887 7197 6888
f 6782 7226 7225
f 7135 6163 7221
f 7221 6075 7135
f 6661 7222 7224
f 7224 6111 6661
f 6180 6112 7224
f 6179 6810 6180
f 6811 6793 6649
f 6650 6622 6769
f 6766 7044 7095
f 7095 7043 7092
f 7092 7121 7081
f 7078 7255 7033
f 7256 7257 7258
f 6768 7259 6647
f 6773 7094 7090
f 7090 7093 7089
f 7089 7080 7073
f 7071 7032 7260
f 7077 6998 7074
f 6995 7260 6996
f 7077 7261 7035
f 7035 7018 7077
f 7108 7111 7255
f 6978 7262 7001
f 7105 7264 7262
f 7263 6952 7264
f 6990 6951 7265
f 6972 7266 7265
f 7117 6950 7266
f 6948 7267 6949
f 6969 6982 7267
f 7103 6987 6983
f 7005 6986 7268
f 6999 7268 7000
f 7269 7271 7272
f 7274 7275 7273
f 7274 7276 7277
f 7278 7280 7281
f 7282 7284 7285
f 7286 7288 7289
f 7290 7292 7293
f 7294 7296 7293
f 7068 7298 7299
f 7300 7302 7303
f 7304 7305 7306
f 7307 7305 7308
f 7309 7283 7310
f 7311 7313 7314
f 7125 7306 7315
f 7285 7280 7282
f 7277 7303 7302
f 6965 7316 7317
f 7318 7316 7319
f 7320 7271 7314
f 7312 7296 7313
f 7270 7298 7322
f 7311 7322 7317
f 6961 7300 7308
f 7323 7325 7326
f 7327 7328 7329
f 7064 7325 7328
f 7287 7292 7288
f 6931 7299 7301
f 7331 7329 7319
f 7332 7334 7335
f 7336 7338 7339
f 7340 7333 7332
f 7342 7343 7344
f 7345 7347 7344
f 7348 7350 7351
f 7352 7354 7355
f 7356 7358 7359
f 7360 7362 7363
f 7365 7367 7364
f 7368 7370 7371
f 7372 7336 7374
f 7373 7337 7336
f 7367 7376 7377
f 7378 7380 7381
f 7382 7384 7385
f 7386 7385 7384
f 7388 7390 7391
f 7392 7333 7393
f 7394 7396 7397
f 7398 7400 7401
f 7402 7404 7405
f 7406 7408 7409
f 7410 7383 7382
f 7412 7414 7415
f 7385 7417 7382
f 7389 7419 7390
f 7373 7421 7375
f 7420 7372 7422
f 7369 7424 7370
f 7399 7397 7425
f 7393 7341 7342
f 7398 7357 7426
f 7358 7401 7427
f 7428 7430 7431
f 7433 7435 7432
f 7363 7436 7437
f 7383 7439 7384
f 7411 7438 7383
f 7441 7443 7444
f 7445 7339 7447
f 7374 7339 7446
f 7444 7364 7448
f 7448 7450 7449
f 7364 7451 7450
f 7451 7377 7452
f 7449 7454 7453
f 7455 7450 7451
f 7456 7451 7452
f 7410 7458 7459
f 7460 7462 7369
f 7423 7462 7463
f 7464 7466 7467
f 7468 7347 7470
f 7376 7471 7472
f 7425 7396 7473
f 7475 7477 7474
f 7478 7480 7481
f 7482 7407 7406
f 7484 7351 7486
f 7487 7488 7489
f 7490 7492 7493
f 7412 7434 7433
f 7494 7434 7415
f 7496 7391 7497
f 7440 7498 7499
f 7401 7488 7500
f 7485 7345 7501
f 7500 7427 7401
f 7395 7469 7468
f 7503 7505 7506
f 7507 7509 7510
f 7511 7513 7514
f 7511 7515 7516
f 7517 7519 7520
f 7521 7523 7355
f 7352 7525 7526
f 7415 7527 7494
f 7528 7530 7486
f 7404 7502 7500
f 7477 7496 7532
f 7512 7481 7513
f 7405 7500 7488
f 7533 7535 7536
f 7378 7510 7537
f 7532 7379 7538
f 7539 7541 7542
f 7524 7355 7523
f 7351 7501 7348
f 7414 7523 7527
f 7522 7527 7523
f 7544 7412 7545
f 7546 7547 7548
f 7526 7353 7352
f 7550 7355 7354
f 7521 7551 7548
f 7552 7548 7551
f 7546 7553 7554
f 7522 7548 7547
f 7418 7520 7555
f 7416 7554 7417
f 7457 7558 7458
f 7557 7560 7558
f 7535 7561 7562
f 7562 7563 7564
f 7564 7349 7348
f 7351 7565 7486
f 7567 7569 7566
f 7570 7520 7519
f 7419 7555 7571
f 7572 7348 7501
f 7389 7556 7418
f 7573 7493 7480
f 7552 7534 7553
f 7562 7536 7535
f 7572 7576 7574
f 7422 7578 7420
f 7423 7580 7424
f 7579 7463 7581
f 7578 7576 7582
f 7583 7381 7380
f 7586 7581 7585
f 7533 7579 7586
f 7447 7338 7587
f 7588 7531 7589
f 7590 7431 7591
f 7321 7592 7585
f 7275 7463 7273
f 7461 7276 7462
f 7279 7461 7453
f 7453 7593 7279
f 7594 7454 7455
f 7330 7498 7459
f 7459 7294 7330
f 7558 7595 7295
f 7560 7320 7595
f 7275 7585 7581
f 7462 7273 7463
f 7596 7380 7497
f 7597 7406 7409
f 7467 7599 7600
f 7601 7603 7604
f 7605 7444 7443
f 7365 7606 7366
f 7607 7494 7608
f 7513 7473 7396
f 7396 7514 7513
f 7514 7468 7515
f 7470 7515 7468
f 7610 7609 7470
f 7612 7476 7475
f 7613 7529 7614
f 7442 7615 7616
f 7343 7617 7618
f 7574 7577 7536
f 7619 7399 7491
f 7518 7509 7519
f 7491 7425 7492
f 7549 7621 7565
f 7491 7622 7619
f 7377 7440 7452
f 7379 7497 7380
f 7453 7460 7449
f 7411 7459 7498
f 7623 7391 7390
f 7625 7610 7484
f 7487 7483 7626
f 7619 7408 7489
f 7627 7620 7549
f 7538 7378 7537
f 7389 7477 7476
f 7629 7412 7433
f 7489 7407 7487
f 7628 7598 7597
f 7413 7524 7414
f 7592 7559 7630
f 7584 7632 7381
f 7569 7633 7571
f 7570 7566 7569
f 7631 7566 7632
f 7508 7519 7509
f 7614 7480 7613
f 7346 7470 7347
f 7572 7562 7564
f 7571 7634 7419
f 7346 7484 7610
f 7607 7431 7495
f 7585 7630 7586
f 7624 7497 7391
f 7635 7384 7439
f 7636 7502 7588
f 7323 7310 7289
f 7420 7582 7421
f 7637 7455 7456
f 7287 7499 7498
f 7458 7295 7294
f 7439 7472 7635
f 7599 7604 7600
f 7359 7427 7636
f 7436 7639 7437
f 7490 7640 7622
f 7481 7493 7473
f 7641 7505 7525
f 7642 7627 7644
f 7492 7473 7493
f 7517 7625 7530
f 7625 7486 7530
f 7634 7390 7419
f 7474 7532 7516
f 7448 7441 7444
f 7368 7449 7460
f 7615 7368 7371
f 7638 7602 7639
f 7575 7501 7345
f 7571 7570 7569
f 7400 7489 7488
f 7508 7632 7566
f 7503 7540 7539
f 6957 7315 7326
f 7376 7438 7377
f 7507 7381 7632
f 7499 7452 7440
f 7286 7456 7499
f 7504 7644 7505
f 7368 7460 7369
f 7645 7627 7643
f 7647 7633 7646
f 7647 7623 7634
f 7649 7623 7648
f 7650 7624 7649
f 7646 7568 7651
f 7651 7567 7652
f 7653 7567 7631
f 7651 7655 7646
f 7656 7658 7659
f 7660 7657 7661
f 7663 7656 7662
f 7664 7663 7666
f 7667 7663 7662
f 7667 7668 7655
f 7663 7661 7657
f 7670 7672 7669
f 7661 7671 7660
f 7659 7662 7656
f 7648 7668 7659
f 7648 7673 7649
f 7659 7674 7673
f 7658 7675 7674
f 7668 7646 7655
f 7660 7676 7675
f 7675 7678 7674
f 7677 7676 7679
f 7677 7681 7678
f 7682 7678 7681
f 7677 7684 7680
f 7673 7678 7683
f 7683 7649 7673
f 7685 7671 7670
f 7667 7686 7666
f 7666 7687 7664
f 7654 7686 7655
f 7689 7686 7688
f 7664 7691 7690
f 7650 7583 7596
f 7693 7631 7584
f 7584 7692 7693
f 7693 7682 7694
f 7694 7681 7695
f 7694 7653 7693
f 7650 7682 7692
f 7696 7652 7653
f 7654 7652 7697
f 7688 7697 7698
f 7699 7697 7696
f 7700 7698 7699
f 7695 7696 7694
f 7699 7702 7700
f 7689 7698 7701
f 7689 7703 7704
f 7705 7707 7703
f 7701 7705 7703
f 7704 7707 7685
f 7685 7691 7704
f 7687 7704 7691
f 7680 7695 7681
f 7684 7702 7680
f 7702 7705 7700
f 7684 7707 7706
f 7676 7707 7679
f 7665 7672 7661
f 7670 7690 7691
f 7665 7690 7669
f 7611 7474 7609
f 7510 7479 7478
f 7511 7537 7512
f 7516 7538 7511
f 7517 7613 7518
f 7537 7478 7512
f 7611 7612 7475
f 7613 7479 7518
f 7556 7517 7520
f 7516 7609 7474
f 7708 7710 7711
f 7712 7714 7715
f 7713 7717 7714
f 7719 7721 7718
f 7722 7597 7409
f 7724 7715 7725
f 7726 7728 7729
f 7731 7573 7730
f 7730 7614 7732
f 7733 7735 7736
f 7721 7724 7737
f 7731 7409 7640
f 7708 7729 7738
f 7737 7709 7739
f 7716 7736 7740
f 7742 7744 7745
f 7740 7735 7746
f 7717 7740 7747
f 7716 7720 7741
f 7748 7711 7710
f 7750 7710 7725
f 7720 7751 7741
f 7734 7728 7735
f 7709 7725 7710
f 7752 7715 7714
f 7739 7708 7738
f 7720 7712 7721
f 7749 7755 7711
f 7745 7756 7747
f 7746 7742 7745
f 7743 7755 7754
f 7727 7735 7728
f 7747 7757 7717
f 7753 7725 7715
f 7751 7620 7733
f 7757 7714 7717
f 7718 7737 7732
f 7747 7746 7745
f 7727 7755 7742
f 7726 7711 7755
f 7759 7756 7758
f 7759 7752 7757
f 7760 7753 7752
f 7761 7750 7753
f 7758 7744 7763
f 7763 7743 7764
f 7754 7764 7743
f 7763 7767 7758
f 7768 7770 7771
f 7772 7771 7773
f 7775 7772 7774
f 7776 7775 7778
f 7779 7775 7774
f 7775 7769 7768
f 7770 7781 7780
f 7782 7772 7773
f 7760 7782 7773
f 7760 7783 7761
f 7773 7784 7783
f 7770 7784 7771
f 7779 7782 7767
f 7782 7758 7767
f 7785 7780 7786
f 7785 7788 7784
f 7787 7786 7789
f 7787 7791 7788
f 7792 7788 7791
f 7787 7794 7790
f 7793 7784 7788
f 7762 7783 7793
f 7796 7780 7795
f 7795 7781 7797
f 7779 7798 7778
f 7799 7778 7798
f 7766 7798 7767
f 7800 7799 7798
f 7802 7799 7803
f 7795 7802 7803
f 7762 7748 7750
f 7805 7754 7749
f 7749 7804 7805
f 7805 7792 7806
f 7806 7791 7807
f 7806 7765 7805
f 7793 7804 7762
f 7808 7764 7765
f 7766 7764 7809
f 7766 7810 7800
f 7811 7809 7808
f 7812 7810 7811
f 7807 7808 7806
f 7811 7814 7812
f 7813 7800 7810
f 7801 7815 7816
f 7817 7819 7815
f 7813 7817 7815
f 7816 7819 7796
f 7796 7803 7816
f 7799 7816 7803
f 7790 7807 7791
f 7794 7814 7790
f 7814 7817 7812
f 7794 7819 7818
f 7786 7819 7789
f 7777 7781 7769
f 7777 7802 7797
f 7528 7718 7529
f 7729 7723 7722
f 7738 7730 7739
f 7732 7739 7730
f 7733 7628 7734
f 7722 7738 7729
f 7621 7719 7528
f 7628 7723 7734
f 7733 7741 7751
f 7732 7529 7718
f 7486 7621 7528
f 7549 7350 7353
f 7353 7349 7354
f 7354 7563 7550
f 7821 7823 7820
f 7824 7826 7827
f 7825 7829 7826
f 7830 7832 7833
f 7834 7827 7835
f 7836 7838 7839
f 7840 7406 7841
f 7841 7598 7842
f 7843 7845 7846
f 7833 7834 7847
f 7848 7836 7839
f 7847 7821 7849
f 7828 7846 7850
f 7853 7855 7852
f 7850 7845 7856
f 7829 7850 7857
f 7828 7832 7851
f 7858 7823 7822
f 7860 7822 7835
f 7831 7851 7832
f 7844 7838 7845
f 7834 7822 7821
f 7863 7827 7826
f 7849 7820 7848
f 7825 7833 7832
f 7859 7866 7823
f 7855 7867 7857
f 7837 7855 7856
f 7865 7852 7866
f 7837 7845 7838
f 7857 7868 7829
f 7864 7835 7827
f 7843 7642 7504
f 7868 7826 7829
f 7830 7847 7842
f 7857 7856 7855
f 7837 7866 7852
f 7836 7823 7866
f 7870 7867 7869
f 7870 7863 7868
f 7871 7864 7863
f 7872 7860 7864
f 7869 7854 7874
f 7874 7853 7875
f 7876 7853 7865
f 7874 7878 7869
f 7879 7881 7882
f 7883 7882 7884
f 7886 7883 7885
f 7887 7886 7889
f 7890 7886 7885
f 7886 7880 7879
f 7891 7880 7892
f 7884 7885 7883
f 7871 7893 7884
f 7871 7894 7872
f 7884 7895 7894
f 7882 7896 7895
f 7890 7893 7878
f 7893 7869 7878
f 7881 7897 7896
f 7898 7895 7896
f 7900 7896 7897
f 7901 7899 7898
f 7904 7902 7903
f 7898 7905 7901
f 7894 7899 7904
f 7904 7872 7894
f 7907 7891 7906
f 7906 7892 7908
f 7890 7909 7889
f 7910 7889 7909
f 7877 7909 7878
f 7912 7909 7911
f 7887 7914 7913
f 7906 7913 7914
f 7873 7858 7860
f 7916 7865 7859
f 7859 7915 7916
f 7916 7903 7917
f 7917 7902 7918
f 7917 7876 7916
f 7873 7903 7915
f 7919 7875 7876
f 7877 7875 7920
f 7911 7920 7921
f 7922 7920 7919
f 7923 7921 7922
f 7918 7919 7917
f 7922 7925 7923
f 7924 7911 7921
f 7912 7926 7927
f 7928 7930 7926
f 7924 7928 7926
f 7927 7930 7907
f 7907 7914 7927
f 7910 7927 7914
f 7901 7918 7902
f 7905 7925 7901
f 7925 7928 7923
f 7905 7930 7929
f 7897 7930 7900
f 7888 7892 7880
f 7888 7913 7908
f 7645 7831 7830
f 7839 7862 7931
f 7841 7848 7840
f 7842 7849 7841
f 7504 7844 7843
f 7839 7840 7848
f 7643 7861 7831
f 7503 7862 7844
f 7846 7861 7843
f 7842 7645 7830
f 7932 7934 7935
f 7936 7938 7939
f 7937 7941 7938
f 7942 7944 7945
f 7947 7949 7946
f 7950 7939 7951
f 7953 7955 7952
f 7956 7958 7959
f 7956 7540 7960
f 7962 7964 7961
f 7936 7965 7945
f 7946 7958 7957
f 7966 7952 7955
f 7965 7933 7967
f 7968 7969 7964
f 7970 7972 7973
f 7974 7964 7963
f 7941 7968 7975
f 7940 7944 7969
f 7976 7935 7934
f 7978 7934 7951
f 7943 7969 7944
f 7947 7963 7962
f 7933 7951 7934
f 7980 7939 7938
f 7967 7932 7966
f 7937 7945 7944
f 7977 7983 7935
f 7973 7984 7975
f 7953 7973 7974
f 7982 7970 7983
f 7974 7954 7953
f 7975 7985 7941
f 7981 7951 7939
f 7961 7544 7545
f 7985 7938 7941
f 7942 7965 7960
f 7975 7974 7973
f 7952 7970 7953
f 7952 7935 7983
f 7987 7984 7986
f 7987 7980 7985
f 7988 7981 7980
f 7989 7978 7981
f 7986 7972 7991
f 7991 7971 7992
f 7993 7971 7982
f 7986 7994 7995
f 7997 7999 7996
f 8000 7999 8001
f 8003 8000 8002
f 8005 8006 8004
f 8007 8003 8002
f 7996 8005 7997
f 7998 8009 8008
f 8010 8000 8001
f 7988 8010 8001
f 7988 8011 7989
f 8011 7999 8012
f 7998 8012 7999
f 8007 8010 7995
f 8010 7986 7995
f 8013 8008 8014
f 8015 8012 8013
f 8017 8013 8014
f 8018 8016 8015
f 8021 8019 8020
f 8015 8022 8018
f 8011 8016 8021
f 8021 7989 8011
f 8023 8014 8008
f 8023 8009 8025
f 8007 8026 8006
f 8026 8004 8006
f 8028 7995 7994
f 8029 8026 8028
f 8030 8027 8031
f 8023 8030 8031
f 7990 7976 7978
f 8033 7982 7977
f 7976 8033 7977
f 8034 8032 8020
f 8035 8020 8019
f 8034 7993 8033
f 7990 8020 8032
f 8036 7992 7993
f 7991 8037 7994
f 7994 8038 8028
f 8039 8037 8036
f 8040 8038 8039
f 8035 8036 8034
f 8039 8042 8040
f 8041 8028 8038
f 8029 8043 8044
f 8045 8047 8043
f 8041 8045 8043
f 8044 8047 8024
f 8024 8031 8044
f 8027 8044 8031
f 8042 8019 8018
f 8022 8042 8018
f 8042 8045 8040
f 8017 8046 8022
f 8014 8047 8017
f 8005 8009 7997
f 8005 8030 8025
f 7506 7943 7942
f 7954 7946 7955
f 7967 7957 7956
f 7960 7967 7956
f 7948 7962 8048
f 7955 7957 7966
f 7641 7979 7943
f 7969 7961 7964
f 7960 7506 7942
f 7362 8050 7436
f 8052 7464 8051
f 8051 7467 8053
f 8054 7600 7604
f 8056 7618 8052
f 7436 8057 7638
f 8049 7361 8056
f 8057 7603 7638
f 8055 7467 7600
f 8058 7604 7603
f 8059 8058 8057
f 8060 8054 8058
f 8061 8055 8054
f 8062 8053 8055
f 8059 8050 8064
f 8064 8049 8065
f 8056 8065 8049
f 8059 8067 8068
f 8069 8071 8072
f 8073 8072 8074
f 8075 8073 8076
f 8077 8075 8076
f 8075 8070 8069
f 8079 8081 8070
f 8082 8070 8081
f 8083 8073 8074
f 8061 8083 8074
f 8061 8084 8062
f 8074 8085 8084
f 8072 8086 8085
f 8077 8083 8068
f 8083 8059 8068
f 8071 8087 8086
f 8088 8085 8086
f 8090 8086 8087
f 8091 8089 8088
f 8094 8092 8093
f 8088 8095 8091
f 8084 8089 8094
f 8094 8062 8084
f 8097 8082 8096
f 8096 8081 8080
f 8077 8098 8078
f 8099 8078 8098
f 8101 8068 8067
f 8102 8098 8101
f 8100 8104 8103
f 8096 8103 8104
f 8075 8100 8079
f 8079 8103 8080
f 8105 8053 8063
f 8066 8052 8106
f 8051 8106 8052
f 8107 8105 8093
f 8108 8093 8092
f 8107 8066 8106
f 8063 8093 8105
f 8109 8065 8066
f 8064 8110 8067
f 8067 8111 8101
f 8112 8110 8109
f 8113 8111 8112
f 8108 8109 8107
f 8112 8115 8113
f 8114 8101 8111
f 8102 8116 8117
f 8118 8120 8116
f 8114 8118 8116
f 8117 8120 8097
f 8097 8104 8117
f 8099 8117 8104
f 8091 8108 8092
f 8095 8115 8091
f 8115 8118 8113
f 8095 8120 8119
f 8087 8120 8090
f 7550 7561 7551
f 7552 7561 7535
f 7931 7539 7542
f 7640 7408 7622
f 7549 7644 7627
f 7525 7544 7641
f 7931 7482 7840
f 7483 7542 7541
f 7626 7405 7487
f 7629 7432 8121
f 7629 7949 7948
f 8122 7949 8121
f 8123 8121 7432
f 8124 7432 7435
f 7434 8125 7435
f 8125 8124 7435
f 8124 7429 8126
f 8123 8126 8127
f 8122 8127 8128
f 7541 7959 8128
f 7404 8129 7531
f 8125 7431 7430
f 7526 7505 7644
f 7626 7541 8128
f 7959 8122 8128
f 7961 8048 7962
f 7629 8048 7545
f 8127 7626 8128
f 7402 8126 7403
f 8129 8126 7429
f 7428 8129 7429
f 7589 7428 7590
f 7471 7366 7606
f 7334 7426 7357
f 7335 7357 7356
f 7616 7446 7445
f 7392 7398 7426
f 7393 7397 7392
f 7342 7394 7393
f 7344 7469 7342
f 7343 7361 7360
f 7360 7344 7343
f 7363 7345 7360
f 7437 7575 7363
f 7582 7437 7639
f 7421 7639 7602
f 7375 7602 7601
f 7599 7375 7601
f 7465 7618 7617
f 7332 7587 7340
f 7447 7335 7445
f 7445 7356 7616
f 7359 7616 7356
f 7636 7442 7359
f 7588 7443 7636
f 7589 7605 7588
f 7590 7606 7589
f 7471 7591 7472
f 7446 7371 7374
f 7371 7372 7374
f 7422 7370 7424
f 7577 7424 7580
f 7536 7580 7533
f 7591 7635 7472
f 7607 7386 7635
f 7543 7494 7527
f 7547 7543 7522
f 7608 7387 7386
f 7387 7416 7385
f 7457 7382 7417
f 7557 7417 7554
f 7559 7554 7553
f 7630 7553 7534
f 7534 7586 7630
f 7466 7337 7599
f 7465 7338 7466
f 7617 7587 7465
f 7341 7617 7343
f 8130 6090 8131
f 6023 8132 8133
f 6182 8133 6784
f 6623 6792 6185
f 6787 6182 6784
f 8134 6696 6787
f 6917 6756 8135
f 6762 7112 6763
f 6762 6184 6759
f 6765 6185 6184
f 6650 6768 6647
f 6772 6916 7259
f 6777 6789 6788
f 6022 6788 8132
f 6756 8134 8135
f 6758 6771 6770
f 6761 6775 7112
f 6769 6621 6766
f 6772 6767 6773
f 6174 6760 6759
f 6187 6178 6670
f 6811 6648 6812
f 6786 6724 6779
f 6791 6918 6885
f 6186 6179 6178
f 6808 8133 8132
f 6884 8135 8134
f 6174 6670 6171
f 6807 6784 8133
f 6791 8132 6788
f 6786 8134 6787
f 6790 6172 6918
f 6649 6792 6650
f 6316 8136 6717
f 8137 6654 8138
f 8139 6601 6160
f 6656 6580 6870
f 6868 8142 6865
f 6316 6711 6313
f 6864 8144 6861
f 6864 8145 6860
f 6868 6869 6710
f 6656 6866 6653
f 8146 8148 8149
f 8139 8151 6640
f 8152 6866 6865
f 8154 8138 6654
f 6874 8156 8157
f 8158 8159 6805
f 8160 6865 8142
f 8161 6313 6711
f 6161 8162 8163
f 8164 6654 6653
f 8153 6653 6866
f 8165 8167 8168
f 8166 8169 8167
f 5989 8170 8169
f 5988 8171 8170
f 8172 6043 6042
f 8174 6032 6035
f 8174 6098 8176
f 8176 6796 8177
f 8177 8178 8179
f 7132 6728 7133
f 6589 8180 7136
f 8180 6004 8181
f 8181 6007 8182
f 6334 6731 6734
f 6079 6645 6731
f 6078 6646 6645
f 6085 8184 6646
f 6091 8185 6093
f 6086 8183 6085
f 6950 7118 7070
f 6952 6992 7127
f 6983 6968 7103
f 6987 7004 7099
f 7001 6979 6978
f 7001 7074 6998
f 7262 7075 7074
f 7264 7127 7075
f 7265 6943 6972
f 7265 6991 6990
f 7266 7070 6991
f 6949 7119 7118
f 7267 6939 7119
f 6983 7099 6940
f 7268 6985 8186
f 7000 8186 6979
f 6938 6985 6984
f 6946 6922 6921
f 6956 6948 6947
f 6971 6928 6927
f 6970 6954 6928
f 6973 6921 6925
f 6977 7263 7105
f 6981 7061 7060
f 6973 7117 6972
f 7097 6979 8186
f 7104 6927 7101
f 6977 7060 6974
f 6976 6944 7263
f 6956 7066 6953
f 6937 8186 6985
f 6938 7101 6935
f 6924 7116 7297
f 6926 7297 7068
f 6930 6962 7304
f 6934 6953 7066
f 6960 6936 6935
f 6963 6928 6954
f 6967 6975 6974
f 7063 7327 7331
f 6959 7096 6936
f 6926 7066 6925
f 7102 7304 7125
f 6967 7331 6964
f 6966 6922 6975
f 7062 7064 7327
f 6963 6932 6961
f 7102 6935 7101
f 7299 7269 8187
f 7301 6932 6931
f 7306 7285 7284
f 7308 6962 6961
f 7315 7284 7309
f 7317 7312 7311
f 7319 6964 7331
f 7322 7297 7116
f 7317 7116 6965
f 7308 7303 7307
f 7326 6958 6957
f 7329 7291 7290
f 7328 7324 7291
f 7301 8187 7302
f 7319 7290 7318
f 7326 7309 7323
f 7272 7321 7275
f 7272 8187 7269
f 7274 7302 8187
f 7281 7307 7303
f 7283 7593 7594
f 7289 7324 7323
f 7293 7330 7294
f 7293 7318 7290
f 7310 7594 7637
f 7314 7595 7320
f 7282 7279 7593
f 7278 7277 7276
f 7314 7270 7311
f 7313 7295 7595
f 7288 7291 7324
f 7289 7637 7286
f 6003 6626 6136
f 6003 7165 6000
f 6690 8189 6691
f 6686 5981 5980
f 6685 6096 5981
f 6687 6806 6096
f 6002 5980 6626
f 6606 5351 5350
f 7164 8190 8191
f 8192 7174 8193
f 6015 8153 8152
f 6189 8155 8154
f 8157 6284 6283
f 6332 8152 8160
f 6593 6317 8161
f 6658 8154 8164
f 6014 8164 8153
f 6332 7131 6333
f 6805 6321 6052
f 6146 8162 6625
f 6607 8195 6604
f 8196 6125 8197
f 8198 7168 8199
f 8199 6633 8200
f 7177 8201 7178
f 8202 8204 8205
f 7208 7185 7205
f 7237 7186 7208
f 6819 7230 7237
f 6818 6824 6819
f 8206 6821 6818
f 8207 8135 8208
f 6917 8209 6916
f 8209 7259 6916
f 8210 6647 7259
f 6812 8212 7258
f 6809 7258 7257
f 6809 8213 6113
f 6113 8214 6110
f 7235 6110 8214
f 7223 7234 6147
f 6147 8215 6148
f 6148 8216 6153
f 8218 6158 8217
f 8219 6116 6119
f 6284 6116 6285
f 6188 8156 8155
f 8155 6873 8138
f 8138 6872 8137
f 8137 8148 6581
f 6193 6281 6190
f 6190 6278 6195
f 8220 8222 8223
f 8224 7139 7138
f 6223 8226 8227
f 6237 8228 8229
f 6238 8227 8230
f 6249 8231 8232
f 6253 8233 8234
f 6236 8221 8228
f 6331 8230 8235
f 6252 8236 8233
f 6222 8229 8226
f 6828 8237 8238
f 6280 8240 8241
f 8208 6883 8206
f 6648 8211 8212
f 6143 8242 8243
f 6624 8244 8242
f 8245 8247 8248
f 8249 8251 8252
f 7195 8254 7196
f 7214 8253 7195
f 8256 7214 7213
f 7243 8257 7244
f 7210 8257 7211
f 8259 6102 8260
f 8261 6121 8262
f 8178 8263 8179
f 7132 8264 8263
f 6797 8265 8264
f 6135 8266 8265
f 6134 8267 8266
f 6151 8268 8267
f 6154 8270 8268
f 8269 8272 8270
f 7194 8273 8274
f 7193 8275 8273
f 8249 8260 8276
f 8248 8278 8245
f 6129 8279 8280
f 7169 8197 6125
f 8198 8192 8197
f 7171 7175 7173
f 6589 7129 6587
f 6801 6040 7129
f 6037 6041 6040
f 6036 6659 6041
f 6131 6118 6659
f 6156 6119 6118
f 8218 6119 6155
f 8219 6815 6642
f 7191 6641 6814
f 8246 7189 7191
f 8245 8281 8282
f 8280 6288 6287
f 6125 7170 7169
f 6288 6602 6123
f 6126 6604 8195
f 8196 6605 6604
f 7174 6691 8189
f 6691 6139 6692
f 7171 8283 7172
f 7172 8284 6142
f 6139 8284 6692
f 8285 8287 8288
f 8211 8289 8286
f 8290 8292 8289
f 8293 8291 8290
f 8293 8208 8295
f 8296 8298 8295
f 6818 8296 8206
f 8285 7258 8212
f 7243 7212 7211
f 7243 8300 8299
f 8301 6739 6738
f 8302 7213 7247
f 8303 7247 6168
f 8304 6168 6167
f 6738 8297 8301
f 8288 6167 6170
f 8304 8291 8305
f 8305 8294 6737
f 6737 8306 8305
f 6736 8307 8306
f 8243 8308 8309
f 8242 8282 8308
f 8247 7191 7190
f 7196 8251 7192
f 8253 8311 8254
f 8255 8310 8253
f 8313 8255 8256
f 7244 8313 8307
f 8313 8258 8312
f 8312 8314 8310
f 8315 8310 8314
f 8311 8316 8252
f 8282 8317 8308
f 8308 8261 8309
f 8309 8262 8318
f 8248 8275 8276
f 8282 8246 8245
f 8307 8256 8302
f 8306 8302 8303
f 8305 8303 8304
f 8298 6737 8294
f 8287 8304 6167
f 7253 7199 7198
f 8319 6028 7199
f 8320 6029 6028
f 8321 7184 6029
f 8322 7185 7184
f 8203 7205 7185
f 8202 7206 7205
f 7239 7210 7209
f 7251 8319 7253
f 7227 8320 8319
f 7217 8321 8320
f 7216 8322 8321
f 7236 8203 8322
f 6175 8200 7204
f 7165 8191 6177
f 6137 7166 6138
f 6200 8283 6137
f 6199 8284 8283
f 8284 6205 6692
f 6205 6689 6692
f 6689 5485 3833
f 7009 8323 7107
f 7013 7021 7020
f 7017 7029 7028
f 7013 7110 7010
f 7073 7084 7089
f 7081 7093 7092
f 7082 7028 7025
f 7088 6995 6994
f 7088 7057 7085
f 7122 7043 7042
f 7124 7024 7126
f 7082 7024 7123
f 7009 7042 7006
f 7012 7126 7021
f 7115 7015 7057
f 7008 7058 8323
f 7081 7120 7078
f 7073 7079 7071
f 6997 7076 7113
f 7023 6942 6941
f 7027 7069 7038
f 7031 6989 6988
f 7079 7033 7032
f 7037 7107 8323
f 7027 7126 7024
f 7041 7029 7114
f 7026 6988 7069
f 7100 6941 7098
f 7108 7002 7019
f 7100 8323 7058
f 6997 7114 6994
f 7022 7039 6942
f 7111 7033 7255
f 7035 7260 7032
f 7261 6996 7260
f 7108 7120 7106
f 7245 8258 7210
f 7246 8314 7245
f 7181 8316 7182
f 8277 6129 8278
f 8278 8280 8281
f 6287 8281 8280
f 6122 8317 6287
f 5487 6144 5488
f 5489 6162 5490
f 6637 8325 8326
f 8326 8225 8224
f 5494 8225 5495
f 6160 8150 8139
f 5496 8151 5497
f 8163 6162 6161
f 6146 8327 8163
f 8243 6144 6143
f 8328 8309 8318
f 8318 5501 5500
f 8262 5502 5501
f 8329 8331 8332
f 8333 8335 8336
f 8338 6007 8337
f 8329 8339 8340
f 8341 6734 8330
f 6006 8337 6007
f 8342 6804 6800
f 6065 8339 8343
f 5995 8341 8340
f 6918 6166 6165
f 7221 6166 6880
f 6172 6880 6166
f 8344 5955 6713
f 5519 5975 5520
f 6806 8346 6695
f 6646 8347 6643
f 8165 8349 6323
f 6322 8131 6090
f 8345 6688 8351
f 6695 5975 5974
f 5976 5528 6713
f 5529 8131 5530
f 6643 8352 8168
f 8183 5532 8184
f 5534 8130 5529
f 6730 5533 8183
f 8351 6093 8185
f 5535 6594 3856
f 8353 6652 6651
f 8354 8355 8356
f 8357 6825 6202
f 8359 6202 6201
f 6224 8356 8360
f 6275 8362 6276
f 6201 7143 8359
f 7146 8359 7143
f 8357 8363 8364
f 8355 8366 8367
f 8361 8368 8362
f 8356 8367 8369
f 8370 8372 7142
f 8220 7145 8374
f 6275 6228 6231
f 5558 6228 6274
f 8375 8367 8366
f 8362 8376 8377
f 8378 8380 8381
f 8363 8382 8383
f 8384 8381 8385
f 8382 8386 8385
f 8383 8364 8363
f 6226 6231 6230
f 6231 8361 6275
f 6636 8389 8379
f 6635 8388 6636
f 8390 5576 5575
f 8379 6232 6636
f 8378 6233 6232
f 8384 8371 6233
f 8372 8393 7141
f 7138 8239 8224
f 8224 8394 8326
f 8146 8394 6282
f 6638 8326 8394
f 6340 6299 6298
f 6747 6577 6576
f 6344 6346 6345
f 6342 6355 6303
f 6353 6349 6297
f 6337 6369 8395
f 6360 6328 6327
f 6358 6386 6385
f 6364 6293 6295
f 6362 6376 6373
f 6366 6297 6296
f 6350 6372 6370
f 6533 6303 6302
f 6534 6346 6343
f 6744 6533 6302
f 6536 6747 6576
f 6357 6894 6386
f 6341 6832 6355
f 6839 6292 6291
f 6837 6380 6379
f 6838 6354 6292
f 6361 6377 6376
f 6363 6296 6293
f 6365 6373 6372
f 6359 6291 6328
f 6836 6385 6380
f 6481 6902 6544
f 6484 6501 6500
f 6477 6487 6474
f 6849 6492 6491
f 6494 6467 6466
f 6547 6544 6543
f 6750 6546 6547
f 6494 6751 6750
f 6843 6500 6846
f 6845 6575 6843
f 6489 6847 6853
f 6474 6491 6490
f 6483 6906 6501
f 6493 6465 6490
f 6471 6544 6902
f 6472 6485 6473
f 6476 6461 6460
f 6470 6542 6545
f 6570 6569 6749
f 6495 6463 6493
f 6475 6462 6461
f 6572 6477 6476
f 6574 6457 6456
f 6569 6543 6545
f 6575 6473 6485
f 6471 6901 6448
f 6469 6508 6513
f 6498 6479 6478
f 6503 6518 6517
f 6489 6505 6486
f 6467 6509 6468
f 6546 6498 6478
f 6549 6752 6753
f 6752 6466 6469
f 6503 6846 6500
f 6850 6844 6846
f 6507 6852 6525
f 6486 6509 6849
f 6502 6909 6518
f 6858 6664 6307
f 8396 6611 6610
f 6833 6324 6216
f 8399 6825 8400
f 6831 8401 8402
f 6707 6826 8399
f 8398 6890 6324
f 6858 8404 6554
f 8405 6610 6876
f 6830 6553 8401
f 8397 6911 6611
f 8400 8358 8365
f 8358 8364 8406
f 8406 8387 8407
f 8389 8380 8379
f 8389 8409 8377
f 8388 8410 8409
f 5575 8410 8390
f 6665 8411 6875
f 8412 6720 6721
f 8413 5601 6720
f 8411 8413 8412
f 6262 6290 6263
f 5602 8414 5604
f 6599 3735 5605
f 7141 7142 8372
f 8393 8241 8240
f 8227 7147 7151
f 8229 8374 7148
f 8230 7151 7153
f 8232 8415 8416
f 8234 8417 8418
f 8221 8374 8228
f 8235 7153 8419
f 8233 8420 8417
f 8226 7148 7147
f 8238 8421 8422
f 7141 8240 7138
f 6581 6655 8137
f 6640 8140 8139
f 6710 8141 6868
f 6717 6712 6316
f 6860 8143 6864
f 6870 6867 6656
f 6717 6726 6714
f 6870 6192 6115
f 6860 6050 6059
f 6710 6025 6024
f 6639 6871 8140
f 6640 8324 6637
f 6581 8147 6193
f 5615 6234 8370
f 7144 8374 7145
f 7144 6210 7149
f 7150 6210 6209
f 7152 6209 6329
f 7152 8419 7153
f 7154 8421 8419
f 7158 8415 8422
f 7160 8420 8416
f 7162 8418 8417
f 7161 5616 8418
f 8370 6233 8371
f 8373 7146 7145
f 8392 8386 8223
f 8391 8372 8371
f 5617 6713 5528
f 5973 3355 5972
f 8345 5619 8346
f 3880 6910 5621
f 8351 5620 8345
f 8346 5520 5975
f 5621 6911 5623
f 5622 8185 5534
f 8150 5497 8151
f 8423 8425 8426
f 8427 6519 8428
f 8429 8431 8432
f 6523 8433 6526
f 8434 8436 8437
f 8438 8434 8439
f 8438 6511 6528
f 8441 8424 8423
f 8427 8430 8429
f 8444 8445 8446
f 8447 8424 8448
f 8449 8444 8450
f 8451 8430 8452
f 8453 8454 8455
f 8456 8437 8453
f 8439 8456 8457
f 8448 8442 8458
f 8452 8443 8449
f 8425 8459 8446
f 8460 8462 8463
f 8464 8466 8467
f 8468 8470 8471
f 8472 8474 8475
f 8476 8478 8479
f 8480 8482 8483
f 8484 8486 8487
f 8485 8489 8486
f 8490 8481 8480
f 8492 8494 8495
f 8495 8496 8497
f 8498 8500 8501
f 8502 8500 8503
f 8504 8506 8507
f 8508 8510 8511
f 8513 8511 8512
f 8507 8514 8515
f 8516 8518 8519
f 8520 8516 8521
f 8522 8524 8525
f 8526 8522 8525
f 8528 8530 8531
f 8532 8529 8533
f 8534 8536 8537
f 8538 8534 8537
f 8464 8481 8465
f 8483 8541 8480
f 8542 8484 8467
f 8487 8540 8483
f 8488 8542 8544
f 8545 8486 8489
f 8481 8466 8465
f 8547 8489 8490
f 8548 8493 8471
f 8549 8502 8492
f 8551 8494 8548
f 8497 8552 8495
f 8469 8499 8470
f 8547 8497 8498
f 8469 8503 8500
f 8501 8550 8545
f 8460 8507 8461
f 8552 8506 8505
f 8554 8510 8463
f 8549 8505 8509
f 8554 8512 8511
f 8513 8550 8508
f 8461 8515 8462
f 8557 8513 8514
f 8558 8519 8479
f 8559 8527 8518
f 8521 8558 8561
f 8553 8517 8520
f 8477 8524 8478
f 8520 8557 8553
f 8476 8525 8477
f 8527 8556 8522
f 8563 8528 8475
f 8564 8531 8565
f 8533 8563 8566
f 8562 8530 8532
f 8473 8536 8474
f 8559 8532 8535
f 8472 8537 8473
f 8560 8539 8564
f 8463 8555 8554
f 8544 8467 8466
f 8470 8548 8471
f 8475 8566 8563
f 8479 8561 8558
f 8484 8483 8482
f 8490 8488 8491
f 8503 8492 8502
f 8498 8496 8499
f 8504 8509 8505
f 8515 8513 8512
f 8519 8527 8526
f 8521 8523 8520
f 8528 8539 8538
f 8533 8535 8532
f 8467 8482 8464
f 8487 8546 8543
f 8544 8491 8488
f 8480 8547 8490
f 8493 8468 8471
f 8495 8549 8492
f 8551 8499 8496
f 8501 8547 8498
f 8460 8510 8504
f 8508 8549 8509
f 8555 8515 8512
f 8506 8557 8514
f 8519 8476 8479
f 8517 8559 8518
f 8561 8524 8521
f 8522 8557 8523
f 8475 8538 8472
f 8567 8531 8530
f 8566 8536 8533
f 8560 8535 8534
f 8442 8568 8569
f 6512 8568 6754
f 8570 8571 8572
f 8426 6514 8423
f 8428 8443 8427
f 6522 8432 6523
f 8437 8433 8454
f 6524 8435 6527
f 6528 8435 8438
f 8423 6550 8441
f 8429 6516 8427
f 6515 8445 6908
f 8441 6754 8568
f 8570 8569 8568
f 8440 6512 6511
f 8569 8458 8442
f 8574 8572 8571
f 8572 8573 8569
f 8453 8577 8456
f 8576 8455 8578
f 8452 8580 8451
f 8573 8582 8458
f 8575 8581 8573
f 8584 8575 8574
f 8571 8457 8574
f 8439 8440 8438
f 8585 8587 8588
f 8587 8590 8588
f 8589 8592 8590
f 8591 8594 8592
f 8593 8596 8594
f 8595 8598 8596
f 8599 8586 8585
f 8601 8600 8599
f 8603 8602 8601
f 8605 8598 8597
f 8607 8604 8603
f 8609 8608 8607
f 8611 8610 8609
f 8606 8612 8611
f 8613 8589 8587
f 8614 8591 8589
f 8615 8593 8591
f 8616 8595 8593
f 8617 8597 8595
f 8619 8617 8616
f 8620 8618 8617
f 8620 8623 8621
f 8624 8626 8627
f 8626 8622 8627
f 8620 8628 8622
f 8622 8629 8627
f 8627 8630 8624
f 8632 8634 8631
f 8636 8633 8635
f 8637 8636 8635
f 8639 8632 8640
f 8633 8641 8635
f 8635 8642 8637
f 8642 8644 8637
f 8645 8637 8644
f 8586 8613 8587
f 8600 8646 8586
f 8616 8648 8619
f 8615 8649 8648
f 8613 8649 8614
f 8651 8613 8646
f 8647 8651 8646
f 8652 8654 8651
f 8602 8647 8600
f 8655 8652 8647
f 8656 8653 8652
f 8653 8659 8654
f 8658 8661 8659
f 8644 8663 8645
f 8664 8662 8665
f 8661 8666 8659
f 8666 8654 8659
f 8667 8651 8654
f 8668 8597 8618
f 8669 8618 8621
f 8670 8621 8623
f 8671 8623 8626
f 8671 8625 8672
f 8625 8673 8672
f 8636 8675 8634
f 8638 8674 8636
f 8645 8676 8638
f 8645 8678 8677
f 8679 8660 8658
f 8657 8658 8653
f 8583 8648 8649
f 8650 8583 8649
f 8667 8581 8650
f 8666 8582 8667
f 8664 8681 8666
f 8682 8665 8683
f 8684 8643 8642
f 8684 8641 8579
f 8639 8579 8641
f 8580 8640 8578
f 8629 8576 8630
f 8604 8655 8602
f 8608 8686 8604
f 8610 8687 8608
f 8612 8688 8610
f 8605 8689 8612
f 8690 8668 8669
f 8691 8689 8690
f 8692 8688 8691
f 8693 8687 8692
f 8656 8686 8693
f 8694 8669 8670
f 8695 8690 8694
f 8696 8691 8695
f 8697 8692 8696
f 8657 8693 8697
f 8697 8679 8657
f 8696 8698 8697
f 8696 8700 8699
f 8694 8700 8695
f 8670 8701 8694
f 8702 8671 8672
f 8701 8703 8700
f 8703 8699 8700
f 8699 8705 8698
f 8698 8680 8679
f 8672 8706 8702
f 8675 8707 8708
f 8674 8709 8707
f 8709 8677 8710
f 8677 8711 8710
f 8712 8710 8711
f 8702 8714 8703
f 8713 8714 8715
f 8707 8716 8717
f 8717 8713 8715
f 8710 8716 8709
f 8708 8717 8715
f 8546 8599 8543
f 8546 8603 8601
f 8550 8603 8545
f 8556 8607 8550
f 8560 8609 8556
f 8564 8611 8560
f 8565 8606 8564
f 8565 8596 8598
f 8567 8594 8596
f 8562 8592 8594
f 8553 8590 8592
f 8590 8541 8588
f 8540 8588 8541
f 8543 8585 8540
f 8684 8450 8685
f 8579 8449 8684
f 8682 8448 8681
f 8447 8683 8459
f 8681 8458 8582
f 8628 8619 8718
f 8584 8619 8648
f 8628 8577 8629
f 8457 8577 8718
f 8574 8718 8584
f 7134 6919 7135
f 6164 6919 6783
f 5485 6609 5921
f 3832 8188 6690
f 5921 6221 3354
f 5922 7128 6607
f 6439 8720 6440
f 8720 6570 6749
f 6570 8721 6464
f 6439 8721 8719
f 6727 6057 6312
f 6312 6073 6247
f 6828 6073 6072
f 6877 6267 6745
f 6745 6299 6744
f 6891 6305 6889
f 6338 6746 6339
f 6438 6410 6435
f 6412 6440 6748
f 6564 6424 6565
f 6842 6577 8395
f 6889 6829 7156
f 6579 6564 6563
f 6435 6565 6424
f 8722 6306 6891
f 8723 6058 6727
f 6269 6878 6879
f 7160 6829 6598
f 8724 8143 8725
f 8238 6248 6828
f 6339 6744 6299
f 8395 6338 6337
f 6879 8404 8726
f 8422 8231 8238
f 8725 6859 8723
f 8416 7157 7160
f 6059 6049 6056
f 6330 6049 6048
f 7156 6259 6889
f 6269 6264 6266
f 6297 6264 6241
f 6340 6351 6337
f 6368 8395 6369
f 6422 6559 6423
f 6436 6404 6437
f 6447 6438 6437
f 6424 6436 6435
f 6331 6099 6330
f 6422 6842 6368
f 8722 6856 8726
f 8141 6862 8142
f 6265 6617 6242
f 6324 6259 6258
f 7158 6260 7156
f 6709 6863 8141
f 8235 6827 6331
f 6298 6352 6340
f 6370 6351 6350
f 6891 8403 8722
f 8419 8237 8235
f 6051 8145 6709
f 8422 7155 7158
f 8721 6446 6464
f 6748 8720 6749
f 8727 6011 8194
f 8158 8144 8724
f 6009 6861 8144
f 6008 6862 6861
f 8142 8727 8160
f 6554 6893 6858
f 6833 6708 8398
f 6708 8403 8398
f 5623 6892 4042
f 8406 8365 8358
f 8407 8366 8406
f 8377 8408 8389
f 8397 6530 6529
f 6651 8400 8353
f 8402 6616 6615
f 6618 8399 6651
f 6554 6878 6551
f 8396 6854 6530
f 8401 6552 6616
f 6892 6529 6743
f 8353 8365 8355
f 8377 6276 8362
f 8409 6277 6276
f 8410 5932 6277
f 8726 6857 8722
f 8726 6855 6879
f 7234 6106 8215
f 8279 6127 6288
f 8354 6227 6652
f 6246 6619 6289
f 8239 6282 8394
f 8162 6286 6625
f 6292 6246 6289
f 6382 6377 6379
f 6392 6396 6393
f 6396 6427 6428
f 6398 6443 6459
f 6459 6458 6460
f 6525 6523 6526
f 6558 6271 6555
f 6429 6560 6561
f 6460 6572 6476
f 6272 3736 3735
f 7128 6602 8195
f 6227 6244 6652
f 7180 6634 6103
f 6642 6285 8219
f 6356 6740 6614
f 6816 8218 8217
f 6820 8301 6817
f 6355 6741 6356
f 6344 6834 6341
f 6364 6840 6361
f 6375 6560 6415
f 6848 6488 6477
f 6853 6506 6489
f 6530 6740 6531
f 8140 6874 6601
f 6555 6831 6876
f 8215 6881 8216
f 6348 6894 6345
f 6383 6896 6417
f 6433 6896 6420
f 6432 6898 6390
f 6406 6898 6407
f 6900 6387 6899
f 6900 6448 6901
f 6472 6903 6482
f 6480 6903 6902
f 6497 6906 6479
f 6908 6518 6909
f 4280 6120 6603
f 6100 7170 6128
f 6632 7188 8201
f 7235 7201 7200
f 7206 7212 7207
f 8213 7232 7231
f 8214 7231 7201
f 6108 7200 7203
f 7238 8300 6820
f 7207 8299 7238
f 8205 7240 8202
f 6170 7232 7256
f 6638 8149 6639
f 6601 8157 6600
f 6600 6283 8162
f 8392 8222 8393
f 6278 8241 6279
f 6816 8274 6813
f 6642 6814 6641
f 6128 6124 8279
f 8195 6127 6126
f 8212 8286 8285
f 8292 8286 8289
f 8290 8210 8209
f 8207 8290 8209
f 8294 8295 8298
f 8206 8295 8208
f 6817 8297 8296
f 8288 7256 8285
f 7209 7240 7239
f 6225 8360 8361
f 8369 8360 8356
f 8375 8368 8369
f 8381 8387 8383
f 8385 8383 8382
f 8385 8391 8384
f 8147 6282 6281
f 6345 6835 6344
f 6327 6834 6360
f 6295 6841 6364
f 6379 6840 6837
f 6853 6845 6844
f 6479 6905 6480
f 6848 6571 6573
f 6452 6904 6472
f 6525 6851 6520
f 6496 6907 6497
f 8402 6876 6831
f 8408 8387 8380
f 6279 8222 8221
f 6872 8149 8148
f 8223 8373 8220
f 6526 8436 6524
f 8446 8426 8425
f 8455 8431 8451
f 8446 8450 8444
f 8454 8432 8431
f 6908 8428 6519
f 8578 8451 8580
f 8632 8625 8624
f 8640 8624 8630
f 8660 8662 8661
f 8662 8643 8665
f 8675 8631 8634
f 8680 8663 8660
f 8683 8643 8685
f 8578 8630 8576
f 8673 8708 8706
f 8678 8705 8711
f 8711 8704 8712
f 8706 8715 8714
f 8703 8712 8704
f 8459 8685 8450
f 8407 8376 8375
f 6615 8405 8402
f 5993 6335 5994
f 6060 6018 5991
f 5993 6081 6080
f 6105 6176 6702
f 6177 6000 7165
f 6309 6310 6251
f 8725 6314 8724
f 8724 6318 8158
f 6321 6053 6052
f 6249 6310 6247
f 6596 6257 6597
f 8188 6605 8189
f 5986 6682 6060
f 6714 6311 6309
f 6047 6086 6081
f 6875 6304 6665
f 6001 6912 5983
f 7162 6597 6257
f 7254 6912 6704
f 6684 7163 7254
f 8723 6315 8725
f 6592 6318 6317
f 8332 8171 8728
f 6607 5350 5922
f 8191 8198 8199
f 8197 8193 8196
f 8159 6319 6321
f 8232 6595 6249
f 8192 7173 7175
f 8189 8193 7174
f 6177 8199 6175
f 6733 8330 6734
f 8340 8330 8329
f 8341 6335 6334
f 8412 6875 8411
f 8414 6273 6599
f 8416 8236 8232
f 6727 8136 8723
f 8417 7159 7162
f 6277 5558 6274
f 5935 6635 6235
f 5991 6061 6060
f 6019 6682 6681
f 5999 6033 5996
f 6045 6677 6680
f 6055 6083 7130
f 5995 6063 5992
f 6084 6053 6046
f 6088 5989 8166
f 6063 6046 5992
f 6066 6034 5999
f 6103 7181 7180
f 6673 6133 6132
f 6149 6153 6152
f 6323 8166 8165
f 6585 6083 6082
f 6630 6702 6176
f 6634 7168 7167
f 6676 6152 6133
f 6703 6628 7248
f 6796 6728 8178
f 6069 6097 6066
f 6132 6674 6673
f 6803 6800 6804
f 6011 6055 7130
f 6799 6582 6585
f 7194 6881 6882
f 7131 6583 6333
f 6798 6913 6674
f 7179 8204 7236
f 7183 7246 7242
f 7188 7242 7241
f 6109 7192 6882
f 7204 6176 6175
f 7219 6628 6627
f 7218 7248 6628
f 7179 6627 7176
f 7250 6704 6703
f 7228 7249 7248
f 6678 7249 6679
f 5997 7251 5998
f 8168 6644 6643
f 8167 6732 6644
f 8169 6733 6732
f 8170 8331 6733
f 8336 8173 8172
f 8182 8175 8174
f 8182 8176 8181
f 8181 8177 8180
f 8180 8179 7136
f 7133 6590 6913
f 7130 8194 6011
f 8200 6632 7177
f 7178 8205 8204
f 8269 6153 8216
f 8254 8252 8251
f 8260 6101 8277
f 8179 6802 7136
f 8263 6038 6802
f 8264 6039 6038
f 8265 6130 6039
f 8266 6157 6130
f 8267 6158 6157
f 8268 8217 6158
f 8270 6816 8217
f 6813 8273 7190
f 8273 8247 7190
f 8276 8277 8248
f 7192 8250 7193
f 8252 8259 8249
f 8276 8250 8249
f 7204 7177 7176
f 7182 8315 7246
f 8343 8334 8333
f 8333 8342 8343
f 8343 6800 6065
f 8340 6064 5995
f 6323 8350 6322
f 8168 8348 8165
f 8349 5936 8350
f 8352 5938 8348
f 6103 7167 6100
f 8271 8216 6881
f 8201 7241 8205
f 8274 8271 7194
f 5991 6017 5988
f 8728 6017 6016
f 5997 6680 6679
f 5996 6045 6680
f 6033 6042 6045
f 6042 8175 8172
f 8172 8338 8336
f 8336 8337 8333
f 6684 6677 6681
f 6681 6044 6019
f 6019 6043 6016
f 6016 8173 8728
f 8728 8335 8332
f 8332 8334 8329
f 8194 8160 8727
f 6805 6009 8158
f 5940 7137 6719
f 8324 5942 8325
f 8325 5495 8225
f 6253 4292 6250
f 7137 5944 6715
f 8348 5937 8349
f 8350 5530 8131
f 5624 6159 5489
f 6718 5940 6719
f 8327 5490 6162
f 8347 5939 8352
f 5933 6121 6120
f 8184 5946 8347
f 7142 5615 8370
f 6145 5945 8327
f 8234 5943 6253
f 8328 5488 6144
f 8318 5948 8328
f 7139 4299 7140
f 8418 5947 8234
f 5604 6599 5605
f 5949 6712 6716
f 5944 6716 6715
f 6720 5950 6255
f 6255 4322 6256
f 5614 6235 6234
f 6711 5951 8161
f 8161 3857 6593
f 5973 2965 3013
f 2965 5963 222
f 222 5960 223
f 223 5958 3186
f 5958 3185 3186
f 5957 2977 3185
f 5970 1213 2977
f 5967 1214 1213
f 2532 5966 5953
f 2894 5953 5952
f 2871 5952 8344
f 5510 5721 5509
f 5822 5824 5823
f 3511 3844 3735
f 3887 3889 3888
f 3876 3878 3877
f 3356 3911 3909
f 3372 3390 3391
f 3849 3851 3850
f 3481 3867 3866
f 3873 3385 3382
f 3875 3450 3452
f 3915 3865 3862
f 3657 3671 3656
f 5618 3013 2152
f 1997 1889 1892
f 1237 744 855
f 1535 120 121
f 1531 201 214
f 1119 1032 984
f 946 824 947
f 163 5 162
f 9041 9175 9193
f 1155 1162 1164
f 427 327 424
f 553 796 498
f 8732 2231 2237
f 8732 2230 2232
f 2237 3180 8732
f 8734 8736 8733
f 8735 8738 8736
f 8737 8740 8738
f 8739 8742 8740
f 8743 8745 8746
f 8746 8747 8748
f 8749 8748 8747
f 8751 8750 8749
f 8754 8756 8753
f 8757 8755 8754
f 8759 8758 8757
f 8761 8760 8759
f 8763 8762 8761
f 8766 8749 8765
f 8765 8747 8767
f 8767 8745 8768
f 8768 8744 8769
f 8744 8771 8769
f 8770 8772 8771
f 8741 8773 8772
f 8739 8774 8773
f 8737 8775 8774
f 8735 8776 8775
f 8776 8777 3184
f 2904 8779 2947
f 8780 2904 2902
f 8781 2902 2876
f 2875 8781 2876
f 8783 2733 2736
f 2825 8786 2824
f 8788 8790 8787
f 8792 8787 8791
f 2724 8785 2825
f 8787 3115 3117
f 8791 3117 3119
f 8794 8765 8793
f 8793 8767 8795
f 8795 8768 8796
f 8796 8769 8797
f 8797 8771 8798
f 8771 8799 8798
f 8772 8800 8799
f 8773 8801 8800
f 8774 8802 8801
f 8775 8803 8802
f 8776 3056 8803
f 8802 2253 2252
f 8801 2252 1727
f 8800 1727 2150
f 8799 2150 1941
f 8804 8799 1941
f 8805 8798 8804
f 8806 8797 8805
f 8807 8796 8806
f 8793 8807 8808
f 8794 8808 8809
f 8810 8809 8808
f 8808 8806 8810
f 8810 8805 8812
f 8813 8810 8812
f 8812 8804 8814
f 8815 8812 8814
f 8814 1941 1360
f 8755 8752 8756
f 8758 8750 8755
f 8760 8748 8758
f 8762 8746 8760
f 8816 8764 8763
f 8818 8820 8817
f 8816 8782 8784
f 8821 8817 8816
f 8789 8783 8786
f 8818 8789 8788
f 8819 8788 8792
f 8822 8819 8823
f 8823 8792 8824
f 8824 8791 2712
f 2712 3119 3128
f 8826 8823 8825
f 8825 8824 8827
f 8827 2712 2711
f 8828 2711 2400
f 8829 8827 8828
f 8830 8825 8829
f 8743 8764 8831
f 8817 8831 8764
f 8770 8743 8831
f 8741 8831 8742
f 8820 8742 8831
f 8740 8822 8826
f 8738 8826 8830
f 8736 8830 8832
f 8833 2400 2402
f 8834 8828 8833
f 8832 8829 8834
f 8835 2402 2707
f 3058 2707 2708
f 3061 8835 3058
f 8836 8833 8835
f 8733 8832 8837
f 8837 8834 8836
f 8777 8733 8838
f 8838 8837 1962
f 8837 3061 1962
f 1961 8838 1962
f 3057 8777 8838
f 8779 8753 8839
f 8778 8754 8779
f 8780 8757 8778
f 8781 8759 8780
f 8782 8761 8781
f 8821 8784 8783
f 8785 8789 8786
f 2723 8790 8785
f 2875 8784 8782
f 2736 8786 8783
f 2947 8839 8944
f 8815 1360 8941
f 1900 1924 1901
f 1736 1718 1750
f 1955 1943 1956
f 1671 1735 1751
f 1696 1698 1692
f 1800 1864 1801
f 2063 2056 2060
f 1737 1717 1736
f 1751 1697 1695
f 943 9351 684
f 9108 8753 9057
f 1577 1764 1703
f 9369 1599 9375
f 1945 82 1944
f 68 7 248
f 147 1543 148
f 1109 1133 1102
f 1503 1907 1908
f 1499 1909 1498
f 452 735 215
f 1824 9287 9297
f 1825 2068 1824
f 1463 1022 1194
f 841 1009 1011
f 1568 1955 1534
f 1926 1927 1923
f 1910 1502 1939
f 1939 422 442
f 309 1940 308
f 1804 1866 1803
f 269 1954 56
f 2065 2060 2056
f 9264 1758 9287
f 280 552 1940
f 1875 1869 1874
f 1739 1734 1737
f 5923 5899 5924
f 1778 1790 1788
f 310 1915 279
f 1909 1906 1954
f 1789 1778 1788
f 978 980 979
f 1584 1731 1583
f 425 311 312
f 148 115 116
f 2044 9346 2046
f 277 1939 551
f 1943 1945 1944
f 1461 1463 1464
f 2253 3056 3055
f 2981 8927 958
f 2209 8927 3055
f 2254 3055 8927
f 2998 958 8927
f 2826 2721 2724
f 8928 2721 2817
f 2816 8928 2817
f 2334 2296 2335
f 2298 2334 2336
f 2301 2336 2338
f 2311 2338 2354
f 2312 2354 2355
f 2359 2361 2360
f 2335 2359 2360
f 2414 2365 2364
f 2413 2361 2365
f 2355 2540 2541
f 2541 2539 2542
f 2722 2739 2738
f 3114 2738 3113
f 3110 3121 3120
f 3108 3120 3113
f 3122 3127 3126
f 3112 3126 3121
f 3127 1753 3135
f 3139 2529 2542
f 9196 3133 3139
f 8928 2740 2739
f 8929 2789 8928
f 228 91 88
f 245 243 242
f 248 247 191
f 2 296 295
f 145 300 267
f 327 210 328
f 329 331 330
f 250 228 236
f 239 240 230
f 373 375 374
f 178 176 175
f 1218 1228 1321
f 9314 1295 9306
f 808 824 823
f 9310 1013 1014
f 9265 1411 1413
f 2154 2159 2160
f 9297 1758 1757
f 306 1922 452
f 2157 1976 1977
f 708 2031 1474
f 1450 1227 1428
f 1672 1605 1624
f 1813 1821 1816
f 1717 1715 1718
f 176 402 347
f 1710 9368 9367
f 1712 1577 1711
f 1705 1711 1704
f 3435 3475 3434
f 971 979 970
f 822 1094 1102
f 2909 2793 2792
f 2810 2795 2793
f 2799 2249 2800
f 9114 2910 2799
f 2769 2801 2795
f 3177 3178 3179
f 3178 3180 3179
f 3181 1393 2800
f 3181 1632 3182
f 3182 2244 3183
f 3183 2243 3180
f 8932 2790 8929
f 2808 8929 2816
f 2239 9016 2240
f 1149 9015 9014
f 1150 9011 9015
f 2202 9010 2015
f 2921 9009 2923
f 9012 2133 2928
f 1777 1759 1792
f 1201 1183 1184
f 9005 2195 2194
f 8997 2770 2768
f 9379 1687 1692
f 1516 154 503
f 8993 2974 2803
f 8994 2779 2778
f 2771 9019 8990
f 3070 8990 9002
f 8991 2775 2867
f 1376 1370 1372
f 2767 9000 2206
f 2195 8987 2767
f 2775 8986 2776
f 8344 8989 2871
f 9256 8983 2806
f 2776 8982 2805
f 2240 8979 2920
f 2920 9121 9071
f 8992 2786 2779
f 1805 1851 1804
f 8978 2787 2786
f 2951 8984 8975
f 2772 8975 9019
f 2973 8974 8980
f 2224 8981 8974
f 1957 320 510
f 306 304 303
f 2770 8972 2913
f 2913 9018 2239
f 2923 8971 2922
f 308 431 47
f 207 132 543
f 1879 1881 1880
f 9185 8969 2089
f 2475 9002 8968
f 2476 8968 8967
f 2223 8967 8981
f 8966 2803 2802
f 2037 11 1950
f 1959 450 505
f 2003 8964 2129
f 9 334 540
f 2009 8962 9011
f 2008 8980 8962
f 9329 673 9331
f 8959 2778 2784
f 2935 8957 2936
f 111 9014 8955
f 3238 3341 3237
f 8954 2935 2938
f 683 9337 943
f 8952 2810 2909
f 736 732 729
f 1795 1803 1796
f 8949 2938 2939
f 8951 2939 2940
f 2950 8948 2949
f 2940 8948 8951
f 9253 8956 2950
f 2868 8946 2869
f 2869 8966 2802
f 1024 1023 1020
f 8944 2948 2947
f 551 442 443
f 2972 9012 2928
f 2032 8943 2972
f 216 1924 1923
f 3532 3482 3533
f 203 201 200
f 3539 3541 3540
f 1828 1847 1837
f 1958 449 450
f 272 178 175
f 2871 8939 1361
f 9071 9008 2921
f 2801 9095 9114
f 2005 9106 2176
f 960 899 962
f 9109 9064 9076
f 9232 9098 3151
f 3151 9045 2555
f 2193 9075 2194
f 9059 3145 3144
f 9055 2761 3145
f 9044 3144 3104
f 2926 9086 3103
f 9086 3104 3103
f 9207 9198 9205
f 566 9210 2005
f 8839 1864 8944
f 1602 2079 2078
f 2868 9063 2922
f 2922 9062 2923
f 2923 9070 2921
f 9122 2918 9066
f 9071 9066 2920
f 2921 9122 9071
f 2920 9038 2240
f 9065 2915 2918
f 2917 9074 9093
f 2916 9093 9094
f 2239 9104 2913
f 2911 9104 2757
f 9095 2911 2910
f 2797 9114 9043
f 2797 9050 2750
f 9074 2763 2765
f 9060 2764 2745
f 2194 9100 2221
f 2221 9101 2222
f 2756 9061 2755
f 2750 9061 2747
f 9121 1817 9279
f 9215 1691 1699
f 2515 9042 2548
f 2548 9045 2550
f 2513 9084 9068
f 2513 9073 2515
f 2509 9072 2289
f 2510 9085 2509
f 2289 9091 2283
f 2283 9069 2286
f 2240 9039 2239
f 9111 9076 9078
f 716 9339 9340
f 727 9213 1923
f 2165 2170 2164
f 9112 9078 9081
f 9195 9030 9209
f 2175 769 770
f 2100 2095 2099
f 9210 9209 9030
f 640 9012 1826
f 1653 8997 1651
f 1895 8974 746
f 746 8981 741
f 1653 8972 9020
f 9214 1604 1672
f 2093 2073 2078
f 959 995 884
f 962 919 986
f 1400 1398 1399
f 1000 1127 1004
f 956 884 885
f 1662 8994 1661
f 2034 8990 1654
f 9378 8983 9254
f 8979 766 1817
f 9016 765 766
f 334 9015 335
f 1868 8984 1656
f 1684 1652 1678
f 1682 775 1807
f 1585 9214 1700
f 9215 1672 1673
f 2173 490 491
f 1658 8991 1752
f 9000 1650 724
f 1571 2010 1572
f 1587 9123 2080
f 2099 2077 2094
f 787 1999 786
f 2000 786 1999
f 3155 9149 9135
f 9165 9135 9241
f 2180 9137 9136
f 8940 9136 9157
f 1684 9292 1651
f 1760 8939 8989
f 2607 9145 2590
f 2581 9141 2607
f 2371 9152 9147
f 2371 9145 2372
f 2587 9127 2586
f 2586 9149 339
f 2497 9139 2503
f 2502 9139 9152
f 2494 9142 2495
f 9142 2472 2495
f 9140 2468 2472
f 9153 2469 2468
f 726 9344 630
f 581 8962 580
f 10 9014 334
f 1837 8954 1849
f 741 8967 1300
f 1299 9002 2034
f 1851 8948 1866
f 8971 1820 1819
f 580 8980 1895
f 1758 8966 8946
f 1693 8952 1806
f 8948 1867 1866
f 1894 9012 8943
f 2126 9265 9293
f 9358 9293 9364
f 2113 9319 2110
f 2179 9241 9137
f 624 9356 623
f 2192 9240 9232
f 2177 9239 9185
f 1364 9285 1338
f 9310 1470 1453
f 3135 9227 9196
f 2069 9287 2068
f 1351 9305 1352
f 2108 9353 499
f 2089 9188 9185
f 9280 1358 866
f 2001 9235 2187
f 2187 9171 2091
f 2130 9204 2004
f 2004 9201 2001
f 2014 9231 2201
f 2201 9208 2130
f 3167 9211 2969
f 3168 9172 3167
f 3159 9216 3160
f 3160 9217 3081
f 9182 3158 337
f 3158 9161 3159
f 2200 9182 9174
f 9137 9194 2204
f 9174 2197 2200
f 9242 2092 9173
f 9226 9173 2197
f 3154 9242 9226
f 3155 9158 3154
f 2091 9173 2092
f 2196 9202 9228
f 2193 9228 9233
f 9056 9233 9240
f 2086 9232 9230
f 2087 9230 9229
f 2204 9203 2205
f 2205 9202 3148
f 9361 574 692
f 2124 9229 9212
f 2208 9212 9234
f 9163 3140 3137
f 9237 3138 3140
f 9197 3139 3138
f 9223 3136 2322
f 9164 3137 3136
f 9227 3131 3133
f 9219 3132 3131
f 1813 9290 1814
f 1293 9308 1344
f 2184 9200 9184
f 2181 9184 9186
f 9217 3079 3081
f 9220 3080 3079
f 709 9327 2031
f 2774 9189 9221
f 9238 2134 9003
f 9261 766 765
f 2968 9218 2959
f 2969 9236 2968
f 2958 9189 2961
f 2132 9218 2960
f 2321 9223 9200
f 9312 1449 28
f 9357 582 710
f 9338 577 574
f 9299 1818 9279
f 705 9339 2121
f 9268 9359 698
f 2111 9363 2113
f 9262 1366 1411
f 1812 9274 1815
f 675 9304 674
f 8940 9303 675
f 2110 9320 2109
f 2104 9353 2106
f 2109 9351 944
f 9294 703 739
f 1680 9298 1684
f 1639 9271 9270
f 623 9358 697
f 2139 9318 9317
f 1808 9296 9289
f 9272 1819 1820
f 9324 9352 706
f 1646 9282 1648
f 9341 633 577
f 2139 9327 18
f 2156 9323 9326
f 674 9365 9321
f 2117 9264 2069
f 1815 9299 9275
f 9307 1444 1470
f 697 9364 9268
f 866 9288 9280
f 9316 2136 2135
f 9037 9178 9041
f 9035 9183 9037
f 9205 9190 9191
f 9192 9033 9195
f 1088 9198 1093
f 9191 9195 9205
f 2791 8933 2792
f 8932 2807 8933
f 2792 8934 2909
f 8933 2806 8934
f 8952 8934 8960
f 8960 2806 8983
f 2948 9243 9253
f 2105 9348 2104
f 8982 9256 2805
f 680 9328 683
f 1891 9362 9343
f 2905 9253 2950
f 2900 9251 2905
f 2901 9259 2877
f 2734 9258 9246
f 2877 9258 2878
f 2820 9246 2872
f 2818 9244 2827
f 2823 9244 2826
f 2822 9250 2821
f 2819 9252 9250
f 2817 9247 2816
f 2809 9247 2815
f 2808 9255 2807
f 2805 9255 2804
f 1702 9375 1599
f 9374 1797 1802
f 9367 1706 1709
f 9370 1692 1698
f 1657 9332 1879
f 1890 9347 9362
f 9224 1674 1675
f 1689 9224 9225
f 9378 8982 1688
f 8960 1689 9225
f 9369 1703 1764
f 1598 9380 1770
f 9332 1876 1879
f 1691 9377 9379
f 9377 1688 1687
f 1117 1118 9382
f 1066 1322 9382
f 1243 847 9382
f 9277 848 9382
f 1128 1117 9382
f 1129 1130 9382
f 841 1011 9382
f 1230 9315 9382
f 1242 1243 9382
f 1322 1229 9382
f 1064 1065 9382
f 1003 1128 9382
f 1229 1230 9382
f 9315 1285 9382
f 1285 1288 9382
f 848 839 9382
f 847 9277 9382
f 1118 1129 9382
f 1065 1066 9382
f 1087 1086 9382
f 1008 1002 9382
f 1011 1008 9382
f 1002 1003 9382
f 1076 1069 9382
f 838 841 9382
f 839 838 9382
f 1288 1242 9382
f 1130 1087 9382
f 1086 1076 9382
f 1069 1064 9382
f 2410 2414 9383
f 2411 2410 9383
f 9069 2285 9383
f 2394 2393 9383
f 2393 2396 9383
f 2281 2286 9383
f 2282 2280 9383
f 2398 2399 9383
f 2465 2464 9383
f 2396 2397 9383
f 2470 2469 9383
f 2399 2416 9383
f 2480 2395 9383
f 2459 2480 9383
f 2369 2282 9383
f 2460 2459 9383
f 2415 2411 9383
f 2416 2415 9383
f 2364 2363 9383
f 2286 9069 9383
f 2464 2470 9383
f 2469 9155 9383
f 2285 2465 9383
f 2414 2364 9383
f 2395 2394 9383
f 2363 2367 9383
f 2397 2398 9383
f 2280 2281 9383
f 9155 2460 9383
f 2367 2369 9383
f 9386 9389 9390
f 9386 9391 9387
f 9384 9389 9385
f 9390 9395 9391
f 9389 9392 9393
f 9389 9394 9390
f 9394 9399 9395
f 9393 9396 9397
f 9394 9397 9398
f 9399 9402 9403
f 9396 9401 9397
f 9397 9402 9398
f 9402 9407 9403
f 9401 9404 9405
f 9402 9405 9406
f 9407 9410 9411
f 9405 9408 9409
f 9405 9410 9406
f 9411 9414 9415
f 9409 9412 9413
f 9410 9413 9414
f 9414 9419 9415
f 9412 9417 9413
f 9413 9418 9414
f 9418 9423 9419
f 9417 9420 9421
f 9418 9421 9422
f 9422 9427 9423
f 9420 9425 9421
f 9421 9426 9422
f 9426 9431 9427
f 9425 9428 9429
f 9426 9429 9430
f 9431 9434 9435
f 9428 9433 9429
f 9429 9434 9430
f 9434 9439 9435
f 9433 9436 9437
f 9434 9437 9438
f 9439 9442 9443
f 9436 9441 9437
f 9437 9442 9438
f 9443 9446 9447
f 9441 9444 9445
f 9442 9445 9446
f 9447 9450 9451
f 9444 9449 9445
f 9445 9450 9446
f 9450 9455 9451
f 9449 9452 9453
f 9450 9453 9454
f 9454 9459 9455
f 9452 9457 9453
f 9453 9458 9454
f 9458 9463 9459
f 9457 9460 9461
f 9458 9461 9462
f 9463 9466 9467
f 9460 9465 9461
f 9461 9466 9462
f 9466 9471 9467
f 9465 9468 9469
f 9466 9469 9470
f 9471 9474 9475
f 9468 9473 9469
f 9469 9474 9470
f 9475 9478 9479
f 9473 9476 9477
f 9474 9477 9478
f 9479 9482 9483
f 9476 9481 9477
f 9477 9482 9478
f 9483 9486 9487
f 9481 9484 9485
f 9482 9485 9486
f 9486 9491 9487
f 9484 9489 9485
f 9485 9490 9486
f 9490 9495 9491
f 9489 9492 9493
f 9490 9493 9494
f 9495 9498 9499
f 9492 9497 9493
f 9493 9498 9494
f 9498 9503 9499
f 9497 9500 9501
f 9498 9501 9502
f 9503 9507 9508
f 9500 9506 9501
f 9501 9507 9502
f 9508 9511 9512
f 9505 9510 9506
f 9507 9510 9511
f 9384 9504 9388
f 9388 9504 9392
f 9392 9504 9396
f 9396 9504 9400
f 9400 9504 9404
f 9404 9504 9408
f 9408 9504 9412
f 9412 9504 9416
f 9416 9504 9420
f 9420 9504 9424
f 9424 9504 9428
f 9428 9504 9432
f 9432 9504 9436
f 9436 9504 9440
f 9440 9504 9444
f 9444 9504 9448
f 9448 9504 9452
f 9452 9504 9456
f 9456 9504 9460
f 9460 9504 9464
f 9464 9504 9468
f 9468 9504 9472
f 9472 9504 9476
f 9476 9504 9480
f 9480 9504 9484
f 9484 9504 9488
f 9488 9504 9492
f 9492 9504 9496
f 9496 9504 9500
f 9500 9504 9505
f 9505 9504 9509
f 9512 9386 9387
f 9510 9384 9385
f 9510 9386 9511
f 9509 9504 9384
f 9521 9533 9534
f 9518 9532 9519
f 9517 9529 9530
f 9515 9527 9528
f 9523 9537 9524
f 9521 9535 9522
f 9519 9533 9520
f 9518 9530 9531
f 9515 9529 9516
f 9513 9527 9514
f 9524 9538 9525
f 9523 9535 9536
f 9528 9542 9529
f 9526 9540 9527
f 9538 9550 9551
f 9535 9549 9536
f 9534 9546 9547
f 9531 9545 9532
f 9530 9542 9543
f 9528 9540 9541
f 9537 9549 9550
f 9534 9548 9535
f 9532 9546 9533
f 9531 9543 9544
f 9541 9555 9542
f 9540 9552 9553
f 9550 9564 9551
f 9548 9562 9549
f 9547 9559 9560
f 9544 9558 9545
f 9542 9556 9543
f 9541 9553 9554
f 9549 9563 9550
f 9547 9561 9548
f 9546 9558 9559
f 9544 9556 9557
f 9555 9567 9568
f 9552 9566 9553
f 9564 9576 9577
f 9562 9574 9575
f 9559 9573 9560
f 9557 9571 9558
f 9555 9569 9556
f 9553 9567 9554
f 9562 9576 9563
f 9561 9573 9574
f 9559 9571 9572
f 9557 9569 9570
f 9567 9581 9568
f 9566 9578 9579
f 9576 9590 9577
f 9575 9587 9588
f 9572 9586 9573
f 9571 9583 9584
f 9569 9581 9582
f 9566 9580 9567
f 9576 9588 9589
f 9574 9586 9587
f 9571 9585 9572
f 9569 9583 9570
f 9581 9593 9594
f 9578 9592 9579
f 9590 9602 9603
f 9588 9600 9601
f 9585 9599 9586
f 9583 9597 9584
f 9582 9594 9595
f 9579 9593 9580
f 9589 9601 9602
f 9587 9599 9600
f 9584 9598 9585
f 9583 9595 9596
f 9594 9606 9607
f 9592 9604 9605
f 9602 9616 9603
f 9601 9613 9614
f 9598 9612 9599
f 9596 9610 9597
f 9594 9608 9595
f 9592 9606 9593
f 9601 9615 9602
f 9600 9612 9613
f 9598 9610 9611
f 9596 9608 9609
f 9607 9619 9620
f 9605 9617 9618
f 9615 9629 9616
f 9613 9627 9614
f 9611 9625 9612
f 9610 9622 9623
f 9607 9621 9608
f 9605 9619 9606
f 9615 9627 9628
f 9613 9625 9626
f 9611 9623 9624
f 9608 9622 9609
f 9619 9633 9620
f 9617 9631 9618
f 9628 9642 9629
f 9627 9639 9640
f 9625 9637 9638
f 9622 9636 9623
f 9621 9633 9634
f 9619 9631 9632
f 9627 9641 9628
f 9625 9639 9626
f 9623 9637 9624
f 9622 9634 9635
f 9632 9646 9633
f 9630 9644 9631
f 9642 9654 9655
f 9639 9653 9640
f 9638 9650 9651
f 9635 9649 9636
f 9634 9646 9647
f 9632 9644 9645
f 9641 9653 9654
f 9638 9652 9639
f 9636 9650 9637
f 9635 9647 9648
f 9645 9659 9646
f 9644 9656 9657
f 9654 9668 9655
f 9652 9666 9653
f 9651 9663 9664
f 9648 9662 9649
f 9646 9660 9647
f 9645 9657 9658
f 9653 9667 9654
f 9651 9665 9652
f 9650 9662 9663
f 9648 9660 9661
f 9659 9671 9672
f 9656 9670 9657
f 9668 9680 9681
f 9665 9679 9666
f 9663 9677 9664
f 9661 9675 9662
f 9659 9673 9660
f 9657 9671 9658
f 9666 9680 9667
f 9665 9677 9678
f 9663 9675 9676
f 9661 9673 9674
f 9671 9685 9672
f 9670 9682 9683
f 9680 9694 9681
f 9678 9692 9679
f 9677 9689 9690
f 9675 9687 9688
f 9673 9685 9686
f 9670 9684 9671
f 9680 9692 9693
f 9678 9690 9691
f 9675 9689 9676
f 9673 9687 9674
f 9685 9697 9698
f 9682 9696 9683
f 9694 9706 9707
f 9692 9704 9705
f 9689 9703 9690
f 9687 9701 9688
f 9686 9698 9699
f 9683 9697 9684
f 9693 9705 9706
f 9691 9703 9704
f 9688 9702 9689
f 9687 9699 9700
f 9698 9710 9711
f 9696 9708 9709
f 9706 9720 9707
f 9705 9717 9718
f 9702 9716 9703
f 9700 9714 9701
f 9698 9712 9699
f 9696 9710 9697
f 9705 9719 9706
f 9704 9716 9717
f 9702 9714 9715
f 9700 9712 9713
f 9711 9723 9724
f 9709 9721 9722
f 9719 9733 9720
f 9717 9731 9718
f 9715 9729 9716
f 9714 9726 9727
f 9711 9725 9712
f 9709 9723 9710
f 9718 9732 9719
f 9717 9729 9730
f 9715 9727 9728
f 9712 9726 9713
f 9723 9737 9724
f 9721 9735 9722
f 9733 9745 9746
f 9731 9743 9744
f 9729 9741 9742
f 9726 9740 9727
f 9725 9737 9738
f 9723 9735 9736
f 9732 9744 9745
f 9729 9743 9730
f 9727 9741 9728
f 9726 9738 9739
f 9736 9750 9737
f 9734 9748 9735
f 9746 9758 9759
f 9743 9757 9744
f 9742 9754 9755
f 9739 9753 9740
f 9738 9750 9751
f 9736 9748 9749
f 9745 9757 9758
f 9742 9756 9743
f 9740 9754 9741
f 9739 9751 9752
f 9749 9763 9750
f 9748 9760 9761
f 9758 9772 9759
f 9756 9770 9757
f 9755 9767 9768
f 9752 9766 9753
f 9750 9764 9751
f 9749 9761 9762
f 9757 9771 9758
f 9756 9768 9769
f 9754 9766 9767
f 9752 9764 9765
f 9762 9776 9763
f 9760 9774 9761
f 9772 9784 9785
f 9770 9782 9783
f 9768 9780 9781
f 9765 9779 9766
f 9763 9777 9764
f 9762 9774 9775
f 9770 9784 9771
f 9768 9782 9769
f 9767 9779 9780
f 9764 9778 9765
f 9775 9789 9776
f 9774 9786 9787
f 9784 9798 9785
f 9782 9796 9783
f 9781 9793 9794
f 9779 9791 9792
f 9777 9789 9790
f 9774 9788 9775
f 9784 9796 9797
f 9782 9794 9795
f 9779 9793 9780
f 9777 9791 9778
f 9789 9802 9803
f 9786 9801 9787
f 9798 9811 9812
f 9796 9809 9810
f 9793 9808 9794
f 9792 9805 9806
f 9790 9803 9804
f 9787 9802 9788
f 9797 9810 9811
f 9795 9808 9809
f 9792 9807 9793
f 9790 9805 9791
f 9803 9815 9816
f 9801 9813 9814
f 9811 9825 9812
f 9810 9822 9823
f 9807 9821 9808
f 9806 9818 9819
f 9803 9817 9804
f 9801 9815 9802
f 9810 9824 9811
f 9809 9821 9822
f 9807 9819 9820
f 9804 9818 9805
f 9816 9828 9829
f 9814 9826 9827
f 9825 9837 9838
f 9822 9836 9823
f 9820 9834 9821
f 9819 9831 9832
f 9816 9830 9817
f 9814 9828 9815
f 9824 9836 9837
f 9822 9834 9835
f 9820 9832 9833
f 9817 9831 9818
f 9828 9842 9829
f 9826 9840 9827
f 9837 9851 9838
f 9836 9848 9849
f 9834 9846 9847
f 9831 9845 9832
f 9830 9842 9843
f 9828 9840 9841
f 9836 9850 9837
f 9834 9848 9835
f 9832 9846 9833
f 9831 9843 9844
f 9841 9855 9842
f 9839 9853 9840
f 9851 9863 9864
f 9848 9862 9849
f 9847 9859 9860
f 9845 9857 9858
f 9843 9855 9856
f 9841 9853 9854
f 9850 9862 9863
f 9847 9861 9848
f 9845 9859 9846
f 9843 9857 9844
f 9854 9868 9855
f 9853 9865 9866
f 9863 9877 9864
f 9861 9875 9862
f 9860 9872 9873
f 9858 9870 9871
f 9855 9869 9856
f 9854 9866 9867
f 9862 9876 9863
f 9860 9874 9861
f 9859 9871 9872
f 9856 9870 9857
f 9868 9880 9881
f 9865 9879 9866
f 9877 9889 9890
f 9875 9887 9888
f 9873 9885 9886
f 9870 9884 9871
f 9868 9882 9869
f 9867 9879 9880
f 9875 9889 9876
f 9873 9887 9874
f 9872 9884 9885
f 9870 9882 9883
f 9880 9894 9881
f 9878 9892 9879
f 9889 9903 9890
f 9887 9901 9888
f 9886 9898 9899
f 9884 9896 9897
f 9882 9894 9895
f 9879 9893 9880
f 9889 9901 9902
f 9887 9899 9900
f 9884 9898 9885
f 9882 9896 9883
f 9894 9906 9907
f 9891 9905 9892
f 9903 9915 9916
f 9901 9913 9914
f 9898 9912 9899
f 9896 9910 9897
f 9895 9907 9908
f 9892 9906 9893
f 9902 9914 9915
f 9899 9913 9900
f 9897 9911 9898
f 9896 9908 9909
f 9907 9919 9920
f 9905 9917 9918
f 9915 9929 9916
f 9914 9926 9927
f 9911 9925 9912
f 9909 9923 9910
f 9907 9921 9908
f 9905 9919 9906
f 9914 9928 9915
f 9913 9925 9926
f 9911 9923 9924
f 9909 9921 9922
f 9799 9525 9538
f 9799 9538 9551
f 9799 9551 9564
f 9799 9564 9577
f 9799 9577 9590
f 9799 9590 9603
f 9799 9603 9616
f 9799 9616 9629
f 9799 9629 9642
f 9799 9642 9655
f 9799 9655 9668
f 9799 9668 9681
f 9799 9681 9694
f 9799 9694 9707
f 9799 9707 9720
f 9799 9720 9733
f 9799 9733 9746
f 9799 9746 9759
f 9799 9759 9772
f 9799 9772 9785
f 9799 9785 9798
f 9799 9798 9812
f 9799 9812 9825
f 9799 9825 9838
f 9799 9838 9851
f 9799 9851 9864
f 9799 9864 9877
f 9799 9877 9890
f 9799 9890 9903
f 9799 9903 9916
f 9799 9916 9929
f 9920 9515 9516
f 9918 9513 9514
f 9929 9524 9525
f 9926 9523 9927
f 9924 9521 9925
f 9923 9518 9519
f 9920 9517 9921
f 9918 9515 9919
f 9799 9929 9525
f 9928 9523 9524
f 9926 9521 9522
f 9924 9519 9520
f 9921 9518 9922
f 9387 9917 9512
f 9917 9508 9512
f 9904 9503 9508
f 9891 9499 9503
f 9499 9865 9495
f 9495 9852 9491
f 9491 9839 9487
f 9839 9483 9487
f 9483 9813 9479
f 9813 9475 9479
f 9800 9471 9475
f 9786 9467 9471
f 9467 9760 9463
f 9463 9747 9459
f 9459 9734 9455
f 9734 9451 9455
f 9451 9708 9447
f 9708 9443 9447
f 9695 9439 9443
f 9682 9435 9439
f 9435 9656 9431
f 9431 9643 9427
f 9427 9630 9423
f 9630 9419 9423
f 9419 9604 9415
f 9604 9411 9415
f 9591 9407 9411
f 9578 9403 9407
f 9403 9552 9399
f 9399 9539 9395
f 9395 9526 9391
f 9526 9387 9391
f 9932 9935 9936
f 9932 9937 9933
f 9931 9934 9935
f 9936 9941 9937
f 9934 9939 9935
f 9935 9940 9936
f 9940 9945 9941
f 9939 9942 9943
f 9940 9943 9944
f 9945 9948 9949
f 9942 9947 9943
f 9943 9948 9944
f 9948 9953 9949
f 9947 9950 9951
f 9948 9951 9952
f 9953 9956 9957
f 9950 9955 9951
f 9951 9956 9952
f 9957 9960 9961
f 9955 9958 9959
f 9956 9959 9960
f 9961 9964 9965
f 9958 9963 9959
f 9959 9964 9960
f 9965 9968 9969
f 9963 9966 9967
f 9964 9967 9968
f 9968 9973 9969
f 9966 9971 9967
f 9967 9972 9968
f 9972 9977 9973
f 9970 9975 9971
f 9972 9975 9976
f 9977 9980 9981
f 9974 9979 9975
f 9975 9980 9976
f 9980 9985 9981
f 9979 9982 9983
f 9980 9983 9984
f 9985 9988 9989
f 9982 9987 9983
f 9983 9988 9984
f 9989 9992 9993
f 9986 9991 9987
f 9988 9991 9992
f 9993 9996 9997
f 9991 9994 9995
f 9991 9996 9992
f 9996 10001 9997
f 9994 9999 9995
f 9996 9999 10000
f 10000 10005 10001
f 9999 10002 10003
f 9999 10004 10000
f 10004 10009 10005
f 10003 10006 10007
f 10004 10007 10008
f 10009 10012 10013
f 10006 10011 10007
f 10007 10012 10008
f 10012 10017 10013
f 10011 10014 10015
f 10012 10015 10016
f 10017 10020 10021
f 10014 10019 10015
f 10015 10020 10016
f 10021 10024 10025
f 10019 10022 10023
f 10020 10023 10024
f 10024 10029 10025
f 10022 10027 10023
f 10023 10028 10024
f 10028 10033 10029
f 10027 10030 10031
f 10028 10031 10032
f 10032 10037 10033
f 10030 10035 10031
f 10031 10036 10032
f 10036 10041 10037
f 10035 10038 10039
f 10036 10039 10040
f 10041 10044 10045
f 10038 10043 10039
f 10039 10044 10040
f 10044 10049 10045
f 10043 10046 10047
f 10044 10047 10048
f 10049 10053 10054
f 10046 10052 10047
f 10047 10053 10048
f 10054 10057 10058
f 10052 10055 10056
f 10053 10056 10057
f 9930 10050 9934
f 9934 10050 9938
f 9938 10050 9942
f 9942 10050 9946
f 9946 10050 9950
f 9950 10050 9954
f 9954 10050 9958
f 9958 10050 9962
f 9962 10050 9966
f 9966 10050 9970
f 9970 10050 9974
f 9974 10050 9978
f 9978 10050 9982
f 9982 10050 9986
f 9986 10050 9990
f 9990 10050 9994
f 9994 10050 9998
f 9998 10050 10002
f 10002 10050 10006
f 10006 10050 10010
f 10010 10050 10014
f 10014 10050 10018
f 10018 10050 10022
f 10022 10050 10026
f 10026 10050 10030
f 10030 10050 10034
f 10034 10050 10038
f 10038 10050 10042
f 10042 10050 10046
f 10046 10050 10051
f 10051 10050 10055
f 10058 9932 9933
f 10055 9931 10056
f 10056 9932 10057
f 10055 10050 9930
f 10067 10079 10080
f 10064 10078 10065
f 10063 10075 10076
f 10061 10073 10074
f 10070 10082 10083
f 10067 10081 10068
f 10065 10079 10066
f 10064 10076 10077
f 10061 10075 10062
f 10059 10073 10060
f 10071 10083 10084
f 10069 10081 10082
f 10074 10088 10075
f 10072 10086 10073
f 10084 10096 10097
f 10081 10095 10082
f 10080 10092 10093
f 10078 10090 10091
f 10076 10088 10089
f 10074 10086 10087
f 10083 10095 10096
f 10080 10094 10081
f 10078 10092 10079
f 10076 10090 10077
f 10087 10101 10088
f 10086 10098 10099
f 10096 10110 10097
f 10094 10108 10095
f 10093 10105 10106
f 10091 10103 10104
f 10088 10102 10089
f 10087 10099 10100
f 10095 10109 10096
f 10094 10106 10107
f 10092 10104 10105
f 10089 10103 10090
f 10100 10114 10101
f 10098 10112 10099
f 10110 10122 10123
f 10108 10120 10121
f 10105 10119 10106
f 10103 10117 10104
f 10101 10115 10102
f 10100 10112 10113
f 10108 10122 10109
f 10106 10120 10107
f 10105 10117 10118
f 10103 10115 10116
f 10113 10127 10114
f 10112 10124 10125
f 10122 10136 10123
f 10120 10134 10121
f 10119 10131 10132
f 10117 10129 10130
f 10115 10127 10128
f 10113 10125 10126
f 10122 10134 10135
f 10119 10133 10120
f 10117 10131 10118
f 10115 10129 10116
f 10127 10139 10140
f 10124 10138 10125
f 10136 10148 10149
f 10134 10146 10147
f 10131 10145 10132
f 10130 10142 10143
f 10128 10140 10141
f 10125 10139 10126
f 10135 10147 10148
f 10133 10145 10146
f 10130 10144 10131
f 10128 10142 10129
f 10140 10152 10153
f 10138 10150 10151
f 10148 10162 10149
f 10147 10159 10160
f 10144 10158 10145
f 10143 10155 10156
f 10140 10154 10141
f 10138 10152 10139
f 10147 10161 10148
f 10146 10158 10159
f 10144 10156 10157
f 10141 10155 10142
f 10153 10165 10166
f 10151 10163 10164
f 10162 10174 10175
f 10159 10173 10160
f 10157 10171 10158
f 10156 10168 10169
f 10153 10167 10154
f 10151 10165 10152
f 10161 10173 10174
f 10159 10171 10172
f 10157 10169 10170
f 10154 10168 10155
f 10165 10179 10166
f 10163 10177 10164
f 10175 10187 10188
f 10173 10185 10186
f 10171 10183 10184
f 10168 10182 10169
f 10167 10179 10180
f 10165 10177 10178
f 10173 10187 10174
f 10171 10185 10172
f 10169 10183 10170
f 10168 10180 10181
f 10178 10192 10179
f 10176 10190 10177
f 10188 10200 10201
f 10185 10199 10186
f 10184 10196 10197
f 10182 10194 10195
f 10180 10192 10193
f 10178 10190 10191
f 10187 10199 10200
f 10184 10198 10185
f 10182 10196 10183
f 10180 10194 10181
f 10191 10205 10192
f 10190 10202 10203
f 10200 10214 10201
f 10198 10212 10199
f 10197 10209 10210
f 10195 10207 10208
f 10192 10206 10193
f 10191 10203 10204
f 10199 10213 10200
f 10197 10211 10198
f 10196 10208 10209
f 10193 10207 10194
f 10205 10217 10218
f 10202 10216 10203
f 10214 10226 10227
f 10211 10225 10212
f 10210 10222 10223
f 10207 10221 10208
f 10205 10219 10206
f 10204 10216 10217
f 10212 10226 10213
f 10210 10224 10211
f 10209 10221 10222
f 10207 10219 10220
f 10217 10231 10218
f 10216 10228 10229
f 10226 10240 10227
f 10224 10238 10225
f 10223 10235 10236
f 10221 10233 10234
f 10219 10231 10232
f 10217 10229 10230
f 10226 10238 10239
f 10223 10237 10224
f 10221 10235 10222
f 10219 10233 10220
f 10231 10243 10244
f 10228 10242 10229
f 10240 10252 10253
f 10238 10250 10251
f 10235 10249 10236
f 10234 10246 10247
f 10232 10244 10245
f 10229 10243 10230
f 10239 10251 10252
f 10237 10249 10250
f 10234 10248 10235
f 10232 10246 10233
f 10244 10256 10257
f 10242 10254 10255
f 10252 10266 10253
f 10251 10263 10264
f 10248 10262 10249
f 10247 10259 10260
f 10244 10258 10245
f 10242 10256 10243
f 10251 10265 10252
f 10250 10262 10263
f 10248 10260 10261
f 10245 10259 10246
f 10257 10269 10270
f 10255 10267 10268
f 10266 10278 10279
f 10263 10277 10264
f 10261 10275 10262
f 10260 10272 10273
f 10257 10271 10258
f 10255 10269 10256
f 10265 10277 10278
f 10263 10275 10276
f 10261 10273 10274
f 10258 10272 10259
f 10269 10283 10270
f 10267 10281 10268
f 10278 10292 10279
f 10277 10289 10290
f 10275 10287 10288
f 10272 10286 10273
f 10271 10283 10284
f 10269 10281 10282
f 10277 10291 10278
f 10275 10289 10276
f 10273 10287 10274
f 10272 10284 10285
f 10282 10296 10283
f 10280 10294 10281
f 10292 10304 10305
f 10289 10303 10290
f 10288 10300 10301
f 10286 10298 10299
f 10284 10296 10297
f 10282 10294 10295
f 10291 10303 10304
f 10288 10302 10289
f 10286 10300 10287
f 10284 10298 10285
f 10295 10309 10296
f 10294 10306 10307
f 10304 10318 10305
f 10302 10316 10303
f 10301 10313 10314
f 10299 10311 10312
f 10296 10310 10297
f 10295 10307 10308
f 10303 10317 10304
f 10301 10315 10302
f 10300 10312 10313
f 10297 10311 10298
f 10309 10321 10322
f 10307 10319 10320
f 10318 10330 10331
f 10316 10328 10329
f 10314 10326 10327
f 10311 10325 10312
f 10309 10323 10310
f 10308 10320 10321
f 10316 10330 10317
f 10314 10328 10315
f 10313 10325 10326
f 10311 10323 10324
f 10321 10335 10322
f 10320 10332 10333
f 10330 10344 10331
f 10329 10341 10342
f 10326 10340 10327
f 10325 10337 10338
f 10323 10335 10336
f 10320 10334 10321
f 10330 10342 10343
f 10328 10340 10341
f 10325 10339 10326
f 10323 10337 10324
f 10335 10348 10349
f 10332 10347 10333
f 10344 10357 10358
f 10342 10355 10356
f 10339 10354 10340
f 10337 10352 10338
f 10336 10349 10350
f 10333 10348 10334
f 10343 10356 10357
f 10341 10354 10355
f 10338 10353 10339
f 10337 10350 10351
f 10349 10361 10362
f 10347 10359 10360
f 10357 10371 10358
f 10356 10368 10369
f 10353 10367 10354
f 10351 10365 10352
f 10349 10363 10350
f 10347 10361 10348
f 10356 10370 10357
f 10355 10367 10368
f 10353 10365 10366
f 10351 10363 10364
f 10362 10374 10375
f 10360 10372 10373
f 10371 10383 10384
f 10368 10382 10369
f 10366 10380 10367
f 10365 10377 10378
f 10362 10376 10363
f 10360 10374 10361
f 10370 10382 10383
f 10368 10380 10381
f 10366 10378 10379
f 10363 10377 10364
f 10374 10388 10375
f 10372 10386 10373
f 10383 10397 10384
f 10382 10394 10395
f 10380 10392 10393
f 10377 10391 10378
f 10376 10388 10389
f 10374 10386 10387
f 10382 10396 10383
f 10380 10394 10381
f 10378 10392 10379
f 10377 10389 10390
f 10387 10401 10388
f 10385 10399 10386
f 10397 10409 10410
f 10394 10408 10395
f 10393 10405 10406
f 10390 10404 10391
f 10389 10401 10402
f 10387 10399 10400
f 10396 10408 10409
f 10393 10407 10394
f 10391 10405 10392
f 10390 10402 10403
f 10400 10414 10401
f 10399 10411 10412
f 10409 10423 10410
f 10407 10421 10408
f 10406 10418 10419
f 10403 10417 10404
f 10401 10415 10402
f 10400 10412 10413
f 10408 10422 10409
f 10406 10420 10407
f 10405 10417 10418
f 10403 10415 10416
f 10414 10426 10427
f 10411 10425 10412
f 10423 10435 10436
f 10420 10434 10421
f 10418 10432 10419
f 10416 10430 10417
f 10414 10428 10415
f 10412 10426 10413
f 10421 10435 10422
f 10419 10433 10420
f 10418 10430 10431
f 10416 10428 10429
f 10427 10439 10440
f 10425 10437 10438
f 10435 10449 10436
f 10433 10447 10434
f 10431 10445 10432
f 10430 10442 10443
f 10428 10440 10441
f 10425 10439 10426
f 10435 10447 10448
f 10433 10445 10446
f 10430 10444 10431
f 10428 10442 10429
f 10440 10452 10453
f 10437 10451 10438
f 10449 10461 10462
f 10447 10459 10460
f 10444 10458 10445
f 10443 10455 10456
f 10441 10453 10454
f 10438 10452 10439
f 10448 10460 10461
f 10446 10458 10459
f 10443 10457 10444
f 10441 10455 10442
f 10453 10465 10466
f 10451 10463 10464
f 10461 10475 10462
f 10460 10472 10473
f 10457 10471 10458
f 10456 10468 10469
f 10453 10467 10454
f 10451 10465 10452
f 10460 10474 10461
f 10459 10471 10472
f 10457 10469 10470
f 10454 10468 10455
f 10345 10071 10084
f 10345 10084 10097
f 10345 10097 10110
f 10345 10110 10123
f 10345 10123 10136
f 10345 10136 10149
f 10345 10149 10162
f 10345 10162 10175
f 10345 10175 10188
f 10345 10188 10201
f 10345 10201 10214
f 10345 10214 10227
f 10345 10227 10240
f 10345 10240 10253
f 10345 10253 10266
f 10345 10266 10279
f 10345 10279 10292
f 10345 10292 10305
f 10345 10305 10318
f 10345 10318 10331
f 10345 10331 10344
f 10345 10344 10358
f 10345 10358 10371
f 10345 10371 10384
f 10345 10384 10397
f 10345 10397 10410
f 10345 10410 10423
f 10345 10423 10436
f 10345 10436 10449
f 10345 10449 10462
f 10345 10462 10475
f 10466 10061 10062
f 10464 10059 10060
f 10474 10071 10475
f 10472 10069 10473
f 10470 10067 10471
f 10469 10064 10065
f 10466 10063 10467
f 10464 10061 10465
f 10345 10475 10071
f 10473 10070 10474
f 10472 10067 10068
f 10470 10065 10066
f 10467 10064 10468
f 9933 10463 10058
f 10463 10054 10058
f 10450 10049 10054
f 10437 10045 10049
f 10045 10411 10041
f 10041 10398 10037
f 10037 10385 10033
f 10385 10029 10033
f 10029 10359 10025
f 10359 10021 10025
f 10346 10017 10021
f 10332 10013 10017
f 10013 10306 10009
f 10009 10293 10005
f 10005 10280 10001
f 10280 9997 10001
f 9997 10254 9993
f 10254 9989 9993
f 10241 9985 9989
f 10228 9981 9985
f 9981 10202 9977
f 9977 10189 9973
f 9973 10176 9969
f 10176 9965 9969
f 9965 10150 9961
f 10150 9957 9961
f 10137 9953 9957
f 10124 9949 9953
f 9949 10098 9945
f 9945 10085 9941
f 9941 10072 9937
f 10072 9933 9937
f 4 3 2
f 8 7 6
f 13 16 15
f 17 28 19
f 32 31 30
f 36 35 34
f 37 40 39
f 21 22 23
f 25 26 27
f 41 44 43
f 48 47 46
f 52 51 50
f 53 56 55
f 60 59 58
f 29 30 62
f 66 65 64
f 67 5 6
f 72 71 70
f 76 75 74
f 77 80 79
f 81 84 83
f 59 87 86
f 88 91 90
f 96 95 94
f 100 99 98
f 101 104 103
f 106 105 34
f 108 116 115
f 117 119 36
f 124 127 126
f 131 130 129
f 132 102 134
f 142 141 140
f 148 106 60
f 144 143 127
f 149 152 151
f 156 155 154
f 159 150 158
f 116 108 164
f 171 170 169
f 174 126 173
f 179 182 181
f 186 189 188
f 194 197 196
f 199 142 139
f 206 209 208
f 213 212 211
f 202 215 214
f 96 93 216
f 92 238 43
f 97 184 246
f 250 249 229
f 252 254 58
f 258 257 256
f 260 91 229
f 110 111 112
f 114 264 263
f 265 268 267
f 56 53 270
f 274 273 249
f 185 183 63
f 280 279 278
f 285 284 283
f 288 219 211
f 141 142 92
f 289 290 175
f 148 116 105
f 312 311 170
f 238 262 42
f 318 163 160
f 310 309 308
f 241 239 325
f 160 230 240
f 47 48 307
f 108 109 315
f 345 85 86
f 348 351 350
f 356 359 358
f 355 354 353
f 363 31 32
f 364 252 253
f 366 125 368
f 183 372 371
f 163 162 161
f 209 226 101
f 378 377 165
f 379 295 381
f 383 382 3
f 284 285 386
f 387 127 389
f 391 259 229
f 73 281 397
f 405 408 407
f 203 218 411
f 414 121 413
f 1 356 357
f 277 276 131
f 254 344 57
f 358 384 415
f 417 416 386
f 401 400 192
f 419 389 127
f 421 181 182
f 103 301 302
f 428 367 368
f 380 390 359
f 62 204 266
f 140 141 431
f 357 358 351
f 356 1 379
f 415 392 403
f 437 428 436
f 438 441 440
f 188 451 450
f 265 455 181
f 224 185 64
f 237 212 213
f 275 131 128
f 281 282 460
f 50 462 79
f 73 74 282
f 468 467 466
f 390 355 352
f 482 485 484
f 489 488 487
f 493 496 495
f 472 471 470
f 502 501 500
f 220 221 222
f 512 419 143
f 518 517 511
f 513 239 230
f 205 30 31
f 189 370 451
f 163 318 532
f 533 224 225
f 446 448 447
f 335 541 540
f 544 512 546
f 329 519 291
f 199 534 262
f 385 386 416
f 532 190 191
f 363 117 118
f 578 581 580
f 573 572 571
f 561 563 562
f 241 260 259
f 590 593 592
f 545 546 595
f 503 154 155
f 606 625 624
f 478 481 480
f 646 649 648
f 590 591 689
f 564 565 651
f 728 246 184
f 714 724 716
f 692 574 575
f 541 335 581
f 346 68 248
f 161 231 230
f 128 129 94
f 698 705 704
f 574 577 576
f 290 289 401
f 630 631 725
f 733 736 735
f 755 466 496
f 759 480 481
f 757 763 762
f 764 496 466
f 768 767 9260
f 759 760 488
f 492 474 475
f 474 770 769
f 773 468 465
f 771 774 486
f 484 485 775
f 774 776 489
f 495 496 764
f 495 757 761
f 137 397 784
f 325 239 797
f 165 519 51
f 369 32 29
f 730 731 568
f 90 302 301
f 243 118 516
f 800 734 806
f 817 815 808
f 816 808 823
f 306 303 447
f 815 810 809
f 829 830 828
f 726 725 501
f 274 427 424
f 879 882 881
f 884 883 879
f 219 218 217
f 906 905 904
f 455 204 205
f 898 882 830
f 903 900 880
f 377 291 519
f 923 949 948
f 946 947 951
f 8963 740 739
f 900 899 886
f 225 64 65
f 182 445 442
f 809 952 947
f 954 960 962
f 927 950 965
f 885 879 880
f 925 927 966
f 343 342 341
f 965 964 971
f 968 971 970
f 972 968 969
f 963 961 981
f 336 337 338
f 992 993 827
f 810 815 996
f 1007 1001 1002
f 1012 826 827
f 1011 1009 1007
f 294 293 292
f 907 908 920
f 1017 579 1019
f 1020 1023 1022
f 1035 1024 1020
f 1061 1060 1047
f 1063 1061 1046
f 1044 1020 1021
f 1102 1094 1097
f 1116 1126 1118
f 1016 1015 1014
f 881 897 904
f 816 1116 1127
f 1094 948 949
f 514 342 167
f 146 145 81
f 1133 1135 1130
f 1102 1133 1126
f 822 1126 1116
f 1145 1143 1148
f 1076 1144 1151
f 1148 1143 1086
f 1109 1097 1114
f 1154 1153 1156
f 1153 925 967
f 8815 8941 463
f 1144 1147 1152
f 1156 967 1163
f 1164 1162 1169
f 1145 1171 1176
f 1114 1115 1154
f 1183 1155 1164
f 1184 1183 1177
f 1069 1151 1062
f 1023 1191 1194
f 1162 1163 1170
f 1195 1184 1185
f 1183 1196 1176
f 1201 1063 1152
f 1061 1063 1201
f 9277 847 843
f 1203 1202 1195
f 1202 1201 1184
f 1218 1060 1203
f 1060 1061 1202
f 1225 1218 1217
f 671 695 694
f 1219 1217 1024
f 1217 1203 1034
f 1226 1014 1015
f 1243 1242 1234
f 1231 1230 1229
f 847 1243 1233
f 843 1233 1244
f 1233 1234 1245
f 1923 9213 233
f 2100 2108 499
f 9366 9316 2135
f 61 62 323
f 210 211 217
f 1299 1310 1309
f 9315 1230 1231
f 1066 1047 1321
f 1322 1321 1228
f 1060 1218 1321
f 1325 1324 1323
f 1244 1245 1332
f 1290 1234 1242
f 1337 1330 1339
f 1330 1332 1340
f 1341 1332 1245
f 1342 1340 1332
f 1343 1342 1341
f 1344 1341 1294
f 9309 9308 1345
f 1347 1348 1342
f 9308 9306 1295
f 1349 1350 1348
f 9313 1349 1347
f 9305 1347 1343
f 906 898 829
f 905 906 1353
f 865 1356 1355
f 1355 1353 829
f 1357 1355 825
f 1356 1354 1353
f 9286 1337 1338
f 866 1358 1356
f 1358 1359 1354
f 9280 878 1337
f 838 1362 1012
f 1363 1364 1338
f 1368 1363 1339
f 1348 1368 1340
f 1371 1369 9276
f 524 525 526
f 528 529 530
f 1372 1370 1369
f 535 536 537
f 1367 1368 1348
f 1370 1354 1359
f 1369 1359 9285
f 1373 910 903
f 555 556 557
f 1374 909 910
f 1373 904 905
f 1374 1373 1375
f 1375 905 1354
f 1378 920 908
f 376 373 651
f 1388 928 973
f 586 587 588
f 1390 1389 1388
f 1391 1388 969
f 597 598 599
f 600 601 602
f 1392 1391 970
f 608 609 610
f 612 524 523
f 614 615 616
f 617 618 25
f 620 621 622
f 1397 1390 1391
f 1398 1397 1392
f 1400 987 920
f 1402 1403 1165
f 636 637 638
f 930 1404 1402
f 641 642 643
f 929 1402 1169
f 1404 1405 1403
f 1411 1366 1365
f 1412 1406 1415
f 652 653 654
f 609 656 657
f 659 660 661
f 558 663 586
f 665 666 667
f 1413 1411 1406
f 1418 1416 9262
f 1417 1372 1371
f 1416 1371 9281
f 1419 1417 1416
f 1386 909 1374
f 677 678 679
f 1385 1386 1420
f 1420 1374 1376
f 685 686 687
f 1421 1420 1422
f 528 690 691
f 1422 1376 1372
f 1018 1019 747
f 699 700 701
f 1424 578 579
f 9115 1597 1767
f 700 699 711
f 1093 9198 9206
f 717 718 530
f 721 722 723
f 704 1650 8987
f 19 1429 1426
f 1429 1428 1427
f 1658 1659 8986
f 1439 1437 1434
f 1437 1436 1435
f 1426 1427 1433
f 1442 1431 1432
f 742 743 744
f 1432 1433 1441
f 751 752 753
f 1438 1434 1403
f 1446 1445 1444
f 1447 1448 1446
f 9312 1447 1443
f 1415 1367 1445
f 1414 1415 1446
f 2173 1683 469
f 777 778 779
f 780 781 782
f 1676 1693 1806
f 9311 1451 1349
f 789 790 791
f 745 792 793
f 652 794 795
f 1455 1458 1457
f 1454 1367 1350
f 610 691 802
f 9283 9268 698
f 1352 1044 1045
f 1015 1016 1459
f 811 812 813
f 2118 9267 9269
f 819 820 821
f 1466 1463 1194
f 1467 1468 1465
f 1182 1165 1468
f 832 812 833
f 835 836 837
f 1467 1466 1190
f 1469 1470 1444
f 840 700 712
f 1453 1470 1469
f 599 844 845
f 1226 1450 9301
f 851 852 853
f 855 744 856
f 858 859 860
f 861 862 863
f 1014 1226 9307
f 867 676 868
f 870 871 872
f 874 875 876
f 1310 1323 1471
f 1476 1433 1427
f 1461 1476 1475
f 887 888 889
f 788 791 892
f 894 895 896
f 1460 1475 1227
f 901 902 524
f 1465 1478 1477
f 1865 8947 8944
f 911 912 913
f 916 917 918
f 1850 8949 8951
f 921 922 895
f 1479 1435 1436
f 926 664 667
f 1481 562 563
f 269 1483 84
f 931 932 933
f 934 935 614
f 936 685 688
f 938 659 662
f 1484 270 122
f 941 942 835
f 320 321 509
f 1849 8954 8949
f 84 1483 1484
f 1487 1490 1488
f 1757 1758 8946
f 365 1492 1491
f 461 79 80
f 117 363 362
f 1494 540 541
f 926 601 957
f 1477 1441 1433
f 1709 1588 1585
f 119 117 1496
f 271 1497 504
f 511 517 189
f 345 1496 1492
f 57 344 299
f 1501 1499 268
f 267 268 1499
f 974 975 976
f 1678 1652 1693
f 9298 1682 1807
f 557 982 663
f 983 941 984
f 1443 1444 9301
f 421 1500 268
f 989 990 991
f 1490 1487 418
f 279 280 309
f 997 868 676
f 998 26 999
f 1504 418 38
f 1506 1508 1507
f 360 361 1508
f 1506 1486 207
f 939 1005 1006
f 270 1484 1483
f 66 63 546
f 1010 742 793
f 367 428 437
f 244 31 363
f 1670 8976 8978
f 209 206 1510
f 388 389 426
f 427 274 250
f 161 520 521
f 100 246 45
f 1025 1026 608
f 1029 1030 1031
f 939 662 1033
f 41 42 594
f 1036 780 783
f 702 701 1038
f 1040 1041 1042
f 362 32 369
f 187 1520 477
f 70 1487 539
f 1049 600 603
f 613 867 869
f 860 1050 1051
f 1005 1052 1053
f 753 1055 1056
f 1057 1058 1059
f 293 288 1522
f 288 212 1521
f 292 1522 1523
f 331 1507 1508
f 306 452 453
f 100 44 41
f 462 1524 78
f 330 331 1524
f 635 1067 1068
f 1485 1527 1526
f 206 1485 1528
f 1070 1071 1072
f 942 941 1073
f 916 933 1075
f 440 1529 1530
f 157 158 1514
f 1529 162 5
f 371 595 546
f 790 586 663
f 1077 858 857
f 1403 1434 1435
f 1080 1081 1082
f 531 520 1529
f 21 1083 1084
f 272 1532 1531
f 690 712 802
f 335 9015 9011
f 1090 1030 1029
f 1092 795 794
f 1533 396 137
f 661 660 1095
f 69 444 445
f 1099 1100 1101
f 38 39 1536
f 1104 1105 1106
f 852 1107 1108
f 1377 908 909
f 291 377 411
f 316 1536 516
f 539 1488 1533
f 1505 1536 316
f 1110 1111 1112
f 1539 1537 460
f 522 441 1537
f 834 837 1120
f 1122 1123 1124
f 612 1125 1041
f 935 793 615
f 276 278 130
f 1686 8993 8966
f 193 190 1541
f 231 521 1540
f 556 1037 982
f 365 253 85
f 190 532 318
f 1810 765 9018
f 9376 1867 8956
f 1132 983 985
f 208 101 102
f 1134 1033 662
f 1491 518 80
f 429 133 1542
f 1137 1138 915
f 172 436 428
f 1139 1140 1141
f 549 96 54
f 1517 1519 1518
f 834 1119 984
f 1543 513 286
f 1544 797 239
f 133 134 1544
f 506 361 257
f 420 327 328
f 1158 1159 1160
f 587 1104 1103
f 607 1161 1027
f 304 1546 1545
f 364 1491 77
f 69 70 198
f 700 840 1112
f 9329 626 8969
f 1166 719 657
f 1167 1168 858
f 1300 8967 8968
f 1172 1173 1174
f 218 203 200
f 1179 1180 1181
f 372 183 97
f 89 104 227
f 1186 1187 1188
f 172 173 1517
f 1482 84 81
f 1090 1192 1193
f 394 395 353
f 526 525 1198
f 1199 1200 1026
f 606 623 697
f 1204 1205 1206
f 1207 1208 523
f 1209 1210 867
f 914 913 685
f 1478 1436 1441
f 1029 1028 1161
f 1211 1212 1213
f 9310 1453 1451
f 844 1215 1216
f 423 193 273
f 1220 1221 1222
f 22 1223 1224
f 882 898 897
f 1519 1517 173
f 1189 1188 1232
f 349 350 550
f 1071 1235 1236
f 1237 1238 1239
f 1221 1186 1189
f 1510 1528 1512
f 939 1032 1241
f 1556 1530 5
f 1553 1554 394
f 404 1556 67
f 1247 1248 1249
f 142 199 238
f 1251 1067 635
f 850 1252 1253
f 1254 1167 1077
f 57 132 133
f 443 430 552
f 1187 1172 1175
f 1256 1070 831
f 432 405 382
f 741 748 747
f 434 350 351
f 349 432 383
f 251 124 1481
f 395 384 352
f 1518 1519 1550
f 1558 410 378
f 109 263 314
f 285 1514 1513
f 395 394 393
f 202 203 410
f 417 408 405
f 1246 1257 1258
f 3 1559 297
f 1259 1260 1261
f 403 404 347
f 955 954 953
f 462 50 51
f 1096 1095 687
f 429 147 60
f 896 1264 1265
f 1267 721 1268
f 423 424 327
f 37 179 180
f 20 23 1187
f 1256 1168 1071
f 1188 1175 1269
f 1236 1270 1271
f 1272 536 535
f 565 564 463
f 1273 792 745
f 876 1254 1255
f 316 33 164
f 437 1516 503
f 194 1494 1495
f 1275 1276 864
f 624 625 631
f 1277 1274 1137
f 569 568 567
f 1481 124 125
f 324 325 547
f 1279 1108 1107
f 1525 332 329
f 1281 1278 1137
f 171 168 1553
f 1488 73 396
f 1557 1561 1562
f 1282 856 1206
f 1053 1277 1278
f 778 777 607
f 713 583 9010
f 251 225 144
f 4 357 348
f 709 708 707
f 728 48 45
f 261 135 1563
f 789 1286 1287
f 74 314 263
f 403 284 385
f 1178 1181 1240
f 1223 1259 1289
f 1220 20 1186
f 296 1518 354
f 784 459 1538
f 1181 1180 1291
f 1269 1292 1257
f 1566 1538 438
f 136 784 1566
f 1563 1564 169
f 107 114 109
f 1297 1282 1298
f 1464 1477 1476
f 1520 187 507
f 1301 1302 1303
f 1306 1307 1308
f 175 456 1532
f 1532 456 200
f 1311 1266 1312
f 872 1314 1315
f 9288 843 878
f 1305 1308 864
f 1040 1275 863
f 1564 1566 399
f 592 1576 1575
f 591 1575 1088
f 1581 1584 1583
f 1196 1152 1147
f 710 582 583
f 285 407 408
f 953 954 961
f 1594 1592 1589
f 1585 1588 1587
f 1592 1591 1590
f 9337 945 944
f 1600 1599 1598
f 1604 1603 1602
f 1399 1392 979
f 1589 1590 1596
f 1610 1609 1608
f 298 257 361
f 551 552 276
f 1627 1626 9266
f 859 811 818
f 1078 857 1328
f 1555 439 1530
f 572 573 680
f 772 465 776
f 977 1281 918
f 404 403 392
f 1054 1331 750
f 1644 1645 1643
f 932 1265 1082
f 1067 1333 1334
f 1540 1539 264
f 597 1335 643
f 471 761 762
f 1642 696 9283
f 1644 1642 9294
f 923 946 950
f 96 549 548
f 520 531 522
f 445 444 443
f 849 839 848
f 480 759 755
f 1646 760 481
f 311 426 1567
f 464 463 8941
f 8941 1360 1361
f 234 237 236
f 190 193 192
f 153 154 152
f 231 287 286
f 1552 1553 1551
f 760 1646 1648
f 9284 1647 1649
f 828 827 826
f 52 167 166
f 1663 1662 1661
f 287 107 115
f 668 671 670
f 634 645 640
f 553 560 559
f 118 36 33
f 492 484 491
f 8996 1652 1651
f 582 589 584
f 384 395 392
f 1381 1382 1383
f 1562 1561 435
f 952 953 951
f 8973 9010 583
f 1660 1661 1667
f 1394 1395 1396
f 1660 1665 1664
f 1671 1670 1669
f 1624 1625 1673
f 1407 1408 1409
f 1677 1676 1675
f 1613 1679 1677
f 1679 1678 1676
f 1626 1681 9263
f 534 199 198
f 803 733 734
f 400 248 191
f 65 66 143
f 8970 1657 1656
f 402 159 157
f 629 628 627
f 461 477 49
f 758 757 495
f 796 787 786
f 406 407 1513
f 342 343 166
f 1694 1659 1658
f 1692 1687 1694
f 9001 1693 1652
f 9373 1704 1703
f 326 547 302
f 9368 9373 1702
f 9371 9370 1698
f 1699 1691 9379
f 1557 406 1560
f 1127 1116 1117
f 400 401 289
f 1706 1702 1707
f 1707 1702 1599
f 1709 1706 1708
f 1714 1712 1711
f 9371 9367 1709
f 1704 1711 1577
f 1716 1714 1713
f 1559 1562 1549
f 1722 1721 1720
f 1335 597 596
f 410 411 377
f 973 1170 1163
f 168 169 399
f 1571 682 1089
f 1572 681 682
f 749 646 647
f 1730 1724 1723
f 1594 1582 1729
f 1729 1723 1591
f 1384 1378 1377
f 1732 1731 1712
f 1724 1730 1731
f 1722 1724 1732
f 1721 1722 1733
f 1734 1733 1716
f 1735 1737 1736
f 1733 1732 1714
f 1663 1664 1741
f 1742 1665 1740
f 1738 1739 1737
f 1665 1660 1666
f 1665 1742 1744
f 1725 1726 1746
f 1591 1725 1745
f 1590 1745 1747
f 1745 1746 1748
f 1659 1688 8982
f 5650 1760 8989
f 1185 1177 1182
f 1664 1744 1749
f 1741 1749 1739
f 1746 1742 1743
f 1726 1744 1742
f 1115 924 1153
f 1654 8990 9019
f 1896 9006 8993
f 1720 1749 1744
f 1721 1739 1749
f 1750 1718 1701
f 1697 1736 1750
f 1151 1152 1063
f 1751 1752 1670
f 1695 1658 1752
f 961 962 986
f 1770 1769 1768
f 1766 1594 1593
f 1731 1759 1579
f 1579 1777 1774
f 9380 1772 1771
f 1764 1772 9380
f 1777 1776 1775
f 9214 9215 1699
f 1004 1127 1128
f 1774 1775 1771
f 987 1400 1399
f 1578 1774 1772
f 1783 1782 1781
f 1597 1598 1770
f 639 1878 9347
f 9380 9381 1769
f 1793 1792 1789
f 9381 9372 1798
f 8952 8960 9225
f 1802 1867 9376
f 1788 1790 1794
f 1793 1794 1795
f 9225 9224 1675
f 1584 1581 1783
f 1771 1797 9372
f 1801 1799 1798
f 1768 1769 1798
f 1775 1796 1797
f 508 514 515
f 1796 1803 1802
f 1800 1798 9372
f 1794 1805 1804
f 8976 1670 1752
f 485 1808 1807
f 9261 9296 1640
f 9289 9296 1810
f 485 482 1640
f 1690 1691 9222
f 487 488 1648
f 9291 1813 1816
f 9290 1811 1648
f 9291 1812 1811
f 1812 1809 487
f 1641 1809 767
f 465 466 755
f 767 1815 9275
f 9274 1816 9278
f 1809 1812 1815
f 9289 1653 1651
f 675 672 8985
f 1814 1649 1822
f 1821 1822 9273
f 1824 1822 1649
f 1827 1849 1850
f 1668 1669 1662
f 1779 1780 1848
f 1790 1827 1805
f 1833 1836 1853
f 8965 8950 693
f 1614 1615 1616
f 1852 1853 8942
f 1620 1621 1622
f 1855 1765 1574
f 1847 1852 8945
f 1766 1765 1855
f 1629 1630 1631
f 1633 1622 1634
f 1635 1636 1637
f 1848 1833 1852
f 1855 1861 1863
f 1803 1866 1867
f 1862 1863 1831
f 1782 1855 1862
f 9374 9376 1865
f 1873 1872 1870
f 1874 1869 799
f 2045 9330 9349
f 1219 1345 1295
f 1615 1614 1396
f 9336 9347 1877
f 645 9350 9238
f 1345 1219 1035
f 634 639 9336
f 15 1887 1327
f 9362 9347 1878
f 1894 604 605
f 8950 8995 627
f 9004 640 645
f 340 341 454
f 1897 194 195
f 1889 1882 1877
f 1901 94 129
f 196 749 754
f 1705 1704 9373
f 340 378 166
f 1570 1480 563
f 1904 1494 194
f 1781 1862 1832
f 1905 549 55
f 1000 994 995
f 986 919 920
f 1191 1185 1190
f 2094 2077 2075
f 1920 1921 1919
f 453 454 1912
f 1915 1919 1918
f 9334 2112 2106
f 1655 9019 8975
f 1916 1918 1926
f 704 8998 9005
f 278 1916 1925
f 9009 9008 1818
f 1097 949 1115
f 1927 1928 727
f 9030 9031 9106
f 1920 310 307
f 1929 307 48
f 503 504 1497
f 1902 1903 787
f 1816 1821 9272
f 1925 1926 1923
f 1535 1569 1568
f 254 252 258
f 1509 1497 366
f 119 86 35
f 219 288 293
f 141 46 47
f 542 205 244
f 1940 552 430
f 1779 1828 1827
f 1701 1710 9367
f 1661 8994 8959
f 270 53 754
f 197 1947 749
f 1727 1728 1212
f 53 54 232
f 1465 1468 1479
f 1284 9314 9306
f 1951 446 412
f 168 398 1554
f 1486 1485 206
f 506 77 78
f 994 1001 1007
f 951 953 963
f 1013 9311 9313
f 9278 9272 1820
f 1498 1909 1954
f 299 298 543
f 1754 1755 1756
f 1681 469 1683
f 1696 1694 1695
f 13 14 738
f 473 476 475
f 482 1641 768
f 204 62 30
f 1761 1762 820
f 611 1763 1125
f 1501 1503 1908
f 1074 1073 711
f 1960 1944 82
f 120 1956 1960
f 35 86 87
f 1773 1199 1025
f 1965 1545 1569
f 494 761 471
f 1966 1967 1969
f 446 1951 1971
f 174 368 125
f 1580 1579 1578
f 1785 1786 1787
f 1972 1546 304
f 1254 876 875
f 1973 341 342
f 321 1912 1973
f 1910 277 275
f 509 1973 514
f 1486 1507 1527
f 1974 1874 804
f 1977 1976 1974
f 1980 448 1966
f 379 1 2
f 1718 1715 1710
f 884 995 992
f 1680 1684 1678
f 902 990 525
f 344 255 256
f 135 138 137
f 448 446 1967
f 589 605 604
f 910 909 908
f 1981 1966 1968
f 1982 1981 1987
f 1988 1979 1987
f 1990 1988 1989
f 1991 1989 1993
f 322 321 320
f 992 828 830
f 1144 1076 1086
f 1995 1977 1978
f 1133 1129 1118
f 1997 1995 1994
f 870 1823 1335
f 805 806 1982
f 727 184 2000
f 1996 1994 1988
f 1994 1978 1979
f 1829 616 792
f 1830 1073 941
f 798 803 800
f 729 732 731
f 2011 2012 2023
f 1834 1835 846
f 402 283 284
f 2022 2023 2024
f 1838 718 989
f 810 955 952
f 1823 1839 1840
f 1430 1426 1432
f 1215 844 1841
f 1316 1208 873
f 2112 1401 1384
f 1842 1843 1844
f 1159 846 845
f 837 27 1846
f 1971 1951 2030
f 517 369 370
f 1471 2026 2027
f 8995 8969 626
f 2174 2175 770
f 935 934 1854
f 1613 1619 1611
f 1231 1228 1225
f 1856 1857 891
f 1300 1309 748
f 1150 1149 1858
f 1643 606 696
f 1215 1265 1264
f 1320 1860 902
f 1956 1943 1944
f 2031 668 669
f 2034 1325 1310
f 1879 1880 1656
f 40 245 242
f 1992 1993 2039
f 888 958 957
f 1882 1889 1996
f 1078 1138 1255
f 1871 912 1192
f 294 411 218
f 1323 2041 2026
f 123 1960 83
f 1324 2036 2041
f 384 358 359
f 1324 1325 2038
f 1883 1884 1885
f 287 1540 114
f 1096 1886 1134
f 915 1329 931
f 806 1980 1981
f 8977 8973 584
f 1425 2030 2042
f 1018 2042 1948
f 9006 1896 740
f 1948 2042 649
f 1881 1882 1990
f 1900 129 130
f 992 995 994
f 923 927 925
f 9330 2045 2047
f 1643 2048 625
f 2050 2052 2051
f 2045 1405 1404
f 9328 2047 945
f 1139 1080 1079
f 1037 1856 892
f 2055 2053 2057
f 1198 989 718
f 1619 2058 1612
f 2058 1605 1606
f 2059 2060 1607
f 2058 1619 1624
f 71 72 179
f 405 406 1557
f 322 1548 1972
f 2061 2052 2063
f 2066 2065 2067
f 2052 2061 2064
f 1609 1610 2066
f 1515 151 152
f 1009 827 993
f 1644 9295 9267
f 279 1915 1916
f 1285 9315 9314
f 1647 2066 1825
f 2056 2057 2067
f 319 320 1953
f 667 666 1913
f 2070 631 625
f 2052 2050 2055
f 2038 1654 1655
f 1606 1601 2073
f 1235 1917 1270
f 2072 2073 2075
f 2059 1606 2072
f 2074 2075 2077
f 1601 1602 2078
f 2049 2048 1643
f 1000 1004 1001
f 1089 943 684
f 1931 1286 1306
f 1462 1459 1021
f 1932 1933 1934
f 875 874 1846
f 1936 1051 1937
f 44 45 46
f 1534 1955 1956
f 1541 318 317
f 2081 2082 2084
f 146 1945 1959
f 1360 1941 1942
f 985 984 1032
f 1995 1997 1892
f 2079 2080 2082
f 2095 2096 2076
f 2081 2093 2078
f 2055 2050 2054
f 501 2096 2095
f 2097 2100 2099
f 2098 2099 2094
f 2140 2141 9345
f 2141 2046 9346
f 2051 2070 2048
f 592 2102 2101
f 2071 2064 2076
f 2102 2097 2098
f 593 2103 2102
f 1019 1895 746
f 1950 11 12
f 725 2071 2096
f 1385 2105 2104
f 1379 2104 2106
f 2107 2108 2100
f 9360 726 502
f 9348 502 499
f 940 1389 2109
f 928 929 1170
f 9320 590 684
f 1962 1963 1964
f 9330 680 573
f 2039 1993 1968
f 1389 1390 2110
f 1398 2111 2113
f 9209 9207 9205
f 9363 9335 2107
f 949 923 924
f 260 241 324
f 1390 1397 2113
f 2070 2051 2064
f 9319 9363 2103
f 2105 1385 1421
f 2114 1421 1423
f 9344 2114 2115
f 9360 2105 2114
f 554 2116 1902
f 972 1163 967
f 1765 1593 1573
f 1984 1985 1986
f 2053 2117 2069
f 9017 9000 724
f 1625 1677 1674
f 9333 9340 2119
f 9355 2115 2123
f 56 1954 1906
f 626 9329 9331
f 2001 2002 2003
f 9364 9293 2127
f 2006 2007 2008
f 2127 1413 1412
f 2014 2015 2016
f 2018 2019 2020
f 1495 1424 1947
f 1379 1377 1386
f 9266 9263 1680
f 2029 1885 1884
f 9354 2128 2120
f 629 9331 9366
f 682 683 943
f 724 1650 2121
f 1757 1819 9273
f 765 1810 9296
f 9303 714 715
f 706 707 9322
f 981 986 987
f 1457 1868 1656
f 2017 2016 2032
f 1458 1655 1868
f 1776 1777 1792
f 1959 1945 1946
f 9115 9167 9177
f 9365 9333 2122
f 1093 1089 689
f 966 965 968
f 9304 715 9333
f 2172 9029 2170
f 670 2138 2137
f 9213 787 1903
f 1429 19 28
f 964 963 978
f 9293 9265 1413
f 1473 1474 669
f 9286 9285 1359
f 2138 798 1870
f 1872 1473 2137
f 715 716 9340
f 1881 1991 1992
f 9295 9294 739
f 1837 1847 8957
f 253 58 59
f 1808 9289 9292
f 1647 9284 9270
f 9317 9318 671
f 2112 9334 9335
f 1405 2045 2044
f 9281 9276 1364
f 273 1541 391
f 576 632 8964
f 9327 9317 668
f 1430 1431 2140
f 2136 9302 9312
f 1430 2139 18
f 9345 9346 570
f 1442 1439 2046
f 1431 1442 2141
f 9321 9365 9302
f 9260 9275 1817
f 9318 9345 695
f 2142 2025 798
f 571 2143 2142
f 9271 9266 1618
f 2143 2022 2025
f 694 2142 2138
f 681 1572 2144
f 2144 2011 2022
f 328 210 457
f 1572 2010 2011
f 630 9344 9355
f 2085 2086 2087
f 2090 2091 2092
f 572 2144 2143
f 1875 1976 2153
f 1873 1875 2149
f 2103 2107 2097
f 2157 2043 2155
f 2128 1412 1414
f 9326 9323 589
f 9324 9322 628
f 2149 2153 2158
f 2159 2158 9357
f 698 9359 9354
f 9275 9299 9279
f 2158 2156 9326
f 1438 2044 2046
f 2035 2154 2160
f 2161 2160 9341
f 9323 9343 605
f 9325 17 18
f 370 29 61
f 649 1951 413
f 2153 2157 2156
f 1428 1429 1449
f 1490 76 73
f 9342 9357 710
f 2155 1891 9343
f 1456 1457 1880
f 2125 2088 2087
f 2160 2159 9342
f 300 1959 505
f 1064 1062 1046
f 2043 1892 1891
f 2129 2130 2004
f 2131 2132 2133
f 9300 9301 1450
f 1998 1975 804
f 9331 673 9316
f 474 492 490
f 1164 1165 1182
f 707 2162 9361
f 708 1472 2162
f 2162 2161 9338
f 548 549 1905
f 1145 1136 1114
f 705 2121 1650
f 2043 2157 1977
f 737 738 554
f 1034 1195 1191
f 458 1905 1907
f 195 196 232
f 2040 2039 1969
f 2145 2146 2147
f 2054 2050 2049
f 9284 1646 1639
f 9 12 11
f 252 364 506
f 472 478 479
f 1865 9376 9243
f 900 903 910
f 1941 2150 2151
f 1921 1928 1927
f 2163 1897 1898
f 271 156 153
f 1904 1326 12
f 282 263 264
f 1872 1873 2154
f 1326 1904 1897
f 628 692 693
f 1724 1722 1719
f 1549 1562 436
f 1582 1583 1730
f 1921 1920 1929
f 9007 8955 10
f 2152 2037 1950
f 475 772 774
f 769 2172 2171
f 2171 2165 476
f 476 773 772
f 1791 565 464
f 2166 2167 2168
f 595 371 372
f 483 1809 1641
f 762 2174 2173
f 771 483 484
f 486 487 1809
f 297 1549 1517
f 763 2175 2174
f 776 755 759
f 184 185 2176
f 412 447 303
f 2005 2176 185
f 9263 1681 1682
f 2164 2170 756
f 1472 2035 2161
f 950 951 964
f 2177 2178 2179
f 227 226 1510
f 2182 2183 2184
f 2186 2019 2018
f 1985 2182 2181
f 214 736 729
f 865 849 842
f 849 865 1357
f 559 3187 3188
f 16 13 737
f 560 553 498
f 3193 3196 3195
f 3200 3197 3198
f 3211 3214 3213
f 3215 3218 3217
f 2187 2188 2002
f 3233 3236 3235
f 3223 3221 3222
f 3229 3232 3231
f 3245 3248 3247
f 2169 2168 2189
f 2192 2086 2085
f 2193 2194 2195
f 2198 2199 2200
f 1998 1982 1979
f 9116 9117 9120
f 3253 3256 3255
f 2116 1898 1903
f 1859 2006 2009
f 9356 2123 2126
f 1135 1148 1087
f 2201 2202 2015
f 1149 111 110
f 3261 3264 3263
f 3269 3272 3271
f 3265 3268 3267
f 3229 3230 3284
f 3289 3292 3291
f 3299 3302 3301
f 3307 3263 3264
f 3293 3296 3295
f 3297 3223 3224
f 3319 3321 3291
f 3322 3323 3318
f 3314 3313 3312
f 3285 3288 3287
f 3332 3333 3218
f 3329 3331 3330
f 3324 3325 3227
f 3298 3224 3326
f 2203 2204 2205
f 579 580 1895
f 1755 2207 2208
f 3337 3340 3339
f 9343 9362 1893
f 1211 2151 2150
f 868 997 2210
f 3347 3350 3349
f 944 945 930
f 2130 2129 2202
f 233 1903 1898
f 665 751 750
f 1167 1254 999
f 2211 2212 2213
f 2215 2216 2217
f 9319 593 590
f 2220 221 220
f 823 824 948
f 3375 3240 3377
f 3393 3392 3391
f 3353 3358 3357
f 3363 3366 3365
f 3402 3405 3404
f 266 204 455
f 9334 2108 2107
f 2221 2222 8963
f 2223 2224 2225
f 2207 2125 2124
f 3293 3309 3336
f 673 674 9321
f 817 1000 996
f 2227 2228 2146
f 1947 1948 646
f 9352 2135 17
f 2229 1635 1638
f 1679 1613 1618
f 1637 2231 2232
f 2233 2234 1617
f 2231 2235 2236
f 3406 3409 3408
f 1381 1638 2238
f 9038 2241 2242
f 3414 3416 3341
f 1630 2234 2233
f 1681 1626 472
f 1408 1407 2243
f 3423 3426 3425
f 3433 3351 3263
f 3434 3429 3430
f 3440 3443 3442
f 3444 3447 3446
f 3436 3451 3450
f 3442 3443 3456
f 1637 2230 2238
f 3445 3446 3437
f 3448 3443 3440
f 1409 1408 1634
f 1380 1383 2247
f 1628 2248 2245
f 3463 3466 3465
f 3308 3477 3462
f 2249 1623 1622
f 1632 1634 1408
f 2248 1628 1631
f 3478 3481 3480
f 3509 3512 3511
f 2235 2231 1637
f 3505 3508 3507
f 3457 3458 3199
f 631 2070 2071
f 515 167 52
f 782 781 2251
f 2253 2254 2255
f 397 281 459
f 1456 2039 2040
f 2040 2041 2036
f 3434 3475 3518
f 1401 2112 2111
f 2041 2040 1970
f 3367 3337 3338
f 1535 121 414
f 1586 1587 2080
f 2256 983 1132
f 3528 3531 3530
f 3519 3521 3520
f 3537 3505 3506
f 3543 3546 3545
f 1700 1699 9370
f 3486 3551 3550
f 3455 3456 3497
f 3558 3560 3559
f 3456 3568 3500
f 3572 3571 3252
f 3308 3264 3285
f 3316 3317 3574
f 3575 3478 3479
f 3576 3579 3578
f 3580 3583 3582
f 3584 3587 3586
f 3505 3537 3588
f 3589 3592 3591
f 3600 3603 3602
f 3542 3539 3595
f 3604 3605 3592
f 3611 3610 3613
f 3622 3625 3624
f 3618 3621 3620
f 3626 3629 3628
f 3644 3647 3646
f 3634 3637 3636
f 3638 3639 3641
f 9267 1896 1686
f 1263 2256 1886
f 3613 3655 3654
f 598 1841 844
f 2257 2258 2259
f 2258 2261 2262
f 2259 2262 2263
f 2260 2259 2216
f 1967 1971 1970
f 2212 1964 1963
f 922 921 2218
f 1312 1098 1101
f 1307 1306 1286
f 1548 1569 1546
f 2266 2267 2268
f 2265 2268 2270
f 2272 2265 2269
f 2273 2266 2265
f 2275 2276 2277
f 2278 2274 2277
f 2284 2285 9069
f 2287 2283 2286
f 2288 2289 2283
f 2290 2284 9091
f 2291 2292 2293
f 2295 2291 2294
f 2296 2297 2291
f 2297 2298 2292
f 2294 2293 2299
f 2279 2294 2300
f 2298 2301 2302
f 2292 2302 2303
f 2293 2303 2304
f 2304 2305 2306
f 2308 2309 2310
f 2302 2307 2310
f 2301 2311 2307
f 2312 2308 2307
f 2313 2314 2315
f 2318 2319 2320
f 9200 9223 2322
f 2324 2325 2273
f 2313 2324 2326
f 2328 2324 2313
f 2329 2325 2324
f 2331 2332 2333
f 2330 2333 2267
f 2325 2330 2266
f 2329 2331 2330
f 2333 2334 2335
f 2336 2334 2333
f 2338 2336 2332
f 2331 2339 2337
f 2329 2340 2339
f 2328 2341 2340
f 2316 2342 2341
f 2342 2316 2315
f 2344 2345 2346
f 2341 2344 2347
f 2342 2348 2344
f 2348 2349 2345
f 2350 2351 2352
f 2339 2350 2353
f 2340 2347 2350
f 2347 2346 2351
f 2337 2353 2354
f 2353 2352 2355
f 2356 2277 2276
f 2356 2357 2358
f 2356 2359 2296
f 2279 2277 2356
f 2360 2361 2270
f 2267 2335 2360
f 2362 2363 2364
f 2362 2365 2361
f 2366 2362 2358
f 2366 2367 2363
f 2357 2276 2368
f 2366 2368 2369
f 2276 2275 2370
f 2368 2370 2282
f 2372 2373 2374
f 2375 2376 2377
f 2378 2379 2380
f 2382 2378 2381
f 2384 2385 2378
f 2385 2386 2379
f 2388 2389 2390
f 2387 2390 2392
f 2393 2394 2387
f 2394 2395 2388
f 2186 2401 2402
f 2403 2404 2327
f 2272 2403 2326
f 2271 2405 2403
f 2405 2406 2404
f 2404 2407 2408
f 2409 2410 2411
f 2409 2412 2271
f 2413 2409 2269
f 2413 2414 2410
f 2417 2415 2416
f 2417 2418 2406
f 2412 2417 2405
f 2411 2415 2417
f 2406 2419 2407
f 9013 8964 632
f 2420 2398 2397
f 2420 2421 2423
f 2424 2420 2422
f 2424 2399 2398
f 2425 2391 2392
f 2421 2425 2426
f 2397 2396 2425
f 2396 2393 2391
f 2427 2314 2408
f 2430 2427 2428
f 2343 2315 2427
f 2432 2343 2430
f 2431 2430 2429
f 2435 2431 2433
f 2436 2432 2431
f 2428 2408 2407
f 2422 2437 2407
f 2438 2437 2422
f 2429 2428 2437
f 2440 2434 2433
f 2441 2439 2433
f 2442 2443 2439
f 2443 2444 2440
f 2445 2446 2444
f 2447 2445 2443
f 2383 2381 2445
f 2381 2380 2446
f 2448 2438 2423
f 2449 2448 2426
f 2441 2448 2449
f 2441 2429 2438
f 2449 2392 2390
f 2450 2390 2389
f 2447 2450 2451
f 2442 2449 2450
f 2451 2389 2453
f 2452 2453 2455
f 2382 2452 2454
f 2383 2451 2452
f 2456 2457 2373
f 2459 2460 2461
f 2463 2464 2465
f 2462 2465 2285
f 2466 2462 2284
f 2467 2463 2462
f 2461 2460 9155
f 2468 2469 2470
f 2472 2468 2471
f 2474 2461 9153
f 2475 2476 2477
f 2458 2455 2453
f 2479 2453 2389
f 2395 2480 2479
f 2480 2459 2458
f 2481 2482 2483
f 2484 113 2485
f 2471 2470 2464
f 2473 2471 2463
f 2487 2467 2466
f 2486 2466 2290
f 2490 2486 2488
f 2491 2487 2486
f 2492 2473 2467
f 2493 2492 2487
f 2494 2495 2492
f 2495 2472 2473
f 9142 2496 2474
f 9143 2497 2496
f 2498 2494 2493
f 2500 2498 2499
f 9152 9139 2498
f 9139 9143 2494
f 2306 2504 2278
f 2305 2505 2504
f 2504 2505 2507
f 2506 2507 2288
f 2274 2506 2508
f 2278 2504 2506
f 9085 9084 2489
f 9072 9085 2488
f 2507 2509 2289
f 2505 2510 2509
f 2508 2288 2287
f 2511 2287 2281
f 2370 2511 2280
f 2275 2508 2511
f 2512 2490 2489
f 2514 2512 2513
f 2517 2512 2514
f 2517 2491 2490
f 2499 2493 2491
f 2499 2517 2516
f 2510 2505 2519
f 2518 2519 2521
f 9068 2518 2520
f 9084 2510 2518
f 2522 2304 2303
f 2523 2522 2310
f 2305 2304 2522
f 2524 2522 2523
f 2519 2524 2525
f 2505 2305 2524
f 2308 2312 2527
f 2526 2527 2529
f 2531 2526 2528
f 2309 2308 2526
f 1214 2532 2151
f 2419 2406 2418
f 2533 2345 2349
f 2534 2533 2317
f 2535 2536 2533
f 2536 2346 2345
f 2537 2351 2346
f 2538 2537 2536
f 2539 2540 2537
f 2540 2352 2351
f 2312 2355 2541
f 2527 2541 2542
f 2543 2435 2434
f 2545 2543 2544
f 2319 2318 2543
f 2318 2436 2435
f 2514 2515 2548
f 2547 2548 2550
f 2552 2547 2549
f 2552 2516 2514
f 2520 2521 2554
f 2553 2554 2556
f 9042 2553 2555
f 9073 2520 2553
f 2523 2309 2531
f 2557 2531 2530
f 2525 2523 2557
f 2559 2557 2558
f 2554 2559 2560
f 2521 2525 2559
f 2561 2375 2007
f 2376 2562 2225
f 2564 2565 2566
f 2563 2566 338
f 2569 2563 2567
f 2570 2564 2563
f 2572 2573 2574
f 2571 2574 2576
f 2544 2571 2575
f 2544 2434 2572
f 2578 2570 2569
f 2579 2577 2569
f 2574 2577 2579
f 2573 2578 2577
f 2581 2582 2583
f 2584 2580 2583
f 9149 9127 2580
f 9128 2581 2580
f 2582 2516 2552
f 2583 2552 2551
f 2500 2501 2589
f 2590 2588 2589
f 9145 9147 2588
f 9147 9152 2500
f 2501 2516 2591
f 2592 2593 2594
f 2386 2385 2503
f 2596 2379 2386
f 2596 2374 2373
f 2599 2596 2597
f 2599 2380 2379
f 2600 2446 2380
f 2600 2599 2598
f 2603 2600 2601
f 2603 2444 2446
f 2604 2603 2602
f 2440 2604 2605
f 2444 2603 2604
f 2606 2582 2581
f 2606 2607 2590
f 2591 2516 2582
f 9128 2587 2456
f 9141 2456 2372
f 2478 2477 2608
f 2609 2610 2611
f 2564 2570 2613
f 2612 2613 2598
f 2457 2612 2597
f 2565 2564 2612
f 2614 2613 2570
f 2615 2614 2578
f 2602 2601 2614
f 2601 2598 2613
f 2572 2434 2605
f 2616 2605 2602
f 2573 2572 2616
f 1459 1016 1045
f 1265 1215 1079
f 1612 1608 1609
f 2067 2057 2069
f 1135 1109 1136
f 1938 1937 2618
f 95 548 458
f 2058 1607 1608
f 1454 1469 1445
f 655 2620 1048
f 722 1049 2621
f 3665 3639 3634
f 1131 985 1033
f 562 1481 366
f 1723 1719 1725
f 1786 1123 1122
f 267 300 323
f 1325 2034 1654
f 1468 1165 1435
f 658 657 529
f 8 532 247
f 382 1557 1559
f 3631 3681 3680
f 788 619 1307
f 940 930 929
f 911 2622 2623
f 2621 2620 655
f 2624 1857 2625
f 998 1846 27
f 635 638 2626
f 2627 641 644
f 2628 2627 1840
f 1200 1199 2627
f 1199 1773 641
f 1520 515 49
f 1452 1350 1349
f 2630 2631 1859
f 644 643 1335
f 3683 3700 3699
f 1197 1198 717
f 2632 717 719
f 2628 2632 1166
f 2629 1197 2632
f 1762 2633 1050
f 1823 870 873
f 2634 2635 794
f 1042 794 2635
f 93 94 1901
f 2036 2038 1458
f 1527 332 1525
f 877 876 1274
f 134 409 797
f 1328 893 931
f 607 777 1091
f 1043 2635 2637
f 2636 2637 2639
f 1275 2636 2638
f 1275 1040 1043
f 1272 2624 2626
f 2640 2626 638
f 1110 2641 2640
f 536 1272 2640
f 1472 708 1474
f 2042 2030 1951
f 3668 3632 3633
f 1058 1106 1105
f 2642 2623 2643
f 1192 2642 2644
f 912 2623 2642
f 9350 1657 8970
f 1049 1048 2620
f 616 1829 1885
f 1331 1913 666
f 990 989 1198
f 1911 1912 321
f 1298 1282 1205
f 76 1490 1504
f 1502 1500 421
f 610 609 658
f 1146 937 659
f 2646 911 914
f 1280 1239 1238
f 1453 1454 1452
f 835 942 1843
f 1271 1270 1173
f 1893 1878 1826
f 1050 2633 1937
f 2651 2652 814
f 1006 1053 1281
f 2653 1084 2654
f 1001 1004 1003
f 585 997 679
f 2624 1272 621
f 555 678 2028
f 1207 526 1197
f 1626 1627 478
f 3729 3732 3731
f 3746 3749 3748
f 3770 3752 3750
f 426 389 419
f 1030 1193 1773
f 9350 645 634
f 534 1533 138
f 1125 1092 1042
f 333 228 88
f 569 1570 561
f 3691 3694 3693
f 1489 2656 871
f 1857 2624 620
f 1673 1674 9222
f 622 861 864
f 619 788 891
f 261 544 545
f 393 1555 1556
f 2658 2659 2647
f 1075 2658 2657
f 1081 1080 2658
f 1080 1139 2659
f 2644 2643 1141
f 2660 1141 1140
f 642 2660 1336
f 1193 2644 2660
f 679 678 555
f 3762 3765 3764
f 1503 1501 1500
f 1318 1317 1101
f 2661 2659 1139
f 2661 1142 2663
f 2662 2647 2659
f 2662 2663 2622
f 2664 2622 911
f 2648 2664 2646
f 2648 2647 2662
f 3586 3658 3779
f 2083 2094 2093
f 1442 1440 1437
f 3732 3734 3733
f 519 329 330
f 1885 2029 1209
f 799 800 805
f 1946 1943 1952
f 1302 1301 1253
f 3741 3738 3757
f 3660 3663 3662
f 566 2005 224
f 1389 940 928
f 683 682 681
f 836 835 1842
f 2665 1842 1845
f 2666 2665 1303
f 24 836 2665
f 831 1072 2650
f 1845 1844 1304
f 2010 2013 2012
f 1051 1936 2667
f 1522 1521 1511
f 531 440 441
f 1250 635 2625
f 2669 2625 1857
f 783 2669 1856
f 782 1250 2669
f 720 2670 2671
f 1055 1931 1930
f 1333 1067 1251
f 619 622 1308
f 652 655 2619
f 521 522 1539
f 1838 988 537
f 2672 537 536
f 1113 2672 2641
f 1113 527 1838
f 1016 1013 1351
f 9349 573 570
f 226 227 104
f 9008 9121 9279
f 1036 1037 1884
f 2674 1301 1304
f 2673 1304 1844
f 1334 2673 2675
f 1333 2674 2673
f 2676 702 1039
f 1843 2676 2675
f 942 1074 2676
f 1074 699 702
f 752 1057 1055
f 1200 1166 656
f 1120 1846 874
f 2677 874 877
f 1241 2677 1052
f 1119 1120 2677
f 1560 1513 151
f 1208 1316 611
f 215 735 736
f 1460 1459 1462
f 3717 3720 3719
f 1208 1207 1839
f 854 856 1282
f 3682 3697 3696
f 72 445 182
f 544 1563 1565
f 217 200 456
f 3673 3647 3781
f 2047 1404 930
f 1204 2618 1937
f 913 777 686
f 3705 3708 3707
f 840 527 1113
f 1531 729 730
f 2678 778 1283
f 601 667 1914
f 1537 1538 459
f 1819 1757 8953
f 991 1860 862
f 2679 711 1073
f 3776 3775 3581
f 2680 1830 983
f 779 2680 2256
f 778 2678 2680
f 2678 2679 1830
f 180 542 245
f 1886 1132 1131
f 3766 3768 3767
f 1138 1137 1274
f 3777 3778 3585
f 1841 598 1140
f 75 313 314
f 193 423 420
f 2681 2682 1099
f 3658 3586 3587
f 170 1567 1565
f 349 416 417
f 1121 1124 2684
f 547 797 409
f 123 122 121
f 2643 2663 1142
f 1542 1544 513
f 899 900 907
f 1210 677 676
f 791 663 982
f 24 27 837
f 893 896 932
f 1860 1320 863
f 535 538 862
f 3640 3684 3683
f 1569 1548 1547
f 181 455 542
f 660 659 937
f 2013 567 568
f 3781 3647 3644
f 887 890 2631
f 1524 1508 361
f 520 161 162
f 2653 855 854
f 1238 1237 2655
f 718 1838 527
f 1492 1493 518
f 792 616 615
f 599 846 1835
f 290 457 456
f 312 171 1552
f 1248 2687 1179
f 153 149 177
f 1240 1181 1222
f 1257 1292 1235
f 1291 1084 1083
f 1052 877 1277
f 743 742 2618
f 444 140 430
f 23 1224 1172
f 2687 2654 1180
f 102 103 409
f 1283 607 610
f 373 497 650
f 1180 2654 1084
f 855 2653 2655
f 1173 1270 1917
f 2689 850 853
f 2688 853 1108
f 2686 2688 1279
f 2687 2689 2688
f 2691 1302 1252
f 2690 1252 850
f 1248 2690 2689
f 1248 1247 2691
f 2692 617 24
f 2691 2692 2666
f 1247 1258 2692
f 1258 1168 617
f 394 1554 1555
f 2693 1260 1259
f 1072 1236 1262
f 1257 1071 1168
f 398 439 1555
f 871 1784 1314
f 1178 1232 1249
f 1224 1289 1173
f 1010 2617 2618
f 1175 1174 1292
f 2654 2687 2686
f 2694 1157 1216
f 71 418 1487
f 701 1112 1111
f 1072 1261 2649
f 1085 2695 22
f 895 2694 1264
f 1601 1606 1605
f 1259 1262 1271
f 21 20 1220
f 988 991 538
f 3533 3479 3535
f 598 597 1336
f 1050 860 818
f 1298 2645 1761
f 1168 1167 618
f 3629 3671 3670
f 858 1168 1256
f 39 242 516
f 2652 1761 819
f 313 316 315
f 2026 1970 1971
f 2656 1489 596
f 814 819 818
f 2696 2651 813
f 1260 2696 2649
f 2693 2697 2696
f 2697 1296 2651
f 381 355 390
f 9270 9271 1611
f 1475 1427 1428
f 1292 1174 1917
f 1551 353 354
f 1526 1525 1523
f 1593 1589 1595
f 1232 1269 1246
f 2695 2693 1223
f 2698 1297 1296
f 2698 2697 2693
f 2685 2698 2695
f 2685 854 1297
f 562 1497 271
f 2652 2651 1296
f 1365 1366 1364
f 1958 1946 1953
f 585 588 2210
f 1561 1560 1515
f 975 2648 1146
f 347 67 68
f 1038 1111 636
f 2700 781 780
f 2699 780 1036
f 2701 2699 1883
f 851 2700 2699
f 2674 1333 2251
f 2702 2251 781
f 1253 2702 2700
f 1301 2674 2702
f 1519 387 388
f 1273 1239 1280
f 2703 1280 1107
f 2701 2703 852
f 1829 1273 2703
f 91 260 326
f 1784 871 2656
f 2683 2684 2705
f 604 1894 8943
f 1669 8978 8992
f 2062 2063 2060
f 621 535 861
f 2023 731 732
f 686 779 1263
f 857 1051 2668
f 883 830 882
f 3648 3651 3650
f 637 636 1111
f 2668 894 893
f 3692 3712 3711
f 2667 921 894
f 1039 1038 1068
f 313 75 1504
f 1911 1972 305
f 1936 2706 1964
f 2707 2402 2401
f 2708 2707 2183
f 738 2163 2116
f 3785 3787 3709
f 2349 2348 2432
f 2711 2712 2020
f 2400 2711 2019
f 2714 2715 2716
f 2717 2718 2719
f 2721 2722 2723
f 2726 2727 2728
f 2725 2728 2730
f 2731 2725 2729
f 2732 2726 2725
f 2734 2735 2736
f 2738 2739 2740
f 2737 2740 2741
f 2744 2745 2746
f 2745 2744 2748
f 2749 2750 2747
f 2753 2749 2751
f 2250 1380 2246
f 3417 3420 3419
f 2754 1396 1614
f 9050 2754 2755
f 9060 2745 2747
f 1617 2756 2755
f 2242 2758 1620
f 3429 3432 3431
f 2191 2085 2760
f 2761 2759 2760
f 9100 2759 2761
f 9075 2191 2759
f 3209 3460 3354
f 1395 1394 2236
f 1395 2235 1636
f 3741 3791 3790
f 1616 1635 2229
f 3410 3413 3412
f 1617 2234 2763
f 2756 2763 9080
f 2765 2763 2234
f 2766 2764 9080
f 3202 3199 3458
f 1516 437 435
f 2768 2769 8996
f 1495 541 578
f 2135 2136 28
f 8970 8984 2773
f 1690 1689 9378
f 2778 2779 2780
f 2777 2780 2781
f 2784 2778 2777
f 8999 8965 575
f 1494 1904 9
f 8973 2016 2015
f 451 61 505
f 2786 2787 2788
f 2779 2786 2785
f 2789 2752 2741
f 2790 2753 2752
f 2792 2793 2794
f 2793 2795 2796
f 2796 2797 2750
f 2794 2796 2749
f 2798 1393 1396
f 9043 2798 2754
f 2798 2799 2800
f 9043 9114 2799
f 2797 2796 2795
f 2791 2794 2753
f 216 233 232
f 9256 2806 2807
f 9257 2809 2804
f 2769 2810 9001
f 183 185 184
f 2811 2812 2775
f 2804 2811 2776
f 2809 2813 2811
f 2812 2811 2813
f 9257 2808 2816
f 9248 2818 2815
f 9250 9252 2820
f 9245 2823 2819
f 2824 2736 2735
f 2823 2825 2824
f 2825 2823 2826
f 9245 2822 2827
f 9248 2817 2826
f 2713 2716 2829
f 2828 2829 2831
f 2822 2821 2828
f 2821 2820 2713
f 2832 2827 2822
f 2833 2832 2830
f 2834 2835 2832
f 2835 2818 2827
f 2837 2838 2839
f 2836 2839 2841
f 2842 2836 2840
f 2843 2837 2836
f 2840 2841 2845
f 2718 2844 2845
f 2730 2728 2844
f 2727 2840 2844
f 2846 2845 2841
f 2829 2846 2847
f 2847 2841 2839
f 2848 2839 2838
f 2833 2848 2849
f 2831 2847 2848
f 2850 2814 2851
f 2853 2850 2852
f 2783 2777 2782
f 2785 2788 2853
f 2780 2785 2856
f 2857 2858 2855
f 2859 2857 2782
f 2861 2843 2842
f 2860 2842 2727
f 2862 2860 2726
f 2863 2861 2860
f 2861 2863 2858
f 2843 2861 2857
f 2856 2853 2854
f 2781 2856 2864
f 2837 2843 2859
f 2838 2837 2864
f 2852 2851 2834
f 2854 2852 2849
f 2865 2815 2818
f 2851 2865 2835
f 2813 2809 2815
f 2814 2813 2865
f 2866 2812 2814
f 2788 2866 2850
f 2866 2788 2787
f 2812 2866 2867
f 1892 1889 1890
f 2720 2719 2846
f 298 299 256
f 2872 2714 2713
f 9246 9252 2735
f 2729 2730 2874
f 2846 2716 2715
f 2876 2877 2878
f 2733 2875 2878
f 9258 9259 2879
f 9258 2880 2872
f 2882 2883 2884
f 2881 2884 2715
f 2880 2881 2714
f 2879 2882 2881
f 2885 2886 2887
f 2888 2889 2890
f 2885 2890 2892
f 2893 2886 2885
f 1942 2151 2532
f 2895 2892 2720
f 2884 2895 2870
f 2883 2896 2895
f 2896 2891 2892
f 2889 2874 2717
f 2890 2717 2720
f 2897 2893 2891
f 2898 2897 2896
f 2899 2898 2883
f 2900 2899 2882
f 9249 2900 2879
f 2876 2902 2901
f 2901 2902 2904
f 1785 2656 1835
f 2905 2906 2899
f 2907 2908 2897
f 9249 2901 2903
f 632 576 577
f 8976 8991 2867
f 434 385 550
f 2768 2770 9092
f 2910 2911 1623
f 2241 2912 2758
f 9092 2770 2913
f 1623 2911 2757
f 9039 2242 2757
f 2229 1381 1380
f 2765 1630 1629
f 2915 2914 1629
f 9094 9093 2914
f 9093 9074 2765
f 2919 2916 9094
f 2918 2915 2912
f 9066 2918 2241
f 9070 2919 9065
f 8985 2177 2180
f 8965 2002 2188
f 3694 3626 3627
f 9157 9017 714
f 2925 2766 2917
f 2924 2917 2916
f 9062 2924 2919
f 9063 2925 2924
f 2926 2927 2766
f 9110 2926 2925
f 1715 1713 1705
f 785 497 498
f 1387 651 565
f 374 375 1899
f 9017 2203 2206
f 2929 2930 2886
f 2932 2933 2934
f 1905 1906 1908
f 2930 2935 2936
f 2938 2935 2930
f 1493 369 517
f 1603 1585 1586
f 2939 2938 2929
f 2940 2939 2908
f 9117 1707 1600
f 2886 2930 2937
f 2906 2907 2898
f 2908 2929 2893
f 2942 2934 2933
f 2941 2933 2937
f 8945 2941 2936
f 8942 2942 2941
f 2943 2944 2710
f 2943 2873 2874
f 2945 2943 2889
f 2946 2944 2943
f 2932 2945 2888
f 2931 2946 2945
f 727 1928 1929
f 2903 2904 2947
f 545 594 42
f 1480 1570 533
f 2907 2906 2949
f 2906 2905 2950
f 1558 452 215
f 9251 2903 2948
f 2054 1645 1644
f 9157 9136 2203
f 1828 1837 1849
f 2953 2954 2955
f 2952 2955 2957
f 2956 2261 2258
f 2953 2952 2258
f 2454 2455 2474
f 9199 2958 2959
f 9199 2132 2131
f 2961 2962 2963
f 2958 2963 2964
f 222 221 2485
f 2477 2226 2966
f 2631 2561 2006
f 2384 2454 2496
f 2967 2968 2959
f 2968 2967 2970
f 9211 2033 2971
f 9236 2971 2960
f 2972 2971 2033
f 2007 2377 2973
f 9004 9003 2134
f 1836 1833 1832
f 8950 2188 2090
f 955 810 959
f 672 675 674
f 633 710 713
f 2024 732 733
f 2025 2024 803
f 425 1552 1550
f 2975 2976 888
f 1319 1158 1157
f 1212 1935 2977
f 889 957 2228
f 1978 1974 1975
f 1138 1078 1329
f 751 665 2979
f 1619 1613 1625
f 2252 2255 1728
f 1157 1160 845
f 2706 1936 1938
f 2980 2255 2254
f 2982 2975 887
f 802 712 711
f 678 677 2029
f 527 840 690
f 1839 1207 2629
f 2983 2984 602
f 2983 1914 1913
f 2985 2983 1331
f 2986 2984 2983
f 2987 2637 2635
f 2985 2988 2639
f 2990 1319 1318
f 2991 2992 2993
f 2995 2991 2994
f 1106 1058 2991
f 1058 1057 2992
f 1415 1406 1365
f 1317 922 2217
f 1932 1728 2255
f 926 2998 2999
f 3001 2993 2992
f 3000 2992 1057
f 2999 3000 2978
f 2998 3001 3000
f 3002 2998 2209
f 3002 3003 2996
f 2993 3001 3002
f 1103 1106 2995
f 3004 2995 2996
f 2209 2210 3004
f 588 1103 3004
f 295 296 433
f 2638 2639 2988
f 3005 2988 1056
f 1305 3005 1930
f 1276 2638 3005
f 1987 1968 1993
f 2633 1762 1761
f 1423 1422 1417
f 9005 8961 739
f 2671 2670 2704
f 1473 1872 2035
f 922 1317 2694
f 1401 1400 1378
f 556 2028 1884
f 842 848 9277
f 1854 2706 2617
f 933 1082 1081
f 1440 1441 1436
f 529 657 719
f 1031 1025 1027
f 777 913 912
f 2645 1205 1204
f 441 438 1538
f 3771 3774 3773
f 790 1287 587
f 2065 2066 1610
f 1860 991 990
f 60 106 87
f 1424 1017 1948
f 332 1527 1507
f 261 262 138
f 187 188 449
f 1719 1720 1726
f 1931 1055 1059
f 3006 1059 1105
f 1287 3006 1104
f 1286 1931 3006
f 3007 3008 3009
f 3009 3008 653
f 618 999 26
f 2029 677 1210
f 957 601 600
f 1049 2146 2228
f 2631 890 3011
f 890 889 2227
f 3011 2227 2145
f 2561 3011 3012
f 1026 656 609
f 2706 1854 1961
f 3013 2965 2485
f 2148 2147 1267
f 3015 1267 1266
f 2997 2264 1101
f 642 641 1773
f 186 477 461
f 1041 1040 1320
f 1121 3016 3017
f 2984 2986 2987
f 3018 2987 2634
f 1048 603 3018
f 603 602 2984
f 2679 2678 801
f 2062 2072 2074
f 2061 2074 2076
f 414 303 1545
f 3016 1121 2683
f 3019 2683 2704
f 3020 3019 2670
f 3007 3016 3019
f 1871 1090 1091
f 3021 1787 1122
f 3022 3021 3017
f 1314 3021 3022
f 1784 1787 3021
f 1316 1315 1763
f 3023 3022 3010
f 3023 3009 795
f 1763 3023 1092
f 1315 3022 3023
f 3016 3007 3010
f 752 751 2978
f 2986 2639 2637
f 3024 654 653
f 3020 3024 3008
f 720 723 3024
f 723 2621 654
f 2681 1098 1268
f 2671 3025 1268
f 2705 2681 3025
f 1313 3026 3027
f 3026 3028 3029
f 3027 3029 3030
f 1311 3027 3031
f 2012 568 731
f 917 2657 974
f 3742 3745 3744
f 743 1206 856
f 1888 2027 2030
f 2682 2705 2684
f 3032 2684 1124
f 1100 3032 2989
f 1099 2682 3032
f 1123 2990 2989
f 3033 1834 1159
f 2990 3033 1158
f 1123 1786 3033
f 1786 1785 1834
f 1054 1056 2988
f 2979 665 664
f 2623 2622 2663
f 1095 660 688
f 3034 3035 2261
f 3036 3034 2956
f 3037 3038 3034
f 3038 3039 3035
f 3040 3041 3026
f 2263 3042 3041
f 3042 3039 3043
f 3041 3043 3028
f 3044 3045 3043
f 3046 3047 3045
f 3047 3048 3049
f 3043 3045 3049
f 3038 3037 3051
f 3050 3051 3053
f 3052 3046 3044
f 3039 3038 3050
f 3054 3035 3039
f 3042 2263 2262
f 2261 3035 3054
f 2216 2263 2997
f 2212 2211 2667
f 3056 868 2209
f 934 3057 1961
f 2013 9207 9209
f 3058 3059 3060
f 3059 3062 3063
f 3060 3063 2213
f 3061 3060 1963
f 3063 3064 2214
f 3062 3065 3064
f 3065 2257 2260
f 3064 2260 2215
f 3066 3067 3031
f 2608 2966 3067
f 2966 2562 3068
f 3031 3067 3068
f 2455 2458 2461
f 2476 2223 2226
f 8995 2090 2089
f 8970 2774 9221
f 433 354 355
f 2115 1423 1419
f 8953 2868 2922
f 9221 9189 2131
f 3069 2611 2167
f 2971 2972 2928
f 2961 2774 2773
f 3070 2475 2478
f 2610 2609 3071
f 2502 2371 2374
f 3072 2592 2595
f 2964 3046 3052
f 3048 2593 3074
f 2593 2592 3075
f 3075 3030 3029
f 3074 3029 3028
f 3072 3076 3075
f 3076 3072 2482
f 2481 2608 3066
f 3076 3066 3030
f 2967 3052 3053
f 2482 3072 3073
f 479 480 493
f 706 9352 9325
f 9005 2194 2221
f 2013 2010 9206
f 8977 2032 2016
f 9006 8963 2222
f 1171 1154 1155
f 3782 3644 3689
f 2586 2566 2565
f 2982 110 113
f 2562 2376 3077
f 2376 2375 3012
f 3012 2145 2148
f 3077 2148 3015
f 2963 3047 3046
f 3051 3078 2970
f 1683 2173 491
f 9302 2122 1447
f 1986 2181 9186
f 3079 3080 2546
f 3081 3079 2575
f 1983 1986 9220
f 3082 2323 2319
f 3080 3082 2545
f 9186 9184 3082
f 9184 9200 2323
f 1309 1471 1888
f 3073 2595 2772
f 2760 3083 3084
f 2760 2085 2088
f 3085 3084 3086
f 3089 3085 3090
f 3089 2762 3084
f 3092 3088 3090
f 3093 2748 2744
f 2751 2747 2748
f 3093 2741 2752
f 2742 2741 3093
f 3094 3093 2743
f 3096 3097 3098
f 3099 3096 3087
f 3097 3094 3095
f 3100 2743 2746
f 3101 2927 3102
f 2764 2766 2927
f 2745 2764 3101
f 3102 3092 3091
f 3100 3091 3095
f 2869 2802 9044
f 3102 3103 3104
f 9110 2868 2869
f 2927 2926 3103
f 3098 3095 3091
f 3087 3098 3090
f 2088 2125 3105
f 3083 3105 3086
f 2483 3073 2771
f 2401 2186 2185
f 3099 3086 3105
f 2125 2207 3106
f 3108 2737 2742
f 3107 2742 3094
f 3110 3108 3107
f 3109 3107 3097
f 3111 3109 3096
f 3112 3110 3109
f 3113 2738 2737
f 3115 2723 2722
f 3117 3115 3114
f 3119 3117 3116
f 3118 3116 3120
f 3116 3114 3113
f 3122 3112 3111
f 3122 3123 1755
f 3124 3125 3126
f 3125 3118 3121
f 3128 3119 3118
f 3129 3128 3125
f 2020 2712 3128
f 9305 9309 1346
f 1065 1046 1047
f 1814 9290 9282
f 2021 2020 3129
f 3111 3099 3106
f 3123 3106 2207
f 2377 2225 2224
f 3014 2485 113
f 1756 2208 9234
f 3131 3132 2530
f 3133 3131 2528
f 1753 1756 9219
f 3134 3124 3127
f 2327 2408 2314
f 2436 2318 2317
f 2018 2021 9163
f 2534 3136 3137
f 2320 2322 3136
f 2185 2018 9164
f 3138 3139 2542
f 3134 3135 9196
f 9237 3130 3134
f 3140 3138 2539
f 2535 3137 3140
f 9163 2021 3130
f 2558 2530 3132
f 9234 9212 3141
f 2560 2558 3141
f 9212 9229 3142
f 958 888 2976
f 1933 1932 2980
f 3714 3704 3729
f 2399 2424 2418
f 2348 2342 2343
f 2322 2320 2319
f 2718 2717 2874
f 2709 2729 2873
f 2894 2871 1361
f 3788 3789 3720
f 346 289 176
f 1876 1877 1882
f 2802 2803 9059
f 3104 3144 3088
f 2974 2222 9101
f 3089 3145 2761
f 3088 3144 3145
f 2803 2974 9055
f 9322 9361 692
f 2123 1419 1418
f 1365 1363 1368
f 3346 3345 3344
f 1581 1766 1782
f 9013 2202 2129
f 8999 2003 2002
f 3146 2585 2551
f 9203 3146 3147
f 9194 3149 3146
f 3149 2584 2585
f 3196 3198 3197
f 9056 2192 2191
f 3142 3150 2556
f 9229 9230 3150
f 9098 3152 2550
f 3150 3151 2555
f 9230 9232 3151
f 9240 9233 3152
f 3153 3147 2551
f 3152 3153 2549
f 9233 9228 3153
f 9228 9202 3147
f 3148 2767 2206
f 2183 2401 2321
f 2132 2960 2928
f 3299 3300 3321
f 9136 9137 2204
f 9171 2198 2197
f 2594 2962 2773
f 2595 2594 2951
f 1870 798 799
f 3257 3260 3259
f 9165 2179 2178
f 9158 2178 9188
f 336 3154 9226
f 339 3155 3154
f 9241 9135 3149
f 9135 9149 2584
f 2963 2962 3048
f 9174 9182 337
f 339 338 2566
f 3156 3157 2168
f 2610 3156 2167
f 2954 2953 3156
f 3157 3156 2953
f 9159 2166 2169
f 2567 3158 3159
f 337 3158 2567
f 9182 3069 2166
f 9216 2190 1983
f 2579 3160 3081
f 2568 3159 3160
f 9161 2169 2190
f 3065 3062 3162
f 3161 3162 1984
f 3157 3161 2189
f 2257 3065 3161
f 734 735 1922
f 3059 3058 2708
f 3163 2708 2182
f 3162 3163 1985
f 3062 3059 3163
f 3203 3206 3205
f 3806 3809 3808
f 2122 2119 1448
f 9269 1686 1685
f 139 140 444
f 1570 569 566
f 2957 3164 3165
f 2955 3166 3164
f 1912 454 341
f 3130 3129 3124
f 1548 322 319
f 1949 1950 1327
f 2969 2970 3078
f 3167 3078 3169
f 9176 2014 2017
f 9172 2017 2033
f 3168 3169 3165
f 3170 3165 3164
f 9231 3170 3171
f 9176 3168 3170
f 3171 3164 3166
f 3172 3166 3071
f 9204 3172 3173
f 9208 3171 3172
f 3169 3037 3036
f 2593 3048 2962
f 3173 3071 2609
f 3174 2609 2199
f 9235 3174 2198
f 9201 3173 3174
f 2190 2189 1984
f 2196 2195 2767
f 3326 3329 3328
f 2119 2120 1414
f 1464 1463 1466
f 2199 2611 3069
f 2457 2456 2587
f 2226 2225 2562
f 481 478 1627
f 333 1512 235
f 3078 3051 3037
f 3040 2264 2997
f 3351 3352 3262
f 2219 1934 1933
f 2385 2384 2497
f 221 2220 3175
f 2220 1933 3143
f 3175 3143 2976
f 2484 3175 2975
f 2954 3071 3166
f 2630 1858 110
f 1547 319 1952
f 2091 2090 2188
f 9185 9188 2178
f 1918 1919 1927
f 9007 112 111
f 3398 3401 3400
f 955 956 960
f 2037 3014 112
f 3143 2980 2981
f 2218 2211 2214
f 672 9329 9239
f 2152 3013 3014
f 1147 1144 1143
f 2248 2246 1409
f 1615 1636 1635
f 1410 1409 2246
f 3486 3488 3487
f 3468 3469 3502
f 3451 3453 3452
f 1382 3176 3177
f 3177 1410 2247
f 2247 1383 3177
f 3176 2238 2230
f 1410 3177 3179
f 3179 3180 2243
f 1633 3181 2800
f 3816 3818 3817
f 1621 1620 2758
f 3642 3801 3662
f 3422 3421 3260
f 1622 1621 2245
f 2236 1394 3181
f 3793 3796 3795
f 3493 3496 3495
f 2237 2236 3182
f 3513 3516 3515
f 2250 1631 2233
f 3654 3666 3667
f 2912 1629 1628
f 3819 3822 3821
f 3432 3824 3823
f 135 136 1564
f 1567 419 512
f 1085 1084 2653
f 3184 869 868
f 869 3184 3057
f 3389 3388 3387
f 1266 1268 1098
f 1267 2147 722
f 937 1146 2646
f 2146 1049 722
f 2211 2218 921
f 1957 510 507
f 1313 1312 2264
f 1496 362 1493
f 2887 2937 2933
f 1687 1688 1659
f 145 1499 1498
f 3831 3829 3830
f 37 38 418
f 1935 1934 3185
f 104 89 301
f 2101 2098 2083
f 543 298 360
f 1934 2219 3186
f 234 1521 212
f 9297 9273 1822
f 3825 3828 3827
f 1976 1875 1874
f 223 3186 2219
f 9107 9108 9057
f 2165 2164 467
f 467 468 2165
f 773 476 2165
f 3673 3658 3659
f 1935 1212 1728
f 3490 3491 3840
f 3362 3359 3848
f 3862 3865 3864
f 3465 3466 3484
f 3893 3894 3525
f 3352 3351 3430
f 3869 3872 3871
f 3529 3530 3567
f 3420 3417 3922
f 3304 3235 3236
f 3929 3932 3931
f 3324 3326 3327
f 3219 3937 3939
f 3220 3938 3937
f 3450 3375 3376
f 3942 3832 3833
f 3215 3216 3454
f 3946 3332 3215
f 3422 3949 3948
f 3950 3457 3198
f 3205 3206 3957
f 3261 3962 3961
f 3852 3853 3964
f 3214 3211 3946
f 3965 3213 3214
f 3797 3800 3799
f 3988 3991 3990
f 3777 3779 3806
f 3855 3858 3447
f 3737 3799 3800
f 3949 3953 3952
f 3651 3782 3783
f 4001 3784 3787
f 4019 4022 4021
f 4027 4030 4029
f 3258 3259 4030
f 4033 4036 4035
f 3424 3425 4047
f 3242 3243 4058
f 3970 3489 3547
f 3829 3242 4057
f 3333 3332 3947
f 4063 4068 4065
f 4073 4076 4075
f 3568 3456 3443
f 3981 3334 3335
f 3540 3915 3862
f 4078 4079 4031
f 3565 3566 4088
f 3442 3455 4089
f 4092 4095 4094
f 4093 4094 4097
f 3619 3620 3623
f 3660 4098 3821
f 3809 3648 3649
f 3610 3652 3655
f 3656 3622 3623
f 3621 3803 3804
f 3503 3480 3481
f 3436 3439 3438
f 3356 3428 3427
f 3628 3670 3669
f 3734 3811 4002
f 3276 3273 3370
f 3763 4106 4107
f 4006 4007 3754
f 3747 3751 3752
f 3863 3864 4110
f 3994 3891 4003
f 3653 3801 3664
f 3296 4116 4115
f 4117 4120 4119
f 3249 3252 3251
f 4127 4130 4129
f 3478 3575 3903
f 3410 4136 3921
f 3977 4061 4038
f 3216 3452 3453
f 3967 3547 3548
f 4140 4078 4032
f 3509 4086 4149
f 4151 4152 3659
f 4153 4152 3656
f 4153 4154 3646
f 4156 3688 3645
f 4139 4077 4078
f 3743 3744 4163
f 3861 3918 3987
f 3468 4066 4067
f 3306 3981 3980
f 4172 4173 4010
f 4169 4170 3836
f 4187 4190 4189
f 4213 4216 4215
f 4220 4223 4222
f 4225 4226 4211
f 4230 4233 4232
f 4240 4243 4242
f 3606 3609 3608
f 4250 4253 4252
f 4258 4261 4260
f 4077 4080 4079
f 4276 4279 4278
f 4308 4262 4263
f 4017 4018 3872
f 3196 3193 3951
f 4316 4317 4270
f 3870 4306 4307
f 4324 4327 4326
f 4333 4334 4247
f 4338 4341 4340
f 4348 4351 4350
f 4283 4284 4289
f 4356 4359 4358
f 4359 4019 4020
f 4362 4363 4196
f 4320 4364 4279
f 4370 4372 4296
f 4377 4253 4303
f 4231 4232 4201
f 4203 4212 4331
f 4037 4040 4039
f 4371 4265 4386
f 4387 4346 4347
f 3309 3293 3294
f 4099 3723 3724
f 4355 3422 3257
f 3630 3680 3693
f 4277 4278 4302
f 4350 4318 4319
f 4353 4354 4351
f 3637 3634 3639
f 4394 4395 3827
f 3311 3312 4399
f 3755 3708 4005
f 4363 4362 4259
f 3454 3453 3919
f 3446 3447 3459
f 4298 4299 4404
f 3749 3746 3769
f 3791 3741 3756
f 3643 3685 3684
f 3845 3846 3399
f 4313 3257 3258
f 4411 4413 4408
f 3843 4424 4423
f 4214 4215 4329
f 4431 4434 4433
f 3918 3861 3798
f 3927 3928 3388
f 4453 3893 3874
f 4138 4458 4457
f 3346 4460 4459
f 4100 4109 4108
f 3974 3977 3976
f 3665 3655 3652
f 3773 3565 3993
f 3945 3454 3920
f 4144 4463 4462
f 4464 4467 4466
f 3268 4142 4479
f 4484 3921 4136
f 3348 3914 4487
f 3313 3314 3912
f 3803 3621 3617
f 4086 3509 3510
f 4034 3304 3305
f 3403 3404 4171
f 4481 4482 4492
f 4177 4180 4179
f 4398 4170 3923
f 4451 4493 4494
f 4501 4075 4076
f 4509 4510 4506
f 3304 4034 4462
f 4485 4399 3312
f 3419 4488 3349
f 4356 4345 4385
f 4026 4354 4358
f 4354 4353 4357
f 3599 3596 4091
f 4341 4338 4254
f 4251 4252 4524
f 3482 3485 3484
f 3843 3543 3544
f 4295 4341 4274
f 4381 4530 4206
f 4204 4205 4531
f 4533 4536 4535
f 4542 4545 4544
f 4546 4549 4548
f 4573 4574 4547
f 4575 4578 4577
f 4221 4581 4580
f 4587 4590 4589
f 4328 4592 4589
f 4187 4565 4563
f 4595 4583 4593
f 4597 4605 4604
f 4609 4608 4611
f 4620 4623 4622
f 4612 4615 4614
f 4636 4638 4600
f 4649 4651 4650
f 4652 4655 4654
f 4662 4665 4664
f 4666 4669 4668
f 4637 4639 4685
f 4627 4701 4700
f 4684 4686 4636
f 4663 4689 4661
f 4699 4698 4697
f 4647 4648 4703
f 4709 4711 4603
f 4724 4633 4726
f 4742 4745 4744
f 3311 3923 3924
f 4698 4759 4758
f 4749 4765 4609
f 4342 4345 4344
f 4797 4800 4799
f 4490 4048 3974
f 4019 4359 4306
f 4512 3955 4514
f 3991 3988 4508
f 4692 4695 4694
f 4680 4681 4818
f 4821 4822 4824
f 4367 4239 4243
f 4833 4832 4831
f 4837 4744 4757
f 4332 4563 4562
f 4683 4835 4819
f 4845 4843 4850
f 4751 4753 4752
f 4854 4855 4695
f 4858 4719 4718
f 4822 4559 4859
f 4674 4646 4647
f 4771 4774 4773
f 4726 4727 4537
f 4714 4718 4719
f 4633 4634 4688
f 4616 4619 4618
f 4686 4684 4842
f 4869 4707 4708
f 3502 3868 3528
f 4777 4660 4737
f 4734 4732 4779
f 4883 4755 4663
f 4375 4294 4274
f 4290 4343 4335
f 4816 4815 4812
f 4778 4779 4732
f 4158 3710 4160
f 4195 4198 4197
f 3860 3861 4166
f 3758 3759 3763
f 3694 3691 4157
f 4249 4248 4391
f 3467 3470 3469
f 4209 4212 4211
f 4142 3268 4144
f 3615 3614 3617
f 3479 3480 3536
f 4883 4753 4672
f 4802 4801 4642
f 3698 3637 3638
f 4105 3725 3726
f 4848 4645 4896
f 4878 4877 4744
f 4610 4874 4748
f 4036 3403 4489
f 4355 4313 4314
f 4171 4141 4049
f 3875 3452 3216
f 4868 4865 4863
f 4623 4900 4691
f 3629 3626 4155
f 4654 4887 4898
f 4012 4015 4014
f 4902 4903 4866
f 4768 4769 4908
f 4370 4386 4385
f 4888 4860 4914
f 3546 3543 3917
f 4932 4926 4931
f 3625 3622 4151
f 3804 3669 3670
f 3816 4104 4103
f 4911 4898 4887
f 4928 4930 4927
f 4925 4929 4927
f 3655 3665 3666
f 4932 4919 4910
f 4937 4923 4912
f 4939 4938 4942
f 4228 4529 4530
f 4946 4945 4942
f 4938 4922 4923
f 4942 4938 4937
f 4951 4950 4930
f 4955 4951 4928
f 4748 4750 4615
f 4914 4860 4847
f 4824 4859 4584
f 4940 4939 4941
f 4916 4961 4960
f 4909 4907 4891
f 4971 4967 4968
f 4966 4970 4948
f 4962 4952 4953
f 4940 4935 4924
f 4831 4916 4917
f 4935 4936 4925
f 4275 4255 4261
f 4679 4758 4791
f 4016 4309 4373
f 4668 4764 4766
f 4539 4537 4727
f 4929 4925 4936
f 4775 4776 4801
f 4801 4776 4742
f 4732 4734 4611
f 4985 4984 4983
f 4534 4586 4562
f 4847 4644 4645
f 4788 4787 4619
f 4787 4788 4678
f 4657 4606 4605
f 4994 4996 4878
f 5006 5009 5008
f 5001 5003 4973
f 4814 4618 4619
f 5014 4989 4974
f 5003 5002 4972
f 5019 5006 5007
f 5024 5016 5017
f 5036 5037 5035
f 4990 5019 4975
f 5045 5033 5034
f 5048 5049 5034
f 5025 5017 5014
f 5046 5038 5043
f 5051 5052 5055
f 5044 5050 5060
f 5011 4981 5021
f 5013 5069 5068
f 5028 5073 5072
f 5077 5074 5064
f 5065 5080 5079
f 5083 5079 5080
f 5063 5067 5080
f 5054 5055 5071
f 4602 4603 4711
f 5058 5082 5083
f 4982 4983 4792
f 5041 5033 5045
f 3909 3911 3278
f 3471 3474 3473
f 5002 5003 4994
f 5060 5080 5067
f 4892 4861 4862
f 4891 4813 4884
f 4996 4994 5003
f 4997 5015 5005
f 4813 4617 4614
f 4618 4814 4827
f 5089 5090 5093
f 3303 3306 3305
f 5100 5103 5102
f 5107 5110 5109
f 5110 5115 5092
f 4610 4611 4734
f 5112 5103 5100
f 5088 5091 5090
f 5119 5118 5117
f 5092 5115 5096
f 3826 3830 3829
f 5108 5109 5102
f 5100 5130 5087
f 5118 5131 5133
f 3783 3689 3690
f 4444 4447 4446
f 5151 5153 5150
f 4790 4616 4617
f 4332 4182 4190
f 3266 3267 4451
f 3211 3947 3332
f 4741 4796 4760
f 4775 4778 4777
f 4764 4665 4691
f 4489 4171 4048
f 4466 4477 4511
f 4518 3936 3930
f 4786 4787 4791
f 4980 5005 4984
f 5144 5152 5150
f 5159 5146 5148
f 5121 5119 5120
f 5169 5164 5162
f 5016 4978 4979
f 5123 5180 5179
f 5181 5180 5140
f 5175 5185 5184
f 4575 4581 4586
f 4984 4985 4976
f 4596 4599 4598
f 5182 5181 5183
f 4785 4619 4787
f 5137 5124 5122
f 5167 5179 5180
f 4835 4683 4898
f 4687 4727 4726
f 4176 3836 4170
f 4760 4761 4655
f 4681 4680 4649
f 5121 5093 5132
f 5171 5191 5178
f 5174 5178 5191
f 5169 5193 5194
f 4909 5094 5095
f 5105 5104 5112
f 4767 5108 5126
f 5201 5202 5205
f 5219 5218 5217
f 5229 5214 5200
f 5234 5237 5236
f 4069 4072 4071
f 4724 4725 4717
f 5108 4767 4768
f 5103 5195 5126
f 5227 5218 5211
f 5015 4997 4884
f 4997 4998 4892
f 5197 5198 5215
f 5241 5199 5247
f 5013 4975 5019
f 5205 5239 5232
f 4969 4967 4971
f 5239 5205 5249
f 4808 5243 5225
f 5216 5247 5199
f 5253 5245 5242
f 5235 5236 5255
f 5135 5148 5157
f 5264 5260 5267
f 5245 5203 5215
f 5260 5261 5269
f 5264 5266 5274
f 5154 5153 5173
f 5287 5272 5278
f 5256 5301 5300
f 5173 5174 5176
f 4631 4630 4629
f 4781 4784 4783
f 5309 5307 5311
f 5155 5156 5144
f 4826 4828 4827
f 5291 5295 5308
f 5310 5311 5281
f 5311 5307 5308
f 4036 4033 4176
f 4641 4716 4704
f 5220 5224 4804
f 4770 5206 5207
f 5188 5185 5175
f 5180 5123 5129
f 4626 4700 5314
f 4731 4728 5315
f 5222 5213 5210
f 4728 4882 5316
f 5230 5219 5216
f 5297 5296 5240
f 5204 5233 5208
f 5318 4868 4864
f 5273 5272 5287
f 5221 5210 5219
f 4700 4902 5321
f 5313 5314 5328
f 5157 5149 5154
f 5275 5276 5263
f 5324 5322 5318
f 5323 5332 5331
f 5343 5334 5345
f 5306 5310 5286
f 5278 5281 5311
f 4882 4625 5320
f 5109 5110 5114
f 5123 5087 5130
f 5299 5283 5284
f 5240 5198 5199
f 5229 5231 5197
f 5305 5302 5292
f 5233 5228 5225
f 5192 5190 5194
f 5104 5105 4670
f 5146 5159 5160
f 5337 5340 5347
f 5347 5340 5341
f 5353 5346 5335
f 5349 5355 5354
f 5355 5358 5357
f 5358 5355 5360
f 5355 5349 5348
f 5342 5366 5365
f 5345 5346 5362
f 5332 5364 5367
f 5372 5371 5315
f 5370 5365 5366
f 5361 5356 5354
f 5364 5365 5368
f 5369 5344 5362
f 5316 5320 5330
f 5373 5359 5371
f 5341 5342 5364
f 5374 5358 5359
f 5329 5376 5375
f 5377 5380 5379
f 5377 5376 5331
f 5380 5377 5367
f 5363 5383 5370
f 5357 5358 5374
f 5381 5385 5361
f 4814 4815 4825
f 4825 4815 4816
f 4806 4746 4747
f 5119 5121 5131
f 4696 4697 4893
f 4696 5389 5390
f 5213 5222 5388
f 5393 5389 5388
f 5380 5382 5384
f 5213 5387 4893
f 4813 4891 4908
f 5390 5392 4693
f 5294 5289 5287
f 5184 5185 5186
f 5285 5275 5253
f 4769 4789 4790
f 5327 5371 5359
f 4598 4621 4690
f 4608 4606 4733
f 4627 4624 4609
f 4596 4604 4851
f 4900 4623 4706
f 4668 4795 5395
f 4863 4865 4639
f 5392 5393 4666
f 4872 4650 4651
f 4807 4791 4758
f 5348 5338 5325
f 5176 5191 5190
f 5046 5031 5022
f 4853 4852 4869
f 5346 5353 5363
f 4709 4880 4620
f 4672 4673 4904
f 4680 4811 4651
f 4841 4844 4688
f 4823 4817 4818
f 4729 4730 4602
f 4881 4729 4851
f 5360 5348 5326
f 4852 4900 4707
f 4890 4751 4669
f 5392 5390 5389
f 5189 5182 5186
f 4881 4604 4605
f 5343 5344 5369
f 4607 4624 4625
f 5056 5055 5052
f 4850 4797 4798
f 3260 5399 5398
f 4855 4736 4899
f 5339 5343 5366
f 4789 4905 4808
f 5400 4040 3948
f 3872 3424 4046
f 4018 3423 3424
f 4025 4523 4172
f 4011 4023 4024
f 4065 4068 3900
f 3413 4012 4013
f 5056 5068 5069
f 5055 5056 5070
f 4062 5398 5399
f 5269 5289 5294
f 4685 4866 4903
f 5254 5242 5240
f 4606 4657 4658
f 4729 4881 4882
f 4030 4041 4043
f 4664 4752 4753
f 3575 3483 3904
f 3413 3410 3922
f 4949 4968 4955
f 4947 4937 4913
f 4849 4850 4894
f 4143 3974 3975
f 4912 4923 4932
f 3774 3771 3995
f 3956 3954 3342
f 4871 4872 4758
f 4270 4273 4272
f 4039 4040 5400
f 3555 3969 5402
f 5403 5404 3906
f 3908 4126 3823
f 4124 4121 5408
f 3901 3902 4046
f 4120 4117 5410
f 4124 3962 4125
f 5420 3906 5404
f 5424 4059 5425
f 3400 5429 5428
f 5432 5433 5435
f 4941 4942 4945
f 4935 4940 4949
f 3895 3898 3897
f 5426 5408 4121
f 5430 3905 3906
f 4045 4041 5398
f 5395 4693 5392
f 4846 4903 4701
f 4880 4709 4710
f 4624 4607 4608
f 4656 4690 4662
f 5305 5307 5309
f 5220 5223 5222
f 4230 4223 4327
f 5030 5073 5028
f 5213 5212 5211
f 5440 3272 3269
f 4396 4397 3980
f 5447 5448 3244
f 3328 3330 5451
f 4208 4391 4248
f 4599 4620 4621
f 4528 4339 4391
f 4529 4228 4199
f 4526 4338 4339
f 4256 4235 5452
f 4532 5452 4241
f 3834 4400 5446
f 5443 5445 5444
f 4530 4247 4334
f 4754 4886 4904
f 4229 4228 4381
f 4205 4382 4383
f 4892 4998 4987
f 4039 4032 3976
f 4738 4780 4796
f 4833 4835 4897
f 4232 4527 4200
f 4194 4240 4241
f 4889 4794 4750
f 4194 4191 4365
f 4531 4383 4195
f 5043 5042 5062
f 4182 4332 4561
f 5446 5447 3241
f 5237 5239 5248
f 4206 4334 4382
f 5210 5211 5218
f 3426 3922 3417
f 4216 4191 4192
f 4219 4210 4184
f 4180 4561 4380
f 4327 4595 4591
f 4223 4230 4231
f 4215 4192 4360
f 4186 4568 4218
f 4190 4330 4209
f 4223 4220 4595
f 4326 4591 4328
f 4366 4389 4568
f 4570 4548 4549
f 4579 4573 4548
f 4563 5453 4533
f 4583 4595 4220
f 4586 4380 4561
f 4239 4196 4363
f 4572 4571 4567
f 4536 4539 4585
f 4538 5453 4566
f 4536 4533 5453
f 3573 3986 3983
f 5427 3963 3552
f 4553 4587 4588
f 4593 4554 4555
f 4368 4365 4183
f 4361 5452 4235
f 4233 4369 4527
f 4233 4230 4324
f 4212 4209 4330
f 4237 4324 4325
f 4193 4241 5452
f 4983 5015 4885
f 5002 4995 4986
f 5074 5077 5076
f 4698 4699 5391
f 5391 4699 5390
f 4871 4899 4650
f 4546 4857 4543
f 4553 4550 4901
f 4552 4588 4555
f 5223 4804 4805
f 5386 5382 5383
f 5317 5315 5371
f 3240 3237 4429
f 5384 5385 5381
f 3938 3217 3218
f 3942 3943 5455
f 5361 5385 5386
f 4542 4540 4541
f 3910 5430 5420
f 3939 3333 4060
f 3851 5350 5351
f 3838 5427 3556
f 4547 4858 4857
f 5442 5443 4050
f 3385 3874 5428
f 4257 4234 4235
f 5312 5212 4893
f 4212 4203 4204
f 3854 3849 5461
f 4226 4184 4210
f 4202 4177 4178
f 3316 3983 3897
f 5464 5465 4432
f 5465 5466 3883
f 4472 4469 4449
f 4501 4472 4450
f 4074 4075 4080
f 5473 5474 5401
f 4173 4172 5475
f 3432 3429 3520
f 3462 5505 5504
f 4075 4501 4494
f 5482 5481 3387
f 5468 5471 5470
f 3427 5421 5422
f 4498 4499 4487
f 5403 3824 5414
f 3382 5523 5522
f 3492 5512 5511
f 3429 3434 3517
f 3873 5522 5524
f 5480 5479 3350
f 3477 5508 5505
f 4507 4508 5544
f 4396 5550 5551
f 3374 5552 5553
f 3373 5553 5554
f 5479 4521 4063
f 3390 5554 5555
f 5531 5525 5566
f 3368 5568 5567
f 5556 5557 5560
f 3393 5555 5557
f 4433 3364 5463
f 5464 5463 5458
f 4435 4437 4439
f 4055 4393 3277
f 3273 3278 3911
f 3395 3357 3358
f 5486 3894 4071
f 5526 4455 4453
f 5525 5570 5569
f 5568 3526 3527
f 3527 3362 3847
f 3365 5461 3849
f 5462 3849 3850
f 4435 4436 5571
f 3378 3379 3943
f 5573 5578 5577
f 4438 5455 3943
f 5477 5574 5579
f 5582 5581 5580
f 5583 5580 5581
f 5586 5585 5588
f 4074 5472 5586
f 5583 5585 5474
f 4507 5589 5590
f 5573 5478 4522
f 3989 5595 5596
f 5594 3406 3407
f 4436 3381 5572
f 5591 3990 3991
f 4507 4475 4476
f 3990 5591 5587
f 5578 3409 3406
f 5595 3989 5584
f 5484 3394 3358
f 4441 4442 5467
f 5472 4074 4077
f 5522 5599 5570
f 5486 3358 3353
f 5481 4498 3386
f 3475 5506 5492
f 5476 4523 3899
f 5540 5541 5606
f 5542 5540 5603
f 5608 5543 5542
f 5608 5607 5545
f 5607 5603 5609
f 5599 5600 5548
f 5598 5592 5543
f 5595 5594 5593
f 5588 5584 3989
f 5626 3265 3266
f 5627 3266 4448
f 5469 4449 4469
f 4515 4517 5625
f 4503 4473 4474
f 4481 5626 5627
f 4500 5628 5469
f 3414 4468 5466
f 5594 5595 5581
f 3376 3377 4430
f 3444 3944 3941
f 5572 3944 3444
f 4273 4286 4287
f 4345 4356 4357
f 4386 4304 4305
f 4517 4462 4463
f 4352 4349 4319
f 4352 4250 4251
f 4268 4277 4390
f 4264 5629 4320
f 4346 4387 4282
f 4337 4335 4343
f 4289 4244 4245
f 4303 4378 4287
f 4343 4290 4291
f 4284 4333 4244
f 4375 4519 4291
f 4379 4319 4271
f 4337 4353 4348
f 4524 4525 4295
f 4364 4362 4197
f 4285 4282 4390
f 5206 5209 5208
f 4297 5629 4371
f 4346 4283 4286
f 4285 4300 4333
f 3571 3572 4395
f 5341 5340 5339
f 5346 5345 5334
f 5269 5261 5273
f 4510 4509 5609
f 4509 4474 5545
f 4445 4446 5611
f 5566 5569 5568
f 5349 5336 5338
f 5489 5490 3401
f 5565 5566 3368
f 5496 5497 5417
f 5523 3382 3383
f 5325 5338 5347
f 5523 5600 5599
f 5429 3400 3401
f 3887 5632 5631
f 5634 5613 5600
f 5276 5280 5279
f 5298 5297 5257
f 5087 5086 5085
f 3361 3526 5612
f 5041 5061 5066
f 5487 5488 3383
f 5101 5116 5130
f 5299 5298 5300
f 5333 5336 5335
f 5302 5305 5304
f 5234 5247 5216
f 5301 5256 5255
f 4868 5318 5322
f 5281 5278 5277
f 5323 5321 5322
f 5298 5284 5296
f 4885 4829 4750
f 5231 5230 5196
f 4625 4626 5313
f 5111 5113 5085
f 5600 5613 5549
f 5531 5564 5563
f 5165 5166 5182
f 5283 5280 5285
f 4269 4276 4277
f 5610 5609 5603
f 5127 5090 5091
f 4907 5095 5125
f 5277 5278 5272
f 5596 5593 5592
f 5212 5312 5226
f 5273 5261 5262
f 5302 5301 5258
f 5635 5646 5645
f 4250 4352 4379
f 4485 4136 3405
f 4354 4026 4023
f 4265 4262 4304
f 4388 4390 4282
f 4345 4342 4384
f 4362 4364 4297
f 4836 4765 4612
f 4360 4361 4236
f 4369 4233 4237
f 5647 5636 3986
f 5650 3965 3192
f 5337 5338 5336
f 4467 4478 4477
f 4253 4377 4340
f 4429 3416 5457
f 3997 4133 3915
f 5535 3856 3839
f 5538 5541 4460
f 3439 3376 5571
f 5570 5525 5526
f 3438 5571 5572
f 4440 4468 3879
f 3440 5665 4407
f 3886 5685 5695
f 5534 5529 5396
f 5685 3886 3471
f 4278 4198 4301
f 5628 4448 4449
f 3579 3537 3538
f 4480 5627 5628
f 4402 5499 5517
f 4279 4197 4198
f 3603 3534 3532
f 3580 3594 4088
f 4095 3530 3531
f 5248 5249 5251
f 3778 3819 3999
f 4617 4618 4613
f 4375 4275 4372
f 3411 3405 4136
f 5094 5106 5111
f 3602 3532 3535
f 4023 4011 4350
f 4349 4352 4336
f 3605 3535 3536
f 4469 4472 4471
f 4094 3531 3593
f 4248 4249 4245
f 3519 5521 5518
f 5254 5296 5284
f 4852 4853 4795
f 4265 4371 5629
f 5632 5499 5503
f 3604 3611 3612
f 5549 5501 5502
f 3653 3606 3607
f 4780 4738 4873
f 4988 4989 4979
f 4491 5625 5626
f 4837 4904 4995
f 4615 4612 4765
f 5468 4469 4470
f 3514 3470 3467
f 5491 5680 4409
f 4093 3618 3619
f 4364 4320 5629
f 3488 5510 5509
f 5606 5539 5611
f 4210 4219 4189
f 4600 4603 4602
f 5242 5215 5198
f 5073 5074 5075
f 5651 5657 3940
f 3996 3541 3775
f 5200 5203 5202
f 5525 5531 5527
f 3364 4433 4434
f 3775 3541 3542
f 3941 3833 5485
f 3731 3706 4105
f 4997 5000 4999
f 4508 5598 5608
f 4101 4099 3818
f 3728 4109 4103
f 4591 4593 4592
f 4539 4536 4538
f 4550 4553 4552
f 4541 4566 4567
f 4389 4579 4570
f 4582 4583 4580
f 4976 4979 4978
f 4705 4708 4707
f 4797 4850 4843
f 3713 3729 3730
f 4675 4647 4702
f 4977 4978 4981
f 4810 4818 4817
f 4786 4811 4812
f 4715 4631 4628
f 4978 5016 5021
f 5010 5009 5006
f 3722 3743 4162
f 4558 4557 4560
f 4568 4570 4569
f 4584 4578 4535
f 4641 4631 4715
f 5026 5014 5012
f 4776 4777 4745
f 4714 4628 4712
f 4982 4996 5001
f 4576 4577 4560
f 4564 4567 4566
f 5069 5013 5018
f 5057 5052 5048
f 4810 4812 4811
f 3710 4158 3786
f 4991 4992 4999
f 5011 5009 5010
f 5008 5020 5022
f 5066 5067 5063
f 5047 5037 5024
f 5050 5049 5051
f 5023 5021 5016
f 5045 5044 5059
f 5047 5025 5026
f 3711 3712 3724
f 5048 5035 5037
f 5042 5040 5063
f 5058 5053 5051
f 5036 5038 5046
f 3715 3699 3700
f 5235 5256 5257
f 3732 3729 3704
f 5030 5031 5062
f 5020 5021 5023
f 5263 5262 5261
f 5049 5050 5044
f 5236 5248 5250
f 5031 5030 5027
f 5043 5038 5039
f 5320 5313 5329
f 5049 5048 5052
f 5326 5319 5317
f 3264 3261 3288
f 5264 5265 5263
f 4998 4999 4992
f 5009 5011 5020
f 5036 5032 5039
f 5032 5035 5034
f 4355 4317 3949
f 4269 4266 4374
f 4253 4250 4378
f 4525 4524 4252
f 3960 4112 4111
f 4372 4275 4258
f 5681 5672 5673
f 4378 4379 4272
f 4270 4347 4346
f 3244 5448 5644
f 4899 4703 4648
f 3734 3732 3702
f 4138 3346 3343
f 4192 4193 4361
f 3813 4001 3812
f 3817 3695 3696
f 5668 5683 5682
f 5690 5691 5687
f 5499 5632 5700
f 3999 3819 3820
f 3745 3742 4102
f 5684 3471 3472
f 5702 3859 3860
f 5712 5713 5693
f 3249 3277 4393
f 5695 5683 5715
f 5694 5715 5716
f 5719 3972 5601
f 4918 4919 4950
f 4774 4742 4743
f 5505 4415 4411
f 3583 3584 3585
f 3710 3687 4157
f 5513 5725 4417
f 5704 3563 4146
f 4141 4045 4062
f 5669 5689 5688
f 3898 3895 5653
f 5718 3973 3972
f 5684 5687 5686
f 3917 4131 5717
f 3463 5666 5662
f 5492 5506 5680
f 4931 4930 4950
f 5665 3440 3441
f 3788 3717 3740
f 3501 3502 3529
f 3569 3570 3477
f 5516 5728 5727
f 3564 3567 3566
f 3892 5405 5406
f 3962 4124 5407
f 4126 3908 4123
f 4116 3296 3287
f 3892 3887 5630
f 3824 3432 5413
f 4408 4409 5680
f 3969 3966 3978
f 4408 4413 3449
f 4414 3448 3449
f 3962 3261 3262
f 4425 5724 5616
f 4418 5725 5727
f 5716 5597 5575
f 5719 5720 5717
f 5698 5498 5692
f 3880 5621 4166
f 5652 3212 5520
f 5621 5623 4167
f 5679 4409 4410
f 3210 3209 3355
f 5622 5534 5451
f 5416 5417 5497
f 5729 5732 5731
f 5733 5734 3761
f 5735 5738 5737
f 5750 5752 5751
f 5744 5745 5740
f 5744 3770 3753
f 5753 5754 5730
f 5757 5758 5736
f 5731 5752 5765
f 5774 5777 5776
f 5790 5793 5792
f 5796 5786 5787
f 5817 5814 5819
f 5828 5831 5830
f 3725 4105 3751
f 4874 4734 4873
f 4700 4701 4903
f 4740 4820 4876
f 3199 3202 3201
f 4100 4102 4099
f 3749 3767 4108
f 3695 3817 3712
f 3378 3381 3380
f 5504 4411 4412
f 4405 4402 5518
f 5838 5839 5835
f 4705 4632 4712
f 5832 5831 5828
f 5697 5677 5678
f 3791 4006 4005
f 5848 5791 5794
f 3714 3700 3701
f 3995 4148 4042
f 3329 3326 3224
f 4005 3708 3705
f 4551 4762 4763
f 5855 5798 5808
f 5851 5795 5792
f 5803 5801 5858
f 5844 5843 5840
f 5762 5759 5743
f 5808 5809 5806
f 4012 3413 3426
f 5558 3513 3467
f 4550 4763 4720
f 4950 4951 4953
f 3885 3886 5694
f 5705 5706 4081
f 5508 4417 4415
f 3745 3759 3760
f 5507 4412 5680
f 3592 3536 3588
f 3895 5434 5658
f 5613 5500 5501
f 3834 3830 4393
f 5527 4454 4455
f 5775 5806 5809
f 5766 5767 5813
f 5858 5811 5812
f 5855 5815 5811
f 5863 5820 5819
f 5826 5859 5863
f 5862 5866 5833
f 5870 5871 5837
f 5782 5783 5831
f 5868 5838 5836
f 5778 5779 5843
f 5866 5870 5845
f 5785 5864 5867
f 5790 5788 5789
f 5796 5797 5794
f 5821 5818 5819
f 5657 5651 5620
f 5793 5849 5852
f 5855 5858 5801
f 5853 5847 5786
f 5804 5805 5802
f 5827 5867 5864
f 5767 5768 5821
f 5854 5857 5776
f 5860 5817 5818
f 5782 5832 5825
f 5781 5778 5844
f 5810 5811 5815
f 5867 5827 5830
f 5809 5808 5798
f 5828 5829 5863
f 5865 5841 5838
f 5801 5803 5802
f 4086 5707 3795
f 5779 5780 5842
f 5827 5826 5829
f 5839 5872 5869
f 5814 5815 5855
f 5711 4132 3859
f 4958 4957 4917
f 5861 5818 5821
f 5863 5859 5812
f 5865 5868 5823
f 5873 5836 5837
f 5872 5839 5842
f 4089 3455 3563
f 3812 3787 3785
f 5770 5771 5787
f 5789 5786 5847
f 5793 5789 5846
f 4145 4147 4146
f 5848 5773 5790
f 3953 4008 4009
f 5748 5875 5874
f 4624 4627 4626
f 4665 4764 4752
f 4775 4780 4779
f 4746 4670 4671
f 4637 4600 4601
f 4828 4612 4613
f 4704 4763 4762
f 4843 4845 4727
f 4543 4717 4725
f 4731 4864 4863
f 4723 4594 4558
f 4842 4846 4840
f 4717 4543 4857
f 4865 4868 4867
f 5841 5865 5866
f 4725 4726 4540
f 4798 4799 4816
f 4632 4635 4634
f 4720 4716 4715
f 4642 4645 4644
f 3754 4007 5874
f 4860 4761 4644
f 4674 4723 4722
f 4808 4809 4676
f 4721 4722 4822
f 5876 5878 5877
f 4836 4838 4840
f 4658 4661 4660
f 4826 4799 4800
f 4877 4782 4743
f 4948 4970 4971
f 4875 4739 4876
f 4954 4933 4934
f 5773 5770 5788
f 5825 5832 5833
f 5834 5837 5836
f 5834 5844 5845
f 3359 3362 3361
f 5732 5729 3756
f 3394 3397 3396
f 3766 3769 5741
f 5774 5809 5799
f 5805 5776 5857
f 5813 5821 5820
f 3969 3555 3964
f 5667 5668 5674
f 5729 5747 3792
f 3770 5744 5741
f 4741 4740 4739
f 4689 4737 4660
f 5772 5797 5787
f 5735 5733 3758
f 5850 5772 5773
f 5617 5528 3965
f 5799 5800 5854
f 5875 5748 5764
f 5840 5843 5842
f 5861 5768 5769
f 5807 5804 5853
f 5869 5781 5834
f 3765 3768 5739
f 5882 5884 5761
f 5881 5879 5887
f 5895 5896 5898
f 5907 5905 5906
f 5909 5907 5908
f 4234 4257 4526
f 3912 3927 3389
f 5934 8731 8730
f 8730 8731 5930
f 4920 4923 4922
f 8845 8847 8853
f 4141 4171 3404
f 3733 3705 3706
f 8849 8847 8848
f 4234 4237 4236
f 8863 8858 5919
f 3733 4002 4004
f 5908 5906 8859
f 8865 8866 8871
f 8859 8858 8863
f 5927 5924 5925
f 5911 5903 5904
f 8878 8871 8866
f 5635 5638 5637
f 5745 5744 5746
f 3552 3555 3554
f 8857 8889 8890
f 5924 5927 8860
f 3553 3557 3556
f 5919 5920 8861
f 8869 8865 8870
f 8873 8871 8878
f 8856 8857 8875
f 8862 8861 5889
f 8846 8845 8844
f 8864 8863 8866
f 8729 8730 8883
f 8848 8846 8887
f 8878 8879 5888
f 8896 8854 8855
f 8853 8854 8896
f 8841 8842 5882
f 3489 3492 3491
f 8867 8859 8864
f 5910 5908 8867
f 5914 5910 8898
f 5916 5914 8899
f 5889 8861 8860
f 8876 8878 8893
f 5918 5916 8900
f 4424 5722 5726
f 8904 8903 8900
f 8909 8908 8904
f 8908 8907 8903
f 8869 8909 8905
f 3632 3668 3667
f 3687 3690 3689
f 3636 3682 3681
f 3664 3641 3639
f 4304 4307 4306
f 8909 8869 8891
f 3681 3696 3695
f 3758 3761 3760
f 3684 3701 3700
f 3721 3724 3723
f 3941 3944 3943
f 3738 3741 3740
f 3687 3710 3709
f 3238 3239 3938
f 4249 4303 4288
f 4499 4498 3344
f 4240 4194 4368
f 3453 3451 3951
f 4401 3971 3547
f 3950 3951 3451
f 3702 3704 3701
f 3725 3728 3727
f 3194 3207 3208
f 4034 4035 4461
f 3914 3348 3913
f 3483 3575 3533
f 3191 3958 3957
f 4292 3489 3970
f 3909 3910 3428
f 3959 3960 3866
f 4017 4308 4309
f 4316 4318 4008
f 4448 4451 4450
f 4414 4415 4417
f 3435 3430 3351
f 4413 4411 4415
f 3899 3902 3901
f 3780 3781 3648
f 3474 3471 3886
f 3958 3191 3192
f 3221 3223 3935
f 3905 3908 3907
f 3913 4488 4486
f 4420 4422 4421
f 3881 3884 3883
f 4004 3788 3790
f 4271 4319 4318
f 4259 4297 4296
f 3501 4003 4066
f 5897 5898 5900
f 5901 5902 5904
f 8854 8849 8856
f 3789 3785 3786
f 3651 3648 3781
f 5924 5899 5901
f 8870 8871 8873
f 8876 8877 8874
f 5912 5917 5918
f 3805 3918 3799
f 3369 3370 3395
f 3923 3926 3925
f 3916 3917 3512
f 3641 3664 3801
f 4276 4269 4323
f 4181 4229 4331
f 4428 4430 3377
f 3495 4425 4321
f 4436 4435 3380
f 4430 4428 4437
f 3945 3957 3958
f 4065 3901 4047
f 4495 4497 3408
f 8913 8912 8915
f 8911 8910 8917
f 8889 8922 8923
f 8919 8935 8931
f 8884 8914 8918
f 8922 8921 8931
f 5852 5907 5909
f 5866 5862 5915
f 8926 8918 8914
f 8914 8884 8883
f 8886 8919 8921
f 5846 5847 5894
f 5873 5902 5900
f 8893 5888 5764
f 8894 8893 5754
f 5890 8860 5927
f 5885 8896 5755
f 5871 5904 5902
f 5763 8936 5883
f 5880 5890 8936
f 4175 4176 4398
f 4274 4254 4255
f 8883 8730 5931
f 8868 8905 8898
f 3289 4059 3247
f 3858 3855 5485
f 8850 8848 8886
f 4116 4120 5409
f 3889 5406 4127
f 3678 3679 8938
f 8857 8850 8888
f 3979 3551 3294
f 4126 3352 3431
f 3651 4000 3679
f 3460 3858 5921
f 4084 3309 3310
f 8905 8904 8899
f 3561 3327 5397
f 3213 3965 5528
f 4191 4194 4193
f 5449 5450 5532
f 4142 3975 4031
f 4060 3947 5652
f 4480 4483 4482
f 5519 5520 3212
f 5657 5451 3330
f 4473 4476 4475
f 3514 3515 5668
f 5663 5670 5669
f 8881 5929 5926
f 5734 5733 5749
f 4788 4789 4677
f 3997 3996 3538
f 3551 3486 3310
f 3577 3578 3998
f 4893 4697 4676
f 4753 4751 4671
f 8729 8884 8885
f 3813 3703 9021
f 8938 4001 3813
f 8882 5931 5929
f 4098 5701 3820
f 3399 5405 5416
f 5494 5495 5503
f 5880 5877 5878
f 4986 4673 4861
f 4999 5000 5004
f 4985 5001 4988
f 5816 5769 5766
f 4372 4370 4384
f 5688 5691 5692
f 8903 8902 8901
f 8879 8862 5887
f 8902 8881 8880
f 5919 5893 5895
f 4519 4384 4342
f 8847 8849 8854
f 5925 5901 5903
f 4021 3899 4523
f 5678 5677 5676
f 4424 3843 4085
f 5701 3576 3577
f 5928 5925 5926
f 5000 5005 4980
f 9022 4147 3545
f 9024 9025 5409
f 4008 4011 4010
f 3931 3234 4516
f 3822 3806 3807
f 8851 8852 8844
f 5728 5516 5509
f 9025 9023 4115
f 5209 5200 5201
f 4820 4740 4653
f 3988 5596 5598
f 3370 3911 3357
f 5639 5642 5641
f 5592 4511 4477
f 3378 3944 5572
f 5625 4463 3265
f 5594 5582 5577
f 3302 5649 5645
f 3274 3277 3278
f 5207 5208 5233
f 5071 5070 5072
f 4815 4814 4785
f 4796 4802 4643
f 3243 3244 5643
f 5301 5302 5303
f 5431 3562 5655
f 5251 5249 5244
f 3353 3427 3523
f 4174 3404 3405
f 3546 4114 4113
f 4002 3789 3788
f 4196 4239 4238
f 3232 5646 5647
f 4373 4374 4266
f 4867 5322 5321
f 5648 4054 4058
f 4455 4070 3893
f 5593 3407 4511
f 5275 5265 5252
f 5252 5265 5274
f 4092 3619 3624
f 3723 3742 3743
f 4780 4775 4802
f 4059 3289 3560
f 4317 4355 4347
f 5188 5190 5192
f 5570 5599 5612
f 3385 5429 5633
f 3526 5568 5569
f 3576 5701 3608
f 3581 3542 3594
f 5239 5237 5238
f 5081 5079 5083
f 4369 4526 4528
f 4325 4326 4329
f 3569 3285 3286
f 9022 9026 4112
f 3661 3662 3801
f 5074 5073 5030
f 5064 5062 5063
f 3563 3497 3498
f 3961 5407 4119
f 4854 4853 4870
f 5018 5007 5028
f 5007 5008 5027
f 5040 5042 5039
f 3240 3375 3875
f 5070 5069 5029
f 3504 3481 3866
f 3537 3579 3591
f 5033 5041 5039
f 4710 4638 4635
f 5017 4979 4989
f 5024 5037 5046
f 4991 5006 5019
f 4587 4553 4574
f 4996 4982 4793
f 5066 5061 5059
f 5221 5230 5231
f 5068 5056 5057
f 3675 3676 3643
f 3663 3674 3675
f 4722 4558 4559
f 3579 3576 3590
f 3686 3676 3677
f 4422 4420 3499
f 5142 5141 5138
f 5078 5071 5075
f 3609 3589 3590
f 3288 3961 5411
f 5424 9024 5410
f 5152 5144 5156
f 3960 5704 5709
f 4946 4956 4957
f 3867 3903 5705
f 9026 9022 4113
f 5192 5193 5189
f 5161 5164 5194
f 3637 3698 3682
f 4392 5461 3847
f 3796 4114 4149
f 4104 3716 3727
f 3594 3595 3993
f 3796 3793 4134
f 3687 3688 4156
f 3760 3761 4164
f 4464 3344 3345
f 3485 3528 3868
f 3846 3845 5423
f 3409 4520 4496
f 3767 3768 3765
f 3711 3721 4159
f 3797 4132 4087
f 4072 4069 5562
f 4502 4076 5590
f 5408 5426 9027
f 5683 5695 5714
f 5702 3772 4110
f 5623 4042 4148
f 5428 3874 3525
f 3668 3803 3802
f 4000 4001 8938
f 4221 4222 4179
f 4267 4268 4388
f 3721 3722 4161
f 3903 5659 5706
f 3583 3580 4090
f 3894 5486 3524
f 4635 4638 4636
f 4173 5401 4009
f 4890 4666 5393
f 5290 5291 5293
f 5339 5340 5337
f 5458 5459 4438
f 3251 5419 5430
f 3252 5418 5419
f 3428 5420 5421
f 3571 5426 5418
f 4583 4582 4554
f 4239 4367 4224
f 3322 3898 5450
f 5309 5310 5306
f 4109 3728 3748
f 5707 3865 3794
f 5139 5184 5183
f 5271 5270 5290
f 5280 5283 5282
f 5110 5107 5125
f 5319 4864 4731
f 5334 5343 5339
f 5423 3522 3523
f 5376 5377 5378
f 4721 4681 4646
f 3719 4158 4159
f 4853 4854 4692
f 5373 5372 5330
f 4428 5457 5456
f 5376 5329 5328
f 3337 3367 4434
f 4692 4693 5395
f 5475 4172 4523
f 5478 3900 4068
f 5421 5404 4129
f 5374 5373 5375
f 5283 5299 5306
f 5246 5247 5234
f 5154 5149 5150
f 4458 5562 5561
f 5163 5159 5158
f 5381 5374 5378
f 3397 3394 5484
f 4457 5561 5563
f 5147 5143 5150
f 4474 4475 5544
f 5325 5318 5319
f 5223 5394 5388
f 5517 5700 3521
f 4499 5480 3347
f 5404 5403 4128
f 3476 5507 5506
f 4084 5516 5515
f 3900 5478 5477
f 5536 5564 5547
f 5491 5498 5493
f 5474 5472 4139
f 4063 4521 4522
f 4459 4460 5541
f 5548 5549 3360
f 5444 5445 5550
f 3888 3889 5415
f 5546 5547 3339
f 5536 5539 5538
f 3570 5513 5508
f 4471 4502 5589
f 4280 3848 3359
f 5499 4402 4403
f 5189 5193 5169
f 5543 4477 4478
f 4051 5551 5552
f 3461 5504 5507
f 4629 4630 4870
f 5106 5094 4909
f 5286 5281 5279
f 5462 5463 3364
f 3491 5511 5514
f 5224 5220 5231
f 4478 4459 5540
f 4099 4102 3742
f 4803 4806 4805
f 4130 5423 5422
f 4470 4471 4476
f 4924 4925 4921
f 4920 4921 4927
f 4993 4986 4987
f 4887 4888 4913
f 3894 3893 4070
f 5472 5474 5585
f 3508 4135 4134
f 3603 3600 4096
f 3772 3773 3992
f 5712 5664 5671
f 3739 3718 4162
f 5683 5668 3515
f 5480 4465 4495
f 5698 5699 5493
f 3578 3538 3996
f 3645 3646 4154
f 5660 3904 3466
f 4135 9026 5710
f 5587 5591 4073
f 5687 5689 5693
f 3584 3583 4091
f 5585 5583 5584
f 4128 5414 5415
f 4257 4254 4338
f 4222 4231 4178
f 4366 4365 4191
f 5098 5099 5091
f 5761 5757 5737
f 5760 5737 5738
f 8852 8842 5934
f 8874 8877 8855
f 8895 8897 8855
f 5884 5882 8842
f 4557 4554 4582
f 8890 8923 8917
f 8918 8926 8930
f 8924 8926 8915
f 4182 4181 4330
f 3864 5708 5711
f 3574 3317 3230
f 3342 3954 3415
f 3488 3486 3549
f 4317 4316 3953
f 3672 3659 4152
f 5708 3864 3865
f 9021 3703 3685
f 3621 3618 3616
f 5728 4422 4419
f 4311 4027 4028
f 4131 3917 3543
f 4426 3496 3842
f 4518 3956 4168
f 5457 5465 5464
f 5425 3560 3558
f 5458 4439 4437
f 3416 3414 5465
f 5638 9028 5437
f 3985 3986 5636
f 5646 5635 5636
f 9023 9025 3554
f 5722 5510 5514
f 3256 3933 3934
f 4164 3761 5734
f 8885 8918 8920
f 3282 3932 3929
f 3292 4394 3320
f 3232 3229 3300
f 3303 3236 3271
f 3562 5431 5432
f 3392 3387 3388
f 3854 5922 5350
f 5463 5462 5459
f 5935 3474 3885
f 3879 3415 3954
f 3928 3372 3391
f 4137 5559 4458
f 5454 5455 3850
f 3548 3490 3549
f 4443 4500 5470
f 4452 4505 4506
f 4468 3414 3415
f 4443 4440 3876
f 3234 3235 4515
f 5434 3895 3896
f 5448 5440 5441
f 5447 5446 5443
f 4442 5470 5471
f 5550 4056 3275
f 5578 5573 4520
f 3464 5667 5666
f 4701 4627 4839
f 3259 5398 4041
f 4015 4012 3423
f 3558 3323 3982
f 4856 4894 4823
f 4741 4652 4653
f 3759 3745 4106
f 3560 3289 3290
f 9024 5424 3557
f 5438 3279 3280
f 3321 3283 3290
f 5557 5483 4072
f 5553 3369 3396
f 4045 4141 4174
f 4539 4845 4849
f 3536 3480 3503
f 5478 5573 5574
f 3800 3797 3510
f 4755 4883 4886
f 5561 4454 5527
f 5752 5731 5732
f 5752 5750 5756
f 3518 5492 5493
f 3767 3762 4107
f 3534 3603 4097
f 4395 3572 3826
f 3926 4052 3371
f 4446 4510 5610
f 4050 5444 3980
f 8887 8846 8843
f 5649 5639 5640
f 4643 4644 4761
f 3709 3787 3784
f 4778 4659 4660
f 5649 3302 4054
f 5646 3232 3301
f 3250 3251 3910
f 5884 5886 5757
f 5655 5656 5936
f 4224 4227 4226
f 4043 4044 3412
f 4286 4289 4288
f 4267 4311 4310
f 4493 4079 4080
f 3325 5432 3226
f 3925 3371 3372
f 4312 4315 4314
f 3996 3997 3540
f 8908 8911 8912
f 4023 4026 4025
f 3995 3890 3891
f 5482 5556 5559
f 4486 3420 3921
f 4300 4285 4302
f 5438 5642 5644
f 3233 3932 3282
f 3225 3228 3227
f 5446 4400 5445
f 5554 3396 3397
f 4834 4833 4830
f 4064 3349 3350
f 3596 3599 3598
f 5639 5649 5648
f 5434 5431 5654
f 4895 4896 4830
f 3674 3677 3676
f 3551 3979 3978
f 3835 3836 3305
f 3813 3810 3702
f 3691 3711 4160
f 4109 4100 4101
f 4565 4187 4188
f 3490 3548 3547
f 3672 3646 3647
f 8906 8907 8912
f 3810 3812 3811
f 4051 4052 4397
f 3566 3599 4090
f 5580 5475 5476
f 4456 4457 5537
f 5539 5536 5546
f 8844 5934 8729
f 8872 8873 8874
f 4383 4301 4198
f 4931 4926 4927
f 5529 5530 5397
f 5314 5321 5323
f 5347 5332 5323
f 4711 4709 4599
f 5387 5388 5389
f 5259 5290 5292
f 5195 4806 4803
f 5195 5104 4746
f 4639 4865 4866
f 4821 4818 4681
f 3421 4037 5399
f 4730 4863 4601
f 4807 4651 4811
f 4040 4037 3421
f 4844 4841 4800
f 3936 3933 3929
f 4894 4798 4817
f 5365 5370 5383
f 4657 4656 4661
f 5224 5206 4770
f 5368 5383 5382
f 5336 5349 5352
f 5353 5356 5386
f 4070 4455 4454
f 5396 5397 3327
f 5225 5226 5312
f 5384 5382 5386
f 5391 4694 4695
f 4407 4410 4409
f 4623 4620 4880
f 5356 5353 5352
f 4578 4584 4859
f 3239 3875 3217
f 3937 3218 3333
f 4578 4575 4534
f 5467 5471 4505
f 4836 4828 4826
f 4422 5728 5721
f 3392 3393 5556
f 5564 5531 5565
f 3807 3808 3663
f 5922 3854 4392
f 3680 3695 3692
f 3630 3633 3632
f 4416 4417 5725
f 4033 3305 3836
f 3238 3220 4168
f 3466 3904 3483
f 3678 3677 3650
f 3677 3674 3649
f 3340 3337 4431
f 3562 3561 5656
f 5658 5654 5938
f 3642 3643 3640
f 3306 3303 3334
f 3256 3253 3280
f 8910 8891 8892
f 5868 5900 5898
f 8924 8923 8922
f 8935 8930 8925
f 8882 8906 8913
f 8925 8930 8926
f 5852 5849 5905
f 5136 5128 5124
f 4243 4363 4260
f 5238 5227 5228
f 5642 5639 5643
f 3924 3925 3928
f 5412 3521 5700
f 3750 3752 3751
f 3746 3752 3770
f 3859 3798 3861
f 3972 3973 3493
f 5923 8860 8861
f 4945 4946 4958
f 3296 3293 3286
f 3824 5403 3907
f 3671 3629 4154
f 4137 3343 5481
f 3614 3654 3802
f 3283 3284 3559
f 4936 4935 4934
f 5511 5723 5726
f 4170 4169 3926
f 3572 4393 3830
f 3459 3447 3858
f 3496 4426 4425
f 3457 3950 3436
f 3984 3983 3986
f 3914 3389 3386
f 5512 5724 5723
f 4500 4443 4483
f 4501 4502 4471
f 4503 4506 4505
f 4143 4144 4461
f 3331 3329 3222
f 4016 4015 4018
f 3998 3775 3776
f 4114 3796 5710
f 4405 5678 4406
f 5602 5604 5720
f 4767 4803 4804
f 4929 4933 4954
f 4410 4407 5665
f 3888 5700 5632
f 4048 4049 3977
f 3947 3211 3212
f 5676 5677 3472
f 5782 5785 5784
f 4315 4312 4311
f 5699 5518 5521
f 5864 5785 5825
f 5826 5827 5822
f 5775 5776 5805
f 3236 3233 3270
f 5823 5868 5859
f 4957 4848 4895
f 8868 8864 8865
f 4281 4392 3848
f 4940 4943 4971
f 4013 4014 4029
f 3685 3703 3701
f 4339 4340 4377
f 8891 8870 8872
f 3753 3750 3755
f 4427 4168 3220
f 3809 3806 3779
f 3568 4416 4418
f 3880 3987 3918
f 3543 3843 3842
f 4646 4649 4648
f 4656 4657 4597
f 4781 4876 4820
f 4972 4975 4974
f 5101 5102 5109
f 5095 5096 5115
f 5090 5127 5132
f 5131 5132 5134
f 5134 5132 5127
f 5117 5139 5140
f 3539 3862 3863
f 4006 3791 3792
f 5128 5091 5099
f 5097 5088 5089
f 5274 5266 5271
f 4571 4572 4569
f 4225 4531 4238
f 5156 5155 5170
f 4538 4541 4540
f 4622 4691 4665
f 4981 5011 5004
f 5012 4974 4975
f 5148 5147 5149
f 5157 5142 5133
f 5161 5155 5145
f 4261 4532 4242
f 5294 5295 5291
f 4255 4256 4532
f 5274 5259 5250
f 4246 4529 4207
f 3314 3924 3927
f 4670 4673 4672
f 4995 4904 4673
f 4638 4710 4603
f 4341 4295 4525
f 5163 5166 5165
f 4834 4783 4784
f 4784 4820 4682
f 4844 4843 4687
f 5280 5276 5275
f 4217 4572 4564
f 4554 4557 4556
f 4551 4552 4556
f 4549 4546 4544
f 5141 5142 5173
f 4653 4654 4683
f 4973 4974 4989
f 4984 5005 5015
f 5177 5172 5170
f 5166 5167 5181
f 5141 5184 5139
f 5178 5174 5151
f 5244 5202 5203
f 5252 5244 5245
f 4479 4031 4079
f 4402 4405 4404
f 3500 4418 4419
f 5856 5851 5909
f 4488 3913 3348
f 8851 8853 5885
f 3607 3608 5701
f 3508 3505 3503
f 5847 5858 5896
f 4374 4373 4309
f 3380 4439 4438
f 9025 9024 3553
f 5718 5717 4131
f 3300 3229 3283
f 5551 3275 3276
f 5552 3276 3369
f 5555 3397 5483
f 5859 5898 5896
f 4133 3793 3794
f 3606 3653 3652
f 4900 4852 4766
f 4616 4790 4789
f 3738 4165 4164
f 4774 4771 4642
f 4399 4485 3402
f 5853 5796 5795
f 3936 4518 4427
f 3418 3419 4064
f 5510 3488 3840
f 3270 3282 3279
f 3274 3275 4056
f 4359 4356 4305
f 4135 3508 3504
f 3610 3611 3609
f 3837 3556 3557
f 5940 3971 4401
f 5853 5804 5803
f 5725 5513 5515
f 3246 5410 4117
f 5713 5712 5672
f 4918 4961 4916
f 4148 3995 3771
f 5106 5105 5113
f 4147 9022 5709
f 5152 5172 5177
f 9026 4135 4111
f 5104 5195 5103
f 3531 3528 3485
f 3713 3716 3715
f 3699 3715 3815
f 4467 3345 4459
f 4703 4899 4736
f 5405 3399 3846
f 3555 3552 3963
f 4120 4116 5411
f 4217 4219 4185
f 3279 5438 5441
f 4944 4945 4959
f 4353 4337 4344
f 3815 3715 3716
f 3374 3371 4052
f 4491 4492 4516
f 5865 5824 5833
f 5819 5814 5856
f 5807 5851 5856
f 3933 3256 3281
f 3208 3205 3920
f 8907 8906 8902
f 5288 5308 5295
f 3728 3725 3747
f 3309 4084 4083
f 5119 5116 5101
f 3811 3785 3789
f 3595 3863 3992
f 4106 4102 4100
f 5696 5575 5576
f 3708 3755 3750
f 3744 3760 4165
f 5905 5891 5892
f 3403 4036 4175
f 4133 3997 3506
f 4147 4145 3544
f 3561 3562 3325
f 3237 3240 3239
f 4877 4878 4793
f 3241 3244 3243
f 3597 3624 3625
f 3279 3282 3281
f 3371 3374 3373
f 3599 3566 3567
f 3975 3976 4032
f 3277 3249 3250
f 3774 3564 3565
f 3658 3673 3780
f 4961 4962 4963
f 3600 3615 3616
f 4228 4229 4202
f 4011 4008 4318
f 4307 4304 4262
f 4838 4800 4841
f 4782 4783 4773
f 4914 4956 4946
f 4839 4609 4765
f 4771 4896 4645
f 4962 4965 4964
f 4966 4959 4963
f 3601 3612 3615
f 5878 5875 5879
f 5890 5880 5881
f 3720 3786 4158
f 4755 4756 4689
f 3740 3717 3718
f 5695 5685 5686
f 5740 5743 5742
f 5733 5735 5736
f 5755 5756 5750
f 5745 5763 5762
f 5798 5801 5800
f 4706 4880 4879
f 5651 5652 5619
f 5850 5794 5797
f 5804 5807 5806
f 4087 5708 5707
f 5915 5913 5914
f 5703 3860 4167
f 5893 5894 5896
f 5892 5893 5919
f 5706 5671 5664
f 5786 5789 5788
f 3973 4131 3841
f 4831 4832 4915
f 5906 5892 8858
f 4965 4967 4969
f 4684 4685 4846
f 3589 3609 3611
f 3596 3625 4150
f 5877 5880 5763
f 4121 4124 4123
f 3469 3465 3868
f 3204 3205 3208
f 3716 3713 3726
f 5460 9027 5426
f 3465 3469 3470
f 5738 5735 3764
f 4887 4654 4655
f 4203 4206 4205
f 3959 5705 4082
f 5758 5757 5886
f 5781 5869 5872
f 4675 4762 4723
f 3757 4164 5751
f 3334 3271 3272
f 8880 5926 5903
f 5615 5676 3473
f 5759 5761 5760
f 8845 8846 8848
f 5778 5781 5780
f 8857 8856 8849
f 4132 3797 3798
f 5839 5838 5841
f 560 1899 3187
f 5747 5874 4007
f 5928 5930 8840
f 5766 5769 5768
f 4848 4957 4956
f 4953 4968 4967
f 4832 4897 4910
f 5879 5764 5888
f 3598 3567 3530
f 5747 5729 5730
f 5754 5764 5748
f 5810 5813 5812
f 5758 5755 5749
f 4315 4388 4387
f 5917 5915 5916
f 5913 5909 5910
f 5930 8731 8841
f 4951 4955 4968
f 3209 3210 3201
f 4059 5424 3246
f 8731 5934 8842
f 3776 3582 3585
f 5770 5773 5772
f 5891 5894 5893
f 9028 5638 5641
f 5814 5817 5816
f 5662 5675 5673
f 3522 3525 3524
f 5630 5631 5942
f 5791 5792 5795
f 5746 3753 3754
f 5928 5929 5931
f 5743 5760 5739
f 5876 5874 5875
f 3678 8937 9021
f 4200 4208 4207
f 4114 3546 3916
f 3601 3602 3605
f 3818 3724 3712
f 3315 3318 3317
f 5899 5900 5902
f 8840 8841 5883
f 5562 4458 5559
f 4416 3568 3448
f 3189 3192 3191
f 4751 4890 4747
f 4181 4182 4180
f 3832 3942 5454
f 3362 3527 3526
f 5678 4405 5699
f 3497 3500 3499
f 448 1980 807
f 647 648 122
f 5690 3472 5677
f 4183 4186 4185
f 1833 1848 1780
f 5920 5895 5897
f 510 509 508
f 4401 3967 5944
f 5656 5397 5530
f 3970 3971 5940
f 5653 5658 5939
f 5450 5653 5946
f 3384 5633 5945
f 4403 4404 4299
f 5944 3967 3968
f 3963 5427 5951
f 5614 3473 3474
f 5427 3838 3857
f 3210 1949 1887
f 1887 15 3200
f 15 16 3197
f 16 3188 3195
f 3195 3188 3187
f 3194 3187 1899
f 3207 1899 375
f 387 173 126
f 3189 1791 1760
f 9029 763 757
f 763 9029 2172
f 9035 9034 9032
f 9033 9032 9031
f 9046 9049 9048
f 8751 9053 9054
f 9078 9076 9077
f 9083 9087 9051
f 9088 9089 9047
f 9099 9036 9040
f 9102 9034 9036
f 9105 9031 9032
f 9105 2176 9106
f 1801 1864 9108
f 9103 9032 9034
f 9096 9090 9047
f 1767 1768 9111
f 1597 9115 9113
f 1708 1707 9117
f 9123 9120 9119
f 9118 9119 9125
f 1588 1708 9116
f 2080 9123 9118
f 2082 9118 9124
f 9126 9129 9087
f 9129 9130 9088
f 5512 3492 5943
f 5634 3383 5488
f 5724 5512 5947
f 9134 9099 9097
f 9144 9103 9102
f 9133 9097 9096
f 786 9146 9144
f 9146 9105 9103
f 785 9144 9138
f 497 9138 9134
f 650 9134 9133
f 9148 564 9133
f 8756 9058 9057
f 9154 9151 9130
f 9151 9150 9131
f 9097 9040 9090
f 1799 9109 9111
f 5949 3968 3964
f 9160 9156 8809
f 8813 9162 9160
f 9166 463 564
f 9067 9058 9054
f 9162 9166 9148
f 9087 9088 9048
f 9081 9078 9079
f 9049 9052 9051
f 9082 9168 9167
f 9079 9077 9049
f 9169 9168 9175
f 9167 9115 9112
f 9168 9169 9177
f 9120 9117 9113
f 9120 9177 9169
f 9119 9169 9170
f 9179 9180 9125
f 9180 1576 9124
f 9178 9179 9170
f 1576 2101 2084
f 9179 9178 9183
f 3203 376 1387
f 3190 1387 1791
f 5618 2152 1949
f 317 240 259
f 2000 2176 9105
f 9053 9051 9052
f 9041 9040 9036
f 9029 758 756
f 9037 9036 9034
f 9130 9131 9089
f 3204 375 376
f 1801 9107 9109
f 9181 9187 9180
f 1575 9187 9190
f 9187 1575 1576
f 1776 1795 1796
f 1293 1294 1290
f 1326 14 1327
f 1294 1245 1234
f 878 1244 1330
f 5633 3401 5490
f 5933 3359 3360
f 5613 5634 5948
f 5604 5605 3844
f 3972 3494 5950
f 3494 3495 4322
f 4406 5676 5615
f 3492 3489 4292
f 5631 5503 5495
f 497 373 374
f 122 648 413
f 5624 5489 3398
f 9151 9154 9156
f 9058 8756 8752
f 9160 9162 9150
f 8815 9166 9162
f 9156 9126 8794
f 439 398 399
f 1512 1528 1526
f 1668 1741 1738
f 839 849 1362
f 1362 1357 826
f 3425 3417 3418
f 4905 5207 5243
f 4621 4622 4662
f 5582 5579 5574
f 4754 4757 4756
f 3902 3899 4021
f 9295 740 1896
f 2053 2054 2118
f 9340 9339 2120
f 696 697 9268
f 4922 4938 4939
f 4365 4366 4186
f 5105 5106 4862
f 5228 5227 5226
f 4781 4782 4877
f 5218 5227 5238
f 4990 4993 4992
f 4335 4337 4336
f 4993 4990 4972
f 4794 4793 4792
f 5886 5884 8852
f 5405 3892 5417
f 4669 4752 4764
f 4676 4697 4698
f 1826 1878 639
f 9192 9191 9181
f 5232 5228 5233
f 5418 4121 4122
f 956 885 886
f 5720 3844 3512
f 4728 4731 4730
f 8879 8866 8863
f 1980 806 1922
f 4969 4970 4966
f 33 34 105
f 9028 3253 3254
f 3837 3558 3839
f 4382 4300 4301
f 3908 3905 4122
f 4290 4295 4294
f 4400 3834 4055
f 3219 3222 3221
f 8894 8895 8877
f 4640 4736 4735
f 4389 4366 4216
f 3267 4479 4493
f 3268 3265 4463
f 5097 5111 5098
f 5094 5097 5096
f 5654 5655 5937
f 4089 5704 3960
f 5159 5163 5162
f 5202 5244 5249
f 5412 5415 5414
f 5715 3515 3516
f 5723 4426 4423
f 4263 4264 4323
f 3994 3529 3564
f 1343 1344 9308
f 3470 3514 5667
f 5659 5661 5671
f 3319 3828 4053
f 9359 2127 2128
f 1766 1581 1582
f 14 1326 2163
f 595 98 99
f 5703 3771 3772
f 5206 5224 5229
f 3437 3446 3458
f 5516 4084 3487
f 5122 5086 5087
f 3223 3297 3934
f 3979 9023 5402
f 3828 3319 3320
f 5663 3441 4081
f 4035 4489 4490
f 4426 5723 5724
f 3881 4452 4447
f 5407 5408 4118
f 5691 5688 5689
f 5661 5673 5672
f 5911 5918 8901
f 3902 4022 3871
f 5541 5538 5539
f 4069 4454 5561
f 3248 4394 3292
f 1346 1035 1044
f 748 1888 1425
f 3297 3228 3255
f 5445 4400 4056
f 5783 5784 5830
f 4310 4028 4376
f 5857 5854 5800
f 3882 5467 4452
f 3193 3208 3919
f 3190 3191 3206
f 4266 4269 4268
f 4488 3419 3420
f 3331 3939 3940
f 4282 4285 4284
f 4606 4608 4607
f 4628 4629 4708
f 4659 4732 4733
f 4615 4750 4829
f 4718 4714 4713
f 5722 4424 4421
f 3307 3462 3461
f 4686 4688 4634
f 3966 3548 3550
f 4738 4739 4875
f 3416 4429 3237
f 4527 4528 4208
f 5093 5121 5114
f 5124 5099 5086
f 5117 5118 5138
f 4631 4641 4640
f 5166 5163 5168
f 5185 5188 5187
f 5194 5190 5191
f 3245 4117 4118
f 5214 5215 5203
f 3230 3317 3318
f 5237 5234 5217
f 5250 5259 5258
f 5113 5112 5084
f 5270 5267 5269
f 4906 5125 5107
f 5271 5266 5267
f 5276 5277 5262
f 5153 5151 5174
f 5290 5270 5268
f 5306 5299 5303
f 5147 5148 5146
f 4585 4849 4856
f 3226 5435 5436
f 4473 4503 4504
f 5765 5756 8897
f 4529 4246 4247
f 8923 8924 8916
f 5713 5681 5682
f 3315 3897 3898
f 5564 5536 5537
f 4468 4440 4441
f 3738 3739 4163
f 4577 4859 4559
f 5567 3527 3366
f 3587 3584 4150
f 5471 5468 4504
f 5860 5769 5816
f 3516 3513 5558
f 5436 3985 5637
f 5050 5053 5083
f 5547 5565 3338
f 9023 3979 3295
f 5708 4087 4132
f 4104 3816 3814
f 3718 3719 4161
f 5498 5491 5679
f 3884 4431 4432
f 3955 4512 3877
f 4049 4062 4061
f 8892 8872 8875
f 4572 4217 4218
f 4440 4443 4442
f 4497 4511 3407
f 8906 8882 8881
f 5664 5712 5670
f 3751 4105 3706
f 3511 3735 3736
f 5129 5130 5116
f 5086 5099 5098
f 5135 5127 5128
f 5143 5146 5145
f 5168 5158 5136
f 5297 5241 5246
f 5164 5161 5160
f 5155 5161 5171
f 5137 5179 5167
f 5293 5308 5307
f 5513 3570 4083
f 4053 3828 3825
f 3228 3297 3298
f 3631 3632 3635
f 5689 5669 5670
f 5759 5762 5883
f 3793 4133 3507
f 4906 4908 4891
f 4719 4858 4901
f 3597 3598 4095
f 3352 4126 4125
f 9064 9057 9058
f 9076 9064 9067
f 9083 8766 8794
f 9131 9132 9096
f 9138 9102 9099
f 9154 9129 9126
f 9077 9067 9052
f 9053 8751 8766
f 9191 9190 9187
f 9082 9079 9046
f 9193 9175 9168
f 1284 1290 1288
f 9150 9148 9132
f 3841 3842 3496
f 3570 3569 3336
f 4027 4311 4312
f 4889 4876 4781
f 4041 4045 4044
f 4885 4884 4813
f 5419 4122 3905
f 4367 4368 4227
f 1778 1781 1780
f 1792 1759 1584
f 4308 4017 3869
f 4594 4723 4762
f 4767 4770 4769
f 5461 3365 3366
f 4763 4704 4716
f 4919 4918 4915
f 4300 4382 4334
f 5196 5199 5198
f 5158 5148 5135
f 5431 5434 5433
f 4545 4567 4571
f 4557 4558 4594
f 695 570 571
f 4156 4155 3626
f 4861 4673 4670
f 5681 5675 5674
f 5473 5475 5580
f 3622 3656 4152
f 5647 3573 3574
f 3674 3663 3808
f 4420 4145 3498
f 5675 5662 5666
f 3253 9028 5439
f 5870 5866 5917
f 8887 8920 8919
f 5862 5856 5913
f 3534 3593 3485
f 3313 4486 4484
f 9090 9193 9046
f 4871 4759 4695
f 3778 3777 3822
f 4889 4748 4874
f 4000 3783 3784
f 4897 4898 4911
f 3856 3857 3838
f 4772 4830 4896
f 4015 4016 4376
f 3433 3461 3476
f 4053 4054 3302
f 3367 5567 3363
f 3242 3829 3831
f 3441 3442 4082
f 4735 4736 4855
f 4756 4757 4737
f 3382 3385 3384
f 3698 3699 3697
f 4676 4679 4678
f 4948 4943 4941
f 4890 5394 4805
f 4757 4744 4745
f 4581 4221 4380
f 5716 3516 5932
f 4923 4920 4926
f 5077 5079 5081
f 5078 5082 5058
f 4009 5401 5400
f 5081 5082 5078
f 3930 3931 4513
f 4014 4376 4028
f 4025 4026 4020
f 3618 4093 4096
f 4581 4575 4576
f 4219 4217 4188
f 5440 5442 3335
f 5449 3982 3323
f 4229 4181 4177
f 4590 4213 4214
f 4227 4183 4184
f 4574 4901 4858
f 4565 4566 5453
f 4592 4555 4588
f 4590 4587 4573
f 3517 3518 5521
f 3845 5428 3522
f 4444 3340 3884
f 3982 5449 5533
f 4465 4466 4497
f 4520 4522 4521
f 4076 4073 5591
f 3635 3667 3666
f 3343 3344 4498
f 4022 4019 3870
f 3661 3607 4098
f 5691 5690 5697
f 3768 3766 5742
f 4514 3955 3956
f 3697 3815 3814
f 4394 3248 5460
f 4054 4053 4057
f 3284 3318 3323
f 4052 3926 4169
f 4447 4506 4510
f 4456 4460 3346
f 4483 3876 3877
f 4482 3877 4512
f 4492 4512 4513
f 5642 5438 5439
f 5448 5447 5442
f 5466 4441 3882
f 3340 4444 4445
f 8908 8909 8910
f 4397 4169 3835
f 5413 3520 3521
f 3234 3931 3932
f 5753 5765 8895
f 8896 8897 5756
f 8921 8922 8889
f 8915 8912 8911
f 3933 3936 3935
f 3620 3804 3657
f 3966 3969 3968
f 4905 4789 4769
f 3225 5436 5437
f 5433 3896 3984
f 5714 5686 5693
f 5435 3984 3985
f 3954 3956 3955
f 4713 4712 4632
f 4879 4635 4632
f 3983 3984 3896
f 9027 5460 3248
f 5871 5870 5912
f 5849 5846 5891
f 4702 4703 4640
f 4213 4590 4579
f 3644 3645 3688
f 9193 9090 9040
f 8920 8930 8935
f 5406 3846 4130
f 4140 5400 5401
f 5659 3903 3904
f 4772 4773 4783
f 4244 4247 4246
f 4061 5399 4037
f 3669 3804 3803
f 3459 3460 3209
f 4072 5483 5484
f 4835 4833 4834
f 5660 5662 5661
f 4262 4265 4264
f 3633 3630 3627
f 3685 3643 3676
f 4517 4515 3235
f 4145 4420 4085
f 5455 4438 5459
f 5638 5635 5640
f 3228 3225 3254
f 4044 4174 3411
f 3614 3615 3612
f 3273 3276 3275
f 4952 4962 4961
f 4959 4958 4960
f 4888 4655 4761
f 4254 4257 4256
f 4199 4202 4201
f 4499 4464 4465
f 5479 4495 4496
f 5952 5953 5954
f 5956 5957 5958
f 5959 5958 5960
f 5962 5963 5964
f 5966 5967 5968
f 5967 5970 5971
f 5963 5962 5961
f 5972 5965 5964
f 5974 5975 5976
f 5978 5979 5980
f 5982 5983 5984
f 5986 5987 5985
f 5988 5989 5990
f 5992 5993 5994
f 5996 5997 5998
f 6000 6001 6002
f 6004 6005 6006
f 6008 6009 6010
f 6012 6013 6014
f 6016 6017 6018
f 6020 6021 6022
f 6024 6025 6026
f 6028 6029 6030
f 6032 6033 6034
f 6036 6037 6038
f 6040 6041 6013
f 6042 6043 6044
f 5992 6046 6047
f 6048 6049 6050
f 6052 6053 6054
f 6056 6057 6058
f 6060 6061 5987
f 6062 6063 6064
f 6066 6067 6068
f 6070 6071 6027
f 6072 6073 6057
f 6075 6076 6077
f 6078 6079 6080
f 6082 6083 6054
f 6085 6078 6081
f 6087 6061 5990
f 6061 6087 6089
f 6089 6090 6091
f 6092 6091 6093
f 6095 5978 5981
f 6062 6082 6084
f 6097 6098 6035
f 6056 6049 6099
f 6100 6101 6102
f 6001 6000 6104
f 6107 6108 6109
f 6110 6111 6112
f 6114 6026 6025
f 6116 6117 6118
f 6120 6121 6122
f 6124 6125 6126
f 6128 6129 6101
f 6039 6130 6131
f 6132 6133 6134
f 6136 6137 6138
f 6139 6140 6141
f 6143 6144 6145
f 6148 6149 6150
f 6152 6153 6154
f 6155 6156 6157
f 6159 6160 6161
f 6163 6164 6165
f 6167 6168 6169
f 6171 6172 6173
f 6175 6176 6104
f 6178 6179 6180
f 6023 6182 6183
f 6184 6185 6186
f 6117 6116 6188
f 6190 6191 6192
f 6194 6070 6026
f 6195 6196 6191
f 6197 6198 6199
f 6201 6202 6203
f 6205 6206 6207
f 6209 6210 6201
f 6197 6200 6211
f 6212 6211 6213
f 5979 6215 6214
f 6203 6216 6217
f 6206 6199 6198
f 6218 5961 5962
f 5965 6220 6219
f 5972 3355 3354
f 6070 6194 6222
f 6224 6225 6226
f 6228 6229 6230
f 6232 6233 6234
f 6196 6195 6236
f 6071 6070 6223
f 6239 6240 6241
f 6243 6244 6245
f 6247 6073 6248
f 6250 6251 6252
f 6254 6255 6256
f 6258 6259 6260
f 6229 6262 6263
f 6264 6265 6242
f 6266 6267 6268
f 6270 6271 6272
f 6274 6275 6276
f 6195 6278 6279
f 6280 6278 6281
f 6283 6284 6285
f 6123 6122 6287
f 6289 6290 6291
f 6293 6294 6243
f 6240 6296 6297
f 6298 6299 6267
f 6300 6301 6302
f 6304 6305 6306
f 6251 6250 6308
f 6247 6310 6311
f 6313 6314 6315
f 6314 6313 6317
f 6319 6086 6320
f 6322 6087 6088
f 6216 6324 6258
f 6325 6326 6327
f 6217 6258 6261
f 6330 6071 6238
f 6071 6330 6048
f 6015 6332 6333
f 6079 6334 6335
f 6336 6294 6240
f 6294 6293 6296
f 6337 6338 6339
f 6341 6342 6343
f 6345 6346 6347
f 6266 6264 6349
f 6350 6351 6352
f 6295 6243 6246
f 6303 6355 6356
f 6357 6358 6359
f 6361 6362 6363
f 6365 6350 6353
f 6367 6368 6369
f 6371 6367 6370
f 6372 6373 6374
f 6375 6374 6373
f 6376 6377 6378
f 6379 6380 6381
f 6383 6384 6385
f 6387 6388 6389
f 6391 6392 6393
f 6395 6396 6397
f 6398 6399 6400
f 6399 6401 6402
f 6403 6402 6401
f 6405 6406 6407
f 6409 6410 6411
f 6367 6371 6413
f 6374 6375 6415
f 6417 6418 6384
f 6419 6420 6348
f 6421 6422 6423
f 6425 6426 6400
f 6426 6427 6395
f 6393 6396 6428
f 6429 6430 6394
f 6390 6389 6431
f 6433 6434 6408
f 6435 6436 6437
f 6439 6440 6411
f 6392 6391 6441
f 6397 6392 6442
f 6401 6399 6444
f 6446 6447 6437
f 6448 6449 6450
f 6452 6453 6454
f 6442 6441 6456
f 6443 6442 6457
f 6444 6459 6460
f 6445 6444 6461
f 6463 6464 6462
f 6446 6445 6462
f 6466 6467 6468
f 6448 6451 6470
f 6453 6452 6472
f 6474 6475 6476
f 6478 6479 6480
f 6482 6483 6484
f 6486 6487 6488
f 6490 6491 6492
f 6493 6492 6494
f 6496 6497 6498
f 6500 6501 6502
f 6504 6505 6506
f 6508 6468 6509
f 6511 6512 6513
f 6499 6514 6515
f 6516 6517 6518
f 6520 6521 6522
f 6524 6507 6525
f 6507 6524 6527
f 6504 6527 6528
f 6528 6511 6508
f 6529 6530 6531
f 6342 6533 6534
f 6535 6347 6346
f 6347 6535 6537
f 6434 6538 6539
f 6539 6540 6405
f 6541 6542 6451
f 6543 6544 6470
f 6546 6478 6481
f 6499 6498 6548
f 6549 6550 6514
f 6551 6552 6553
f 6555 6556 6557
f 6403 6436 6423
f 6426 6425 6413
f 6415 6560 6428
f 6430 6429 6561
f 6434 6433 6420
f 6563 6564 6565
f 6404 6401 6445
f 6459 6444 6399
f 6455 6454 6388
f 6405 6450 6449
f 6540 6541 6450
f 6567 6495 6568
f 6570 6464 6463
f 6475 6474 6490
f 6458 6457 6571
f 6573 6571 6574
f 6576 6577 6578
f 6193 6192 6580
f 6582 6583 6584
f 6583 6582 6586
f 6588 6589 6587
f 6590 6069 6068
f 6592 6593 6594
f 6251 6310 6595
f 6304 6596 6597
f 6272 3735 6599
f 3737 3736 6558
f 6600 6161 6160
f 6123 6602 6603
f 6604 6605 6606
f 6608 6205 6208
f 5972 6221 6220
f 6610 6611 6612
f 6613 6614 6615
f 6242 6617 6618
f 6226 6619 6245
f 6620 6621 6622
f 6624 6143 6146
f 6626 6213 6211
f 6627 6628 6629
f 6631 6632 6633
f 6235 6635 6636
f 6637 6638 6639
f 6641 6625 6286
f 6643 6644 6645
f 6647 6648 6649
f 6244 6243 6294
f 6336 6651 6652
f 6194 6196 6237
f 6196 6194 6114
f 6115 6192 6191
f 6653 6654 6655
f 6657 6117 6189
f 6117 6657 6659
f 6130 6157 6156
f 6133 6152 6151
f 6661 6111 6662
f 6663 6613 6616
f 6664 6270 6273
f 6418 6417 6432
f 6290 6325 6328
f 6666 6557 6556
f 6557 6666 3805
f 5971 6667 6668
f 6181 6669 6670
f 6671 6672 6673
f 6676 6673 6672
f 6675 6150 6149
f 6067 6066 5999
f 6677 6678 6679
f 6681 6682 6683
f 6087 6322 6090
f 5983 5982 6685
f 5982 6094 6687
f 6094 6093 6688
f 6211 6200 6137
f 6689 6690 6691
f 6690 6689 3833
f 6001 5983 6686
f 5978 6693 6215
f 6694 6693 5978
f 5974 6694 6095
f 6183 6182 6696
f 6698 5959 5961
f 5959 6698 6699
f 6697 6696 6700
f 6702 6629 6703
f 5968 6668 6705
f 6706 5977 5955
f 6707 6618 6617
f 6024 6051 6709
f 6402 6403 6559
f 3852 6711 6712
f 3856 6594 6593
f 5977 6706 6694
f 6713 5955 5977
f 6714 6715 6716
f 6718 6719 6308
f 6720 6255 6254
f 6722 6723 6724
f 6312 6311 6726
f 6069 6590 6728
f 6319 6594 6730
f 6731 6645 6644
f 6732 6733 6734
f 6046 6053 6320
f 3880 3805 6666
f 6736 6737 6738
f 6531 6740 6741
f 6300 6356 6614
f 6742 6532 6325
f 6743 6742 3891
f 6744 6302 6301
f 6746 6747 6534
f 6536 6576 6579
f 6535 6579 6563
f 6566 6538 6537
f 6538 6566 6409
f 6412 6540 6539
f 6412 6748 6541
f 6748 6749 6542
f 6749 6569 6545
f 6568 6750 6547
f 6751 6752 6548
f 6753 6754 6550
f 6755 6756 6757
f 6759 6760 6761
f 6763 6764 6765
f 6764 6620 6623
f 6766 6767 6768
f 6770 6771 6772
f 6774 6775 6776
f 6021 6774 6777
f 6723 6778 6779
f 6780 6781 6782
f 6784 6785 6786
f 6788 6789 6790
f 6185 6792 6793
f 6794 6722 6725
f 6729 6796 6098
f 6135 6797 6798
f 6799 6062 6065
f 6037 6801 6802
f 6005 6004 6588
f 6005 6803 6804
f 6052 6055 6010
f 6586 6582 6803
f 6092 5985 5987
f 6094 5982 5985
f 6096 6806 6695
f 6082 6062 6799
f 6657 6013 6041
f 6013 6657 6658
f 6795 6725 6807
f 6809 6810 6811
f 6813 6814 6815
f 6817 6818 6819
f 6821 6822 6823
f 6329 6209 6204
f 6202 6825 6826
f 6072 6099 6827
f 6598 6829 6305
f 6301 6300 6613
f 6830 6831 6271
f 6822 6779 6778
f 6326 6741 6832
f 6203 6826 6833
f 6027 6048 6051
f 6360 6834 6835
f 6836 6837 6838
f 6837 6840 6841
f 6362 6365 6366
f 6380 6385 6384
f 6421 6564 6578
f 6566 6565 6410
f 6394 6389 6388
f 6414 6422 6368
f 6371 6374 6416
f 6561 6560 6378
f 6382 6381 6562
f 6381 6384 6418
f 6389 6394 6430
f 6391 6388 6454
f 6441 6454 6453
f 6456 6453 6473
f 6495 6494 6750
f 6843 6575 6485
f 6844 6845 6843
f 6573 6845 6847
f 6849 6491 6487
f 6513 6753 6752
f 6517 6521 6850
f 6521 6520 6851
f 6844 6851 6852
f 6505 6504 6510
f 6753 6513 6512
f 6516 6522 6521
f 6614 6740 6854
f 6742 6262 4003
f 6708 6617 6855
f 6307 6306 6857
f 6307 6664 6665
f 6414 6413 6425
f 6416 6415 6427
f 6562 6418 6431
f 6419 6537 6538
f 6358 6836 6839
f 6059 6058 6859
f 6861 6862 6863
f 6865 6866 6867
f 6115 6025 6869
f 6871 6872 6873
f 6721 6254 6596
f 6876 6610 6556
f 6877 6663 6552
f 6551 6878 6268
f 6879 6855 6265
f 6239 6618 6651
f 6230 6263 6619
f 6171 6670 6669
f 6106 6109 6882
f 6883 6884 6822
f 6759 6184 6187
f 6725 6724 6785
f 6885 6795 6808
f 6886 6887 6888
f 6701 6700 6756
f 6884 6786 6779
f 6715 6714 6309
f 6889 6259 6890
f 6743 3890 4042
f 6270 6664 6893
f 6386 6894 6895
f 6895 6348 6420
f 6897 6432 6417
f 6897 6433 6407
f 6390 6898 6899
f 6900 6899 6406
f 6455 6900 6901
f 6902 6903 6904
f 6482 6903 6905
f 6501 6906 6907
f 6496 6515 6908
f 6532 6531 6326
f 6532 6742 6743
f 6612 6910 6735
f 6611 6911 6910
f 6626 5980 5979
f 6704 6912 6105
f 6913 6590 6591
f 6915 6794 6795
f 6229 6228 4067
f 6263 6290 6289
f 6745 6301 6663
f 6916 6771 6757
f 6885 6918 6165
f 6920 6780 6783
f 6921 6922 6923
f 6925 6921 6924
f 6927 6928 6929
f 6931 6932 6933
f 6935 6936 6937
f 6939 6940 6941
f 6943 6944 6945
f 6947 6948 6949
f 6944 6943 6951
f 6953 6954 6955
f 6957 6958 6959
f 6961 6962 6929
f 6964 6965 6966
f 6968 6969 6970
f 6969 6948 6955
f 6972 6943 6946
f 6974 6975 6976
f 6978 6979 6980
f 6940 6939 6982
f 6984 6985 6986
f 6988 6989 6990
f 6992 6990 6989
f 6994 6995 6996
f 6998 6999 7000
f 7002 7003 7004
f 7006 7007 7008
f 7010 7011 7012
f 7014 7015 7016
f 7018 7019 6999
f 7020 7021 7022
f 7024 7025 7026
f 7028 7029 7030
f 7032 7033 7034
f 7003 7002 7036
f 7038 7039 7040
f 6993 6989 7030
f 7042 7043 7044
f 7046 7047 7007
f 7011 7010 7048
f 7050 7051 7052
f 7054 7015 7014
f 7015 7054 7056
f 6621 6620 7045
f 7049 7048 6775
f 7051 7050 6021
f 7055 6697 6701
f 7054 6701 6755
f 6764 6763 7047
f 7020 7058 7059
f 7060 7061 7062
f 6958 7064 7065
f 6925 7066 7067
f 7068 6931 6934
f 7069 6988 6991
f 7071 6995 7072
f 7074 7075 7076
f 7078 7079 7080
f 7014 7017 7082
f 7084 7085 7086
f 7025 7028 7031
f 7085 7084 7072
f 7089 7084 7087
f 7055 7014 7083
f 7090 7087 6770
f 7092 7093 7094
f 7091 6183 6697
f 6770 7087 7086
f 7095 7094 6767
f 7096 7061 6980
f 7098 6941 6940
f 7058 7020 7023
f 7101 6927 6930
f 6974 7060 7063
f 7103 6968 6971
f 7105 6978 6981
f 7106 7107 7036
f 7109 7048 7010
f 7111 7019 7018
f 7098 7003 7037
f 7048 7109 7112
f 7113 6993 7041
f 6994 7114 7115
f 6965 7116 6923
f 6975 6922 6945
f 7061 7096 7065
f 6954 6953 6933
f 6763 7112 7109
f 7046 7045 6620
f 6947 7117 7067
f 6758 7086 7056
f 7118 7119 7039
f 7038 7069 7070
f 7106 7120 7121
f 7123 7124 7053
f 7123 7052 7083
f 7045 7046 7006
f 7107 7106 7122
f 7091 7083 7052
f 7091 7051 6020
f 6936 7096 7097
f 7125 6957 6960
f 6774 6021 7050
f 7119 6939 6942
f 7019 7002 7005
f 7011 7053 7124
f 7021 7126 7040
f 7114 7029 7016
f 7053 7011 7049
f 7086 7085 7057
f 6993 7113 7127
f 7075 7127 7113
f 4281 4280 6603
f 6012 6333 7129
f 7130 6083 6584
f 6797 7132 7133
f 6074 7134 7135
f 6789 6760 6173
f 6760 6789 6776
f 7136 6802 6801
f 6914 6671 6674
f 7007 7110 7059
f 7099 7004 7003
f 6984 7103 7104
f 7110 7007 7047
f 6333 6583 6587
f 5956 6699 6667
f 5957 5956 5971
f 7137 6715 6308
f 4292 4293 6718
f 6693 6705 6668
f 6215 6668 6667
f 6214 6667 6699
f 6698 6197 6212
f 6219 6207 6198
f 6207 6219 6220
f 6220 6221 6609
f 6262 6229 4066
f 7138 7139 7140
f 4298 7142 7140
f 7143 7144 7145
f 7147 7148 7144
f 7149 7150 7151
f 7150 7152 7153
f 6329 6261 7154
f 6261 6260 7155
f 7156 6829 7157
f 6598 6597 7159
f 6257 6256 7161
f 6256 4322 4321
f 6693 6694 6706
f 5954 5969 6705
f 5953 5966 5969
f 7163 5984 5983
f 7164 7165 6138
f 7167 7168 7169
f 6141 7171 7172
f 7166 7171 7173
f 6141 6140 7174
f 7176 7177 7178
f 7180 7181 7182
f 7184 7185 7186
f 6631 7180 7183
f 6218 6198 6197
f 6625 6641 7189
f 6814 6813 7190
f 6882 7192 7193
f 7195 7196 6109
f 6888 7197 7198
f 7200 7201 7202
f 7176 6627 6630
f 6029 7184 7187
f 7205 7206 7207
f 7209 7210 7211
f 7203 7202 7213
f 6886 7215 6778
f 6031 6030 7215
f 7216 7217 7218
f 7220 7221 6880
f 6076 6075 7220
f 6074 6077 6672
f 6147 6150 6662
f 7223 6662 6111
f 6810 6809 6113
f 6920 7134 6914
f 6077 6660 6675
f 6660 6077 6076
f 7222 7220 6669
f 7224 7222 6181
f 6660 6662 6150
f 7225 7226 6794
f 6783 6782 7225
f 6781 6780 6068
f 7217 7227 7228
f 6031 6888 7199
f 6887 6886 6723
f 6164 7225 6915
f 6780 6920 6591
f 7134 6074 6671
f 7229 7230 6824
f 7187 7186 7230
f 7226 6887 6722
f 7231 7232 6169
f 7201 7231 7233
f 6107 7234 7235
f 7215 7229 6823
f 6030 7187 7229
f 7236 7216 7219
f 7237 7238 6820
f 7237 7208 7207
f 7239 7240 7241
f 6739 7243 7244
f 7245 7239 7242
f 7233 6169 6168
f 7247 7213 7202
f 7195 6108 7203
f 7248 7249 7250
f 7227 7251 7252
f 7253 6067 5998
f 6067 7253 7198
f 6781 7198 7197
f 5984 7163 6683
f 7254 7250 6678
f 6679 7249 7252
f 6887 7226 7197
f 6782 7197 7226
f 7135 6919 6163
f 7221 7220 6075
f 6661 6076 7222
f 7224 6112 6111
f 6180 6810 6112
f 6179 6811 6810
f 6811 6179 6793
f 6650 6792 6622
f 6766 6621 7044
f 7095 7044 7043
f 7092 7043 7121
f 7078 7120 7255
f 7256 7232 7257
f 6768 6772 7259
f 6773 6767 7094
f 7090 7094 7093
f 7089 7093 7080
f 7071 7079 7032
f 7077 7018 6998
f 6995 7071 7260
f 7077 7076 7261
f 7035 7034 7018
f 7108 7019 7111
f 6978 7105 7262
f 7105 7263 7264
f 7263 6944 6952
f 6990 6992 6951
f 6972 7117 7266
f 7117 6947 6950
f 6948 6969 7267
f 6969 6968 6982
f 7103 6984 6987
f 7005 7004 6986
f 6999 7005 7268
f 7269 7270 7271
f 7274 7272 7275
f 7274 7273 7276
f 7278 7279 7280
f 7282 7283 7284
f 7286 7287 7288
f 7290 7291 7292
f 7294 7295 7296
f 7068 7297 7298
f 7300 7301 7302
f 7304 6962 7305
f 7307 7285 7305
f 7309 7284 7283
f 7311 7312 7313
f 7125 7304 7306
f 7285 7307 7280
f 7277 7281 7303
f 6965 6964 7316
f 7318 7312 7316
f 7320 7321 7271
f 7312 7318 7296
f 7270 7269 7298
f 7311 7270 7322
f 6961 6932 7300
f 7323 7324 7325
f 7327 7064 7328
f 7064 6958 7325
f 7287 7330 7292
f 6931 7068 7299
f 7331 7327 7329
f 7332 7333 7334
f 7336 7337 7338
f 7340 7341 7333
f 7342 7341 7343
f 7345 7346 7347
f 7348 7349 7350
f 7352 7353 7354
f 7356 7357 7358
f 7360 7361 7362
f 7365 7366 7367
f 7368 7369 7370
f 7372 7373 7336
f 7373 7375 7337
f 7367 7366 7376
f 7378 7379 7380
f 7382 7383 7384
f 7386 7387 7385
f 7388 7389 7390
f 7392 7334 7333
f 7394 7395 7396
f 7398 7399 7400
f 7402 7403 7404
f 7406 7407 7408
f 7410 7411 7383
f 7412 7413 7414
f 7385 7416 7417
f 7389 7418 7419
f 7373 7420 7421
f 7420 7373 7372
f 7369 7423 7424
f 7399 7398 7397
f 7393 7333 7341
f 7398 7358 7357
f 7358 7398 7401
f 7428 7429 7430
f 7433 7434 7435
f 7363 7362 7436
f 7383 7438 7439
f 7411 7440 7438
f 7441 7442 7443
f 7445 7446 7339
f 7374 7336 7339
f 7444 7365 7364
f 7448 7364 7450
f 7364 7367 7451
f 7451 7367 7377
f 7449 7450 7454
f 7455 7454 7450
f 7456 7455 7451
f 7410 7457 7458
f 7460 7461 7462
f 7423 7369 7462
f 7464 7465 7466
f 7468 7469 7347
f 7376 7366 7471
f 7425 7397 7396
f 7475 7476 7477
f 7478 7479 7480
f 7482 7483 7407
f 7484 7485 7351
f 7487 7405 7488
f 7490 7491 7492
f 7412 7415 7434
f 7494 7495 7434
f 7496 7388 7391
f 7440 7411 7498
f 7401 7400 7488
f 7485 7346 7345
f 7500 7502 7427
f 7395 7394 7469
f 7503 7504 7505
f 7507 7508 7509
f 7511 7512 7513
f 7511 7514 7515
f 7517 7518 7519
f 7521 7522 7523
f 7352 7524 7525
f 7415 7414 7527
f 7528 7529 7530
f 7404 7531 7502
f 7477 7388 7496
f 7512 7478 7481
f 7405 7404 7500
f 7533 7534 7535
f 7378 7507 7510
f 7532 7496 7379
f 7539 7540 7541
f 7524 7352 7355
f 7351 7485 7501
f 7414 7524 7523
f 7522 7543 7527
f 7544 7413 7412
f 7546 7416 7547
f 7526 7549 7353
f 7550 7521 7355
f 7521 7550 7551
f 7552 7546 7548
f 7546 7552 7553
f 7522 7521 7548
f 7418 7556 7520
f 7416 7546 7554
f 7457 7557 7558
f 7557 7559 7560
f 7562 7561 7563
f 7564 7563 7349
f 7351 7350 7565
f 7567 7568 7569
f 7570 7555 7520
f 7419 7418 7555
f 7572 7564 7348
f 7389 7476 7556
f 7573 7490 7493
f 7552 7535 7534
f 7562 7574 7536
f 7572 7575 7576
f 7422 7577 7578
f 7423 7579 7580
f 7579 7423 7463
f 7578 7574 7576
f 7583 7584 7381
f 7586 7579 7581
f 7533 7580 7579
f 7447 7339 7338
f 7588 7502 7531
f 7590 7428 7431
f 7321 7320 7592
f 7275 7581 7463
f 7461 7278 7276
f 7279 7278 7461
f 7453 7454 7593
f 7594 7593 7454
f 7330 7287 7498
f 7459 7458 7294
f 7558 7560 7595
f 7560 7592 7320
f 7275 7321 7585
f 7462 7276 7273
f 7596 7583 7380
f 7597 7598 7406
f 7467 7466 7599
f 7601 7602 7603
f 7605 7365 7444
f 7365 7605 7606
f 7607 7495 7494
f 7513 7481 7473
f 7396 7395 7514
f 7514 7395 7468
f 7470 7609 7515
f 7610 7611 7609
f 7612 7556 7476
f 7613 7530 7529
f 7442 7441 7615
f 7574 7578 7577
f 7619 7400 7399
f 7518 7479 7509
f 7491 7399 7425
f 7549 7620 7621
f 7491 7490 7622
f 7377 7438 7440
f 7379 7496 7497
f 7453 7461 7460
f 7411 7410 7459
f 7623 7624 7391
f 7625 7611 7610
f 7487 7407 7483
f 7619 7622 7408
f 7627 7628 7620
f 7538 7379 7378
f 7389 7388 7477
f 7629 7545 7412
f 7489 7408 7407
f 7628 7627 7598
f 7413 7525 7524
f 7592 7560 7559
f 7584 7631 7632
f 7569 7568 7633
f 7570 7508 7566
f 7631 7567 7566
f 7508 7570 7519
f 7614 7573 7480
f 7346 7610 7470
f 7572 7574 7562
f 7571 7633 7634
f 7346 7485 7484
f 7607 7591 7431
f 7585 7592 7630
f 7624 7596 7497
f 7635 7386 7384
f 7636 7427 7502
f 7323 7309 7310
f 7420 7578 7582
f 7637 7594 7455
f 7287 7286 7499
f 7458 7558 7295
f 7439 7376 7472
f 7599 7601 7604
f 7359 7358 7427
f 7436 7638 7639
f 7490 7573 7640
f 7481 7480 7493
f 7641 7506 7505
f 7642 7643 7627
f 7492 7425 7473
f 7517 7612 7625
f 7625 7484 7486
f 7634 7623 7390
f 7474 7477 7532
f 7448 7368 7441
f 7368 7448 7449
f 7615 7441 7368
f 7638 7603 7602
f 7575 7572 7501
f 7571 7555 7570
f 7400 7619 7489
f 7508 7507 7632
f 7503 7506 7540
f 6957 7125 7315
f 7376 7439 7438
f 7507 7378 7381
f 7499 7456 7452
f 7286 7637 7456
f 7504 7642 7644
f 7645 7598 7627
f 7647 7634 7633
f 7647 7648 7623
f 7649 7624 7623
f 7650 7596 7624
f 7646 7633 7568
f 7651 7568 7567
f 7653 7652 7567
f 7651 7654 7655
f 7656 7657 7658
f 7660 7658 7657
f 7663 7657 7656
f 7664 7665 7663
f 7667 7666 7663
f 7667 7662 7668
f 7663 7665 7661
f 7670 7671 7672
f 7661 7672 7671
f 7659 7668 7662
f 7648 7647 7668
f 7648 7659 7673
f 7659 7658 7674
f 7658 7660 7675
f 7668 7647 7646
f 7660 7671 7676
f 7675 7677 7678
f 7677 7675 7676
f 7677 7680 7681
f 7682 7683 7678
f 7677 7679 7684
f 7673 7674 7678
f 7683 7650 7649
f 7685 7676 7671
f 7667 7655 7686
f 7666 7686 7687
f 7654 7688 7686
f 7689 7687 7686
f 7664 7687 7691
f 7650 7692 7583
f 7693 7653 7631
f 7584 7583 7692
f 7693 7692 7682
f 7694 7682 7681
f 7694 7696 7653
f 7650 7683 7682
f 7696 7697 7652
f 7654 7651 7652
f 7688 7654 7697
f 7699 7698 7697
f 7700 7701 7698
f 7695 7699 7696
f 7699 7695 7702
f 7689 7688 7698
f 7689 7701 7703
f 7705 7706 7707
f 7701 7700 7705
f 7704 7703 7707
f 7685 7670 7691
f 7687 7689 7704
f 7680 7702 7695
f 7684 7706 7702
f 7702 7706 7705
f 7684 7679 7707
f 7676 7685 7707
f 7665 7669 7672
f 7670 7669 7690
f 7665 7664 7690
f 7611 7475 7474
f 7510 7509 7479
f 7511 7538 7537
f 7516 7532 7538
f 7517 7530 7613
f 7537 7510 7478
f 7611 7625 7612
f 7613 7480 7479
f 7556 7612 7517
f 7516 7515 7609
f 7708 7709 7710
f 7712 7713 7714
f 7713 7716 7717
f 7719 7720 7721
f 7722 7723 7597
f 7724 7712 7715
f 7726 7727 7728
f 7731 7640 7573
f 7730 7573 7614
f 7733 7734 7735
f 7721 7712 7724
f 7731 7722 7409
f 7708 7726 7729
f 7737 7724 7709
f 7716 7741 7736
f 7742 7743 7744
f 7740 7736 7735
f 7717 7716 7740
f 7716 7713 7720
f 7748 7749 7711
f 7750 7748 7710
f 7720 7719 7751
f 7734 7723 7728
f 7709 7724 7725
f 7752 7753 7715
f 7739 7709 7708
f 7720 7713 7712
f 7749 7754 7755
f 7745 7744 7756
f 7746 7727 7742
f 7743 7742 7755
f 7727 7746 7735
f 7747 7756 7757
f 7753 7750 7725
f 7751 7621 7620
f 7757 7752 7714
f 7718 7721 7737
f 7747 7740 7746
f 7727 7726 7755
f 7726 7708 7711
f 7759 7757 7756
f 7759 7760 7752
f 7760 7761 7753
f 7761 7762 7750
f 7758 7756 7744
f 7763 7744 7743
f 7754 7765 7764
f 7763 7766 7767
f 7768 7769 7770
f 7772 7768 7771
f 7775 7768 7772
f 7776 7777 7775
f 7779 7778 7775
f 7775 7777 7769
f 7770 7769 7781
f 7782 7774 7772
f 7760 7759 7782
f 7760 7773 7783
f 7773 7771 7784
f 7770 7785 7784
f 7779 7774 7782
f 7782 7759 7758
f 7785 7770 7780
f 7785 7787 7788
f 7787 7785 7786
f 7787 7790 7791
f 7792 7793 7788
f 7787 7789 7794
f 7793 7783 7784
f 7762 7761 7783
f 7796 7786 7780
f 7795 7780 7781
f 7779 7767 7798
f 7799 7776 7778
f 7766 7800 7798
f 7800 7801 7799
f 7802 7776 7799
f 7795 7797 7802
f 7762 7804 7748
f 7805 7765 7754
f 7749 7748 7804
f 7805 7804 7792
f 7806 7792 7791
f 7806 7808 7765
f 7793 7792 7804
f 7808 7809 7764
f 7766 7763 7764
f 7766 7809 7810
f 7811 7810 7809
f 7812 7813 7810
f 7807 7811 7808
f 7811 7807 7814
f 7813 7801 7800
f 7801 7813 7815
f 7817 7818 7819
f 7813 7812 7817
f 7816 7815 7819
f 7796 7795 7803
f 7799 7801 7816
f 7790 7814 7807
f 7794 7818 7814
f 7814 7818 7817
f 7794 7789 7819
f 7786 7796 7819
f 7777 7797 7781
f 7777 7776 7802
f 7528 7719 7718
f 7729 7728 7723
f 7738 7731 7730
f 7732 7737 7739
f 7733 7620 7628
f 7722 7731 7738
f 7621 7751 7719
f 7628 7597 7723
f 7733 7736 7741
f 7732 7614 7529
f 7486 7565 7621
f 7549 7565 7350
f 7353 7350 7349
f 7354 7349 7563
f 7821 7822 7823
f 7824 7825 7826
f 7825 7828 7829
f 7830 7831 7832
f 7834 7824 7827
f 7836 7837 7838
f 7840 7482 7406
f 7841 7406 7598
f 7843 7844 7845
f 7833 7824 7834
f 7848 7820 7836
f 7847 7834 7821
f 7828 7851 7846
f 7853 7854 7855
f 7850 7846 7845
f 7829 7828 7850
f 7828 7825 7832
f 7858 7859 7823
f 7860 7858 7822
f 7831 7861 7851
f 7844 7862 7838
f 7834 7835 7822
f 7863 7864 7827
f 7849 7821 7820
f 7825 7824 7833
f 7859 7865 7866
f 7855 7854 7867
f 7837 7852 7855
f 7865 7853 7852
f 7837 7856 7845
f 7857 7867 7868
f 7864 7860 7835
f 7843 7861 7642
f 7868 7863 7826
f 7830 7833 7847
f 7857 7850 7856
f 7837 7836 7866
f 7836 7820 7823
f 7870 7868 7867
f 7870 7871 7863
f 7871 7872 7864
f 7872 7873 7860
f 7869 7867 7854
f 7874 7854 7853
f 7876 7875 7853
f 7874 7877 7878
f 7879 7880 7881
f 7883 7879 7882
f 7886 7879 7883
f 7887 7888 7886
f 7890 7889 7886
f 7886 7888 7880
f 7891 7881 7880
f 7884 7893 7885
f 7871 7870 7893
f 7871 7884 7894
f 7884 7882 7895
f 7882 7881 7896
f 7890 7885 7893
f 7893 7870 7869
f 7881 7891 7897
f 7898 7899 7895
f 7900 7898 7896
f 7901 7902 7899
f 7904 7899 7902
f 7898 7900 7905
f 7894 7895 7899
f 7904 7873 7872
f 7907 7897 7891
f 7906 7891 7892
f 7890 7878 7909
f 7910 7887 7889
f 7877 7911 7909
f 7912 7910 7909
f 7887 7910 7914
f 7906 7908 7913
f 7873 7915 7858
f 7916 7876 7865
f 7859 7858 7915
f 7916 7915 7903
f 7917 7903 7902
f 7917 7919 7876
f 7873 7904 7903
f 7919 7920 7875
f 7877 7874 7875
f 7911 7877 7920
f 7922 7921 7920
f 7923 7924 7921
f 7918 7922 7919
f 7922 7918 7925
f 7924 7912 7911
f 7912 7924 7926
f 7928 7929 7930
f 7924 7923 7928
f 7927 7926 7930
f 7907 7906 7914
f 7910 7912 7927
f 7901 7925 7918
f 7905 7929 7925
f 7925 7929 7928
f 7905 7900 7930
f 7897 7907 7930
f 7888 7908 7892
f 7888 7887 7913
f 7645 7643 7831
f 7839 7838 7862
f 7841 7849 7848
f 7842 7847 7849
f 7504 7503 7844
f 7839 7931 7840
f 7643 7642 7861
f 7503 7539 7862
f 7846 7851 7861
f 7842 7598 7645
f 7932 7933 7934
f 7936 7937 7938
f 7937 7940 7941
f 7942 7943 7944
f 7947 7948 7949
f 7950 7936 7939
f 7953 7954 7955
f 7956 7957 7958
f 7956 7959 7540
f 7962 7963 7964
f 7936 7950 7965
f 7946 7949 7958
f 7966 7932 7952
f 7965 7950 7933
f 7968 7940 7969
f 7970 7971 7972
f 7974 7968 7964
f 7941 7940 7968
f 7940 7937 7944
f 7976 7977 7935
f 7978 7976 7934
f 7943 7979 7969
f 7947 7954 7963
f 7933 7950 7951
f 7980 7981 7939
f 7967 7933 7932
f 7937 7936 7945
f 7977 7982 7983
f 7973 7972 7984
f 7953 7970 7973
f 7982 7971 7970
f 7974 7963 7954
f 7975 7984 7985
f 7981 7978 7951
f 7961 7979 7544
f 7985 7980 7938
f 7942 7945 7965
f 7975 7968 7974
f 7952 7983 7970
f 7952 7932 7935
f 7987 7985 7984
f 7987 7988 7980
f 7988 7989 7981
f 7989 7990 7978
f 7986 7984 7972
f 7991 7972 7971
f 7993 7992 7971
f 7986 7991 7994
f 7997 7998 7999
f 8000 7996 7999
f 8003 7996 8000
f 8005 8003 8006
f 8007 8006 8003
f 7996 8003 8005
f 7998 7997 8009
f 8010 8002 8000
f 7988 7987 8010
f 7988 8001 8011
f 8011 8001 7999
f 7998 8013 8012
f 8007 8002 8010
f 8010 7987 7986
f 8013 7998 8008
f 8015 8016 8012
f 8017 8015 8013
f 8018 8019 8016
f 8021 8016 8019
f 8015 8017 8022
f 8011 8012 8016
f 8021 7990 7989
f 8023 8024 8014
f 8023 8008 8009
f 8007 7995 8026
f 8026 8027 8004
f 8028 8026 7995
f 8029 8027 8026
f 8030 8004 8027
f 8023 8025 8030
f 7990 8032 7976
f 8033 7993 7982
f 7976 8032 8033
f 8034 8033 8032
f 8035 8034 8020
f 8034 8036 7993
f 7990 8021 8020
f 8036 8037 7992
f 7991 7992 8037
f 7994 8037 8038
f 8039 8038 8037
f 8040 8041 8038
f 8035 8039 8036
f 8039 8035 8042
f 8041 8029 8028
f 8029 8041 8043
f 8045 8046 8047
f 8041 8040 8045
f 8044 8043 8047
f 8024 8023 8031
f 8027 8029 8044
f 8042 8035 8019
f 8022 8046 8042
f 8042 8046 8045
f 8017 8047 8046
f 8014 8024 8047
f 8005 8025 8009
f 8005 8004 8030
f 7506 7641 7943
f 7954 7947 7946
f 7967 7966 7957
f 7960 7965 7967
f 7948 7947 7962
f 7955 7946 7957
f 7641 7544 7979
f 7969 7979 7961
f 7960 7540 7506
f 7362 8049 8050
f 8052 7618 7464
f 8051 7464 7467
f 8054 8055 7600
f 8056 7361 7618
f 7436 8050 8057
f 8049 7362 7361
f 8057 8058 7603
f 8055 8053 7467
f 8058 8054 7604
f 8059 8060 8058
f 8060 8061 8054
f 8061 8062 8055
f 8062 8063 8053
f 8059 8057 8050
f 8064 8050 8049
f 8056 8066 8065
f 8059 8064 8067
f 8069 8070 8071
f 8073 8069 8072
f 8075 8069 8073
f 8077 8078 8075
f 8075 8079 8070
f 8079 8080 8081
f 8082 8071 8070
f 8083 8076 8073
f 8061 8060 8083
f 8061 8074 8084
f 8074 8072 8085
f 8072 8071 8086
f 8077 8076 8083
f 8083 8060 8059
f 8071 8082 8087
f 8088 8089 8085
f 8090 8088 8086
f 8091 8092 8089
f 8094 8089 8092
f 8088 8090 8095
f 8084 8085 8089
f 8094 8063 8062
f 8097 8087 8082
f 8096 8082 8081
f 8077 8068 8098
f 8099 8100 8078
f 8101 8098 8068
f 8102 8099 8098
f 8100 8099 8104
f 8096 8080 8103
f 8075 8078 8100
f 8079 8100 8103
f 8105 8051 8053
f 8066 8056 8052
f 8051 8105 8106
f 8107 8106 8105
f 8108 8107 8093
f 8107 8109 8066
f 8063 8094 8093
f 8109 8110 8065
f 8064 8065 8110
f 8067 8110 8111
f 8112 8111 8110
f 8113 8114 8111
f 8108 8112 8109
f 8112 8108 8115
f 8114 8102 8101
f 8102 8114 8116
f 8118 8119 8120
f 8114 8113 8118
f 8117 8116 8120
f 8097 8096 8104
f 8099 8102 8117
f 8091 8115 8108
f 8095 8119 8115
f 8115 8119 8118
f 8095 8090 8120
f 8087 8097 8120
f 7550 7563 7561
f 7552 7551 7561
f 7931 7862 7539
f 7640 7409 7408
f 7549 7526 7644
f 7525 7413 7544
f 7931 7542 7482
f 7483 7482 7542
f 7626 7402 7405
f 7629 7433 7432
f 7629 8121 7949
f 8122 7958 7949
f 8123 8122 8121
f 8124 8123 7432
f 7434 7495 8125
f 8125 7430 8124
f 8124 7430 7429
f 8123 8124 8126
f 8122 8123 8127
f 7541 7540 7959
f 7404 7403 8129
f 8125 7495 7431
f 7526 7525 7505
f 7626 7483 7541
f 7959 7958 8122
f 7961 7545 8048
f 7629 7948 8048
f 8127 7402 7626
f 7402 8127 8126
f 8129 7403 8126
f 7428 7531 8129
f 7589 7531 7428
f 7334 7392 7426
f 7335 7334 7357
f 7616 7615 7446
f 7392 7397 7398
f 7393 7394 7397
f 7342 7469 7394
f 7344 7347 7469
f 7343 7618 7361
f 7360 7345 7344
f 7363 7575 7345
f 7437 7576 7575
f 7582 7576 7437
f 7421 7582 7639
f 7375 7421 7602
f 7599 7337 7375
f 7465 7464 7618
f 7332 7447 7587
f 7447 7332 7335
f 7445 7335 7356
f 7359 7442 7616
f 7636 7443 7442
f 7588 7605 7443
f 7589 7606 7605
f 7590 7471 7606
f 7471 7590 7591
f 7446 7615 7371
f 7371 7370 7372
f 7422 7372 7370
f 7577 7422 7424
f 7536 7577 7580
f 7591 7607 7635
f 7607 7608 7386
f 7543 7608 7494
f 7547 7387 7543
f 7608 7543 7387
f 7387 7547 7416
f 7457 7410 7382
f 7557 7457 7417
f 7559 7557 7554
f 7630 7559 7553
f 7534 7533 7586
f 7466 7338 7337
f 7465 7587 7338
f 7617 7340 7587
f 7341 7340 7617
f 8130 6091 6090
f 6023 6022 8132
f 6182 6023 8133
f 6623 6622 6792
f 6787 6696 6182
f 8134 6700 6696
f 6917 6757 6756
f 6762 6761 7112
f 6762 6765 6184
f 6765 6623 6185
f 6650 6769 6768
f 6772 6771 6916
f 6777 6776 6789
f 6022 6777 6788
f 6756 6700 8134
f 6758 6757 6771
f 6761 6776 6775
f 6769 6622 6621
f 6772 6768 6767
f 6174 6173 6760
f 6187 6186 6178
f 6811 6649 6648
f 6786 6785 6724
f 6791 6790 6918
f 6186 6793 6179
f 6808 6807 8133
f 6884 6883 8135
f 6174 6187 6670
f 6807 6785 6784
f 6791 6808 8132
f 6786 6884 8134
f 6790 6173 6172
f 6649 6793 6792
f 6316 6315 8136
f 8137 6655 6654
f 8139 8140 6601
f 6656 6655 6580
f 6868 8141 8142
f 6316 6712 6711
f 6864 8143 8144
f 6864 6863 8145
f 6868 6867 6869
f 6656 6867 6866
f 8146 8147 8148
f 8139 8150 8151
f 8152 8153 6866
f 8154 8155 8138
f 6874 6873 8156
f 8158 6318 8159
f 8160 8152 6865
f 8161 6317 6313
f 6161 6600 8162
f 8164 8154 6654
f 8153 8164 6653
f 8165 8166 8167
f 8166 5989 8169
f 5989 5988 8170
f 5988 6017 8171
f 8172 8173 6043
f 8174 8175 6032
f 8174 6035 6098
f 8176 6098 6796
f 8177 6796 8178
f 7132 8178 6728
f 6589 6588 8180
f 8180 6588 6004
f 8181 6004 6007
f 6334 6079 6731
f 6079 6078 6645
f 6078 6085 6646
f 6085 8183 8184
f 6091 8130 8185
f 6086 6730 8183
f 6950 6949 7118
f 6952 6951 6992
f 6983 6982 6968
f 6987 6986 7004
f 7001 7000 6979
f 7001 7262 7074
f 7262 7264 7075
f 7264 6952 7127
f 7265 6951 6943
f 7265 7266 6991
f 7266 6950 7070
f 6949 7267 7119
f 7267 6982 6939
f 6983 6987 7099
f 7268 6986 6985
f 7000 7268 8186
f 6938 6937 6985
f 6946 6945 6922
f 6956 6955 6948
f 6971 6970 6928
f 6970 6955 6954
f 6973 6946 6921
f 6977 6976 7263
f 6981 6980 7061
f 6973 7067 7117
f 7097 6980 6979
f 7104 6971 6927
f 6977 6981 7060
f 6976 6945 6944
f 6956 7067 7066
f 6937 7097 8186
f 6938 7104 7101
f 6924 6923 7116
f 6926 6924 7297
f 6930 6929 6962
f 6934 6933 6953
f 6960 6959 6936
f 6963 6929 6928
f 6967 6966 6975
f 7063 7062 7327
f 6959 7065 7096
f 6926 6934 7066
f 7102 6930 7304
f 6967 7063 7331
f 6966 6923 6922
f 7062 7065 7064
f 6963 6933 6932
f 7102 6960 6935
f 7299 7298 7269
f 7301 7300 6932
f 7306 7305 7285
f 7308 7305 6962
f 7315 7306 7284
f 7317 7316 7312
f 7319 7316 6964
f 7322 7298 7297
f 7317 7322 7116
f 7308 7300 7303
f 7326 7325 6958
f 7329 7328 7291
f 7328 7325 7324
f 7301 7299 8187
f 7319 7329 7290
f 7326 7315 7309
f 7272 7271 7321
f 7272 7274 8187
f 7274 7277 7302
f 7281 7280 7307
f 7283 7282 7593
f 7289 7288 7324
f 7293 7292 7330
f 7293 7296 7318
f 7310 7283 7594
f 7314 7313 7595
f 7282 7280 7279
f 7278 7281 7277
f 7314 7271 7270
f 7313 7296 7295
f 7288 7292 7291
f 7289 7310 7637
f 6003 6002 6626
f 6003 6138 7165
f 6690 8188 8189
f 6686 6685 5981
f 6685 6687 6096
f 6687 6688 6806
f 6002 6686 5980
f 6606 8188 5351
f 7164 7173 8190
f 8192 7175 7174
f 6015 6014 8153
f 6189 6188 8155
f 8157 8156 6284
f 6332 6015 8152
f 6593 6592 6317
f 6658 6189 8154
f 6014 6658 8164
f 6332 8194 7131
f 6805 8159 6321
f 6146 8163 8162
f 6607 7128 8195
f 8196 6126 6125
f 8198 7169 7168
f 8199 7168 6633
f 7177 6632 8201
f 8202 8203 8204
f 7208 7186 7185
f 7237 7230 7186
f 6819 6824 7230
f 6818 6821 6824
f 8206 6883 6821
f 8207 6917 8135
f 6917 8207 8209
f 8209 8210 7259
f 8210 8211 6647
f 6812 6648 8212
f 6809 6812 7258
f 6809 7257 8213
f 6113 8213 8214
f 7235 7223 6110
f 7223 7235 7234
f 6147 7234 8215
f 6148 8215 8216
f 8218 6155 6158
f 8219 6285 6116
f 6284 6188 6116
f 6188 6284 8156
f 8155 8156 6873
f 8138 6873 6872
f 8137 6872 8148
f 6193 8147 6281
f 6190 6281 6278
f 8220 8221 8222
f 8224 8225 7139
f 6223 6222 8226
f 6237 6236 8228
f 6238 6223 8227
f 6249 6248 8231
f 6253 6252 8233
f 6236 6279 8221
f 6331 6238 8230
f 6252 6595 8236
f 6222 6237 8229
f 6828 6827 8237
f 6280 8239 8240
f 8208 8135 6883
f 6648 6647 8211
f 6143 6624 8242
f 6624 7189 8244
f 8245 8246 8247
f 8249 8250 8251
f 7195 8253 8254
f 7214 8255 8253
f 8256 8255 7214
f 7243 7211 8257
f 7210 8258 8257
f 8259 7181 6102
f 8261 6122 6121
f 8178 7132 8263
f 7132 6797 8264
f 6797 6135 8265
f 6135 6134 8266
f 6134 6151 8267
f 6151 6154 8268
f 6154 8269 8270
f 8269 8271 8272
f 7194 7193 8273
f 7193 8250 8275
f 8249 8259 8260
f 8248 8277 8278
f 6129 6128 8279
f 7169 8198 8197
f 8198 8190 8192
f 7171 6141 7175
f 6589 6801 7129
f 6801 6037 6040
f 6037 6036 6041
f 6036 6131 6659
f 6131 6156 6118
f 6156 6155 6119
f 8218 8219 6119
f 8219 8218 6815
f 7191 7189 6641
f 8246 8244 7189
f 8245 8278 8281
f 8280 8279 6288
f 6125 6124 7170
f 6288 6127 6602
f 6126 8196 6604
f 8196 8193 6605
f 7174 6140 6691
f 6691 6140 6139
f 7171 7166 8283
f 7172 8283 8284
f 6139 6142 8284
f 8285 8286 8287
f 8211 8210 8289
f 8290 8291 8292
f 8293 8294 8291
f 8293 8207 8208
f 8296 8297 8298
f 6818 6817 8296
f 8285 7256 7258
f 7243 8299 7212
f 7243 6739 8300
f 8301 8300 6739
f 8302 8256 7213
f 8303 8302 7247
f 8304 8303 6168
f 6738 8298 8297
f 8288 8287 6167
f 8304 8292 8291
f 8305 8291 8294
f 6737 6736 8306
f 6736 7244 8307
f 8243 8242 8308
f 8242 8244 8282
f 8247 8246 7191
f 7196 8254 8251
f 8253 8310 8311
f 8255 8312 8310
f 8313 8312 8255
f 7244 8257 8313
f 8313 8257 8258
f 8312 8258 8314
f 8315 8311 8310
f 8311 8315 8316
f 8282 8281 8317
f 8308 8317 8261
f 8309 8261 8262
f 8248 8247 8275
f 8282 8244 8246
f 8307 8313 8256
f 8306 8307 8302
f 8305 8306 8303
f 8298 6738 6737
f 8287 8292 8304
f 7253 8319 7199
f 8319 8320 6028
f 8320 8321 6029
f 8321 8322 7184
f 8322 8203 7185
f 8203 8202 7205
f 8202 7240 7206
f 7239 7245 7210
f 7251 7227 8319
f 7227 7217 8320
f 7217 7216 8321
f 7216 7236 8322
f 7236 8204 8203
f 6175 8199 8200
f 7165 7164 8191
f 6137 8283 7166
f 6200 6199 8283
f 6199 6206 8284
f 8284 6206 6205
f 6205 6608 6689
f 6689 6608 5485
f 7009 7008 8323
f 7013 7012 7021
f 7017 7016 7029
f 7013 7059 7110
f 7073 7072 7084
f 7081 7080 7093
f 7082 7017 7028
f 7088 7072 6995
f 7088 7115 7057
f 7122 7121 7043
f 7124 7123 7024
f 7082 7025 7024
f 7009 7122 7042
f 7012 7124 7126
f 7115 7016 7015
f 7008 7059 7058
f 7081 7121 7120
f 7073 7080 7079
f 6997 6996 7076
f 7023 7022 6942
f 7027 7026 7069
f 7031 7030 6989
f 7079 7078 7033
f 7037 7036 7107
f 7027 7040 7126
f 7041 7030 7029
f 7026 7031 6988
f 7100 7023 6941
f 7108 7036 7002
f 7100 7037 8323
f 6997 7041 7114
f 7022 7040 7039
f 7111 7034 7033
f 7035 7261 7260
f 7261 7076 6996
f 7108 7255 7120
f 7245 8314 8258
f 7246 8315 8314
f 7181 8259 8316
f 8277 6101 6129
f 8278 6129 8280
f 6287 8317 8281
f 6122 8261 8317
f 5487 6145 6144
f 5489 6159 6162
f 6637 8324 8325
f 8326 8325 8225
f 5494 7139 8225
f 6160 6159 8150
f 5496 8324 8151
f 8163 8327 6162
f 6146 6145 8327
f 8243 8328 6144
f 8328 8243 8309
f 8318 8262 5501
f 8262 6121 5502
f 8329 8330 8331
f 8333 8334 8335
f 8338 8182 6007
f 8329 8334 8339
f 8341 6334 6734
f 6006 8342 8337
f 8342 6006 6804
f 6065 6064 8339
f 5995 5994 8341
f 6918 6172 6166
f 7221 6163 6166
f 6172 6171 6880
f 8344 5952 5955
f 5519 5976 5975
f 6806 8345 8346
f 6646 8184 8347
f 8165 8348 8349
f 6322 8350 8131
f 8345 6806 6688
f 6695 8346 5975
f 5976 5519 5528
f 5529 8130 8131
f 6643 8347 8352
f 8183 5533 5532
f 5534 8185 8130
f 6730 5535 5533
f 8351 6688 6093
f 5535 6730 6594
f 8353 8354 6652
f 8354 8353 8355
f 8357 8358 6825
f 8359 8357 6202
f 6224 8354 8356
f 6275 8361 8362
f 6201 6210 7143
f 7146 8363 8359
f 8357 8359 8363
f 8355 8365 8366
f 8361 8360 8368
f 8356 8355 8367
f 8370 8371 8372
f 8220 8373 7145
f 6275 6274 6228
f 5558 4067 6228
f 8375 8369 8367
f 8362 8368 8376
f 8378 8379 8380
f 8363 7146 8382
f 8384 8378 8381
f 8382 8373 8386
f 8383 8387 8364
f 6226 6225 6231
f 6231 6225 8361
f 6636 8388 8389
f 6635 8390 8388
f 8390 6635 5576
f 8379 8378 6232
f 8378 8384 6233
f 8384 8391 8371
f 8372 8392 8393
f 7138 8240 8239
f 8224 8239 8394
f 8146 6638 8394
f 6638 6637 8326
f 6340 6339 6299
f 6747 6338 6577
f 6344 6343 6346
f 6342 6341 6355
f 6353 6352 6349
f 6337 6351 6369
f 6360 6359 6328
f 6358 6357 6386
f 6364 6363 6293
f 6362 6361 6376
f 6366 6353 6297
f 6350 6365 6372
f 6533 6342 6303
f 6534 6536 6346
f 6744 6746 6533
f 6536 6534 6747
f 6357 6835 6894
f 6341 6834 6832
f 6839 6838 6292
f 6837 6836 6380
f 6838 6841 6354
f 6361 6840 6377
f 6363 6366 6296
f 6365 6362 6373
f 6359 6839 6291
f 6836 6358 6385
f 6481 6480 6902
f 6484 6483 6501
f 6477 6488 6487
f 6849 6467 6492
f 6494 6492 6467
f 6547 6481 6544
f 6750 6751 6546
f 6494 6466 6751
f 6843 6484 6500
f 6845 6573 6575
f 6489 6488 6847
f 6474 6487 6491
f 6483 6905 6906
f 6493 6463 6465
f 6471 6470 6544
f 6472 6482 6485
f 6476 6475 6461
f 6470 6451 6542
f 6570 6567 6569
f 6495 6567 6463
f 6475 6465 6462
f 6572 6848 6477
f 6574 6571 6457
f 6569 6568 6543
f 6575 6574 6473
f 6471 6904 6901
f 6469 6468 6508
f 6498 6497 6479
f 6503 6502 6518
f 6489 6506 6505
f 6467 6849 6509
f 6546 6548 6498
f 6549 6548 6752
f 6752 6751 6466
f 6503 6850 6846
f 6850 6851 6844
f 6507 6506 6852
f 6486 6505 6509
f 6502 6907 6909
f 6858 6893 6664
f 8396 8397 6611
f 6833 8398 6324
f 8399 6826 6825
f 6831 6830 8401
f 6707 6833 6826
f 8398 8403 6890
f 6858 6857 8404
f 8405 8396 6610
f 6830 6893 6553
f 8397 6892 6911
f 8400 6825 8358
f 8358 8357 8364
f 8406 8364 8387
f 8389 8408 8380
f 8389 8388 8409
f 8388 8390 8410
f 5575 5597 8410
f 6665 6273 8411
f 8412 8413 6720
f 8413 5602 5601
f 8411 8414 8413
f 6262 6742 6290
f 5602 8413 8414
f 7141 7140 7142
f 8393 8222 8241
f 8227 8226 7147
f 8229 8228 8374
f 8230 8227 7151
f 8232 8231 8415
f 8234 8233 8417
f 8221 8220 8374
f 8235 8230 7153
f 8233 8236 8420
f 8226 8229 7148
f 8238 8237 8421
f 7141 8393 8240
f 6581 6580 6655
f 6640 6639 8140
f 6710 6709 8141
f 6717 6716 6712
f 6860 6859 8143
f 6870 6869 6867
f 6717 8136 6726
f 6870 6580 6192
f 6860 8145 6050
f 6710 6869 6025
f 6639 8149 6871
f 6640 8151 8324
f 6581 8148 8147
f 5615 5614 6234
f 7144 7148 8374
f 7144 7143 6210
f 7150 7149 6210
f 7152 7150 6209
f 7152 7154 8419
f 7154 7155 8421
f 7158 7157 8415
f 7160 7159 8420
f 7162 7161 8418
f 7161 4321 5616
f 8370 6234 6233
f 8373 8382 7146
f 8392 8391 8386
f 8391 8392 8372
f 5617 8344 6713
f 5973 5618 3355
f 8345 5620 5619
f 3880 6735 6910
f 8351 5622 5620
f 8346 5619 5520
f 5621 6910 6911
f 5622 8351 8185
f 8150 5624 5497
f 8423 8424 8425
f 8427 6516 6519
f 8429 8430 8431
f 6523 8432 8433
f 8434 8435 8436
f 8438 8435 8434
f 8438 8440 6511
f 8441 8442 8424
f 8427 8443 8430
f 8444 8428 8445
f 8447 8425 8424
f 8449 8443 8444
f 8451 8431 8430
f 8453 8437 8454
f 8456 8434 8437
f 8439 8434 8456
f 8448 8424 8442
f 8452 8430 8443
f 8425 8447 8459
f 8460 8461 8462
f 8464 8465 8466
f 8468 8469 8470
f 8472 8473 8474
f 8476 8477 8478
f 8480 8481 8482
f 8484 8485 8486
f 8485 8488 8489
f 8490 8491 8481
f 8492 8493 8494
f 8495 8494 8496
f 8498 8499 8500
f 8502 8501 8500
f 8504 8505 8506
f 8508 8509 8510
f 8513 8508 8511
f 8507 8506 8514
f 8516 8517 8518
f 8520 8517 8516
f 8522 8523 8524
f 8526 8527 8522
f 8528 8529 8530
f 8532 8530 8529
f 8534 8535 8536
f 8538 8539 8534
f 8464 8482 8481
f 8483 8540 8541
f 8542 8485 8484
f 8487 8543 8540
f 8488 8485 8542
f 8545 8546 8486
f 8481 8491 8466
f 8547 8545 8489
f 8548 8494 8493
f 8549 8550 8502
f 8551 8496 8494
f 8497 8541 8552
f 8469 8500 8499
f 8547 8541 8497
f 8469 8468 8503
f 8501 8502 8550
f 8460 8504 8507
f 8552 8553 8506
f 8554 8511 8510
f 8549 8552 8505
f 8554 8555 8512
f 8513 8556 8550
f 8461 8507 8515
f 8557 8556 8513
f 8558 8516 8519
f 8559 8560 8527
f 8521 8516 8558
f 8553 8562 8517
f 8477 8525 8524
f 8520 8523 8557
f 8476 8526 8525
f 8527 8560 8556
f 8563 8529 8528
f 8564 8539 8531
f 8533 8529 8563
f 8562 8567 8530
f 8473 8537 8536
f 8559 8562 8532
f 8472 8538 8537
f 8560 8534 8539
f 8463 8462 8555
f 8544 8542 8467
f 8470 8551 8548
f 8475 8474 8566
f 8479 8478 8561
f 8484 8487 8483
f 8490 8489 8488
f 8503 8493 8492
f 8498 8497 8496
f 8504 8510 8509
f 8515 8514 8513
f 8519 8518 8527
f 8521 8524 8523
f 8528 8531 8539
f 8533 8536 8535
f 8467 8484 8482
f 8487 8486 8546
f 8544 8466 8491
f 8480 8541 8547
f 8493 8503 8468
f 8495 8552 8549
f 8551 8470 8499
f 8501 8545 8547
f 8460 8463 8510
f 8508 8550 8549
f 8555 8462 8515
f 8506 8553 8557
f 8519 8526 8476
f 8517 8562 8559
f 8561 8478 8524
f 8522 8556 8557
f 8475 8528 8538
f 8567 8565 8531
f 8566 8474 8536
f 8560 8559 8535
f 8442 8441 8568
f 6512 8570 8568
f 8570 8440 8571
f 8426 6515 6514
f 8428 8444 8443
f 6522 8429 8432
f 8437 8436 8433
f 6524 8436 8435
f 6528 6527 8435
f 8423 6514 6550
f 8429 6522 6516
f 6515 8426 8445
f 8441 6550 6754
f 8570 8572 8569
f 8440 8570 6512
f 8569 8573 8458
f 8574 8575 8572
f 8572 8575 8573
f 8453 8576 8577
f 8576 8453 8455
f 8452 8579 8580
f 8573 8581 8582
f 8575 8583 8581
f 8584 8583 8575
f 8571 8439 8457
f 8439 8571 8440
f 8585 8586 8587
f 8587 8589 8590
f 8589 8591 8592
f 8591 8593 8594
f 8593 8595 8596
f 8595 8597 8598
f 8599 8600 8586
f 8601 8602 8600
f 8603 8604 8602
f 8605 8606 8598
f 8607 8608 8604
f 8609 8610 8608
f 8611 8612 8610
f 8606 8605 8612
f 8613 8614 8589
f 8614 8615 8591
f 8615 8616 8593
f 8616 8617 8595
f 8617 8618 8597
f 8619 8620 8617
f 8620 8621 8618
f 8620 8622 8623
f 8624 8625 8626
f 8626 8623 8622
f 8620 8619 8628
f 8622 8628 8629
f 8627 8629 8630
f 8632 8633 8634
f 8636 8634 8633
f 8637 8638 8636
f 8639 8633 8632
f 8633 8639 8641
f 8635 8641 8642
f 8642 8643 8644
f 8645 8638 8637
f 8586 8646 8613
f 8600 8647 8646
f 8616 8615 8648
f 8615 8614 8649
f 8613 8650 8649
f 8651 8650 8613
f 8647 8652 8651
f 8652 8653 8654
f 8602 8655 8647
f 8655 8656 8652
f 8656 8657 8653
f 8653 8658 8659
f 8658 8660 8661
f 8644 8662 8663
f 8664 8661 8662
f 8661 8664 8666
f 8666 8667 8654
f 8667 8650 8651
f 8668 8605 8597
f 8669 8668 8618
f 8670 8669 8621
f 8671 8670 8623
f 8671 8626 8625
f 8625 8631 8673
f 8636 8674 8675
f 8638 8676 8674
f 8645 8677 8676
f 8645 8663 8678
f 8679 8680 8660
f 8657 8679 8658
f 8583 8584 8648
f 8650 8581 8583
f 8667 8582 8581
f 8666 8681 8582
f 8664 8682 8681
f 8682 8664 8665
f 8684 8685 8643
f 8684 8642 8641
f 8639 8580 8579
f 8580 8639 8640
f 8629 8577 8576
f 8604 8686 8655
f 8608 8687 8686
f 8610 8688 8687
f 8612 8689 8688
f 8605 8668 8689
f 8690 8689 8668
f 8691 8688 8689
f 8692 8687 8688
f 8693 8686 8687
f 8656 8655 8686
f 8694 8690 8669
f 8695 8691 8690
f 8696 8692 8691
f 8697 8693 8692
f 8657 8656 8693
f 8697 8698 8679
f 8696 8699 8698
f 8696 8695 8700
f 8694 8701 8700
f 8670 8671 8701
f 8702 8701 8671
f 8701 8702 8703
f 8703 8704 8699
f 8699 8704 8705
f 8698 8705 8680
f 8672 8673 8706
f 8675 8674 8707
f 8674 8676 8709
f 8709 8676 8677
f 8677 8678 8711
f 8712 8713 8710
f 8702 8706 8714
f 8713 8712 8714
f 8707 8709 8716
f 8717 8716 8713
f 8710 8713 8716
f 8708 8707 8717
f 8546 8601 8599
f 8546 8545 8603
f 8550 8607 8603
f 8556 8609 8607
f 8560 8611 8609
f 8564 8606 8611
f 8565 8598 8606
f 8565 8567 8596
f 8567 8562 8594
f 8562 8553 8592
f 8553 8552 8590
f 8590 8552 8541
f 8540 8585 8588
f 8543 8599 8585
f 8684 8449 8450
f 8579 8452 8449
f 8682 8447 8448
f 8447 8682 8683
f 8681 8448 8458
f 8584 8718 8619
f 8628 8718 8577
f 8457 8456 8577
f 8574 8457 8718
f 7134 6920 6919
f 6164 6163 6919
f 5485 6608 6609
f 3832 5351 8188
f 5921 6609 6221
f 5922 4281 7128
f 6439 8719 8720
f 8720 8719 6570
f 6570 8719 8721
f 6439 6447 8721
f 6727 6058 6057
f 6312 6057 6073
f 6828 6248 6073
f 6877 6268 6267
f 6745 6267 6299
f 6891 6306 6305
f 6338 6747 6746
f 6438 6411 6410
f 6412 6411 6440
f 6564 6421 6424
f 6842 6578 6577
f 6889 6305 6829
f 6579 6578 6564
f 6435 6410 6565
f 8722 6857 6306
f 8723 6859 6058
f 6269 6268 6878
f 7160 7157 6829
f 8724 8144 8143
f 8238 8231 6248
f 6339 6746 6744
f 8395 6577 6338
f 6879 6878 8404
f 8422 8415 8231
f 8725 8143 6859
f 8416 8415 7157
f 6059 6050 6049
f 6330 6099 6049
f 7156 6260 6259
f 6269 6265 6264
f 6297 6349 6264
f 6340 6352 6351
f 6368 6842 8395
f 6422 6414 6559
f 6436 6403 6404
f 6447 6439 6438
f 6424 6423 6436
f 6331 6827 6099
f 6422 6421 6842
f 8722 8403 6856
f 8141 6863 6862
f 6265 6855 6617
f 6324 6890 6259
f 7158 7155 6260
f 6709 8145 6863
f 8235 8237 6827
f 6298 6349 6352
f 6370 6369 6351
f 6891 6890 8403
f 8419 8421 8237
f 6051 6050 8145
f 8422 8421 7155
f 8721 6447 6446
f 6748 6440 8720
f 8727 6008 6011
f 8158 6009 8144
f 6009 6008 6861
f 6008 8727 6862
f 8142 6862 8727
f 6554 6553 6893
f 6833 6707 6708
f 6708 6856 8403
f 5623 6911 6892
f 8406 8366 8365
f 8407 8375 8366
f 8377 8376 8408
f 8397 8396 6530
f 6651 8399 8400
f 8402 8401 6616
f 6618 6707 8399
f 6554 8404 6878
f 8396 8405 6854
f 8401 6553 6552
f 6892 8397 6529
f 8353 8400 8365
f 8377 8409 6276
f 8409 8410 6277
f 8410 5597 5932
f 8726 8404 6857
f 8726 6856 6855
f 7234 6107 6106
f 8279 6124 6127
f 8354 6224 6227
f 6246 6245 6619
f 8239 6280 6282
f 8162 6283 6286
f 6292 6354 6246
f 6382 6378 6377
f 6392 6397 6396
f 6396 6395 6427
f 6398 6397 6443
f 6459 6443 6458
f 6525 6520 6523
f 6558 6272 6271
f 6429 6428 6560
f 6460 6458 6572
f 6272 6558 3736
f 7128 6603 6602
f 6227 6245 6244
f 7180 6631 6634
f 6642 6286 6285
f 6356 6741 6740
f 6816 6815 8218
f 6820 8300 8301
f 6355 6832 6741
f 6344 6835 6834
f 6364 6841 6840
f 6375 6378 6560
f 6848 6847 6488
f 6853 6852 6506
f 6530 6854 6740
f 8140 6871 6874
f 6555 6271 6831
f 8215 6106 6881
f 6348 6895 6894
f 6383 6895 6896
f 6433 6897 6896
f 6432 6897 6898
f 6406 6899 6898
f 6900 6455 6387
f 6900 6449 6448
f 6472 6904 6903
f 6480 6905 6903
f 6497 6907 6906
f 6908 6519 6518
f 4280 5933 6120
f 6100 7167 7170
f 6632 6631 7188
f 7235 8214 7201
f 7206 7209 7212
f 8213 7257 7232
f 8214 8213 7231
f 6108 6107 7200
f 7238 8299 8300
f 7207 7212 8299
f 8205 7241 7240
f 6170 6169 7232
f 6638 8146 8149
f 6601 6874 8157
f 6600 8157 6283
f 8392 8223 8222
f 6278 6280 8241
f 6816 8272 8274
f 6642 6815 6814
f 6128 7170 6124
f 8195 6602 6127
f 8212 8211 8286
f 8292 8287 8286
f 8290 8289 8210
f 8207 8293 8290
f 8294 8293 8295
f 8206 8296 8295
f 6817 8301 8297
f 8288 6170 7256
f 7209 7206 7240
f 6225 6224 8360
f 8369 8368 8360
f 8375 8376 8368
f 8381 8380 8387
f 8385 8381 8383
f 8385 8386 8391
f 8147 8146 6282
f 6345 6894 6835
f 6327 6832 6834
f 6295 6354 6841
f 6379 6377 6840
f 6853 6847 6845
f 6479 6906 6905
f 6848 6572 6571
f 6452 6901 6904
f 6525 6852 6851
f 6496 6909 6907
f 8402 8405 6876
f 8408 8407 8387
f 6279 8241 8222
f 6872 6871 8149
f 8223 8386 8373
f 6526 8433 8436
f 8446 8445 8426
f 8455 8454 8431
f 8446 8459 8450
f 8454 8433 8432
f 6908 8445 8428
f 8578 8455 8451
f 8632 8631 8625
f 8640 8632 8624
f 8660 8663 8662
f 8662 8644 8643
f 8675 8673 8631
f 8680 8678 8663
f 8683 8665 8643
f 8578 8640 8630
f 8673 8675 8708
f 8678 8680 8705
f 8711 8705 8704
f 8706 8708 8715
f 8703 8714 8712
f 8459 8683 8685
f 8407 8408 8376
f 6615 6854 8405
f 5993 6080 6335
f 6060 6682 6018
f 5993 6047 6081
f 6105 6104 6176
f 6177 6104 6000
f 6309 6311 6310
f 8725 6315 6314
f 8724 6314 6318
f 6321 6320 6053
f 6249 6595 6310
f 6596 6254 6257
f 8188 6606 6605
f 5986 6683 6682
f 6714 6726 6311
f 6047 6320 6086
f 6875 6596 6304
f 6001 6105 6912
f 7162 7159 6597
f 7254 7163 6912
f 6684 6683 7163
f 8723 8136 6315
f 6592 8159 6318
f 8332 8331 8171
f 6607 6606 5350
f 8191 8190 8198
f 8197 8192 8193
f 8159 6592 6319
f 8232 8236 6595
f 8192 8190 7173
f 8189 6605 8193
f 6177 8191 8199
f 6733 8331 8330
f 8340 8341 8330
f 8341 5994 6335
f 8412 6721 6875
f 8414 8411 6273
f 8416 8420 8236
f 6727 6726 8136
f 8417 8420 7159
f 6277 5932 5558
f 5935 5576 6635
f 5991 5990 6061
f 6019 6018 6682
f 5999 6034 6033
f 6045 6044 6677
f 6055 6054 6083
f 5995 6064 6063
f 6084 6054 6053
f 6088 5990 5989
f 6063 6084 6046
f 6066 6097 6034
f 6103 6102 7181
f 6673 6676 6133
f 6149 6148 6153
f 6323 6088 8166
f 6585 6584 6083
f 6630 6629 6702
f 6634 6633 7168
f 6676 6149 6152
f 6703 6629 6628
f 6796 6729 6728
f 6069 6729 6097
f 6132 6798 6674
f 6803 6799 6800
f 6011 6010 6055
f 6799 6803 6582
f 7194 8271 6881
f 7131 6584 6583
f 6798 7133 6913
f 7179 7178 8204
f 7183 7182 7246
f 7188 7183 7242
f 6109 7196 7192
f 7204 6630 6176
f 7219 7218 6628
f 7218 7228 7248
f 7179 7219 6627
f 7250 7254 6704
f 7228 7252 7249
f 6678 7250 7249
f 5997 7252 7251
f 8168 8167 6644
f 8167 8169 6732
f 8169 8170 6733
f 8170 8171 8331
f 8336 8335 8173
f 8182 8338 8175
f 8182 8174 8176
f 8181 8176 8177
f 8180 8177 8179
f 7133 6728 6590
f 7130 7131 8194
f 8200 6633 6632
f 7178 8201 8205
f 8269 6154 6153
f 8254 8311 8252
f 8260 6102 6101
f 8179 8263 6802
f 8263 8264 6038
f 8264 8265 6039
f 8265 8266 6130
f 8266 8267 6157
f 8267 8268 6158
f 8268 8270 8217
f 8270 8272 6816
f 6813 8274 8273
f 8273 8275 8247
f 8276 8260 8277
f 7192 8251 8250
f 8252 8316 8259
f 8276 8275 8250
f 7204 8200 7177
f 7182 8316 8315
f 8343 8339 8334
f 8333 8337 8342
f 8343 8342 6800
f 8340 8339 6064
f 6323 8349 8350
f 8168 8352 8348
f 8349 5937 5936
f 8352 5939 5938
f 6103 6634 7167
f 8271 8269 8216
f 8201 7188 7241
f 8274 8272 8271
f 5991 6018 6017
f 8728 8171 6017
f 5997 5996 6680
f 5996 6033 6045
f 6033 6032 6042
f 6042 6032 8175
f 8172 8175 8338
f 8336 8338 8337
f 6684 6678 6677
f 6681 6677 6044
f 6019 6044 6043
f 6016 6043 8173
f 8728 8173 8335
f 8332 8335 8334
f 8194 6332 8160
f 6805 6010 6009
f 5940 5941 7137
f 8324 5496 5942
f 8325 5942 5495
f 6253 5943 4292
f 7137 5941 5944
f 8348 5938 5937
f 8350 5936 5530
f 5624 8150 6159
f 6718 4293 5940
f 8327 5945 5490
f 8347 5946 5939
f 5933 5502 6121
f 8184 5532 5946
f 7142 4298 5615
f 6145 5487 5945
f 8234 5947 5943
f 8328 5948 5488
f 8318 5500 5948
f 7139 5494 4299
f 8418 5616 5947
f 5604 8414 6599
f 5949 3853 6712
f 5944 5949 6716
f 6720 5601 5950
f 6255 5950 4322
f 5614 5935 6235
f 6711 3852 5951
f 8161 5951 3857
f 5973 5964 2965
f 2965 5964 5963
f 222 5963 5960
f 223 5960 5958
f 5958 5957 3185
f 5957 5970 2977
f 5970 5967 1213
f 5967 5966 1214
f 2532 1214 5966
f 2894 2532 5953
f 2871 2894 5952
f 5510 5722 5721
f 5822 5825 5824
f 3511 3512 3844
f 3887 3892 3889
f 3876 3879 3878
f 3356 3357 3911
f 3372 3373 3390
f 3849 3854 3851
f 3481 3478 3867
f 3873 3874 3385
f 3875 3375 3450
f 3915 3794 3865
f 3657 3670 3671
f 5618 5973 3013
f 1997 1996 1889
f 1237 745 744
f 1535 1534 120
f 1531 1532 201
f 1119 1241 1032
f 946 948 824
f 163 8 5
f 9041 9178 9175
f 1155 1156 1162
f 427 213 327
f 553 1902 796
f 8732 2232 2231
f 8732 3178 2230
f 2237 3183 3180
f 8734 8735 8736
f 8735 8737 8738
f 8737 8739 8740
f 8739 8741 8742
f 8743 8744 8745
f 8746 8745 8747
f 8749 8750 8748
f 8751 8752 8750
f 8754 8755 8756
f 8757 8758 8755
f 8759 8760 8758
f 8761 8762 8760
f 8763 8764 8762
f 8766 8751 8749
f 8765 8749 8747
f 8767 8747 8745
f 8768 8745 8744
f 8744 8770 8771
f 8770 8741 8772
f 8741 8739 8773
f 8739 8737 8774
f 8737 8735 8775
f 8735 8734 8776
f 8776 8734 8777
f 2904 8778 8779
f 8780 8778 2904
f 8781 8780 2902
f 2875 8782 8781
f 8783 8784 2733
f 2825 8785 8786
f 8788 8789 8790
f 8792 8788 8787
f 2724 2723 8785
f 8787 8790 3115
f 8791 8787 3117
f 8794 8766 8765
f 8793 8765 8767
f 8795 8767 8768
f 8796 8768 8769
f 8797 8769 8771
f 8771 8772 8799
f 8772 8773 8800
f 8773 8774 8801
f 8774 8775 8802
f 8775 8776 8803
f 8776 3184 3056
f 8802 8803 2253
f 8801 8802 2252
f 8800 8801 1727
f 8799 8800 2150
f 8804 8798 8799
f 8805 8797 8798
f 8806 8796 8797
f 8807 8795 8796
f 8793 8795 8807
f 8794 8793 8808
f 8810 8811 8809
f 8808 8807 8806
f 8810 8806 8805
f 8813 8811 8810
f 8812 8805 8804
f 8815 8813 8812
f 8814 8804 1941
f 8755 8750 8752
f 8758 8748 8750
f 8760 8746 8748
f 8762 8743 8746
f 8816 8817 8764
f 8818 8819 8820
f 8816 8763 8782
f 8821 8818 8817
f 8789 8821 8783
f 8818 8821 8789
f 8819 8818 8788
f 8822 8820 8819
f 8823 8819 8792
f 8824 8792 8791
f 2712 8791 3119
f 8826 8822 8823
f 8825 8823 8824
f 8827 8824 2712
f 8828 8827 2711
f 8829 8825 8827
f 8830 8826 8825
f 8743 8762 8764
f 8817 8820 8831
f 8770 8744 8743
f 8741 8770 8831
f 8820 8822 8742
f 8740 8742 8822
f 8738 8740 8826
f 8736 8738 8830
f 8833 8828 2400
f 8834 8829 8828
f 8832 8830 8829
f 8835 8833 2402
f 3058 8835 2707
f 3061 8836 8835
f 8836 8834 8833
f 8733 8736 8832
f 8837 8832 8834
f 8777 8734 8733
f 8838 8733 8837
f 8837 8836 3061
f 1961 3057 8838
f 3057 3184 8777
f 8779 8754 8753
f 8778 8757 8754
f 8780 8759 8757
f 8781 8761 8759
f 8782 8763 8761
f 8821 8816 8784
f 8785 8790 8789
f 2723 3115 8790
f 2875 2733 8784
f 2736 2824 8786
f 2947 8779 8839
f 8815 8814 1360
f 1900 1925 1924
f 1736 1717 1718
f 1955 1952 1943
f 1671 1738 1735
f 1696 1750 1698
f 1800 1865 1864
f 2063 2055 2056
f 1737 1734 1717
f 1751 1735 1697
f 943 9337 9351
f 9108 8839 8753
f 1577 1578 1764
f 9369 1598 1599
f 1945 146 82
f 68 6 7
f 147 1542 1543
f 1109 1135 1133
f 1503 1910 1907
f 1499 1501 1909
f 452 1922 735
f 1824 2068 9287
f 1825 2067 2068
f 1463 1462 1022
f 841 1012 1009
f 1568 1547 1955
f 1910 1503 1502
f 1939 1502 422
f 309 280 1940
f 1804 1851 1866
f 269 1482 1954
f 2065 1607 2060
f 9264 1685 1758
f 280 276 552
f 1875 1873 1869
f 1739 1721 1734
f 5923 5897 5899
f 1778 1779 1790
f 310 1920 1915
f 1909 1908 1906
f 1789 1783 1778
f 978 981 980
f 1584 1759 1731
f 425 426 311
f 148 1543 115
f 2044 9349 9346
f 277 1910 1939
f 1943 1946 1945
f 1461 1462 1463
f 2253 8803 3056
f 2981 2254 8927
f 2209 2998 8927
f 2254 2253 3055
f 2998 926 958
f 2826 2817 2721
f 8928 2739 2721
f 2816 8929 8928
f 2334 2297 2296
f 2298 2297 2334
f 2301 2298 2336
f 2311 2301 2338
f 2312 2311 2354
f 2359 2358 2361
f 2335 2296 2359
f 2414 2413 2365
f 2413 2270 2361
f 2355 2352 2540
f 2541 2540 2539
f 2722 2721 2739
f 3114 2722 2738
f 3110 3112 3121
f 3108 3110 3120
f 3122 1754 3127
f 3112 3122 3126
f 3127 1754 1753
f 3139 3133 2529
f 9196 9227 3133
f 8928 2789 2740
f 8929 2790 2789
f 228 229 91
f 245 244 243
f 248 7 247
f 2 297 296
f 145 146 300
f 327 213 210
f 329 332 331
f 239 241 240
f 373 376 375
f 178 177 176
f 1218 1225 1228
f 9314 1231 1295
f 808 809 824
f 9310 9311 1013
f 9265 9262 1411
f 2154 2149 2159
f 9297 9287 1758
f 306 807 1922
f 2157 2153 1976
f 708 709 2031
f 1450 1226 1227
f 1672 1604 1605
f 1813 1814 1821
f 1717 1716 1715
f 176 159 402
f 1710 1705 9368
f 1712 1580 1577
f 1705 1713 1711
f 3435 3476 3475
f 971 978 979
f 822 823 1094
f 2909 2810 2793
f 2810 2769 2795
f 2799 2910 2249
f 9114 9095 2910
f 2769 2768 2801
f 3177 3176 3178
f 3178 8732 3180
f 3181 1394 1393
f 3181 1633 1632
f 3182 1632 2244
f 3183 2244 2243
f 8932 2791 2790
f 2808 8932 8929
f 2239 9018 9016
f 1149 1150 9015
f 1150 2009 9011
f 2202 9013 9010
f 2921 9008 9009
f 9012 9004 2133
f 1777 1579 1759
f 1201 1196 1183
f 9005 8998 2195
f 8997 9020 2770
f 9379 9377 1687
f 1516 152 154
f 8993 9006 2974
f 8994 8992 2779
f 2771 2772 9019
f 3070 2771 8990
f 8991 8988 2775
f 1376 1375 1370
f 2767 8987 9000
f 2195 8998 8987
f 2775 8988 8986
f 8344 5617 8989
f 9256 9254 8983
f 2776 8986 8982
f 2240 9016 8979
f 2920 8979 9121
f 8992 8978 2786
f 1805 1850 1851
f 8978 8976 2787
f 2951 2773 8984
f 2772 2951 8975
f 2973 2224 8974
f 2224 2223 8981
f 1957 1953 320
f 306 305 304
f 2770 9020 8972
f 2913 8972 9018
f 2923 9009 8971
f 308 1940 431
f 207 208 132
f 1879 1876 1881
f 9185 9239 8969
f 2475 3070 9002
f 2476 2475 8968
f 2223 2476 8967
f 8966 8993 2803
f 2037 9007 11
f 1959 1958 450
f 2003 8999 8964
f 9 10 334
f 2009 2008 8962
f 2008 2973 8980
f 9329 672 673
f 8959 8994 2778
f 2935 8958 8957
f 111 1149 9014
f 3238 3342 3341
f 8954 8958 2935
f 683 9328 9337
f 8952 9001 2810
f 736 733 732
f 1795 1804 1803
f 8949 8954 2938
f 8951 8949 2939
f 2950 8956 8948
f 2940 2949 8948
f 9253 9243 8956
f 2868 8953 8946
f 2869 8946 8966
f 1024 1034 1023
f 8944 8947 2948
f 551 1939 442
f 2972 8943 9012
f 2032 8977 8943
f 216 93 1924
f 3532 3534 3482
f 203 202 201
f 3539 3542 3541
f 1828 1848 1847
f 1958 1957 449
f 272 271 178
f 2871 8989 8939
f 9071 9121 9008
f 2801 2768 9095
f 2005 9210 9106
f 960 886 899
f 9109 9107 9064
f 9232 9240 9098
f 3151 9098 9045
f 2193 9056 9075
f 9059 9055 3145
f 9055 9101 2761
f 9044 9059 3144
f 2926 9110 9086
f 9086 9044 3104
f 9207 9206 9198
f 566 567 9210
f 8839 9108 1864
f 1602 1586 2079
f 2868 9110 9063
f 2922 9063 9062
f 2923 9062 9070
f 9122 9065 2918
f 9071 9122 9066
f 2921 9070 9122
f 2920 9066 9038
f 9065 9094 2915
f 2917 2766 9074
f 2916 2917 9093
f 2239 9039 9104
f 2911 9092 9104
f 9095 9092 2911
f 2797 2801 9114
f 2797 9043 9050
f 9074 9080 2763
f 9060 9080 2764
f 2194 9075 9100
f 2221 9100 9101
f 2756 9060 9061
f 2750 9050 9061
f 9121 8979 1817
f 9215 9222 1691
f 2515 9073 9042
f 2548 9042 9045
f 2513 2489 9084
f 2513 9068 9073
f 2509 9085 9072
f 2510 9084 9085
f 2289 9072 9091
f 2283 9091 9069
f 2240 9038 9039
f 9111 9109 9076
f 716 2121 9339
f 727 1999 9213
f 2165 2171 2170
f 9112 9111 9078
f 9195 9033 9030
f 2175 2172 769
f 2100 500 2095
f 9210 567 9209
f 640 9004 9012
f 1653 9020 8997
f 1895 8980 8974
f 746 8974 8981
f 1653 1810 8972
f 9214 1603 1604
f 2093 2075 2073
f 959 996 995
f 962 899 919
f 1400 1401 1398
f 1000 817 1127
f 956 959 884
f 1662 8992 8994
f 2034 9002 8990
f 9378 1689 8983
f 8979 9016 766
f 9016 9018 765
f 334 9014 9015
f 1868 8975 8984
f 1684 1651 1652
f 1682 1683 775
f 1585 1603 9214
f 9215 9214 1672
f 2173 2174 490
f 1658 8988 8991
f 9000 8987 1650
f 1571 9206 2010
f 1587 9116 9123
f 2099 2095 2077
f 787 9213 1999
f 2000 9146 786
f 3155 339 9149
f 9165 3155 9135
f 2180 2179 9137
f 8940 2180 9136
f 1684 9298 9292
f 1760 464 8939
f 2607 9141 9145
f 2581 9128 9141
f 2371 2502 9152
f 2371 9147 9145
f 2587 9128 9127
f 2586 9127 9149
f 2497 9143 9139
f 2502 2503 9139
f 2494 9143 9142
f 9142 9140 2472
f 9140 9153 2468
f 9153 9155 2469
f 726 9360 9344
f 581 9011 8962
f 10 8955 9014
f 1837 8958 8954
f 741 8981 8967
f 1299 8968 9002
f 1851 8951 8948
f 8971 9009 1820
f 580 8962 8980
f 1758 1685 8966
f 1693 9001 8952
f 8948 8956 1867
f 1894 1826 9012
f 2126 1418 9265
f 9358 2126 9293
f 2113 9363 9319
f 2179 9165 9241
f 624 9355 9356
f 2192 9056 9240
f 2177 8985 9239
f 1364 9276 9285
f 9310 9307 1470
f 3135 1753 9227
f 2069 9264 9287
f 1351 9313 9305
f 2108 9334 9353
f 2089 2092 9188
f 9280 9286 1358
f 2001 9201 9235
f 2187 9235 9171
f 2130 9208 9204
f 2004 9204 9201
f 2014 9176 9231
f 2201 9231 9208
f 3167 9172 9211
f 3168 9176 9172
f 3159 9161 9216
f 3160 9216 9217
f 9182 9159 3158
f 3158 9159 9161
f 2200 3069 9182
f 9137 9241 9194
f 9174 9226 2197
f 9242 9188 2092
f 9226 9242 9173
f 3154 9158 9242
f 3155 9165 9158
f 2091 9171 9173
f 2196 3148 9202
f 2193 2196 9228
f 9056 2193 9233
f 2086 2192 9232
f 2087 2086 9230
f 2204 9194 9203
f 2205 9203 9202
f 9361 9338 574
f 2124 2087 9229
f 2208 2124 9212
f 9163 9237 3140
f 9237 9197 3138
f 9197 9196 3139
f 9223 9164 3136
f 9164 9163 3137
f 9227 9219 3131
f 9219 9234 3132
f 1813 9291 9290
f 1293 9306 9308
f 2184 2321 9200
f 2181 2184 9184
f 9217 9220 3079
f 9220 9186 3080
f 709 9325 9327
f 2774 2961 9189
f 9238 9221 2134
f 9261 9260 766
f 2968 9236 9218
f 2969 9211 9236
f 2958 9199 9189
f 2132 9199 9218
f 2321 2185 9223
f 9312 9300 1449
f 9357 9326 582
f 9338 9341 577
f 9299 9278 1818
f 705 9354 9339
f 9268 9364 9359
f 2111 9335 9363
f 9262 9281 1366
f 1812 9291 9274
f 675 9303 9304
f 8940 9157 9303
f 2110 9319 9320
f 2104 9348 9353
f 2109 9320 9351
f 9294 9283 703
f 1680 9263 9298
f 1639 1627 9271
f 623 9356 9358
f 2139 2140 9318
f 1808 1640 9296
f 9272 9273 1819
f 9324 9366 9352
f 1646 9284 9282
f 9341 9342 633
f 2139 9317 9327
f 2156 2155 9323
f 674 9304 9365
f 2117 9269 9264
f 1815 9274 9299
f 9307 9301 1444
f 697 9358 9364
f 866 842 9288
f 9316 9321 2136
f 9037 9183 9178
f 9035 9192 9183
f 9205 9198 9190
f 9192 9035 9033
f 1088 9190 9198
f 9191 9192 9195
f 2791 8932 8933
f 8932 2808 2807
f 2792 8933 8934
f 8933 2807 2806
f 8952 2909 8934
f 8960 8934 2806
f 2948 8947 9243
f 2105 9360 9348
f 8982 9254 9256
f 680 9330 9328
f 1891 1890 9362
f 2905 9251 9253
f 2900 9249 9251
f 2901 9249 9259
f 2734 2878 9258
f 2877 9259 9258
f 2820 9252 9246
f 2818 9248 9244
f 2823 9245 9244
f 2822 9245 9250
f 2819 2735 9252
f 2817 9248 9247
f 2809 9257 9247
f 2808 9257 9255
f 2805 9256 9255
f 1702 9373 9375
f 9374 9372 1797
f 9367 9368 1706
f 9370 9379 1692
f 1657 9350 9332
f 1890 1877 9347
f 9224 9222 1674
f 1689 1690 9224
f 9378 9254 8982
f 8960 8983 1689
f 9369 9375 1703
f 1598 9369 9380
f 9332 9336 1876
f 1691 1690 9377
f 9377 9378 1688
f 9386 9385 9389
f 9386 9390 9391
f 9384 9388 9389
f 9390 9394 9395
f 9389 9388 9392
f 9389 9393 9394
f 9394 9398 9399
f 9393 9392 9396
f 9394 9393 9397
f 9399 9398 9402
f 9396 9400 9401
f 9397 9401 9402
f 9402 9406 9407
f 9401 9400 9404
f 9402 9401 9405
f 9407 9406 9410
f 9405 9404 9408
f 9405 9409 9410
f 9411 9410 9414
f 9409 9408 9412
f 9410 9409 9413
f 9414 9418 9419
f 9412 9416 9417
f 9413 9417 9418
f 9418 9422 9423
f 9417 9416 9420
f 9418 9417 9421
f 9422 9426 9427
f 9420 9424 9425
f 9421 9425 9426
f 9426 9430 9431
f 9425 9424 9428
f 9426 9425 9429
f 9431 9430 9434
f 9428 9432 9433
f 9429 9433 9434
f 9434 9438 9439
f 9433 9432 9436
f 9434 9433 9437
f 9439 9438 9442
f 9436 9440 9441
f 9437 9441 9442
f 9443 9442 9446
f 9441 9440 9444
f 9442 9441 9445
f 9447 9446 9450
f 9444 9448 9449
f 9445 9449 9450
f 9450 9454 9455
f 9449 9448 9452
f 9450 9449 9453
f 9454 9458 9459
f 9452 9456 9457
f 9453 9457 9458
f 9458 9462 9463
f 9457 9456 9460
f 9458 9457 9461
f 9463 9462 9466
f 9460 9464 9465
f 9461 9465 9466
f 9466 9470 9471
f 9465 9464 9468
f 9466 9465 9469
f 9471 9470 9474
f 9468 9472 9473
f 9469 9473 9474
f 9475 9474 9478
f 9473 9472 9476
f 9474 9473 9477
f 9479 9478 9482
f 9476 9480 9481
f 9477 9481 9482
f 9483 9482 9486
f 9481 9480 9484
f 9482 9481 9485
f 9486 9490 9491
f 9484 9488 9489
f 9485 9489 9490
f 9490 9494 9495
f 9489 9488 9492
f 9490 9489 9493
f 9495 9494 9498
f 9492 9496 9497
f 9493 9497 9498
f 9498 9502 9503
f 9497 9496 9500
f 9498 9497 9501
f 9503 9502 9507
f 9500 9505 9506
f 9501 9506 9507
f 9508 9507 9511
f 9505 9509 9510
f 9507 9506 9510
f 9512 9511 9386
f 9510 9509 9384
f 9510 9385 9386
f 9521 9520 9533
f 9518 9531 9532
f 9517 9516 9529
f 9515 9514 9527
f 9523 9536 9537
f 9521 9534 9535
f 9519 9532 9533
f 9518 9517 9530
f 9515 9528 9529
f 9513 9526 9527
f 9524 9537 9538
f 9523 9522 9535
f 9528 9541 9542
f 9526 9539 9540
f 9538 9537 9550
f 9535 9548 9549
f 9534 9533 9546
f 9531 9544 9545
f 9530 9529 9542
f 9528 9527 9540
f 9537 9536 9549
f 9534 9547 9548
f 9532 9545 9546
f 9531 9530 9543
f 9541 9554 9555
f 9540 9539 9552
f 9550 9563 9564
f 9548 9561 9562
f 9547 9546 9559
f 9544 9557 9558
f 9542 9555 9556
f 9541 9540 9553
f 9549 9562 9563
f 9547 9560 9561
f 9546 9545 9558
f 9544 9543 9556
f 9555 9554 9567
f 9552 9565 9566
f 9564 9563 9576
f 9562 9561 9574
f 9559 9572 9573
f 9557 9570 9571
f 9555 9568 9569
f 9553 9566 9567
f 9562 9575 9576
f 9561 9560 9573
f 9559 9558 9571
f 9557 9556 9569
f 9567 9580 9581
f 9566 9565 9578
f 9576 9589 9590
f 9575 9574 9587
f 9572 9585 9586
f 9571 9570 9583
f 9569 9568 9581
f 9566 9579 9580
f 9576 9575 9588
f 9574 9573 9586
f 9571 9584 9585
f 9569 9582 9583
f 9581 9580 9593
f 9578 9591 9592
f 9590 9589 9602
f 9588 9587 9600
f 9585 9598 9599
f 9583 9596 9597
f 9582 9581 9594
f 9579 9592 9593
f 9589 9588 9601
f 9587 9586 9599
f 9584 9597 9598
f 9583 9582 9595
f 9594 9593 9606
f 9592 9591 9604
f 9602 9615 9616
f 9601 9600 9613
f 9598 9611 9612
f 9596 9609 9610
f 9594 9607 9608
f 9592 9605 9606
f 9601 9614 9615
f 9600 9599 9612
f 9598 9597 9610
f 9596 9595 9608
f 9607 9606 9619
f 9605 9604 9617
f 9615 9628 9629
f 9613 9626 9627
f 9611 9624 9625
f 9610 9609 9622
f 9607 9620 9621
f 9605 9618 9619
f 9615 9614 9627
f 9613 9612 9625
f 9611 9610 9623
f 9608 9621 9622
f 9619 9632 9633
f 9617 9630 9631
f 9628 9641 9642
f 9627 9626 9639
f 9625 9624 9637
f 9622 9635 9636
f 9621 9620 9633
f 9619 9618 9631
f 9627 9640 9641
f 9625 9638 9639
f 9623 9636 9637
f 9622 9621 9634
f 9632 9645 9646
f 9630 9643 9644
f 9642 9641 9654
f 9639 9652 9653
f 9638 9637 9650
f 9635 9648 9649
f 9634 9633 9646
f 9632 9631 9644
f 9641 9640 9653
f 9638 9651 9652
f 9636 9649 9650
f 9635 9634 9647
f 9645 9658 9659
f 9644 9643 9656
f 9654 9667 9668
f 9652 9665 9666
f 9651 9650 9663
f 9648 9661 9662
f 9646 9659 9660
f 9645 9644 9657
f 9653 9666 9667
f 9651 9664 9665
f 9650 9649 9662
f 9648 9647 9660
f 9659 9658 9671
f 9656 9669 9670
f 9668 9667 9680
f 9665 9678 9679
f 9663 9676 9677
f 9661 9674 9675
f 9659 9672 9673
f 9657 9670 9671
f 9666 9679 9680
f 9665 9664 9677
f 9663 9662 9675
f 9661 9660 9673
f 9671 9684 9685
f 9670 9669 9682
f 9680 9693 9694
f 9678 9691 9692
f 9677 9676 9689
f 9675 9674 9687
f 9673 9672 9685
f 9670 9683 9684
f 9680 9679 9692
f 9678 9677 9690
f 9675 9688 9689
f 9673 9686 9687
f 9685 9684 9697
f 9682 9695 9696
f 9694 9693 9706
f 9692 9691 9704
f 9689 9702 9703
f 9687 9700 9701
f 9686 9685 9698
f 9683 9696 9697
f 9693 9692 9705
f 9691 9690 9703
f 9688 9701 9702
f 9687 9686 9699
f 9698 9697 9710
f 9696 9695 9708
f 9706 9719 9720
f 9705 9704 9717
f 9702 9715 9716
f 9700 9713 9714
f 9698 9711 9712
f 9696 9709 9710
f 9705 9718 9719
f 9704 9703 9716
f 9702 9701 9714
f 9700 9699 9712
f 9711 9710 9723
f 9709 9708 9721
f 9719 9732 9733
f 9717 9730 9731
f 9715 9728 9729
f 9714 9713 9726
f 9711 9724 9725
f 9709 9722 9723
f 9718 9731 9732
f 9717 9716 9729
f 9715 9714 9727
f 9712 9725 9726
f 9723 9736 9737
f 9721 9734 9735
f 9733 9732 9745
f 9731 9730 9743
f 9729 9728 9741
f 9726 9739 9740
f 9725 9724 9737
f 9723 9722 9735
f 9732 9731 9744
f 9729 9742 9743
f 9727 9740 9741
f 9726 9725 9738
f 9736 9749 9750
f 9734 9747 9748
f 9746 9745 9758
f 9743 9756 9757
f 9742 9741 9754
f 9739 9752 9753
f 9738 9737 9750
f 9736 9735 9748
f 9745 9744 9757
f 9742 9755 9756
f 9740 9753 9754
f 9739 9738 9751
f 9749 9762 9763
f 9748 9747 9760
f 9758 9771 9772
f 9756 9769 9770
f 9755 9754 9767
f 9752 9765 9766
f 9750 9763 9764
f 9749 9748 9761
f 9757 9770 9771
f 9756 9755 9768
f 9754 9753 9766
f 9752 9751 9764
f 9762 9775 9776
f 9760 9773 9774
f 9772 9771 9784
f 9770 9769 9782
f 9768 9767 9780
f 9765 9778 9779
f 9763 9776 9777
f 9762 9761 9774
f 9770 9783 9784
f 9768 9781 9782
f 9767 9766 9779
f 9764 9777 9778
f 9775 9788 9789
f 9774 9773 9786
f 9784 9797 9798
f 9782 9795 9796
f 9781 9780 9793
f 9779 9778 9791
f 9777 9776 9789
f 9774 9787 9788
f 9784 9783 9796
f 9782 9781 9794
f 9779 9792 9793
f 9777 9790 9791
f 9789 9788 9802
f 9786 9800 9801
f 9798 9797 9811
f 9796 9795 9809
f 9793 9807 9808
f 9792 9791 9805
f 9790 9789 9803
f 9787 9801 9802
f 9797 9796 9810
f 9795 9794 9808
f 9792 9806 9807
f 9790 9804 9805
f 9803 9802 9815
f 9801 9800 9813
f 9811 9824 9825
f 9810 9809 9822
f 9807 9820 9821
f 9806 9805 9818
f 9803 9816 9817
f 9801 9814 9815
f 9810 9823 9824
f 9809 9808 9821
f 9807 9806 9819
f 9804 9817 9818
f 9816 9815 9828
f 9814 9813 9826
f 9825 9824 9837
f 9822 9835 9836
f 9820 9833 9834
f 9819 9818 9831
f 9816 9829 9830
f 9814 9827 9828
f 9824 9823 9836
f 9822 9821 9834
f 9820 9819 9832
f 9817 9830 9831
f 9828 9841 9842
f 9826 9839 9840
f 9837 9850 9851
f 9836 9835 9848
f 9834 9833 9846
f 9831 9844 9845
f 9830 9829 9842
f 9828 9827 9840
f 9836 9849 9850
f 9834 9847 9848
f 9832 9845 9846
f 9831 9830 9843
f 9841 9854 9855
f 9839 9852 9853
f 9851 9850 9863
f 9848 9861 9862
f 9847 9846 9859
f 9845 9844 9857
f 9843 9842 9855
f 9841 9840 9853
f 9850 9849 9862
f 9847 9860 9861
f 9845 9858 9859
f 9843 9856 9857
f 9854 9867 9868
f 9853 9852 9865
f 9863 9876 9877
f 9861 9874 9875
f 9860 9859 9872
f 9858 9857 9870
f 9855 9868 9869
f 9854 9853 9866
f 9862 9875 9876
f 9860 9873 9874
f 9859 9858 9871
f 9856 9869 9870
f 9868 9867 9880
f 9865 9878 9879
f 9877 9876 9889
f 9875 9874 9887
f 9873 9872 9885
f 9870 9883 9884
f 9868 9881 9882
f 9867 9866 9879
f 9875 9888 9889
f 9873 9886 9887
f 9872 9871 9884
f 9870 9869 9882
f 9880 9893 9894
f 9878 9891 9892
f 9889 9902 9903
f 9887 9900 9901
f 9886 9885 9898
f 9884 9883 9896
f 9882 9881 9894
f 9879 9892 9893
f 9889 9888 9901
f 9887 9886 9899
f 9884 9897 9898
f 9882 9895 9896
f 9894 9893 9906
f 9891 9904 9905
f 9903 9902 9915
f 9901 9900 9913
f 9898 9911 9912
f 9896 9909 9910
f 9895 9894 9907
f 9892 9905 9906
f 9902 9901 9914
f 9899 9912 9913
f 9897 9910 9911
f 9896 9895 9908
f 9907 9906 9919
f 9905 9904 9917
f 9915 9928 9929
f 9914 9913 9926
f 9911 9924 9925
f 9909 9922 9923
f 9907 9920 9921
f 9905 9918 9919
f 9914 9927 9928
f 9913 9912 9925
f 9911 9910 9923
f 9909 9908 9921
f 9920 9919 9515
f 9918 9917 9513
f 9929 9928 9524
f 9926 9522 9523
f 9924 9520 9521
f 9923 9922 9518
f 9920 9516 9517
f 9918 9514 9515
f 9928 9927 9523
f 9926 9925 9521
f 9924 9923 9519
f 9921 9517 9518
f 9387 9513 9917
f 9917 9904 9508
f 9904 9891 9503
f 9891 9878 9499
f 9499 9878 9865
f 9495 9865 9852
f 9491 9852 9839
f 9839 9826 9483
f 9483 9826 9813
f 9813 9800 9475
f 9800 9786 9471
f 9786 9773 9467
f 9467 9773 9760
f 9463 9760 9747
f 9459 9747 9734
f 9734 9721 9451
f 9451 9721 9708
f 9708 9695 9443
f 9695 9682 9439
f 9682 9669 9435
f 9435 9669 9656
f 9431 9656 9643
f 9427 9643 9630
f 9630 9617 9419
f 9419 9617 9604
f 9604 9591 9411
f 9591 9578 9407
f 9578 9565 9403
f 9403 9565 9552
f 9399 9552 9539
f 9395 9539 9526
f 9526 9513 9387
f 9932 9931 9935
f 9932 9936 9937
f 9931 9930 9934
f 9936 9940 9941
f 9934 9938 9939
f 9935 9939 9940
f 9940 9944 9945
f 9939 9938 9942
f 9940 9939 9943
f 9945 9944 9948
f 9942 9946 9947
f 9943 9947 9948
f 9948 9952 9953
f 9947 9946 9950
f 9948 9947 9951
f 9953 9952 9956
f 9950 9954 9955
f 9951 9955 9956
f 9957 9956 9960
f 9955 9954 9958
f 9956 9955 9959
f 9961 9960 9964
f 9958 9962 9963
f 9959 9963 9964
f 9965 9964 9968
f 9963 9962 9966
f 9964 9963 9967
f 9968 9972 9973
f 9966 9970 9971
f 9967 9971 9972
f 9972 9976 9977
f 9970 9974 9975
f 9972 9971 9975
f 9977 9976 9980
f 9974 9978 9979
f 9975 9979 9980
f 9980 9984 9985
f 9979 9978 9982
f 9980 9979 9983
f 9985 9984 9988
f 9982 9986 9987
f 9983 9987 9988
f 9989 9988 9992
f 9986 9990 9991
f 9988 9987 9991
f 9993 9992 9996
f 9991 9990 9994
f 9991 9995 9996
f 9996 10000 10001
f 9994 9998 9999
f 9996 9995 9999
f 10000 10004 10005
f 9999 9998 10002
f 9999 10003 10004
f 10004 10008 10009
f 10003 10002 10006
f 10004 10003 10007
f 10009 10008 10012
f 10006 10010 10011
f 10007 10011 10012
f 10012 10016 10017
f 10011 10010 10014
f 10012 10011 10015
f 10017 10016 10020
f 10014 10018 10019
f 10015 10019 10020
f 10021 10020 10024
f 10019 10018 10022
f 10020 10019 10023
f 10024 10028 10029
f 10022 10026 10027
f 10023 10027 10028
f 10028 10032 10033
f 10027 10026 10030
f 10028 10027 10031
f 10032 10036 10037
f 10030 10034 10035
f 10031 10035 10036
f 10036 10040 10041
f 10035 10034 10038
f 10036 10035 10039
f 10041 10040 10044
f 10038 10042 10043
f 10039 10043 10044
f 10044 10048 10049
f 10043 10042 10046
f 10044 10043 10047
f 10049 10048 10053
f 10046 10051 10052
f 10047 10052 10053
f 10054 10053 10057
f 10052 10051 10055
f 10053 10052 10056
f 10058 10057 9932
f 10055 9930 9931
f 10056 9931 9932
f 10067 10066 10079
f 10064 10077 10078
f 10063 10062 10075
f 10061 10060 10073
f 10070 10069 10082
f 10067 10080 10081
f 10065 10078 10079
f 10064 10063 10076
f 10061 10074 10075
f 10059 10072 10073
f 10071 10070 10083
f 10069 10068 10081
f 10074 10087 10088
f 10072 10085 10086
f 10084 10083 10096
f 10081 10094 10095
f 10080 10079 10092
f 10078 10077 10090
f 10076 10075 10088
f 10074 10073 10086
f 10083 10082 10095
f 10080 10093 10094
f 10078 10091 10092
f 10076 10089 10090
f 10087 10100 10101
f 10086 10085 10098
f 10096 10109 10110
f 10094 10107 10108
f 10093 10092 10105
f 10091 10090 10103
f 10088 10101 10102
f 10087 10086 10099
f 10095 10108 10109
f 10094 10093 10106
f 10092 10091 10104
f 10089 10102 10103
f 10100 10113 10114
f 10098 10111 10112
f 10110 10109 10122
f 10108 10107 10120
f 10105 10118 10119
f 10103 10116 10117
f 10101 10114 10115
f 10100 10099 10112
f 10108 10121 10122
f 10106 10119 10120
f 10105 10104 10117
f 10103 10102 10115
f 10113 10126 10127
f 10112 10111 10124
f 10122 10135 10136
f 10120 10133 10134
f 10119 10118 10131
f 10117 10116 10129
f 10115 10114 10127
f 10113 10112 10125
f 10122 10121 10134
f 10119 10132 10133
f 10117 10130 10131
f 10115 10128 10129
f 10127 10126 10139
f 10124 10137 10138
f 10136 10135 10148
f 10134 10133 10146
f 10131 10144 10145
f 10130 10129 10142
f 10128 10127 10140
f 10125 10138 10139
f 10135 10134 10147
f 10133 10132 10145
f 10130 10143 10144
f 10128 10141 10142
f 10140 10139 10152
f 10138 10137 10150
f 10148 10161 10162
f 10147 10146 10159
f 10144 10157 10158
f 10143 10142 10155
f 10140 10153 10154
f 10138 10151 10152
f 10147 10160 10161
f 10146 10145 10158
f 10144 10143 10156
f 10141 10154 10155
f 10153 10152 10165
f 10151 10150 10163
f 10162 10161 10174
f 10159 10172 10173
f 10157 10170 10171
f 10156 10155 10168
f 10153 10166 10167
f 10151 10164 10165
f 10161 10160 10173
f 10159 10158 10171
f 10157 10156 10169
f 10154 10167 10168
f 10165 10178 10179
f 10163 10176 10177
f 10175 10174 10187
f 10173 10172 10185
f 10171 10170 10183
f 10168 10181 10182
f 10167 10166 10179
f 10165 10164 10177
f 10173 10186 10187
f 10171 10184 10185
f 10169 10182 10183
f 10168 10167 10180
f 10178 10191 10192
f 10176 10189 10190
f 10188 10187 10200
f 10185 10198 10199
f 10184 10183 10196
f 10182 10181 10194
f 10180 10179 10192
f 10178 10177 10190
f 10187 10186 10199
f 10184 10197 10198
f 10182 10195 10196
f 10180 10193 10194
f 10191 10204 10205
f 10190 10189 10202
f 10200 10213 10214
f 10198 10211 10212
f 10197 10196 10209
f 10195 10194 10207
f 10192 10205 10206
f 10191 10190 10203
f 10199 10212 10213
f 10197 10210 10211
f 10196 10195 10208
f 10193 10206 10207
f 10205 10204 10217
f 10202 10215 10216
f 10214 10213 10226
f 10211 10224 10225
f 10210 10209 10222
f 10207 10220 10221
f 10205 10218 10219
f 10204 10203 10216
f 10212 10225 10226
f 10210 10223 10224
f 10209 10208 10221
f 10207 10206 10219
f 10217 10230 10231
f 10216 10215 10228
f 10226 10239 10240
f 10224 10237 10238
f 10223 10222 10235
f 10221 10220 10233
f 10219 10218 10231
f 10217 10216 10229
f 10226 10225 10238
f 10223 10236 10237
f 10221 10234 10235
f 10219 10232 10233
f 10231 10230 10243
f 10228 10241 10242
f 10240 10239 10252
f 10238 10237 10250
f 10235 10248 10249
f 10234 10233 10246
f 10232 10231 10244
f 10229 10242 10243
f 10239 10238 10251
f 10237 10236 10249
f 10234 10247 10248
f 10232 10245 10246
f 10244 10243 10256
f 10242 10241 10254
f 10252 10265 10266
f 10251 10250 10263
f 10248 10261 10262
f 10247 10246 10259
f 10244 10257 10258
f 10242 10255 10256
f 10251 10264 10265
f 10250 10249 10262
f 10248 10247 10260
f 10245 10258 10259
f 10257 10256 10269
f 10255 10254 10267
f 10266 10265 10278
f 10263 10276 10277
f 10261 10274 10275
f 10260 10259 10272
f 10257 10270 10271
f 10255 10268 10269
f 10265 10264 10277
f 10263 10262 10275
f 10261 10260 10273
f 10258 10271 10272
f 10269 10282 10283
f 10267 10280 10281
f 10278 10291 10292
f 10277 10276 10289
f 10275 10274 10287
f 10272 10285 10286
f 10271 10270 10283
f 10269 10268 10281
f 10277 10290 10291
f 10275 10288 10289
f 10273 10286 10287
f 10272 10271 10284
f 10282 10295 10296
f 10280 10293 10294
f 10292 10291 10304
f 10289 10302 10303
f 10288 10287 10300
f 10286 10285 10298
f 10284 10283 10296
f 10282 10281 10294
f 10291 10290 10303
f 10288 10301 10302
f 10286 10299 10300
f 10284 10297 10298
f 10295 10308 10309
f 10294 10293 10306
f 10304 10317 10318
f 10302 10315 10316
f 10301 10300 10313
f 10299 10298 10311
f 10296 10309 10310
f 10295 10294 10307
f 10303 10316 10317
f 10301 10314 10315
f 10300 10299 10312
f 10297 10310 10311
f 10309 10308 10321
f 10307 10306 10319
f 10318 10317 10330
f 10316 10315 10328
f 10314 10313 10326
f 10311 10324 10325
f 10309 10322 10323
f 10308 10307 10320
f 10316 10329 10330
f 10314 10327 10328
f 10313 10312 10325
f 10311 10310 10323
f 10321 10334 10335
f 10320 10319 10332
f 10330 10343 10344
f 10329 10328 10341
f 10326 10339 10340
f 10325 10324 10337
f 10323 10322 10335
f 10320 10333 10334
f 10330 10329 10342
f 10328 10327 10340
f 10325 10338 10339
f 10323 10336 10337
f 10335 10334 10348
f 10332 10346 10347
f 10344 10343 10357
f 10342 10341 10355
f 10339 10353 10354
f 10337 10351 10352
f 10336 10335 10349
f 10333 10347 10348
f 10343 10342 10356
f 10341 10340 10354
f 10338 10352 10353
f 10337 10336 10350
f 10349 10348 10361
f 10347 10346 10359
f 10357 10370 10371
f 10356 10355 10368
f 10353 10366 10367
f 10351 10364 10365
f 10349 10362 10363
f 10347 10360 10361
f 10356 10369 10370
f 10355 10354 10367
f 10353 10352 10365
f 10351 10350 10363
f 10362 10361 10374
f 10360 10359 10372
f 10371 10370 10383
f 10368 10381 10382
f 10366 10379 10380
f 10365 10364 10377
f 10362 10375 10376
f 10360 10373 10374
f 10370 10369 10382
f 10368 10367 10380
f 10366 10365 10378
f 10363 10376 10377
f 10374 10387 10388
f 10372 10385 10386
f 10383 10396 10397
f 10382 10381 10394
f 10380 10379 10392
f 10377 10390 10391
f 10376 10375 10388
f 10374 10373 10386
f 10382 10395 10396
f 10380 10393 10394
f 10378 10391 10392
f 10377 10376 10389
f 10387 10400 10401
f 10385 10398 10399
f 10397 10396 10409
f 10394 10407 10408
f 10393 10392 10405
f 10390 10403 10404
f 10389 10388 10401
f 10387 10386 10399
f 10396 10395 10408
f 10393 10406 10407
f 10391 10404 10405
f 10390 10389 10402
f 10400 10413 10414
f 10399 10398 10411
f 10409 10422 10423
f 10407 10420 10421
f 10406 10405 10418
f 10403 10416 10417
f 10401 10414 10415
f 10400 10399 10412
f 10408 10421 10422
f 10406 10419 10420
f 10405 10404 10417
f 10403 10402 10415
f 10414 10413 10426
f 10411 10424 10425
f 10423 10422 10435
f 10420 10433 10434
f 10418 10431 10432
f 10416 10429 10430
f 10414 10427 10428
f 10412 10425 10426
f 10421 10434 10435
f 10419 10432 10433
f 10418 10417 10430
f 10416 10415 10428
f 10427 10426 10439
f 10425 10424 10437
f 10435 10448 10449
f 10433 10446 10447
f 10431 10444 10445
f 10430 10429 10442
f 10428 10427 10440
f 10425 10438 10439
f 10435 10434 10447
f 10433 10432 10445
f 10430 10443 10444
f 10428 10441 10442
f 10440 10439 10452
f 10437 10450 10451
f 10449 10448 10461
f 10447 10446 10459
f 10444 10457 10458
f 10443 10442 10455
f 10441 10440 10453
f 10438 10451 10452
f 10448 10447 10460
f 10446 10445 10458
f 10443 10456 10457
f 10441 10454 10455
f 10453 10452 10465
f 10451 10450 10463
f 10461 10474 10475
f 10460 10459 10472
f 10457 10470 10471
f 10456 10455 10468
f 10453 10466 10467
f 10451 10464 10465
f 10460 10473 10474
f 10459 10458 10471
f 10457 10456 10469
f 10454 10467 10468
f 10466 10465 10061
f 10464 10463 10059
f 10474 10070 10071
f 10472 10068 10069
f 10470 10066 10067
f 10469 10468 10064
f 10466 10062 10063
f 10464 10060 10061
f 10473 10069 10070
f 10472 10471 10067
f 10470 10469 10065
f 10467 10063 10064
f 9933 10059 10463
f 10463 10450 10054
f 10450 10437 10049
f 10437 10424 10045
f 10045 10424 10411
f 10041 10411 10398
f 10037 10398 10385
f 10385 10372 10029
f 10029 10372 10359
f 10359 10346 10021
f 10346 10332 10017
f 10332 10319 10013
f 10013 10319 10306
f 10009 10306 10293
f 10005 10293 10280
f 10280 10267 9997
f 9997 10267 10254
f 10254 10241 9989
f 10241 10228 9985
f 10228 10215 9981
f 9981 10215 10202
f 9977 10202 10189
f 9973 10189 10176
f 10176 10163 9965
f 9965 10163 10150
f 10150 10137 9957
f 10137 10124 9953
f 10124 10111 9949
f 9949 10111 10098
f 9945 10098 10085
f 9941 10085 10072
f 10072 10059 9933
